param_id,clause_id,version,raw_marker,friendly_label,data_type,cardinality,examples,ask_prompt,oscal_path
ac-1_prm_1,AC-1,rev4,"{{ insert: param, ac-1_prm_1 }}",Develops documents and disseminates to parts 1,role,single,System Administrator | Security Officer,What value does your organization use for: Develops documents and disseminates to parts 1?,
ac-1_prm_2,AC-1,rev4,"{{ insert: param, ac-1_prm_2 }}",1 Access control policy and 2,free-text,single,,What value does your organization use for: 1 Access control policy and 2?,
ac-1_prm_3,AC-1,rev4,"{{ insert: param, ac-1_prm_3 }}",2 Access control procedures gdn guidance,free-text,single,,What value does your organization use for: 2 Access control procedures gdn guidance?,
ac-2_prm_1,AC-2,rev4,"{{ insert: param, ac-2_prm_1 }}",of information system accounts to support organizational missions business functions,free-text,single,,What value does your organization use for: of information system accounts to support organizational missions business functions?,
ac-2_prm_2,AC-2,rev4,"{{ insert: param, ac-2_prm_2 }}",Requires approvals by for requests to create information system,free-text,single,,What value does your organization use for: Requires approvals by for requests to create information system?,
ac-2_prm_3,AC-2,rev4,"{{ insert: param, ac-2_prm_3 }}",modifies disables and removes information system accounts in accordance with,free-text,single,,What value does your organization use for: modifies disables and removes information system accounts in accordance with?,
ac-2_prm_4,AC-2,rev4,"{{ insert: param, ac-2_prm_4 }}",Reviews accounts for compliance with account management requirements and,free-text,single,,What value does your organization use for: Reviews accounts for compliance with account management requirements and?,
ac-2.2_prm_1,AC-2,rev4,"{{ insert: param, ac-2.2_prm_1 }}",The information system automatically temporary and emergency accounts after insert,free-text,single,,What value does your organization use for: The information system automatically temporary and emergency accounts after insert?,
ac-2.2_prm_2,AC-2,rev4,"{{ insert: param, ac-2.2_prm_2 }}",prm 1 temporary and emergency accounts after 2 gdn guidance,free-text,single,,What value does your organization use for: prm 1 temporary and emergency accounts after 2 gdn guidance?,
ac-2.3_prm_1,AC-2,rev4,"{{ insert: param, ac-2.3_prm_1 }}",information system automatically disables inactive accounts after 3 obj objective,free-text,single,,What value does your organization use for: information system automatically disables inactive accounts after 3 obj objective?,
ac-2.4_prm_1,AC-2,rev4,"{{ insert: param, ac-2.4_prm_1 }}",enabling disabling and removal actions and notifies 4 gdn guidance,free-text,single,,What value does your organization use for: enabling disabling and removal actions and notifies 4 gdn guidance?,
ac-2.5_prm_1,AC-2,rev4,"{{ insert: param, ac-2.5_prm_1 }}",organization requires that users log out when 5 gdn guidance,free-text,single,,What value does your organization use for: organization requires that users log out when 5 gdn guidance?,
ac-2.6_prm_1,AC-2,rev4,"{{ insert: param, ac-2.6_prm_1 }}",implements the following dynamic privilege management capabilities 6 gdn guidance,free-text,single,,What value does your organization use for: implements the following dynamic privilege management capabilities 6 gdn guidance?,
ac-2.7_prm_1,AC-2,rev4,"{{ insert: param, ac-2.7_prm_1 }}",Takes when privileged role assignments are no,role,single,System Administrator | Security Officer,What value does your organization use for: Takes when privileged role assignments are no?,
ac-2.8_prm_1,AC-2,rev4,"{{ insert: param, ac-2.8_prm_1 }}",8 statement The information system creates dynamically 8 gdn,duration,single,30 days | 60 days | 90 days,What value does your organization use for: 8 statement The information system creates dynamically 8 gdn?,
ac-2.9_prm_1,AC-2,rev4,"{{ insert: param, ac-2.9_prm_1 }}",use of shared group accounts that meet 9 obj objective,free-text,single,,What value does your organization use for: use of shared group accounts that meet 9 obj objective?,
ac-2.11_prm_1,AC-2.11,rev4,"{{ insert: param, ac-2.11_prm_1 }}",statement The information system enforces for insert param 11 prm,free-text,single,,What value does your organization use for: statement The information system enforces for insert param 11 prm?,
ac-2.11_prm_2,AC-2.11,rev4,"{{ insert: param, ac-2.11_prm_2 }}",enforces insert param 11 prm 1 for 11 gdn guidance,free-text,single,,What value does your organization use for: enforces insert param 11 prm 1 for 11 gdn guidance?,
ac-2.12_prm_1,AC-2.12,rev4,"{{ insert: param, ac-2.12_prm_1 }}",Monitors information system accounts for and 12,free-text,single,,What value does your organization use for: Monitors information system accounts for and 12?,
ac-2.12_prm_2,AC-2.12,rev4,"{{ insert: param, ac-2.12_prm_2 }}",atypical usage of information system accounts to 12 gdn guidance,duration,single,30 days | 60 days | 90 days,What value does your organization use for: atypical usage of information system accounts to 12 gdn guidance?,
ac-2.13_prm_1,AC-2.13,rev4,"{{ insert: param, ac-2.13_prm_1 }}",users posing significant risk within of discovery of the risk,duration,single,30 days | 60 days | 90 days,What value does your organization use for: users posing significant risk within of discovery of the risk?,
ac-3.2_prm_1,AC-3,rev4,"{{ insert: param, ac-3.2_prm_1 }}",The information system enforces dual authorization for 2 gdn guidance,free-text,single,,What value does your organization use for: The information system enforces dual authorization for 2 gdn guidance?,
ac-3.3_prm_1,AC-3,rev4,"{{ insert: param, ac-3.3_prm_1 }}",The information system enforces over all subjects and objects where,free-text,single,,What value does your organization use for: The information system enforces over all subjects and objects where?,
ac-3.3_prm_2,AC-3,rev4,"{{ insert: param, ac-3.3_prm_2 }}",Specifies that may explicitly be granted insert param,free-text,single,,What value does your organization use for: Specifies that may explicitly be granted insert param?,
ac-3.3_prm_3,AC-3,rev4,"{{ insert: param, ac-3.3_prm_3 }}",may explicitly be granted such that they are not limited,free-text,single,,What value does your organization use for: may explicitly be granted such that they are not limited?,
ac-3.4_prm_1,AC-3,rev4,"{{ insert: param, ac-3.4_prm_1 }}",The information system enforces over defined subjects and objects where,free-text,list,,What value does your organization use for: The information system enforces over defined subjects and objects where?,
ac-3.5_prm_1,AC-3,rev4,"{{ insert: param, ac-3.5_prm_1 }}",system prevents access to except during secure non-operable system states,duration,single,30 days | 60 days | 90 days,What value does your organization use for: system prevents access to except during secure non-operable system states?,
ac-3.7_prm_1,AC-3,rev4,"{{ insert: param, ac-3.7_prm_1 }}",and objects and controls access based upon 7 gdn guidance,role,single,System Administrator | Security Officer,What value does your organization use for: and objects and controls access based upon 7 gdn guidance?,
ac-3.8_prm_1,AC-3,rev4,"{{ insert: param, ac-3.8_prm_1 }}",attributes of subjects and objects based on 8 gdn guidance,free-text,single,,What value does your organization use for: attributes of subjects and objects based on 8 gdn guidance?,
ac-3.9_prm_1,AC-3,rev4,"{{ insert: param, ac-3.9_prm_1 }}",The receiving provides insert param 9 prm,free-text,single,,What value does your organization use for: The receiving provides insert param 9 prm?,
ac-3.9_prm_2,AC-3,rev4,"{{ insert: param, ac-3.9_prm_2 }}",The receiving insert param 9 prm 1 provides and 9,free-text,single,,What value does your organization use for: The receiving insert param 9 prm 1 provides and 9?,
ac-3.9_prm_3,AC-3,rev4,"{{ insert: param, ac-3.9_prm_3 }}",are used to validate the appropriateness,free-text,single,,What value does your organization use for: are used to validate the appropriateness?,
ac-3.10_prm_1,AC-3.10,rev4,"{{ insert: param, ac-3.10_prm_1 }}",override of automated access control mechanisms under 10 gdn guidance,free-text,single,,What value does your organization use for: override of automated access control mechanisms under 10 gdn guidance?,
ac-4_prm_1,AC-4,rev4,"{{ insert: param, ac-4_prm_1 }}",the system and between interconnected systems based on gdn guidance,duration,single,30 days | 60 days | 90 days,What value does your organization use for: the system and between interconnected systems based on gdn guidance?,
ac-4.1_prm_1,AC-4,rev4,"{{ insert: param, ac-4.1_prm_1 }}",statement The information system uses associated with insert param 1,free-text,single,,What value does your organization use for: statement The information system uses associated with insert param 1?,
ac-4.1_prm_2,AC-4,rev4,"{{ insert: param, ac-4.1_prm_2 }}",1 prm 1 associated with to enforce insert param 1,free-text,single,,What value does your organization use for: 1 prm 1 associated with to enforce insert param 1?,
ac-4.1_prm_3,AC-4,rev4,"{{ insert: param, ac-4.1_prm_3 }}",1 prm 2 to enforce as basis for flow control,free-text,single,,What value does your organization use for: 1 prm 2 to enforce as basis for flow control?,
ac-4.2_prm_1,AC-4,rev4,"{{ insert: param, ac-4.2_prm_1 }}",protected processing domains to enforce as basis for flow control,duration,single,30 days | 60 days | 90 days,What value does your organization use for: protected processing domains to enforce as basis for flow control?,
ac-4.3_prm_1,AC-4,rev4,"{{ insert: param, ac-4.3_prm_1 }}",enforces dynamic information flow control based on 3 gdn guidance,free-text,single,,What value does your organization use for: enforces dynamic information flow control based on 3 gdn guidance?,
ac-4.4_prm_2,AC-4,rev4,"{{ insert: param, ac-4.4_prm_2 }}",sessions attempting to pass encrypted information 4 prm 2 depends-on,free-text,single,,What value does your organization use for: sessions attempting to pass encrypted information 4 prm 2 depends-on?,
ac-4.4_prm_1,AC-4,rev4,"{{ insert: param, ac-4.4_prm_1 }}",encrypted information from bypassing content-checking mechanisms by 4 gdn guidance,free-text,single,,What value does your organization use for: encrypted information from bypassing content-checking mechanisms by 4 gdn guidance?,
ac-4.5_prm_1,AC-4,rev4,"{{ insert: param, ac-4.5_prm_1 }}",The information system enforces on embedding data types within other,duration,single,30 days | 60 days | 90 days,What value does your organization use for: The information system enforces on embedding data types within other?,
ac-4.6_prm_1,AC-4,rev4,"{{ insert: param, ac-4.6_prm_1 }}",system enforces information flow control based on 6 gdn guidance,free-text,single,,What value does your organization use for: system enforces information flow control based on 6 gdn guidance?,
ac-4.7_prm_1,AC-4,rev4,"{{ insert: param, ac-4.7_prm_1 }}",7 statement The information system enforces using hardware mechanisms 7,free-text,single,,What value does your organization use for: 7 statement The information system enforces using hardware mechanisms 7?,
ac-4.8_prm_1,AC-4,rev4,"{{ insert: param, ac-4.8_prm_1 }}",enforces information flow control using as basis for flow control,free-text,single,,What value does your organization use for: enforces information flow control using as basis for flow control?,
ac-4.8_prm_2,AC-4,rev4,"{{ insert: param, ac-4.8_prm_2 }}",as basis for flow control decisions for 8 gdn guidance,free-text,single,,What value does your organization use for: as basis for flow control decisions for 8 gdn guidance?,
ac-4.9_prm_1,AC-4,rev4,"{{ insert: param, ac-4.9_prm_1 }}",of human reviews for under the following conditions insert param,free-text,single,,What value does your organization use for: of human reviews for under the following conditions insert param?,
ac-4.9_prm_2,AC-4,rev4,"{{ insert: param, ac-4.9_prm_2 }}",9 prm 1 under the following conditions 9 gdn guidance,free-text,single,,What value does your organization use for: 9 prm 1 under the following conditions 9 gdn guidance?,
ac-4.10_prm_1,AC-4.10,rev4,"{{ insert: param, ac-4.10_prm_1 }}",administrators to enable disable under the following conditions insert param,free-text,single,,What value does your organization use for: administrators to enable disable under the following conditions insert param?,
ac-4.10_prm_2,AC-4.10,rev4,"{{ insert: param, ac-4.10_prm_2 }}",10 prm 1 under the following conditions 10 gdn guidance,free-text,single,,What value does your organization use for: 10 prm 1 under the following conditions 10 gdn guidance?,
ac-4.11_prm_1,AC-4.11,rev4,"{{ insert: param, ac-4.11_prm_1 }}",for privileged administrators to configure to support different security policies,free-text,single,,What value does your organization use for: for privileged administrators to configure to support different security policies?,
ac-4.12_prm_1,AC-4.12,rev4,"{{ insert: param, ac-4.12_prm_1 }}",different security domains uses to validate data essential for information,free-text,single,,What value does your organization use for: different security domains uses to validate data essential for information?,
ac-4.13_prm_1,AC-4.13,rev4,"{{ insert: param, ac-4.13_prm_1 }}",domains decomposes information into for submission to policy enforcement mechan,free-text,single,,What value does your organization use for: domains decomposes information into for submission to policy enforcement mechan?,
ac-4.14_prm_1,AC-4.14,rev4,"{{ insert: param, ac-4.14_prm_1 }}",between different security domains implements requiring fully enumerated formats that,free-text,single,,What value does your organization use for: between different security domains implements requiring fully enumerated formats that?,
ac-4.15_prm_1,AC-4.15,rev4,"{{ insert: param, ac-4.15_prm_1 }}",for the presence of and prohibits the transfer of such,free-text,single,,What value does your organization use for: for the presence of and prohibits the transfer of such?,
ac-4.15_prm_2,AC-4.15,rev4,"{{ insert: param, ac-4.15_prm_2 }}",of such information in accordance with the 15 gdn guidance,free-text,single,,What value does your organization use for: of such information in accordance with the 15 gdn guidance?,
ac-4.17_prm_1,AC-4.17,rev4,"{{ insert: param, ac-4.17_prm_1 }}",authenticates source and destination points by for information transfer 17,free-text,single,,What value does your organization use for: authenticates source and destination points by for information transfer 17?,
ac-4.18_prm_1,AC-4.18,rev4,"{{ insert: param, ac-4.18_prm_1 }}",attributes to information using to facilitate information flow policy enforcement,free-text,single,,What value does your organization use for: attributes to information using to facilitate information flow policy enforcement?,
ac-4.20_prm_1,AC-4.20,rev4,"{{ insert: param, ac-4.20_prm_1 }}",statement The organization employs to control the flow of insert,free-text,single,,What value does your organization use for: statement The organization employs to control the flow of insert?,
ac-4.20_prm_2,AC-4.20,rev4,"{{ insert: param, ac-4.20_prm_2 }}",1 to control the flow of across security domains 20,free-text,single,,What value does your organization use for: 1 to control the flow of across security domains 20?,
ac-4.21_prm_1,AC-4.21,rev4,"{{ insert: param, ac-4.21_prm_1 }}",flows logically or physically using to accomplish insert param 21,free-text,single,,What value does your organization use for: flows logically or physically using to accomplish insert param 21?,
ac-4.21_prm_2,AC-4.21,rev4,"{{ insert: param, ac-4.21_prm_2 }}",insert param 21 prm 1 to accomplish 21 gdn guidance,free-text,single,,What value does your organization use for: insert param 21 prm 1 to accomplish 21 gdn guidance?,
ac-5_prm_1,AC-5,rev4,"{{ insert: param, ac-5_prm_1 }}",Separates,free-text,single,,What value does your organization use for: Separates?,
ac-6.1_prm_1,AC-6,rev4,"{{ insert: param, ac-6.1_prm_1 }}",statement The organization explicitly authorizes access to 1 gdn guidance,free-text,single,,What value does your organization use for: statement The organization explicitly authorizes access to 1 gdn guidance?,
ac-6.2_prm_1,AC-6,rev4,"{{ insert: param, ac-6.2_prm_1 }}",roles with access to use non-privileged accounts or roles when,role,single,System Administrator | Security Officer,What value does your organization use for: roles with access to use non-privileged accounts or roles when?,
ac-6.3_prm_1,AC-6,rev4,"{{ insert: param, ac-6.3_prm_1 }}",organization authorizes network access to only for insert param 3,free-text,single,,What value does your organization use for: organization authorizes network access to only for insert param 3?,
ac-6.3_prm_2,AC-6,rev4,"{{ insert: param, ac-6.3_prm_2 }}",prm 1 only for and documents the rationale for such,free-text,single,,What value does your organization use for: prm 1 only for and documents the rationale for such?,
ac-6.5_prm_1,AC-6,rev4,"{{ insert: param, ac-6.5_prm_1 }}",privileged accounts on the information system to 5 gdn guidance,frequency,single,daily | weekly | monthly | quarterly,What value does your organization use for: privileged accounts on the information system to 5 gdn guidance?,
ac-6.7_prm_1,AC-6,rev4,"{{ insert: param, ac-6.7_prm_1 }}",Reviews the privileges assigned to insert param,free-text,single,,What value does your organization use for: Reviews the privileges assigned to insert param?,
ac-6.7_prm_2,AC-6,rev4,"{{ insert: param, ac-6.7_prm_2 }}",the privileges assigned to to validate the need for such,free-text,single,,What value does your organization use for: the privileges assigned to to validate the need for such?,
ac-6.8_prm_1,AC-6,rev4,"{{ insert: param, ac-6.8_prm_1 }}",The information system prevents from executing at higher privilege levels,free-text,single,,What value does your organization use for: The information system prevents from executing at higher privilege levels?,
ac-7_prm_4,AC-7,rev4,"{{ insert: param, ac-7_prm_4 }}",account node for an locks the account node until released,duration,single,30 days | 60 days | 90 days,What value does your organization use for: account node for an locks the account node until released?,
ac-7_prm_5,AC-7,rev4,"{{ insert: param, ac-7_prm_5 }}",administrator delays next logon prompt according to prm 4 depends-on,duration,single,30 days | 60 days | 90 days,What value does your organization use for: administrator delays next logon prompt according to prm 4 depends-on?,
ac-7_prm_1,AC-7,rev4,"{{ insert: param, ac-7_prm_1 }}",Enforces limit of consecutive invalid logon attempts by,free-text,single,,What value does your organization use for: Enforces limit of consecutive invalid logon attempts by?,
ac-7_prm_2,AC-7,rev4,"{{ insert: param, ac-7_prm_2 }}",1 consecutive invalid logon attempts by user during and,free-text,single,,What value does your organization use for: 1 consecutive invalid logon attempts by user during and?,
ac-7_prm_3,AC-7,rev4,"{{ insert: param, ac-7_prm_3 }}",Automatically when the maximum number of unsuccessful,threshold,single,5 failed login attempts | 24 hours | 90%,What value does your organization use for: Automatically when the maximum number of unsuccessful?,
ac-7.2_prm_1,AC-7,rev4,"{{ insert: param, ac-7.2_prm_1 }}",system purges wipes information from based on insert param 2,free-text,single,,What value does your organization use for: system purges wipes information from based on insert param 2?,
ac-7.2_prm_2,AC-7,rev4,"{{ insert: param, ac-7.2_prm_2 }}",2 prm 1 based on after insert param 2 prm,free-text,single,,What value does your organization use for: 2 prm 1 based on after insert param 2 prm?,
ac-7.2_prm_3,AC-7,rev4,"{{ insert: param, ac-7.2_prm_3 }}",param 2 prm 2 after consecutive unsuccessful device logon attempts,free-text,single,,What value does your organization use for: param 2 prm 2 after consecutive unsuccessful device logon attempts?,
ac-8_prm_1,AC-8,rev4,"{{ insert: param, ac-8_prm_1 }}",Displays to users before granting access to the system,free-text,single,,What value does your organization use for: Displays to users before granting access to the system?,
ac-8_prm_2,AC-8,rev4,"{{ insert: param, ac-8_prm_2 }}",1 Displays system use information before granting further access,free-text,single,,What value does your organization use for: 1 Displays system use information before granting further access?,
ac-9.2_prm_1,AC-9,rev4,"{{ insert: param, ac-9.2_prm_1 }}",user of the number of during insert param 2 prm,threshold,single,5 failed login attempts | 24 hours | 90%,What value does your organization use for: user of the number of during insert param 2 prm?,
ac-9.2_prm_2,AC-9,rev4,"{{ insert: param, ac-9.2_prm_2 }}",of insert param 2 prm 1 during 2 obj objective,threshold,single,5 failed login attempts | 24 hours | 90%,What value does your organization use for: of insert param 2 prm 1 during 2 obj objective?,
ac-9.3_prm_1,AC-9,rev4,"{{ insert: param, ac-9.3_prm_1 }}",the user of changes to during insert param 3 prm,free-text,single,,What value does your organization use for: the user of changes to during insert param 3 prm?,
ac-9.3_prm_2,AC-9,rev4,"{{ insert: param, ac-9.3_prm_2 }}",to insert param 3 prm 1 during 3 obj objective,free-text,single,,What value does your organization use for: to insert param 3 prm 1 during 3 obj objective?,
ac-9.4_prm_1,AC-9,rev4,"{{ insert: param, ac-9.4_prm_1 }}",logon access of the following additional information 4 gdn guidance,free-text,single,,What value does your organization use for: logon access of the following additional information 4 gdn guidance?,
ac-10_prm_1,AC-10,rev4,"{{ insert: param, ac-10_prm_1 }}",of concurrent sessions for each to insert param prm 2,threshold,single,5 failed login attempts | 24 hours | 90%,What value does your organization use for: of concurrent sessions for each to insert param prm 2?,
ac-10_prm_2,AC-10,rev4,"{{ insert: param, ac-10_prm_2 }}",sessions for each insert param prm 1 to gdn guidance,threshold,single,5 failed login attempts | 24 hours | 90%,What value does your organization use for: sessions for each insert param prm 1 to gdn guidance?,
ac-11_prm_1,AC-11,rev4,"{{ insert: param, ac-11_prm_1 }}",by initiating session lock after of inactivity or upon receiving,free-text,single,,What value does your organization use for: by initiating session lock after of inactivity or upon receiving?,
ac-12_prm_1,AC-12,rev4,"{{ insert: param, ac-12_prm_1 }}",The information system automatically terminates user session after gdn guidance,free-text,single,,What value does your organization use for: The information system automatically terminates user session after gdn guidance?,
ac-12.1_prm_1,AC-12,rev4,"{{ insert: param, ac-12.1_prm_1 }}",whenever authentication is used to gain access to and 1,free-text,single,,What value does your organization use for: whenever authentication is used to gain access to and 1?,
ac-14_prm_1,AC-14,rev4,"{{ insert: param, ac-14_prm_1 }}",Identifies that can be performed on the,free-text,single,,What value does your organization use for: Identifies that can be performed on the?,
ac-16_prm_1,AC-16,rev4,"{{ insert: param, ac-16_prm_1 }}",Provides the means to associate having insert param prm 2,free-text,single,,What value does your organization use for: Provides the means to associate having insert param prm 2?,
ac-16_prm_2,AC-16,rev4,"{{ insert: param, ac-16_prm_2 }}",param prm 1 having with information in storage in process,free-text,single,,What value does your organization use for: param prm 1 having with information in storage in process?,
ac-16_prm_3,AC-16,rev4,"{{ insert: param, ac-16_prm_3 }}",Establishes the permitted for insert param prm 4,free-text,single,,What value does your organization use for: Establishes the permitted for insert param prm 4?,
ac-16_prm_4,AC-16,rev4,"{{ insert: param, ac-16_prm_4 }}",Establishes the permitted insert param prm 3 for and,free-text,single,,What value does your organization use for: Establishes the permitted insert param prm 3 for and?,
ac-16_prm_5,AC-16,rev4,"{{ insert: param, ac-16_prm_5 }}",Determines the permitted for each of the established security,duration,single,30 days | 60 days | 90 days,What value does your organization use for: Determines the permitted for each of the established security?,
ac-16.1_prm_1,AC-16,rev4,"{{ insert: param, ac-16.1_prm_1 }}",dynamically associates security attributes with in accordance with insert param,free-text,single,,What value does your organization use for: dynamically associates security attributes with in accordance with insert param?,
ac-16.1_prm_2,AC-16,rev4,"{{ insert: param, ac-16.1_prm_2 }}",1 in accordance with as information is created and combined,free-text,single,,What value does your organization use for: 1 in accordance with as information is created and combined?,
ac-16.3_prm_1,AC-16,rev4,"{{ insert: param, ac-16.3_prm_1 }}",the association and integrity of to insert param 3 prm,free-text,single,,What value does your organization use for: the association and integrity of to insert param 3 prm?,
ac-16.3_prm_2,AC-16,rev4,"{{ insert: param, ac-16.3_prm_2 }}",of insert param 3 prm 1 to 3 gdn guidance,free-text,single,,What value does your organization use for: of insert param 3 prm 1 to 3 gdn guidance?,
ac-16.4_prm_1,AC-16,rev4,"{{ insert: param, ac-16.4_prm_1 }}",system supports the association of with insert param 4 prm,free-text,single,,What value does your organization use for: system supports the association of with insert param 4 prm?,
ac-16.4_prm_2,AC-16,rev4,"{{ insert: param, ac-16.4_prm_2 }}",4 prm 1 with by authorized individuals or processes acting,free-text,single,,What value does your organization use for: 4 prm 1 with by authorized individuals or processes acting?,
ac-16.5_prm_1,AC-16,rev4,"{{ insert: param, ac-16.5_prm_1 }}",to output devices to identify using insert param 5 prm,free-text,single,,What value does your organization use for: to output devices to identify using insert param 5 prm?,
ac-16.5_prm_2,AC-16,rev4,"{{ insert: param, ac-16.5_prm_2 }}",identify insert param 5 prm 1 using 5 gdn guidance,free-text,single,,What value does your organization use for: identify insert param 5 prm 1 using 5 gdn guidance?,
ac-16.6_prm_1,AC-16,rev4,"{{ insert: param, ac-16.6_prm_1 }}",and maintain the association of with insert param 6 prm,free-text,single,,What value does your organization use for: and maintain the association of with insert param 6 prm?,
ac-16.6_prm_2,AC-16,rev4,"{{ insert: param, ac-16.6_prm_2 }}",param 6 prm 1 with in accordance with insert param,free-text,single,,What value does your organization use for: param 6 prm 1 with in accordance with insert param?,
ac-16.6_prm_3,AC-16,rev4,"{{ insert: param, ac-16.6_prm_3 }}",param 6 prm 2 in accordance with 6 gdn guidance,free-text,single,,What value does your organization use for: param 6 prm 2 in accordance with 6 gdn guidance?,
ac-16.8_prm_1,AC-16,rev4,"{{ insert: param, ac-16.8_prm_1 }}",statement The information system implements with insert param 8 prm,free-text,single,,What value does your organization use for: statement The information system implements with insert param 8 prm?,
ac-16.8_prm_2,AC-16,rev4,"{{ insert: param, ac-16.8_prm_2 }}",8 prm 1 with in associating security attributes to information,free-text,single,,What value does your organization use for: 8 prm 1 with in associating security attributes to information?,
ac-16.9_prm_1,AC-16,rev4,"{{ insert: param, ac-16.9_prm_1 }}",reassigned only via re-grading mechanisms validated using 9 gdn guidance,free-text,single,,What value does your organization use for: reassigned only via re-grading mechanisms validated using 9 gdn guidance?,
ac-17.3_prm_1,AC-17,rev4,"{{ insert: param, ac-17.3_prm_1 }}",routes all remote accesses through managed network access control points,threshold,single,5 failed login attempts | 24 hours | 90%,What value does your organization use for: routes all remote accesses through managed network access control points?,
ac-17.4_prm_1,AC-17,rev4,"{{ insert: param, ac-17.4_prm_1 }}",to security-relevant information via remote access only for and 4,free-text,single,,What value does your organization use for: to security-relevant information via remote access only for and 4?,
ac-17.9_prm_1,AC-17,rev4,"{{ insert: param, ac-17.9_prm_1 }}",remote access to the information system within 9 gdn guidance,duration,single,30 days | 60 days | 90 days,What value does your organization use for: remote access to the information system within 9 gdn guidance?,
ac-18.1_prm_1,AC-18,rev4,"{{ insert: param, ac-18.1_prm_1 }}",to the system using authentication of and encryption 1 gdn,free-text,single,,What value does your organization use for: to the system using authentication of and encryption 1 gdn?,
ac-19.4_prm_1,AC-19,rev4,"{{ insert: param, ac-19.4_prm_1 }}",reviews and inspections by and if classified information is found,free-text,single,,What value does your organization use for: reviews and inspections by and if classified information is found?,
ac-19.4_prm_2,AC-19,rev4,"{{ insert: param, ac-19.4_prm_2 }}",to classified information systems in accordance with 4 gdn guidance,free-text,single,,What value does your organization use for: to classified information systems in accordance with 4 gdn guidance?,
ac-19.5_prm_1,AC-19,rev4,"{{ insert: param, ac-19.5_prm_1 }}",statement The organization employs to protect the confidentiality and integrity,free-text,single,,What value does your organization use for: statement The organization employs to protect the confidentiality and integrity?,
ac-19.5_prm_2,AC-19,rev4,"{{ insert: param, ac-19.5_prm_2 }}",the confidentiality and integrity of information on 5 gdn guidance,free-text,single,,What value does your organization use for: the confidentiality and integrity of information on 5 gdn guidance?,
ac-20.2_prm_1,AC-20,rev4,"{{ insert: param, ac-20.2_prm_1 }}",2 statement The organization the use of organization-controlled portable storage,free-text,single,,What value does your organization use for: 2 statement The organization the use of organization-controlled portable storage?,
ac-20.3_prm_1,AC-20,rev4,"{{ insert: param, ac-20.3_prm_1 }}",3 statement The organization the use of non-organizationally owned information,free-text,single,,What value does your organization use for: 3 statement The organization the use of non-organizationally owned information?,
ac-20.4_prm_1,AC-20,rev4,"{{ insert: param, ac-20.4_prm_1 }}",The organization prohibits the use of in external information systems,free-text,single,,What value does your organization use for: The organization prohibits the use of in external information systems?,
ac-21_prm_1,AC-21,rev4,"{{ insert: param, ac-21_prm_1 }}",partner match the access restrictions on the information for and,free-text,single,,What value does your organization use for: partner match the access restrictions on the information for and?,
ac-21_prm_2,AC-21,rev4,"{{ insert: param, ac-21_prm_2 }}",Employs to assist users in making information,free-text,single,,What value does your organization use for: Employs to assist users in making information?,
ac-21.2_prm_1,AC-21,rev4,"{{ insert: param, ac-21.2_prm_1 }}",information search and retrieval services that enforce 2 obj objective,free-text,single,,What value does your organization use for: information search and retrieval services that enforce 2 obj objective?,
ac-22_prm_1,AC-22,rev4,"{{ insert: param, ac-22_prm_1 }}",system for nonpublic information and removes such information if discovered,free-text,single,,What value does your organization use for: system for nonpublic information and removes such information if discovered?,
ac-23_prm_1,AC-23,rev4,"{{ insert: param, ac-23_prm_1 }}",parts statement The organization employs for insert param prm 2,free-text,single,,What value does your organization use for: parts statement The organization employs for insert param prm 2?,
ac-23_prm_2,AC-23,rev4,"{{ insert: param, ac-23_prm_2 }}",param prm 1 for to adequately detect and protect against,free-text,single,,What value does your organization use for: param prm 1 for to adequately detect and protect against?,
ac-24_prm_1,AC-24,rev4,"{{ insert: param, ac-24_prm_1 }}",establishes procedures to ensure are applied to each access request,free-text,single,,What value does your organization use for: establishes procedures to ensure are applied to each access request?,
ac-24.1_prm_1,AC-24,rev4,"{{ insert: param, ac-24.1_prm_1 }}",statement The information system transmits using insert param 1 prm,free-text,single,,What value does your organization use for: statement The information system transmits using insert param 1 prm?,
ac-24.1_prm_2,AC-24,rev4,"{{ insert: param, ac-24.1_prm_2 }}",param 1 prm 1 using to insert param 1 prm,free-text,single,,What value does your organization use for: param 1 prm 1 using to insert param 1 prm?,
ac-24.1_prm_3,AC-24,rev4,"{{ insert: param, ac-24.1_prm_3 }}",param 1 prm 2 to that enforce access control decisions,free-text,single,,What value does your organization use for: param 1 prm 2 to that enforce access control decisions?,
ac-24.2_prm_1,AC-24,rev4,"{{ insert: param, ac-24.2_prm_1 }}",control decisions based on that do not include the identity,free-text,single,,What value does your organization use for: control decisions based on that do not include the identity?,
ac-25_prm_1,AC-25,rev4,"{{ insert: param, ac-25_prm_1 }}",implements reference monitor for that is tamperproof always invoked and,free-text,single,,What value does your organization use for: implements reference monitor for that is tamperproof always invoked and?,
at-1_prm_1,AT-1,rev4,"{{ insert: param, at-1_prm_1 }}",Develops documents and disseminates to parts 1,free-text,single,,What value does your organization use for: Develops documents and disseminates to parts 1?,
at-1_prm_2,AT-1,rev4,"{{ insert: param, at-1_prm_2 }}",1 Security awareness and training policy and 2,free-text,single,,What value does your organization use for: 1 Security awareness and training policy and 2?,
at-1_prm_3,AT-1,rev4,"{{ insert: param, at-1_prm_3 }}",2 Security awareness and training procedures gdn guidance,free-text,single,,What value does your organization use for: 2 Security awareness and training procedures gdn guidance?,
at-2_prm_1,AT-2,rev4,"{{ insert: param, at-2_prm_1 }}",thereafter gdn guidance,free-text,single,,What value does your organization use for: thereafter gdn guidance?,
at-3_prm_1,AT-3,rev4,"{{ insert: param, at-3_prm_1 }}",thereafter gdn guidance,role,single,System Administrator | Security Officer,What value does your organization use for: thereafter gdn guidance?,
at-3.1_prm_1,AT-3,rev4,"{{ insert: param, at-3.1_prm_1 }}",1 statement The organization provides with initial and insert param,free-text,single,,What value does your organization use for: 1 statement The organization provides with initial and insert param?,
at-3.1_prm_2,AT-3,rev4,"{{ insert: param, at-3.1_prm_2 }}",1 with initial and training in the employment and operation,free-text,single,,What value does your organization use for: 1 with initial and training in the employment and operation?,
at-3.2_prm_1,AT-3,rev4,"{{ insert: param, at-3.2_prm_1 }}",2 statement The organization provides with initial and insert param,free-text,single,,What value does your organization use for: 2 statement The organization provides with initial and insert param?,
at-3.2_prm_2,AT-3,rev4,"{{ insert: param, at-3.2_prm_2 }}",1 with initial and training in the employment and operation,free-text,single,,What value does your organization use for: 1 with initial and training in the employment and operation?,
at-3.4_prm_1,AT-3,rev4,"{{ insert: param, at-3.4_prm_1 }}",to its personnel on to recognize suspicious communications and anomalous,free-text,single,,What value does your organization use for: to its personnel on to recognize suspicious communications and anomalous?,
at-4_prm_1,AT-4,rev4,"{{ insert: param, at-4_prm_1 }}",Retains individual training records for gdn guidance,free-text,single,,What value does your organization use for: Retains individual training records for gdn guidance?,
au-1_prm_1,AU-1,rev4,"{{ insert: param, au-1_prm_1 }}",Develops documents and disseminates to parts 1,free-text,single,,What value does your organization use for: Develops documents and disseminates to parts 1?,
au-1_prm_2,AU-1,rev4,"{{ insert: param, au-1_prm_2 }}",1 Audit and accountability policy and 2,free-text,single,,What value does your organization use for: 1 Audit and accountability policy and 2?,
au-1_prm_3,AU-1,rev4,"{{ insert: param, au-1_prm_3 }}",2 Audit and accountability procedures gdn guidance,free-text,single,,What value does your organization use for: 2 Audit and accountability procedures gdn guidance?,
au-2_prm_1,AU-2,rev4,"{{ insert: param, au-2_prm_1 }}",the information system is capable of auditing the following events,org list,single,Security | HR | Finance,What value does your organization use for: the information system is capable of auditing the following events?,
au-2_prm_2,AU-2,rev4,"{{ insert: param, au-2_prm_2 }}",are to be audited within the information system gdn guidance,duration,single,30 days | 60 days | 90 days,What value does your organization use for: are to be audited within the information system gdn guidance?,
au-2.3_prm_1,AU-2,rev4,"{{ insert: param, au-2.3_prm_1 }}",organization reviews and updates the audited events 3 gdn guidance,free-text,single,,What value does your organization use for: organization reviews and updates the audited events 3 gdn guidance?,
au-3.1_prm_1,AU-3,rev4,"{{ insert: param, au-3.1_prm_1 }}",audit records containing the following additional information 1 gdn guidance,free-text,single,,What value does your organization use for: audit records containing the following additional information 1 gdn guidance?,
au-3.2_prm_1,AU-3,rev4,"{{ insert: param, au-3.2_prm_1 }}",be captured in audit records generated by 2 gdn guidance,free-text,single,,What value does your organization use for: be captured in audit records generated by 2 gdn guidance?,
au-4_prm_1,AU-4,rev4,"{{ insert: param, au-4_prm_1 }}",allocates audit record storage capacity in accordance with gdn guidance,free-text,single,,What value does your organization use for: allocates audit record storage capacity in accordance with gdn guidance?,
au-4.1_prm_1,AU-4,rev4,"{{ insert: param, au-4.1_prm_1 }}",information system off-loads audit records onto different system or media,free-text,single,,What value does your organization use for: information system off-loads audit records onto different system or media?,
au-5_prm_1,AU-5,rev4,"{{ insert: param, au-5_prm_1 }}",Alerts in the event of an audit,free-text,single,,What value does your organization use for: Alerts in the event of an audit?,
au-5_prm_2,AU-5,rev4,"{{ insert: param, au-5_prm_2 }}",Takes the following additional actions gdn guidance,free-text,single,,What value does your organization use for: Takes the following additional actions gdn guidance?,
au-5.1_prm_1,AU-5,rev4,"{{ insert: param, au-5.1_prm_1 }}",information system provides warning to within insert param 1 prm,duration,single,30 days | 60 days | 90 days,What value does your organization use for: information system provides warning to within insert param 1 prm?,
au-5.1_prm_2,AU-5,rev4,"{{ insert: param, au-5.1_prm_2 }}",1 prm 1 within when allocated audit record storage volume,duration,single,30 days | 60 days | 90 days,What value does your organization use for: 1 prm 1 within when allocated audit record storage volume?,
au-5.1_prm_3,AU-5,rev4,"{{ insert: param, au-5.1_prm_3 }}",record storage volume reaches of repository maximum audit record storage,duration,list,30 days | 60 days | 90 days,What value does your organization use for: record storage volume reaches of repository maximum audit record storage?,
au-5.2_prm_1,AU-5,rev4,"{{ insert: param, au-5.2_prm_1 }}",system provides an alert in to insert param 2 prm,free-text,single,,What value does your organization use for: system provides an alert in to insert param 2 prm?,
au-5.2_prm_2,AU-5,rev4,"{{ insert: param, au-5.2_prm_2 }}",2 prm 1 to when the following audit failure events,free-text,single,,What value does your organization use for: 2 prm 1 to when the following audit failure events?,
au-5.2_prm_3,AU-5,rev4,"{{ insert: param, au-5.2_prm_3 }}",when the following audit failure events occur 2 gdn guidance,free-text,single,,What value does your organization use for: when the following audit failure events occur 2 gdn guidance?,
au-5.3_prm_1,AU-5,rev4,"{{ insert: param, au-5.3_prm_1 }}",limits on auditing capacity and network traffic above those thresholds,threshold,single,5 failed login attempts | 24 hours | 90%,What value does your organization use for: limits on auditing capacity and network traffic above those thresholds?,
au-5.4_prm_1,AU-5,rev4,"{{ insert: param, au-5.4_prm_1 }}",The information system invokes in the event of insert param,free-text,single,,What value does your organization use for: The information system invokes in the event of insert param?,
au-5.4_prm_2,AU-5,rev4,"{{ insert: param, au-5.4_prm_2 }}",in the event of unless an alternate audit capability exists,free-text,single,,What value does your organization use for: in the event of unless an alternate audit capability exists?,
au-6_prm_1,AU-6,rev4,"{{ insert: param, au-6_prm_1 }}",analyzes information system audit records for indications of insert param,free-text,single,,What value does your organization use for: analyzes information system audit records for indications of insert param?,
au-6_prm_2,AU-6,rev4,"{{ insert: param, au-6_prm_2 }}",audit records insert param prm 1 for indications of and,free-text,single,,What value does your organization use for: audit records insert param prm 1 for indications of and?,
au-6_prm_3,AU-6,rev4,"{{ insert: param, au-6_prm_3 }}",Reports findings to gdn guidance,free-text,single,,What value does your organization use for: Reports findings to gdn guidance?,
au-6.5_prm_2,AU-6,rev4,"{{ insert: param, au-6.5_prm_2 }}",performance data information system monitoring information 5 prm 2 depends-on,free-text,single,,What value does your organization use for: performance data information system monitoring information 5 prm 2 depends-on?,
au-6.5_prm_1,AU-6,rev4,"{{ insert: param, au-6.5_prm_1 }}",records with analysis of to further enhance the ability to,free-text,single,,What value does your organization use for: records with analysis of to further enhance the ability to?,
au-6.7_prm_1,AU-6,rev4,"{{ insert: param, au-6.7_prm_1 }}",permitted actions for each associated with the review analysis and,free-text,single,,What value does your organization use for: permitted actions for each associated with the review analysis and?,
au-7.1_prm_1,AU-7,rev4,"{{ insert: param, au-7.1_prm_1 }}",records for events of interest based on 1 gdn guidance,free-text,single,,What value does your organization use for: records for events of interest based on 1 gdn guidance?,
au-7.2_prm_1,AU-7,rev4,"{{ insert: param, au-7.2_prm_1 }}",of interest based on the content of 2 gdn guidance,free-text,single,,What value does your organization use for: of interest based on the content of 2 gdn guidance?,
au-8_prm_1,AU-8,rev4,"{{ insert: param, au-8_prm_1 }}",UTC or Greenwich Mean Time GMT and meets gdn guidance,free-text,single,,What value does your organization use for: UTC or Greenwich Mean Time GMT and meets gdn guidance?,
au-8.1_prm_1,AU-8,rev4,"{{ insert: param, au-8.1_prm_1 }}",the internal information system clocks with insert param 1 prm,free-text,single,,What value does your organization use for: the internal information system clocks with insert param 1 prm?,
au-8.1_prm_2,AU-8,rev4,"{{ insert: param, au-8.1_prm_2 }}",system clocks insert param 1 prm 1 with and 1,free-text,single,,What value does your organization use for: system clocks insert param 1 prm 1 with and 1?,
au-8.1_prm_3,AU-8,rev4,"{{ insert: param, au-8.1_prm_3 }}",when the time difference is greater than 1 gdn guidance,threshold,list,5 failed login attempts | 24 hours | 90%,What value does your organization use for: when the time difference is greater than 1 gdn guidance?,
au-9.2_prm_1,AU-9,rev4,"{{ insert: param, au-9.2_prm_1 }}",system backs up audit records onto physically different system or,free-text,single,,What value does your organization use for: system backs up audit records onto physically different system or?,
au-9.4_prm_1,AU-9,rev4,"{{ insert: param, au-9.4_prm_1 }}",to management of audit functionality to only 4 gdn guidance,free-text,single,,What value does your organization use for: to management of audit functionality to only 4 gdn guidance?,
au-9.5_prm_1,AU-9,rev4,"{{ insert: param, au-9.5_prm_1 }}",organization enforces dual authorization for of insert param 5 prm,free-text,single,,What value does your organization use for: organization enforces dual authorization for of insert param 5 prm?,
au-9.5_prm_2,AU-9,rev4,"{{ insert: param, au-9.5_prm_2 }}",for insert param 5 prm 1 of 5 gdn guidance,free-text,single,,What value does your organization use for: for insert param 5 prm 1 of 5 gdn guidance?,
au-9.6_prm_1,AU-9,rev4,"{{ insert: param, au-9.6_prm_1 }}",authorizes read-only access to audit information to 6 gdn guidance,free-text,single,,What value does your organization use for: authorizes read-only access to audit information to 6 gdn guidance?,
au-10_prm_1,AU-10,rev4,"{{ insert: param, au-10_prm_1 }}",behalf of an individual falsely denying having performed gdn guidance,free-text,single,,What value does your organization use for: behalf of an individual falsely denying having performed gdn guidance?,
au-10.1_prm_1,AU-10,rev4,"{{ insert: param, au-10.1_prm_1 }}",of the information producer with the information to and 1,free-text,single,,What value does your organization use for: of the information producer with the information to and 1?,
au-10.2_prm_1,AU-10,rev4,"{{ insert: param, au-10.2_prm_1 }}",the information producer identity to the information at and 2,free-text,single,,What value does your organization use for: the information producer identity to the information at and 2?,
au-10.2_prm_2,AU-10,rev4,"{{ insert: param, au-10.2_prm_2 }}",Performs in the event of validation,free-text,single,,What value does your organization use for: Performs in the event of validation?,
au-10.4_prm_1,AU-10,rev4,"{{ insert: param, au-10.4_prm_1 }}",or release points prior to release transfer between and 4,free-text,single,,What value does your organization use for: or release points prior to release transfer between and 4?,
au-10.4_prm_2,AU-10,rev4,"{{ insert: param, au-10.4_prm_2 }}",Performs in the event of validation,free-text,single,,What value does your organization use for: Performs in the event of validation?,
au-11_prm_1,AU-11,rev4,"{{ insert: param, au-11_prm_1 }}",retains audit records for to provide support for after-the-fact investigations,free-text,single,,What value does your organization use for: retains audit records for to provide support for after-the-fact investigations?,
au-11.1_prm_1,AU-11,rev4,"{{ insert: param, au-11.1_prm_1 }}",statement The organization employs to ensure that long-term audit records,free-text,single,,What value does your organization use for: statement The organization employs to ensure that long-term audit records?,
au-12_prm_1,AU-2,rev4,"{{ insert: param, au-12_prm_1 }}",capability for the auditable events defined in at,free-text,single,,What value does your organization use for: capability for the auditable events defined in at?,
au-12_prm_2,AU-12,rev4,"{{ insert: param, au-12_prm_2 }}",Allows to select which auditable events are,free-text,single,,What value does your organization use for: Allows to select which auditable events are?,
au-12.1_prm_1,AU-12,rev4,"{{ insert: param, au-12.1_prm_1 }}",system compiles audit records from into system-wide logical or physical,duration,single,30 days | 60 days | 90 days,What value does your organization use for: system compiles audit records from into system-wide logical or physical?,
au-12.1_prm_2,AU-12,rev4,"{{ insert: param, au-12.1_prm_2 }}",audit trail that is time-correlated to within 1 gdn guidance,duration,single,30 days | 60 days | 90 days,What value does your organization use for: audit trail that is time-correlated to within 1 gdn guidance?,
au-12.3_prm_1,AU-12,rev4,"{{ insert: param, au-12.3_prm_1 }}",provides the capability for to change the auditing to be,duration,single,30 days | 60 days | 90 days,What value does your organization use for: provides the capability for to change the auditing to be?,
au-12.3_prm_2,AU-12,rev4,"{{ insert: param, au-12.3_prm_2 }}",auditing to be performed on based on insert param 3,duration,single,30 days | 60 days | 90 days,What value does your organization use for: auditing to be performed on based on insert param 3?,
au-12.3_prm_3,AU-12,rev4,"{{ insert: param, au-12.3_prm_3 }}",3 prm 2 based on within insert param 3 prm,duration,single,30 days | 60 days | 90 days,What value does your organization use for: 3 prm 2 based on within insert param 3 prm?,
au-12.3_prm_4,AU-12,rev4,"{{ insert: param, au-12.3_prm_4 }}",on insert param 3 prm 3 within 3 gdn guidance,duration,single,30 days | 60 days | 90 days,What value does your organization use for: on insert param 3 prm 3 within 3 gdn guidance?,
au-13_prm_1,AU-13,rev4,"{{ insert: param, au-13_prm_1 }}",parts statement The organization monitors insert param prm 2 for,free-text,single,,What value does your organization use for: parts statement The organization monitors insert param prm 2 for?,
au-13_prm_2,AU-13,rev4,"{{ insert: param, au-13_prm_2 }}",insert param prm 1 for evidence of unauthorized disclosure of,free-text,single,,What value does your organization use for: insert param prm 1 for evidence of unauthorized disclosure of?,
au-13.2_prm_1,AU-13,rev4,"{{ insert: param, au-13.2_prm_1 }}",the open source information sites being monitored 2 obj objective,free-text,single,,What value does your organization use for: the open source information sites being monitored 2 obj objective?,
au-15_prm_1,AU-15,rev4,"{{ insert: param, au-15_prm_1 }}",of failure in primary audit capability that provides gdn guidance,free-text,single,,What value does your organization use for: of failure in primary audit capability that provides gdn guidance?,
au-16_prm_1,AU-16,rev4,"{{ insert: param, au-16_prm_1 }}",parts statement The organization employs for coordinating insert param prm,free-text,single,,What value does your organization use for: parts statement The organization employs for coordinating insert param prm?,
au-16_prm_2,AU-16,rev4,"{{ insert: param, au-16_prm_2 }}",prm 1 for coordinating among external organizations when audit information,free-text,single,,What value does your organization use for: prm 1 for coordinating among external organizations when audit information?,
au-16.2_prm_1,AU-16,rev4,"{{ insert: param, au-16.2_prm_1 }}",provides cross-organizational audit information to based on insert param 2,free-text,single,,What value does your organization use for: provides cross-organizational audit information to based on insert param 2?,
au-16.2_prm_2,AU-16,rev4,"{{ insert: param, au-16.2_prm_2 }}",insert param 2 prm 1 based on 2 gdn guidance,free-text,single,,What value does your organization use for: insert param 2 prm 1 based on 2 gdn guidance?,
ca-1_prm_1,CA-1,rev4,"{{ insert: param, ca-1_prm_1 }}",Develops documents and disseminates to parts 1,free-text,single,,What value does your organization use for: Develops documents and disseminates to parts 1?,
ca-1_prm_2,CA-1,rev4,"{{ insert: param, ca-1_prm_2 }}",1 Security assessment and authorization policy and 2,free-text,single,,What value does your organization use for: 1 Security assessment and authorization policy and 2?,
ca-1_prm_3,CA-1,rev4,"{{ insert: param, ca-1_prm_3 }}",2 Security assessment and authorization procedures gdn guidance,free-text,single,,What value does your organization use for: 2 Security assessment and authorization procedures gdn guidance?,
ca-2_prm_1,CA-2,rev4,"{{ insert: param, ca-2_prm_1 }}",its environment of operation to determine the extent to which,free-text,single,,What value does your organization use for: its environment of operation to determine the extent to which?,
ca-2_prm_2,CA-2,rev4,"{{ insert: param, ca-2_prm_2 }}",the results of the security control assessment to gdn guidance,free-text,single,,What value does your organization use for: the results of the security control assessment to gdn guidance?,
ca-2.1_prm_1,CA-2,rev4,"{{ insert: param, ca-2.1_prm_1 }}",assessors or assessment teams with to conduct security control assessments,free-text,single,,What value does your organization use for: assessors or assessment teams with to conduct security control assessments?,
ca-2.2_prm_4,CA-2,rev4,"{{ insert: param, ca-2.2_prm_4 }}",insider threat assessment performance load testing 2 prm 4 depends-on,free-text,single,,What value does your organization use for: insider threat assessment performance load testing 2 prm 4 depends-on?,
ca-2.2_prm_1,CA-2,rev4,"{{ insert: param, ca-2.2_prm_1 }}",part of security control assessments insert param 2 prm 2,free-text,single,,What value does your organization use for: part of security control assessments insert param 2 prm 2?,
ca-2.2_prm_2,CA-2,rev4,"{{ insert: param, ca-2.2_prm_2 }}",insert param 2 prm 1 insert param 2 prm 3,free-text,single,,What value does your organization use for: insert param 2 prm 1 insert param 2 prm 3?,
ca-2.2_prm_3,CA-2,rev4,"{{ insert: param, ca-2.2_prm_3 }}",prm 1 insert param 2 prm 2 2 gdn guidance,free-text,single,,What value does your organization use for: prm 1 insert param 2 prm 2 2 gdn guidance?,
ca-2.3_prm_1,CA-2,rev4,"{{ insert: param, ca-2.3_prm_1 }}",results of an assessment of performed by insert param 3,free-text,single,,What value does your organization use for: results of an assessment of performed by insert param 3?,
ca-2.3_prm_2,CA-2,rev4,"{{ insert: param, ca-2.3_prm_2 }}",prm 1 performed by when the assessment meets insert param,free-text,single,,What value does your organization use for: prm 1 performed by when the assessment meets insert param?,
ca-2.3_prm_3,CA-2,rev4,"{{ insert: param, ca-2.3_prm_3 }}",3 prm 2 when the assessment meets 3 gdn guidance,free-text,single,,What value does your organization use for: 3 prm 2 when the assessment meets 3 gdn guidance?,
ca-3_prm_1,CA-3,rev4,"{{ insert: param, ca-3_prm_1 }}",Reviews and updates Interconnection Security Agreements gdn guidance,free-text,single,,What value does your organization use for: Reviews and updates Interconnection Security Agreements gdn guidance?,
ca-3.1_prm_1,CA-3,rev4,"{{ insert: param, ca-3.1_prm_1 }}",direct connection of an to an external network without the,free-text,single,,What value does your organization use for: direct connection of an to an external network without the?,
ca-3.1_prm_2,CA-3,rev4,"{{ insert: param, ca-3.1_prm_2 }}",an external network without the use of 1 gdn guidance,free-text,single,,What value does your organization use for: an external network without the use of 1 gdn guidance?,
ca-3.2_prm_1,CA-3,rev4,"{{ insert: param, ca-3.2_prm_1 }}",an external network without the use of 2 gdn guidance,free-text,single,,What value does your organization use for: an external network without the use of 2 gdn guidance?,
ca-3.3_prm_1,CA-3,rev4,"{{ insert: param, ca-3.3_prm_1 }}",direct connection of an to an external network without the,free-text,single,,What value does your organization use for: direct connection of an to an external network without the?,
ca-3.3_prm_2,CA-3,rev4,"{{ insert: param, ca-3.3_prm_2 }}",an external network without the use of 3 gdn guidance,free-text,single,,What value does your organization use for: an external network without the use of 3 gdn guidance?,
ca-3.4_prm_1,CA-3,rev4,"{{ insert: param, ca-3.4_prm_1 }}",organization prohibits the direct connection of an to public network,free-text,single,,What value does your organization use for: organization prohibits the direct connection of an to public network?,
ca-3.5_prm_1,CA-3,rev4,"{{ insert: param, ca-3.5_prm_1 }}",5 statement The organization employs policy for allowing insert param,free-text,single,,What value does your organization use for: 5 statement The organization employs policy for allowing insert param?,
ca-3.5_prm_2,CA-3,rev4,"{{ insert: param, ca-3.5_prm_2 }}",1 policy for allowing to connect to external information systems,free-text,single,,What value does your organization use for: 1 policy for allowing to connect to external information systems?,
ca-5_prm_1,CA-5,rev4,"{{ insert: param, ca-5_prm_1 }}",of action and milestones based on the findings from security,free-text,single,,What value does your organization use for: of action and milestones based on the findings from security?,
ca-6_prm_1,CA-6,rev4,"{{ insert: param, ca-6_prm_1 }}",Updates the security authorization gdn guidance,free-text,single,,What value does your organization use for: Updates the security authorization gdn guidance?,
ca-7_prm_1,CA-7,rev4,"{{ insert: param, ca-7_prm_1 }}",Establishment of to be monitored,free-text,single,,What value does your organization use for: Establishment of to be monitored?,
ca-7_prm_2,CA-7,rev4,"{{ insert: param, ca-7_prm_2 }}",Establishment of for monitoring and insert param,free-text,single,,What value does your organization use for: Establishment of for monitoring and insert param?,
ca-7_prm_3,CA-7,rev4,"{{ insert: param, ca-7_prm_3 }}",prm 2 for monitoring and for assessments supporting such monitoring,free-text,single,,What value does your organization use for: prm 2 for monitoring and for assessments supporting such monitoring?,
ca-7_prm_4,CA-7,rev4,"{{ insert: param, ca-7_prm_4 }}",organization and the information system to insert param prm 5,free-text,single,,What value does your organization use for: organization and the information system to insert param prm 5?,
ca-7_prm_5,CA-7,rev4,"{{ insert: param, ca-7_prm_5 }}",the information system to insert param prm 4 gdn guidance,free-text,single,,What value does your organization use for: the information system to insert param prm 4 gdn guidance?,
ca-7.1_prm_1,CA-7,rev4,"{{ insert: param, ca-7.1_prm_1 }}",or assessment teams with to monitor the security controls in,free-text,single,,What value does your organization use for: or assessment teams with to monitor the security controls in?,
ca-8_prm_1,CA-8,rev4,"{{ insert: param, ca-8_prm_1 }}",The organization conducts penetration testing on insert param prm 2,free-text,single,,What value does your organization use for: The organization conducts penetration testing on insert param prm 2?,
ca-8_prm_2,CA-8,rev4,"{{ insert: param, ca-8_prm_2 }}",conducts penetration testing insert param prm 1 on gdn guidance,free-text,single,,What value does your organization use for: conducts penetration testing insert param prm 1 on gdn guidance?,
ca-8.2_prm_1,CA-8,rev4,"{{ insert: param, ca-8.2_prm_1 }}",statement The organization employs to simulate attempts by adversaries to,free-text,single,,What value does your organization use for: statement The organization employs to simulate attempts by adversaries to?,
ca-8.2_prm_2,CA-8,rev4,"{{ insert: param, ca-8.2_prm_2 }}",compromise organizational information systems in accordance with 2 gdn guidance,free-text,single,,What value does your organization use for: compromise organizational information systems in accordance with 2 gdn guidance?,
ca-9_prm_1,CA-9,rev4,"{{ insert: param, ca-9_prm_1 }}",Authorizes internal connections of to the information system and,free-text,single,,What value does your organization use for: Authorizes internal connections of to the information system and?,
cm-1_prm_1,CM-1,rev4,"{{ insert: param, cm-1_prm_1 }}",Develops documents and disseminates to parts 1,free-text,single,,What value does your organization use for: Develops documents and disseminates to parts 1?,
cm-1_prm_2,CM-1,rev4,"{{ insert: param, cm-1_prm_2 }}",1 Configuration management policy and 2,free-text,single,,What value does your organization use for: 1 Configuration management policy and 2?,
cm-1_prm_3,CM-1,rev4,"{{ insert: param, cm-1_prm_3 }}",2 Configuration management procedures gdn guidance,free-text,single,,What value does your organization use for: 2 Configuration management procedures gdn guidance?,
cm-2.1_prm_1,CM-2,rev4,"{{ insert: param, cm-2.1_prm_1 }}",1,free-text,single,,What value does your organization use for: 1?,
cm-2.1_prm_2,CM-2,rev4,"{{ insert: param, cm-2.1_prm_2 }}",When required due to and 1,free-text,single,,What value does your organization use for: When required due to and 1?,
cm-2.3_prm_1,CM-2,rev4,"{{ insert: param, cm-2.3_prm_1 }}",3 statement The organization retains to support rollback 3,free-text,single,,What value does your organization use for: 3 statement The organization retains to support rollback 3?,
cm-2.7_prm_1,CM-2,rev4,"{{ insert: param, cm-2.7_prm_1 }}",Issues with insert param 7 prm,free-text,single,,What value does your organization use for: Issues with insert param 7 prm?,
cm-2.7_prm_2,CM-2,rev4,"{{ insert: param, cm-2.7_prm_2 }}",7 prm 1 with to individuals traveling to locations that,free-text,single,,What value does your organization use for: 7 prm 1 with to individuals traveling to locations that?,
cm-2.7_prm_3,CM-2,rev4,"{{ insert: param, cm-2.7_prm_3 }}",Applies to the devices when the individuals,free-text,single,,What value does your organization use for: Applies to the devices when the individuals?,
cm-3_prm_4,CM-3,rev4,"{{ insert: param, cm-3_prm_4 }}",prm 3 select how-many one-or-more choice insert param prm 5,frequency,single,daily | weekly | monthly | quarterly,What value does your organization use for: prm 3 select how-many one-or-more choice insert param prm 5?,
cm-3_prm_5,CM-3,rev4,"{{ insert: param, cm-3_prm_5 }}",how-many one-or-more choice insert param prm 4 prm 4 depends-on,frequency,single,daily | weekly | monthly | quarterly,What value does your organization use for: how-many one-or-more choice insert param prm 4 prm 4 depends-on?,
cm-3_prm_1,CM-3,rev4,"{{ insert: param, cm-3_prm_1 }}",Retains records of configuration-controlled changes to the information system for,free-text,single,,What value does your organization use for: Retains records of configuration-controlled changes to the information system for?,
cm-3_prm_2,CM-3,rev4,"{{ insert: param, cm-3_prm_2 }}",configuration change control activities through that convenes insert param prm,free-text,single,,What value does your organization use for: configuration change control activities through that convenes insert param prm?,
cm-3_prm_3,CM-3,rev4,"{{ insert: param, cm-3_prm_3 }}",activities through insert param prm 2 that convenes gdn guidance,free-text,single,,What value does your organization use for: activities through insert param prm 2 that convenes gdn guidance?,
cm-3.1_prm_1,CM-3,rev4,"{{ insert: param, cm-3.1_prm_1 }}",Notify of proposed changes to the information,free-text,single,,What value does your organization use for: Notify of proposed changes to the information?,
cm-3.1_prm_2,CM-3,rev4,"{{ insert: param, cm-3.1_prm_2 }}",system that have not been approved or disapproved by 1,free-text,single,,What value does your organization use for: system that have not been approved or disapproved by 1?,
cm-3.1_prm_3,CM-3,rev4,"{{ insert: param, cm-3.1_prm_3 }}",Notify when approved changes to the information,free-text,single,,What value does your organization use for: Notify when approved changes to the information?,
cm-3.4_prm_1,CM-3,rev4,"{{ insert: param, cm-3.4_prm_1 }}",security representative to be member of the 4 gdn guidance,free-text,single,,What value does your organization use for: security representative to be member of the 4 gdn guidance?,
cm-3.5_prm_1,CM-3,rev4,"{{ insert: param, cm-3.5_prm_1 }}",The information system implements automatically if baseline configurations are changed,free-text,single,,What value does your organization use for: The information system implements automatically if baseline configurations are changed?,
cm-3.6_prm_1,CM-3,rev4,"{{ insert: param, cm-3.6_prm_1 }}",that cryptographic mechanisms used to provide are under configuration management,free-text,single,,What value does your organization use for: that cryptographic mechanisms used to provide are under configuration management?,
cm-5.2_prm_1,CM-5,rev4,"{{ insert: param, cm-5.2_prm_1 }}",organization reviews information system changes and insert param 2 prm,free-text,single,,What value does your organization use for: organization reviews information system changes and insert param 2 prm?,
cm-5.2_prm_2,CM-5,rev4,"{{ insert: param, cm-5.2_prm_2 }}",2 prm 1 and to determine whether unauthorized changes have,free-text,single,,What value does your organization use for: 2 prm 1 and to determine whether unauthorized changes have?,
cm-5.3_prm_1,CM-5,rev4,"{{ insert: param, cm-5.3_prm_1 }}",prevents the installation of without verification that the component has,free-text,single,,What value does your organization use for: prevents the installation of without verification that the component has?,
cm-5.4_prm_1,CM-5,rev4,"{{ insert: param, cm-5.4_prm_1 }}",enforces dual authorization for implementing changes to 4 gdn guidance,free-text,single,,What value does your organization use for: enforces dual authorization for implementing changes to 4 gdn guidance?,
cm-5.5_prm_1,CM-5,rev4,"{{ insert: param, cm-5.5_prm_1 }}",Reviews and reevaluates privileges 5 gdn guidance,free-text,list,,What value does your organization use for: Reviews and reevaluates privileges 5 gdn guidance?,
cm-6_prm_1,CM-6,rev4,"{{ insert: param, cm-6_prm_1 }}",the information system using that reflect the most restrictive mode,duration,single,30 days | 60 days | 90 days,What value does your organization use for: the information system using that reflect the most restrictive mode?,
cm-6_prm_2,CM-6,rev4,"{{ insert: param, cm-6_prm_2 }}",from established configuration settings for based on insert param prm,free-text,single,,What value does your organization use for: from established configuration settings for based on insert param prm?,
cm-6_prm_3,CM-6,rev4,"{{ insert: param, cm-6_prm_3 }}",configuration settings for insert param prm 2 based on and,free-text,single,,What value does your organization use for: configuration settings for insert param prm 2 based on and?,
cm-6.1_prm_1,CM-6,rev4,"{{ insert: param, cm-6.1_prm_1 }}",manage apply and verify configuration settings for 1 gdn guidance,free-text,single,,What value does your organization use for: manage apply and verify configuration settings for 1 gdn guidance?,
cm-6.2_prm_1,CM-6,rev4,"{{ insert: param, cm-6.2_prm_1 }}",statement The organization employs to respond to unauthorized changes to,free-text,single,,What value does your organization use for: statement The organization employs to respond to unauthorized changes to?,
cm-6.2_prm_2,CM-6,rev4,"{{ insert: param, cm-6.2_prm_2 }}",1 to respond to unauthorized changes to 2 gdn guidance,free-text,single,,What value does your organization use for: 1 to respond to unauthorized changes to 2 gdn guidance?,
cm-7_prm_1,CM-7,rev4,"{{ insert: param, cm-7_prm_1 }}",the following functions ports protocols and or services gdn guidance,free-text,single,,What value does your organization use for: the following functions ports protocols and or services gdn guidance?,
cm-7.1_prm_1,CM-7,rev4,"{{ insert: param, cm-7.1_prm_1 }}",Reviews the information system to identify unnecessary and or nonsecure,free-text,single,,What value does your organization use for: Reviews the information system to identify unnecessary and or nonsecure?,
cm-7.1_prm_2,CM-7,rev4,"{{ insert: param, cm-7.1_prm_2 }}",Disables 1 gdn guidance,free-text,single,,What value does your organization use for: Disables 1 gdn guidance?,
cm-7.2_prm_2,CM-7,rev4,"{{ insert: param, cm-7.2_prm_2 }}",select how-many one-or-more choice rules authorizing the terms and conditions,role,single,System Administrator | Security Officer,What value does your organization use for: select how-many one-or-more choice rules authorizing the terms and conditions?,
cm-7.2_prm_1,CM-7,rev4,"{{ insert: param, cm-7.2_prm_1 }}",system prevents program execution in accordance with 2 gdn guidance,free-text,single,,What value does your organization use for: system prevents program execution in accordance with 2 gdn guidance?,
cm-7.3_prm_1,CM-7,rev4,"{{ insert: param, cm-7.3_prm_1 }}",3 statement The organization ensures compliance with 3 gdn guidance,free-text,single,,What value does your organization use for: 3 statement The organization ensures compliance with 3 gdn guidance?,
cm-7.4_prm_1,CM-7,rev4,"{{ insert: param, cm-7.4_prm_1 }}",Identifies 4,free-text,single,,What value does your organization use for: Identifies 4?,
cm-7.4_prm_2,CM-7,rev4,"{{ insert: param, cm-7.4_prm_2 }}",updates the list of unauthorized software programs 4 gdn guidance,free-text,list,,What value does your organization use for: updates the list of unauthorized software programs 4 gdn guidance?,
cm-7.5_prm_1,CM-7,rev4,"{{ insert: param, cm-7.5_prm_1 }}",Identifies 5,free-text,single,,What value does your organization use for: Identifies 5?,
cm-7.5_prm_2,CM-7,rev4,"{{ insert: param, cm-7.5_prm_2 }}",updates the list of authorized software programs 5 gdn guidance,free-text,list,,What value does your organization use for: updates the list of authorized software programs 5 gdn guidance?,
cm-8_prm_1,CM-8,rev4,"{{ insert: param, cm-8_prm_1 }}",4 4 Includes and,free-text,single,,What value does your organization use for: 4 4 Includes and?,
cm-8_prm_2,CM-8,rev4,"{{ insert: param, cm-8_prm_2 }}",Reviews and updates the information system component inventory gdn guidance,free-text,single,,What value does your organization use for: Reviews and updates the information system component inventory gdn guidance?,
cm-8.3_prm_3,CM-8,rev4,"{{ insert: param, cm-8.3_prm_3 }}",such components isolates the components notifies 3 prm 3 depends-on,role,single,System Administrator | Security Officer,What value does your organization use for: such components isolates the components notifies 3 prm 3 depends-on?,
cm-8.3_prm_1,CM-8,rev4,"{{ insert: param, cm-8.3_prm_1 }}",Employs automated mechanisms to detect the presence of unauthorized,duration,single,30 days | 60 days | 90 days,What value does your organization use for: Employs automated mechanisms to detect the presence of unauthorized?,
cm-8.3_prm_2,CM-8,rev4,"{{ insert: param, cm-8.3_prm_2 }}",following actions when unauthorized components are detected 3 gdn guidance,free-text,single,,What value does your organization use for: following actions when unauthorized components are detected 3 gdn guidance?,
cm-8.4_prm_1,CM-8,rev4,"{{ insert: param, cm-8.4_prm_1 }}",means for identifying by individuals responsible accountable for administering thos,free-text,single,,What value does your organization use for: means for identifying by individuals responsible accountable for administering thos?,
cm-8.9_prm_1,CM-8,rev4,"{{ insert: param, cm-8.9_prm_1 }}",Assigns to an information system and,free-text,single,,What value does your organization use for: Assigns to an information system and?,
cm-10.1_prm_1,CM-10,rev4,"{{ insert: param, cm-10.1_prm_1 }}",on the use of open source software 1 gdn guidance,free-text,single,,What value does your organization use for: on the use of open source software 1 gdn guidance?,
cm-11_prm_1,CM-11,rev4,"{{ insert: param, cm-11_prm_1 }}",Establishes governing the installation of software by,free-text,single,,What value does your organization use for: Establishes governing the installation of software by?,
cm-11_prm_2,CM-11,rev4,"{{ insert: param, cm-11_prm_2 }}",Enforces software installation policies through and,free-text,single,,What value does your organization use for: Enforces software installation policies through and?,
cm-11_prm_3,CM-11,rev4,"{{ insert: param, cm-11_prm_3 }}",Monitors policy compliance at gdn guidance,free-text,single,,What value does your organization use for: Monitors policy compliance at gdn guidance?,
cm-11.1_prm_1,CM-11,rev4,"{{ insert: param, cm-11.1_prm_1 }}",The information system alerts when the unauthorized installation of software,free-text,single,,What value does your organization use for: The information system alerts when the unauthorized installation of software?,
cp-1_prm_1,CP-1,rev4,"{{ insert: param, cp-1_prm_1 }}",Develops documents and disseminates to parts 1,free-text,single,,What value does your organization use for: Develops documents and disseminates to parts 1?,
cp-1_prm_2,CP-1,rev4,"{{ insert: param, cp-1_prm_2 }}",1 Contingency planning policy and 2,free-text,single,,What value does your organization use for: 1 Contingency planning policy and 2?,
cp-1_prm_3,CP-1,rev4,"{{ insert: param, cp-1_prm_3 }}",2 Contingency planning procedures gdn guidance,free-text,single,,What value does your organization use for: 2 Contingency planning procedures gdn guidance?,
cp-2_prm_1,CP-2,rev4,"{{ insert: param, cp-2_prm_1 }}",6 Is reviewed and approved by,free-text,single,,What value does your organization use for: 6 Is reviewed and approved by?,
cp-2_prm_2,CP-2,rev4,"{{ insert: param, cp-2_prm_2 }}",Distributes copies of the contingency plan to,free-text,single,,What value does your organization use for: Distributes copies of the contingency plan to?,
cp-2_prm_3,CP-2,rev4,"{{ insert: param, cp-2_prm_3 }}",Reviews the contingency plan for the information system,free-text,single,,What value does your organization use for: Reviews the contingency plan for the information system?,
cp-2_prm_4,CP-2,rev4,"{{ insert: param, cp-2_prm_4 }}",Communicates contingency plan changes to and,free-text,single,,What value does your organization use for: Communicates contingency plan changes to and?,
cp-2.3_prm_1,CP-2,rev4,"{{ insert: param, cp-2.3_prm_1 }}",essential missions and business functions within of contingency plan activation,duration,single,30 days | 60 days | 90 days,What value does your organization use for: essential missions and business functions within of contingency plan activation?,
cp-2.4_prm_1,CP-2,rev4,"{{ insert: param, cp-2.4_prm_1 }}",all missions and business functions within of contingency plan activation,duration,single,30 days | 60 days | 90 days,What value does your organization use for: all missions and business functions within of contingency plan activation?,
cp-3_prm_1,CP-3,rev4,"{{ insert: param, cp-3_prm_1 }}",Within of assuming contingency role or,duration,single,30 days | 60 days | 90 days,What value does your organization use for: Within of assuming contingency role or?,
cp-3_prm_2,CP-3,rev4,"{{ insert: param, cp-3_prm_2 }}",thereafter gdn guidance,role,single,System Administrator | Security Officer,What value does your organization use for: thereafter gdn guidance?,
cp-4_prm_1,CP-4,rev4,"{{ insert: param, cp-4_prm_1 }}",plan for the information system using insert param prm 2,free-text,single,,What value does your organization use for: plan for the information system using insert param prm 2?,
cp-4_prm_2,CP-4,rev4,"{{ insert: param, cp-4_prm_2 }}",param prm 1 using to determine the effectiveness of the,free-text,single,,What value does your organization use for: param prm 1 using to determine the effectiveness of the?,
cp-7_prm_1,CP-7,rev4,"{{ insert: param, cp-7_prm_1 }}",Information system operations for essential missions and business functions,free-text,single,,Which information system operations must your alternate processing site support to transfer and resume essential missions and business functions?,
cp-7_prm_2,CP-7,rev4,"{{ insert: param, cp-7_prm_2 }}",missions business functions within when the primary processing capabilities are,duration,single,30 days | 60 days | 90 days,What value does your organization use for: missions business functions within when the primary processing capabilities are?,
cp-8_prm_1,CP-8,rev4,"{{ insert: param, cp-8_prm_1 }}",permit the resumption of for essential missions and business functions,duration,single,30 days | 60 days | 90 days,What value does your organization use for: permit the resumption of for essential missions and business functions?,
cp-8_prm_2,CP-8,rev4,"{{ insert: param, cp-8_prm_2 }}",and business functions within when the primary telecommunications capabilities are,duration,single,30 days | 60 days | 90 days,What value does your organization use for: and business functions within when the primary telecommunications capabilities are?,
cp-8.4_prm_1,CP-8,rev4,"{{ insert: param, cp-8.4_prm_1 }}",evidence of contingency testing training by providers 4 gdn guidance,free-text,single,,What value does your organization use for: evidence of contingency testing training by providers 4 gdn guidance?,
cp-8.5_prm_1,CP-8,rev4,"{{ insert: param, cp-8.5_prm_1 }}",statement The organization tests alternate telecommunication services 5 obj objective,free-text,single,,What value does your organization use for: statement The organization tests alternate telecommunication services 5 obj objective?,
cp-9_prm_1,CP-9,rev4,"{{ insert: param, cp-9_prm_1 }}",Conducts backups of user-level information contained in the information system,free-text,single,,What value does your organization use for: Conducts backups of user-level information contained in the information system?,
cp-9_prm_2,CP-9,rev4,"{{ insert: param, cp-9_prm_2 }}",Conducts backups of system-level information contained in the information system,free-text,single,,What value does your organization use for: Conducts backups of system-level information contained in the information system?,
cp-9_prm_3,CP-9,rev4,"{{ insert: param, cp-9_prm_3 }}",Conducts backups of information system documentation including security-related documentation and,free-text,single,,What value does your organization use for: Conducts backups of information system documentation including security-related documentation and?,
cp-9.1_prm_1,CP-9,rev4,"{{ insert: param, cp-9.1_prm_1 }}",organization tests backup information to verify media reliability and information,free-text,single,,What value does your organization use for: organization tests backup information to verify media reliability and information?,
cp-9.3_prm_1,CP-9,rev4,"{{ insert: param, cp-9.3_prm_1 }}",organization stores backup copies of in separate facility or in,free-text,single,,What value does your organization use for: organization stores backup copies of in separate facility or in?,
cp-9.5_prm_1,CP-9,rev4,"{{ insert: param, cp-9.5_prm_1 }}",backup information to the alternate storage site 5 gdn guidance,free-text,single,,What value does your organization use for: backup information to the alternate storage site 5 gdn guidance?,
cp-9.7_prm_1,CP-9,rev4,"{{ insert: param, cp-9.7_prm_1 }}",authorization for the deletion or destruction of 7 gdn guidance,free-text,single,,What value does your organization use for: authorization for the deletion or destruction of 7 gdn guidance?,
cp-10.4_prm_1,CP-10,rev4,"{{ insert: param, cp-10.4_prm_1 }}",to restore information system components within from configuration-controlled and integrity-protect,duration,single,30 days | 60 days | 90 days,What value does your organization use for: to restore information system components within from configuration-controlled and integrity-protect?,
cp-11_prm_1,CP-11,rev4,"{{ insert: param, cp-11_prm_1 }}",the capability to employ in support of maintaining continuity of,free-text,single,,What value does your organization use for: the capability to employ in support of maintaining continuity of?,
cp-12_prm_1,CP-12,rev4,"{{ insert: param, cp-12_prm_1 }}",statement The information system when are detected enters safe mode,free-text,single,,What value does your organization use for: statement The information system when are detected enters safe mode?,
cp-12_prm_2,CP-12,rev4,"{{ insert: param, cp-12_prm_2 }}",are detected enters safe mode of operation with gdn guidance,free-text,single,,What value does your organization use for: are detected enters safe mode of operation with gdn guidance?,
cp-13_prm_1,CP-13,rev4,"{{ insert: param, cp-13_prm_1 }}",parts statement The organization employs for satisfying insert param prm,free-text,single,,What value does your organization use for: parts statement The organization employs for satisfying insert param prm?,
cp-13_prm_2,CP-13,rev4,"{{ insert: param, cp-13_prm_2 }}",prm 1 for satisfying when the primary means of implementing,free-text,single,,What value does your organization use for: prm 1 for satisfying when the primary means of implementing?,
ia-1_prm_1,IA-1,rev4,"{{ insert: param, ia-1_prm_1 }}",Develops documents and disseminates to parts 1,free-text,single,,What value does your organization use for: Develops documents and disseminates to parts 1?,
ia-1_prm_2,IA-1,rev4,"{{ insert: param, ia-1_prm_2 }}",1 Identification and authentication policy and 2,free-text,single,,What value does your organization use for: 1 Identification and authentication policy and 2?,
ia-1_prm_3,IA-1,rev4,"{{ insert: param, ia-1_prm_3 }}",2 Identification and authentication procedures gdn guidance,free-text,single,,What value does your organization use for: 2 Identification and authentication procedures gdn guidance?,
ia-2.6_prm_1,IA-2,rev4,"{{ insert: param, ia-2.6_prm_1 }}",system gaining access and the device meets 6 gdn guidance,free-text,single,,What value does your organization use for: system gaining access and the device meets 6 gdn guidance?,
ia-2.7_prm_1,IA-2,rev4,"{{ insert: param, ia-2.7_prm_1 }}",system gaining access and the device meets 7 obj objective,free-text,single,,What value does your organization use for: system gaining access and the device meets 7 obj objective?,
ia-2.10_prm_1,IA-2.10,rev4,"{{ insert: param, ia-2.10_prm_1 }}",information system provides single sign-on capability for 10 gdn guidance,free-text,list,,What value does your organization use for: information system provides single sign-on capability for 10 gdn guidance?,
ia-2.11_prm_1,IA-2.11,rev4,"{{ insert: param, ia-2.11_prm_1 }}",system gaining access and the device meets 11 gdn guidance,free-text,single,,What value does your organization use for: system gaining access and the device meets 11 gdn guidance?,
ia-2.13_prm_1,IA-2.13,rev4,"{{ insert: param, ia-2.13_prm_1 }}",statement The information system implements under insert param 13 prm,free-text,single,,What value does your organization use for: statement The information system implements under insert param 13 prm?,
ia-2.13_prm_2,IA-2.13,rev4,"{{ insert: param, ia-2.13_prm_2 }}",implements insert param 13 prm 1 under 13 gdn guidance,free-text,single,,What value does your organization use for: implements insert param 13 prm 1 under 13 gdn guidance?,
ia-3_prm_1,IA-3,rev4,"{{ insert: param, ia-3_prm_1 }}",information system uniquely identifies and authenticates before establishing insert param,free-text,single,,What value does your organization use for: information system uniquely identifies and authenticates before establishing insert param?,
ia-3_prm_2,IA-3,rev4,"{{ insert: param, ia-3_prm_2 }}",authenticates insert param prm 1 before establishing connection gdn guidance,free-text,single,,What value does your organization use for: authenticates insert param prm 1 before establishing connection gdn guidance?,
ia-3.1_prm_1,IA-3,rev4,"{{ insert: param, ia-3.1_prm_1 }}",statement The information system authenticates before establishing insert param 1,free-text,single,,What value does your organization use for: statement The information system authenticates before establishing insert param 1?,
ia-3.1_prm_2,IA-3,rev4,"{{ insert: param, ia-3.1_prm_2 }}",prm 1 before establishing connection using bidirectional authentication that is,free-text,single,,What value does your organization use for: prm 1 before establishing connection using bidirectional authentication that is?,
ia-3.3_prm_1,IA-3,rev4,"{{ insert: param, ia-3.3_prm_1 }}",lease duration assigned to devices in accordance with and 3,duration,single,30 days | 60 days | 90 days,What value does your organization use for: lease duration assigned to devices in accordance with and 3?,
ia-3.4_prm_1,IA-3,rev4,"{{ insert: param, ia-3.4_prm_1 }}",authentication based on attestation is handled by 4 gdn guidance,free-text,single,,What value does your organization use for: authentication based on attestation is handled by 4 gdn guidance?,
ia-4_prm_1,IA-4,rev4,"{{ insert: param, ia-4_prm_1 }}",Receiving authorization from to assign an individual group role,role,single,System Administrator | Security Officer,What value does your organization use for: Receiving authorization from to assign an individual group role?,
ia-4_prm_2,IA-4,rev4,"{{ insert: param, ia-4_prm_2 }}",Preventing reuse of identifiers for and,role,single,System Administrator | Security Officer,What value does your organization use for: Preventing reuse of identifiers for and?,
ia-4_prm_3,IA-4,rev4,"{{ insert: param, ia-4_prm_3 }}",Disabling the identifier after gdn guidance,free-text,single,,What value does your organization use for: Disabling the identifier after gdn guidance?,
ia-4.4_prm_1,IA-4,rev4,"{{ insert: param, ia-4.4_prm_1 }}",identifiers by uniquely identifying each individual as 4 gdn guidance,free-text,single,,What value does your organization use for: identifiers by uniquely identifying each individual as 4 gdn guidance?,
ia-4.6_prm_1,IA-4,rev4,"{{ insert: param, ia-4.6_prm_1 }}",statement The organization coordinates with for cross-organization management of identifiers,free-text,single,,What value does your organization use for: statement The organization coordinates with for cross-organization management of identifiers?,
ia-5_prm_1,IA-5,rev4,"{{ insert: param, ia-5_prm_1 }}",Changing refreshing authenticators,free-text,single,,What value does your organization use for: Changing refreshing authenticators?,
ia-5.1_prm_1,IA-5,rev4,"{{ insert: param, ia-5.1_prm_1 }}",Enforces minimum password complexity of 1,threshold,single,5 failed login attempts | 24 hours | 90%,What value does your organization use for: Enforces minimum password complexity of 1?,
ia-5.1_prm_2,IA-5,rev4,"{{ insert: param, ia-5.1_prm_2 }}",number of changed characters when new passwords are created 1,threshold,single,5 failed login attempts | 24 hours | 90%,What value does your organization use for: number of changed characters when new passwords are created 1?,
ia-5.1_prm_3,IA-5,rev4,"{{ insert: param, ia-5.1_prm_3 }}",Enforces password minimum and maximum lifetime restrictions of 1,free-text,single,,What value does your organization use for: Enforces password minimum and maximum lifetime restrictions of 1?,
ia-5.1_prm_4,IA-5,rev4,"{{ insert: param, ia-5.1_prm_4 }}",Prohibits password reuse for generations and 1,free-text,single,,What value does your organization use for: Prohibits password reuse for generations and 1?,
ia-5.3_prm_1,IA-5,rev4,"{{ insert: param, ia-5.3_prm_1 }}",the registration process to receive be conducted insert param 3,free-text,single,,What value does your organization use for: the registration process to receive be conducted insert param 3?,
ia-5.3_prm_2,IA-5,rev4,"{{ insert: param, ia-5.3_prm_2 }}",3 prm 1 be conducted before insert param 3 prm,free-text,single,,What value does your organization use for: 3 prm 1 be conducted before insert param 3 prm?,
ia-5.3_prm_3,IA-5,rev4,"{{ insert: param, ia-5.3_prm_3 }}",param 3 prm 2 before with authorization by insert param,free-text,single,,What value does your organization use for: param 3 prm 2 before with authorization by insert param?,
ia-5.3_prm_4,IA-5,rev4,"{{ insert: param, ia-5.3_prm_4 }}",param 3 prm 3 with authorization by 3 obj objective,free-text,single,,What value does your organization use for: param 3 prm 3 with authorization by 3 obj objective?,
ia-5.4_prm_1,IA-5,rev4,"{{ insert: param, ia-5.4_prm_1 }}",password authenticators are sufficiently strong to satisfy 4 gdn guidance,free-text,single,,What value does your organization use for: password authenticators are sufficiently strong to satisfy 4 gdn guidance?,
ia-5.8_prm_1,IA-5,rev4,"{{ insert: param, ia-5.8_prm_1 }}",statement The organization implements to manage the risk of compromise,free-text,list,,What value does your organization use for: statement The organization implements to manage the risk of compromise?,
ia-5.9_prm_1,IA-5,rev4,"{{ insert: param, ia-5.9_prm_1 }}",statement The organization coordinates with for cross-organization management of credentials,free-text,single,,What value does your organization use for: statement The organization coordinates with for cross-organization management of credentials?,
ia-5.11_prm_1,IA-5.11,rev4,"{{ insert: param, ia-5.11_prm_1 }}",hardware token-based authentication employs mechanisms that satisfy 11 gdn guidance,free-text,single,,What value does your organization use for: hardware token-based authentication employs mechanisms that satisfy 11 gdn guidance?,
ia-5.12_prm_1,IA-5.12,rev4,"{{ insert: param, ia-5.12_prm_1 }}",for biometric-based authentication employs mechanisms that satisfy 12 gdn guidance,free-text,single,,What value does your organization use for: for biometric-based authentication employs mechanisms that satisfy 12 gdn guidance?,
ia-5.13_prm_1,IA-5.13,rev4,"{{ insert: param, ia-5.13_prm_1 }}",prohibits the use of cached authenticators after 13 obj objective,free-text,single,,What value does your organization use for: prohibits the use of cached authenticators after 13 obj objective?,
ia-8.3_prm_1,IA-8,rev4,"{{ insert: param, ia-8.3_prm_1 }}",only FICAM-approved information system components in to accept third-party credentials,org list,single,Security | HR | Finance,What value does your organization use for: only FICAM-approved information system components in to accept third-party credentials?,
ia-9_prm_1,IA-9,rev4,"{{ insert: param, ia-9_prm_1 }}",The organization identifies and authenticates using insert param prm 2,free-text,single,,What value does your organization use for: The organization identifies and authenticates using insert param prm 2?,
ia-9_prm_2,IA-9,rev4,"{{ insert: param, ia-9_prm_2 }}",identifies and authenticates insert param prm 1 using gdn guidance,free-text,single,,What value does your organization use for: identifies and authenticates insert param prm 1 using gdn guidance?,
ia-9.2_prm_1,IA-9,rev4,"{{ insert: param, ia-9.2_prm_1 }}",and authentication decisions are transmitted between consistent with organizational policies,free-text,single,,What value does your organization use for: and authentication decisions are transmitted between consistent with organizational policies?,
ia-10_prm_1,IA-10,rev4,"{{ insert: param, ia-10_prm_1 }}",accessing the information system employ under specific insert param prm,free-text,single,,What value does your organization use for: accessing the information system employ under specific insert param prm?,
ia-10_prm_2,IA-10,rev4,"{{ insert: param, ia-10_prm_2 }}",system employ insert param prm 1 under specific gdn guidance,free-text,single,,What value does your organization use for: system employ insert param prm 1 under specific gdn guidance?,
ia-11_prm_1,IA-11,rev4,"{{ insert: param, ia-11_prm_1 }}",organization requires users and devices to re-authenticate when gdn guidance,free-text,single,,What value does your organization use for: organization requires users and devices to re-authenticate when gdn guidance?,
ir-1_prm_1,IR-1,rev4,"{{ insert: param, ir-1_prm_1 }}",Develops documents and disseminates to parts 1,role,single,System Administrator | Security Officer,What value does your organization use for: Develops documents and disseminates to parts 1?,
ir-1_prm_2,IR-1,rev4,"{{ insert: param, ir-1_prm_2 }}",1 Incident response policy and 2,free-text,single,,What value does your organization use for: 1 Incident response policy and 2?,
ir-1_prm_3,IR-1,rev4,"{{ insert: param, ir-1_prm_3 }}",2 Incident response procedures gdn guidance,free-text,single,,What value does your organization use for: 2 Incident response procedures gdn guidance?,
ir-2_prm_1,IR-2,rev4,"{{ insert: param, ir-2_prm_1 }}",Within of assuming an incident response role,duration,single,30 days | 60 days | 90 days,What value does your organization use for: Within of assuming an incident response role?,
ir-2_prm_2,IR-2,rev4,"{{ insert: param, ir-2_prm_2 }}",thereafter gdn guidance,role,single,System Administrator | Security Officer,What value does your organization use for: thereafter gdn guidance?,
ir-3_prm_1,IR-3,rev4,"{{ insert: param, ir-3_prm_1 }}",capability for the information system using insert param prm 2,free-text,single,,What value does your organization use for: capability for the information system using insert param prm 2?,
ir-3_prm_2,IR-3,rev4,"{{ insert: param, ir-3_prm_2 }}",param prm 1 using to determine the incident response effectiveness,free-text,single,,What value does your organization use for: param prm 1 using to determine the incident response effectiveness?,
ir-4.2_prm_1,IR-4,rev4,"{{ insert: param, ir-4.2_prm_1 }}",includes dynamic reconfiguration of as part of the incident response,free-text,single,,What value does your organization use for: includes dynamic reconfiguration of as part of the incident response?,
ir-4.3_prm_1,IR-4,rev4,"{{ insert: param, ir-4.3_prm_1 }}",3 statement The organization identifies and insert param 3 prm,free-text,single,,What value does your organization use for: 3 statement The organization identifies and insert param 3 prm?,
ir-4.3_prm_2,IR-4,rev4,"{{ insert: param, ir-4.3_prm_2 }}",3 prm 1 and to ensure continuation of organizational missions,free-text,single,,What value does your organization use for: 3 prm 1 and to ensure continuation of organizational missions?,
ir-4.5_prm_1,IR-4,rev4,"{{ insert: param, ir-4.5_prm_1 }}",automatically disable the information system if are detected 5 obj,free-text,single,,What value does your organization use for: automatically disable the information system if are detected 5 obj?,
ir-4.7_prm_1,IR-4,rev4,"{{ insert: param, ir-4.7_prm_1 }}",incident handling capability for insider threats across 7 gdn guidance,free-text,single,,What value does your organization use for: incident handling capability for insider threats across 7 gdn guidance?,
ir-4.8_prm_1,IR-4,rev4,"{{ insert: param, ir-4.8_prm_1 }}",The organization coordinates with to correlate and share insert param,free-text,single,,What value does your organization use for: The organization coordinates with to correlate and share insert param?,
ir-4.8_prm_2,IR-4,rev4,"{{ insert: param, ir-4.8_prm_2 }}",1 to correlate and share to achieve cross-organization perspective on,free-text,single,,What value does your organization use for: 1 to correlate and share to achieve cross-organization perspective on?,
ir-4.9_prm_1,IR-4,rev4,"{{ insert: param, ir-4.9_prm_1 }}",statement The organization employs to effectively respond to security incidents,free-text,single,,What value does your organization use for: statement The organization employs to effectively respond to security incidents?,
ir-6_prm_1,IR-6,rev4,"{{ insert: param, ir-6_prm_1 }}",security incidents to the organizational incident response capability within and,duration,single,30 days | 60 days | 90 days,What value does your organization use for: security incidents to the organizational incident response capability within and?,
ir-6_prm_2,IR-6,rev4,"{{ insert: param, ir-6_prm_2 }}",Reports security incident information to gdn guidance,duration,single,30 days | 60 days | 90 days,What value does your organization use for: Reports security incident information to gdn guidance?,
ir-6.2_prm_1,IR-6,rev4,"{{ insert: param, ir-6.2_prm_1 }}",vulnerabilities associated with reported security incidents to 2 obj objective,free-text,single,,What value does your organization use for: vulnerabilities associated with reported security incidents to 2 obj objective?,
ir-8_prm_1,IR-8,rev4,"{{ insert: param, ir-8_prm_1 }}",8 Is reviewed and approved by,free-text,single,,What value does your organization use for: 8 Is reviewed and approved by?,
ir-8_prm_2,IR-8,rev4,"{{ insert: param, ir-8_prm_2 }}",Distributes copies of the incident response plan to,free-text,single,,What value does your organization use for: Distributes copies of the incident response plan to?,
ir-8_prm_3,IR-8,rev4,"{{ insert: param, ir-8_prm_3 }}",Reviews the incident response plan,free-text,single,,What value does your organization use for: Reviews the incident response plan?,
ir-8_prm_4,IR-8,rev4,"{{ insert: param, ir-8_prm_4 }}",Communicates incident response plan changes to and,free-text,single,,What value does your organization use for: Communicates incident response plan changes to and?,
ir-9_prm_1,IR-9,rev4,"{{ insert: param, ir-9_prm_1 }}",Alerting of the information spill using,free-text,single,,What value does your organization use for: Alerting of the information spill using?,
ir-9_prm_2,IR-9,rev4,"{{ insert: param, ir-9_prm_2 }}",Performing other gdn guidance,free-text,single,,What value does your organization use for: Performing other gdn guidance?,
ir-9.1_prm_1,IR-9,rev4,"{{ insert: param, ir-9.1_prm_1 }}",statement The organization assigns with responsibility for responding to information,free-text,single,,What value does your organization use for: statement The organization assigns with responsibility for responding to information?,
ir-9.2_prm_1,IR-9,rev4,"{{ insert: param, ir-9.2_prm_1 }}",The organization provides information spillage response training 2 obj objective,free-text,single,,What value does your organization use for: The organization provides information spillage response training 2 obj objective?,
ir-9.3_prm_1,IR-9,rev4,"{{ insert: param, ir-9.3_prm_1 }}",statement The organization implements to ensure that organizational personnel impacted,free-text,single,,What value does your organization use for: statement The organization implements to ensure that organizational personnel impacted?,
ir-9.4_prm_1,IR-9,rev4,"{{ insert: param, ir-9.4_prm_1 }}",statement The organization employs for personnel exposed to information not,duration,single,30 days | 60 days | 90 days,What value does your organization use for: statement The organization employs for personnel exposed to information not?,
ma-1_prm_1,MA-1,rev4,"{{ insert: param, ma-1_prm_1 }}",Develops documents and disseminates to parts 1,role,single,System Administrator | Security Officer,What value does your organization use for: Develops documents and disseminates to parts 1?,
ma-1_prm_2,MA-1,rev4,"{{ insert: param, ma-1_prm_2 }}",1 System maintenance policy and 2,free-text,single,,What value does your organization use for: 1 System maintenance policy and 2?,
ma-1_prm_3,MA-1,rev4,"{{ insert: param, ma-1_prm_3 }}",2 System maintenance procedures gdn guidance,free-text,single,,What value does your organization use for: 2 System maintenance procedures gdn guidance?,
ma-2_prm_1,MA-2,rev4,"{{ insert: param, ma-2_prm_1 }}",Requires that explicitly approve the removal of the,free-text,single,,What value does your organization use for: Requires that explicitly approve the removal of the?,
ma-2_prm_2,MA-2,rev4,"{{ insert: param, ma-2_prm_2 }}",Includes in organizational maintenance records,free-text,single,,What value does your organization use for: Includes in organizational maintenance records?,
ma-3.3_prm_1,MA-3,rev4,"{{ insert: param, ma-3.3_prm_1 }}",Obtaining an exemption from explicitly authorizing removal of the equipment,duration,single,30 days | 60 days | 90 days,What value does your organization use for: Obtaining an exemption from explicitly authorizing removal of the equipment?,
ma-4.1_prm_1,MA-4,rev4,"{{ insert: param, ma-4.1_prm_1 }}",Audits nonlocal maintenance and diagnostic sessions and 1,free-text,single,,What value does your organization use for: Audits nonlocal maintenance and diagnostic sessions and 1?,
ma-4.4_prm_1,MA-4,rev4,"{{ insert: param, ma-4.4_prm_1 }}",Employing and 4,free-text,single,,What value does your organization use for: Employing and 4?,
ma-4.5_prm_1,MA-4,rev4,"{{ insert: param, ma-4.5_prm_1 }}",the approval of each nonlocal maintenance session by and 5,free-text,single,,What value does your organization use for: the approval of each nonlocal maintenance session by and 5?,
ma-4.5_prm_2,MA-4,rev4,"{{ insert: param, ma-4.5_prm_2 }}",Notifies of the date and time of,free-text,single,,What value does your organization use for: Notifies of the date and time of?,
ma-6_prm_1,MA-6,rev4,"{{ insert: param, ma-6_prm_1 }}",and or spare parts for within insert param prm 2,duration,single,30 days | 60 days | 90 days,What value does your organization use for: and or spare parts for within insert param prm 2?,
ma-6_prm_2,MA-6,rev4,"{{ insert: param, ma-6_prm_2 }}",parts for insert param prm 1 within of failure gdn,duration,single,30 days | 60 days | 90 days,What value does your organization use for: parts for insert param prm 1 within of failure gdn?,
ma-6.1_prm_1,MA-6,rev4,"{{ insert: param, ma-6.1_prm_1 }}",organization performs preventive maintenance on at insert param 1 prm,free-text,single,,What value does your organization use for: organization performs preventive maintenance on at insert param 1 prm?,
ma-6.1_prm_2,MA-6,rev4,"{{ insert: param, ma-6.1_prm_2 }}",on insert param 1 prm 1 at 1 gdn guidance,free-text,single,,What value does your organization use for: on insert param 1 prm 1 at 1 gdn guidance?,
ma-6.2_prm_1,MA-6,rev4,"{{ insert: param, ma-6.2_prm_1 }}",organization performs predictive maintenance on at insert param 2 prm,free-text,single,,What value does your organization use for: organization performs predictive maintenance on at insert param 2 prm?,
ma-6.2_prm_2,MA-6,rev4,"{{ insert: param, ma-6.2_prm_2 }}",on insert param 2 prm 1 at 2 gdn guidance,free-text,single,,What value does your organization use for: on insert param 2 prm 1 at 2 gdn guidance?,
mp-1_prm_1,MP-1,rev4,"{{ insert: param, mp-1_prm_1 }}",Develops documents and disseminates to parts 1,role,single,System Administrator | Security Officer,What value does your organization use for: Develops documents and disseminates to parts 1?,
mp-1_prm_2,MP-1,rev4,"{{ insert: param, mp-1_prm_2 }}",1 Media protection policy and 2,free-text,single,,What value does your organization use for: 1 Media protection policy and 2?,
mp-1_prm_3,MP-1,rev4,"{{ insert: param, mp-1_prm_3 }}",2 Media protection procedures gdn guidance,free-text,single,,What value does your organization use for: 2 Media protection procedures gdn guidance?,
mp-2_prm_1,MP-2,rev4,"{{ insert: param, mp-2_prm_1 }}",The organization restricts access to to insert param prm 2,free-text,single,,What value does your organization use for: The organization restricts access to to insert param prm 2?,
mp-2_prm_2,MP-2,rev4,"{{ insert: param, mp-2_prm_2 }}",restricts access to insert param prm 1 to gdn guidance,free-text,single,,What value does your organization use for: restricts access to insert param prm 1 to gdn guidance?,
mp-3_prm_1,MP-3,rev4,"{{ insert: param, mp-3_prm_1 }}",Exempts from marking as long as the,duration,single,30 days | 60 days | 90 days,What value does your organization use for: Exempts from marking as long as the?,
mp-3_prm_2,MP-3,rev4,"{{ insert: param, mp-3_prm_2 }}",marking as long as the media remain within gdn guidance,duration,single,30 days | 60 days | 90 days,What value does your organization use for: marking as long as the media remain within gdn guidance?,
mp-4_prm_1,MP-4,rev4,"{{ insert: param, mp-4_prm_1 }}",Physically controls and securely stores within insert param prm 2,duration,single,30 days | 60 days | 90 days,What value does your organization use for: Physically controls and securely stores within insert param prm 2?,
mp-4_prm_2,MP-4,rev4,"{{ insert: param, mp-4_prm_2 }}",controls and securely stores insert param prm 1 within and,duration,single,30 days | 60 days | 90 days,What value does your organization use for: controls and securely stores insert param prm 1 within and?,
mp-5_prm_1,MP-5,rev4,"{{ insert: param, mp-5_prm_1 }}",Protects and controls during transport outside of controlled areas,free-text,single,,What value does your organization use for: Protects and controls during transport outside of controlled areas?,
mp-5_prm_2,MP-5,rev4,"{{ insert: param, mp-5_prm_2 }}",prm 1 during transport outside of controlled areas using,free-text,single,,What value does your organization use for: prm 1 during transport outside of controlled areas using?,
mp-6_prm_1,MP-6,rev4,"{{ insert: param, mp-6_prm_1 }}",Sanitizes prior to disposal release out of,free-text,single,,What value does your organization use for: Sanitizes prior to disposal release out of?,
mp-6_prm_2,MP-6,rev4,"{{ insert: param, mp-6_prm_2 }}",release for reuse using in accordance with applicable federal and,free-text,single,,What value does your organization use for: release for reuse using in accordance with applicable federal and?,
mp-6.2_prm_1,MP-6,rev4,"{{ insert: param, mp-6.2_prm_1 }}",sanitization equipment and procedures to verify that the intended sanitization,free-text,single,,What value does your organization use for: sanitization equipment and procedures to verify that the intended sanitization?,
mp-6.3_prm_1,MP-6,rev4,"{{ insert: param, mp-6.3_prm_1 }}",the information system under the following circumstances 3 gdn guidance,free-text,single,,What value does your organization use for: the information system under the following circumstances 3 gdn guidance?,
mp-6.7_prm_1,MP-6,rev4,"{{ insert: param, mp-6.7_prm_1 }}",enforces dual authorization for the sanitization of 7 gdn guidance,free-text,single,,What value does your organization use for: enforces dual authorization for the sanitization of 7 gdn guidance?,
mp-6.8_prm_1,MP-6,rev4,"{{ insert: param, mp-6.8_prm_1 }}",purge wipe information from either remotely or under the following,free-text,single,,What value does your organization use for: purge wipe information from either remotely or under the following?,
mp-6.8_prm_2,MP-6,rev4,"{{ insert: param, mp-6.8_prm_2 }}",either remotely or under the following conditions 8 gdn guidance,free-text,single,,What value does your organization use for: either remotely or under the following conditions 8 gdn guidance?,
mp-7_prm_1,MP-7,rev4,"{{ insert: param, mp-7_prm_1 }}",reference parts statement The organization the use of insert param,free-text,single,,What value does your organization use for: reference parts statement The organization the use of insert param?,
mp-7_prm_2,MP-7,rev4,"{{ insert: param, mp-7_prm_2 }}",prm 1 the use of on insert param prm 3,free-text,single,,What value does your organization use for: prm 1 the use of on insert param prm 3?,
mp-7_prm_3,MP-7,rev4,"{{ insert: param, mp-7_prm_3 }}",insert param prm 2 on using insert param prm 4,free-text,single,,What value does your organization use for: insert param prm 2 on using insert param prm 4?,
mp-7_prm_4,MP-7,rev4,"{{ insert: param, mp-7_prm_4 }}",prm 2 on insert param prm 3 using gdn guidance,free-text,single,,What value does your organization use for: prm 2 on insert param prm 3 using gdn guidance?,
mp-8_prm_1,MP-8,rev4,"{{ insert: param, mp-8_prm_1 }}",Establishes that includes employing downgrading mechanisms with,free-text,single,,What value does your organization use for: Establishes that includes employing downgrading mechanisms with?,
mp-8_prm_2,MP-8,rev4,"{{ insert: param, mp-8_prm_2 }}",param prm 1 that includes employing downgrading mechanisms with,free-text,single,,What value does your organization use for: param prm 1 that includes employing downgrading mechanisms with?,
mp-8_prm_3,MP-8,rev4,"{{ insert: param, mp-8_prm_3 }}",Identifies and,free-text,single,,What value does your organization use for: Identifies and?,
mp-8.2_prm_1,MP-8,rev4,"{{ insert: param, mp-8.2_prm_1 }}",statement The organization employs of downgrading equipment and procedures to,free-text,single,,What value does your organization use for: statement The organization employs of downgrading equipment and procedures to?,
mp-8.2_prm_2,MP-8,rev4,"{{ insert: param, mp-8.2_prm_2 }}",equipment and procedures to verify correct performance 2 obj objective,free-text,single,,What value does your organization use for: equipment and procedures to verify correct performance 2 obj objective?,
mp-8.3_prm_1,MP-8,rev4,"{{ insert: param, mp-8.3_prm_1 }}",information system media containing prior to public release in accordance,free-text,single,,What value does your organization use for: information system media containing prior to public release in accordance?,
pe-1_prm_1,PE-1,rev4,"{{ insert: param, pe-1_prm_1 }}",Develops documents and disseminates to parts 1,free-text,single,,What value does your organization use for: Develops documents and disseminates to parts 1?,
pe-1_prm_2,PE-1,rev4,"{{ insert: param, pe-1_prm_2 }}",1 Physical and environmental protection policy and 2,free-text,single,,What value does your organization use for: 1 Physical and environmental protection policy and 2?,
pe-1_prm_3,PE-1,rev4,"{{ insert: param, pe-1_prm_3 }}",2 Physical and environmental protection procedures gdn guidance,free-text,single,,What value does your organization use for: 2 Physical and environmental protection procedures gdn guidance?,
pe-2_prm_1,PE-2,rev4,"{{ insert: param, pe-2_prm_1 }}",the access list detailing authorized facility access by individuals and,free-text,list,,What value does your organization use for: the access list detailing authorized facility access by individuals and?,
pe-2.2_prm_1,PE-2,rev4,"{{ insert: param, pe-2.2_prm_1 }}",forms of identification from for visitor access to the facility,free-text,single,,What value does your organization use for: forms of identification from for visitor access to the facility?,
pe-2.3_prm_2,PE-2,rev4,"{{ insert: param, pe-2.3_prm_2 }}",all information contained within the system 3 prm 2 depends-on,duration,single,30 days | 60 days | 90 days,What value does your organization use for: all information contained within the system 3 prm 2 depends-on?,
pe-2.3_prm_1,PE-2,rev4,"{{ insert: param, pe-2.3_prm_1 }}",the information system resides to personnel with 3 gdn guidance,duration,single,30 days | 60 days | 90 days,What value does your organization use for: the information system resides to personnel with 3 gdn guidance?,
pe-3_prm_3,PE-3,rev4,"{{ insert: param, pe-3_prm_3 }}",prm 2 select how-many one-or-more choice guards prm 3 depends-on,free-text,single,,What value does your organization use for: prm 2 select how-many one-or-more choice guards prm 3 depends-on?,
pe-3_prm_1,PE-3,rev4,"{{ insert: param, pe-3_prm_1 }}",Enforces physical access authorizations at by parts,free-text,single,,What value does your organization use for: Enforces physical access authorizations at by parts?,
pe-3_prm_2,PE-3,rev4,"{{ insert: param, pe-3_prm_2 }}",2 Controlling ingress egress to the facility using,free-text,single,,What value does your organization use for: 2 Controlling ingress egress to the facility using?,
pe-3_prm_4,PE-3,rev4,"{{ insert: param, pe-3_prm_4 }}",Maintains physical access audit logs for,duration,single,30 days | 60 days | 90 days,What value does your organization use for: Maintains physical access audit logs for?,
pe-3_prm_5,PE-3,rev4,"{{ insert: param, pe-3_prm_5 }}",Provides to control access to areas within,duration,single,30 days | 60 days | 90 days,What value does your organization use for: Provides to control access to areas within?,
pe-3_prm_6,PE-3,rev4,"{{ insert: param, pe-3_prm_6 }}",Escorts visitors and monitors visitor activity,free-text,single,,What value does your organization use for: Escorts visitors and monitors visitor activity?,
pe-3_prm_7,PE-3,rev4,"{{ insert: param, pe-3_prm_7 }}",Inventories every insert param prm 8,frequency,single,daily | weekly | monthly | quarterly,What value does your organization use for: Inventories every insert param prm 8?,
pe-3_prm_8,PE-3,rev4,"{{ insert: param, pe-3_prm_8 }}",Inventories insert param prm 7 every and,frequency,single,daily | weekly | monthly | quarterly,What value does your organization use for: Inventories insert param prm 7 every and?,
pe-3_prm_9,PE-3,rev4,"{{ insert: param, pe-3_prm_9 }}",Changes combinations and keys and or when keys are lost,frequency,single,daily | weekly | monthly | quarterly,What value does your organization use for: Changes combinations and keys and or when keys are lost?,
pe-3.1_prm_1,PE-3,rev4,"{{ insert: param, pe-3.1_prm_1 }}",physical access controls for the facility at 1 gdn guidance,duration,single,30 days | 60 days | 90 days,What value does your organization use for: physical access controls for the facility at 1 gdn guidance?,
pe-3.2_prm_1,PE-3,rev4,"{{ insert: param, pe-3.2_prm_1 }}",organization performs security checks at the physical boundary of the,free-text,single,,What value does your organization use for: organization performs security checks at the physical boundary of the?,
pe-3.4_prm_1,PE-3,rev4,"{{ insert: param, pe-3.4_prm_1 }}",uses lockable physical casings to protect from unauthorized physical access,free-text,single,,What value does your organization use for: uses lockable physical casings to protect from unauthorized physical access?,
pe-3.5_prm_1,PE-3,rev4,"{{ insert: param, pe-3.5_prm_1 }}",5 statement The organization employs to insert param 5 prm,duration,single,30 days | 60 days | 90 days,What value does your organization use for: 5 statement The organization employs to insert param 5 prm?,
pe-3.5_prm_2,PE-3,rev4,"{{ insert: param, pe-3.5_prm_2 }}",5 prm 1 to physical tampering or alteration of insert,duration,single,30 days | 60 days | 90 days,What value does your organization use for: 5 prm 1 to physical tampering or alteration of insert?,
pe-3.5_prm_3,PE-3,rev4,"{{ insert: param, pe-3.5_prm_3 }}",2 physical tampering or alteration of within the information system,duration,single,30 days | 60 days | 90 days,What value does your organization use for: 2 physical tampering or alteration of within the information system?,
pe-3.6_prm_1,PE-3,rev4,"{{ insert: param, pe-3.6_prm_1 }}",testing process that includes unannounced attempts to bypass or circumvent,free-text,single,,What value does your organization use for: testing process that includes unannounced attempts to bypass or circumvent?,
pe-4_prm_1,PE-4,rev4,"{{ insert: param, pe-4_prm_1 }}",controls physical access to within organizational facilities using insert param,duration,single,30 days | 60 days | 90 days,What value does your organization use for: controls physical access to within organizational facilities using insert param?,
pe-4_prm_2,PE-4,rev4,"{{ insert: param, pe-4_prm_2 }}",insert param prm 1 within organizational facilities using gdn guidance,duration,single,30 days | 60 days | 90 days,What value does your organization use for: insert param prm 1 within organizational facilities using gdn guidance?,
pe-5.1_prm_1,PE-5,rev4,"{{ insert: param, pe-5.1_prm_1 }}",Controls physical access to output from and 1,free-text,single,,What value does your organization use for: Controls physical access to output from and 1?,
pe-5.2_prm_1,PE-5,rev4,"{{ insert: param, pe-5.2_prm_1 }}",Controls physical access to output from and 2,free-text,single,,What value does your organization use for: Controls physical access to output from and 2?,
pe-5.3_prm_1,PE-5,rev4,"{{ insert: param, pe-5.3_prm_1 }}",statement The organization marks indicating the appropriate security marking of,free-text,single,,What value does your organization use for: statement The organization marks indicating the appropriate security marking of?,
pe-6_prm_1,PE-6,rev4,"{{ insert: param, pe-6_prm_1 }}",Reviews physical access logs and upon occurrence of insert param,free-text,single,,What value does your organization use for: Reviews physical access logs and upon occurrence of insert param?,
pe-6_prm_2,PE-6,rev4,"{{ insert: param, pe-6_prm_2 }}",logs insert param prm 1 and upon occurrence of and,free-text,single,,What value does your organization use for: logs insert param prm 1 and upon occurrence of and?,
pe-6.2_prm_1,PE-6,rev4,"{{ insert: param, pe-6.2_prm_1 }}",employs automated mechanisms to recognize and initiate insert param 2,free-text,single,,What value does your organization use for: employs automated mechanisms to recognize and initiate insert param 2?,
pe-6.2_prm_2,PE-6,rev4,"{{ insert: param, pe-6.2_prm_2 }}",insert param 2 prm 1 and initiate 2 gdn guidance,free-text,single,,What value does your organization use for: insert param 2 prm 1 and initiate 2 gdn guidance?,
pe-6.3_prm_1,PE-6,rev4,"{{ insert: param, pe-6.3_prm_1 }}",employs video surveillance of and retains video recordings for insert,free-text,single,,What value does your organization use for: employs video surveillance of and retains video recordings for insert?,
pe-6.3_prm_2,PE-6,rev4,"{{ insert: param, pe-6.3_prm_2 }}",prm 1 and retains video recordings for 3 gdn guidance,free-text,single,,What value does your organization use for: prm 1 and retains video recordings for 3 gdn guidance?,
pe-6.4_prm_1,PE-6,rev4,"{{ insert: param, pe-6.4_prm_1 }}",physical access monitoring of the facility as 4 gdn guidance,duration,single,30 days | 60 days | 90 days,What value does your organization use for: physical access monitoring of the facility as 4 gdn guidance?,
pe-8_prm_1,PE-8,rev4,"{{ insert: param, pe-8_prm_1 }}",to the facility where the information system resides for and,free-text,single,,What value does your organization use for: to the facility where the information system resides for and?,
pe-8_prm_2,PE-8,rev4,"{{ insert: param, pe-8_prm_2 }}",Reviews visitor access records gdn guidance,free-text,single,,What value does your organization use for: Reviews visitor access records gdn guidance?,
pe-9.1_prm_1,PE-9,rev4,"{{ insert: param, pe-9.1_prm_1 }}",cabling paths that are physically separated by 1 gdn guidance,free-text,single,,What value does your organization use for: cabling paths that are physically separated by 1 gdn guidance?,
pe-9.2_prm_1,PE-9,rev4,"{{ insert: param, pe-9.2_prm_1 }}",The organization employs automatic voltage controls for 2 obj objective,free-text,single,,What value does your organization use for: The organization employs automatic voltage controls for 2 obj objective?,
pe-10_prm_1,PE-10,rev4,"{{ insert: param, pe-10_prm_1 }}",switches or devices in to facilitate safe and easy access,free-text,single,,What value does your organization use for: switches or devices in to facilitate safe and easy access?,
pe-11_prm_1,PE-11,rev4,"{{ insert: param, pe-11_prm_1 }}",uninterruptible power supply to facilitate in the event of primary,free-text,single,,What value does your organization use for: uninterruptible power supply to facilitate in the event of primary?,
pe-11.2_prm_1,PE-11,rev4,"{{ insert: param, pe-11.2_prm_1 }}",Capable of maintaining in the event of an extended,free-text,single,,What value does your organization use for: Capable of maintaining in the event of an extended?,
pe-13.1_prm_1,PE-13,rev4,"{{ insert: param, pe-13.1_prm_1 }}",that activate automatically and notify and insert param 1 prm,free-text,single,,What value does your organization use for: that activate automatically and notify and insert param 1 prm?,
pe-13.1_prm_2,PE-13,rev4,"{{ insert: param, pe-13.1_prm_2 }}",param 1 prm 1 and in the event of fire,role,single,System Administrator | Security Officer,What value does your organization use for: param 1 prm 1 and in the event of fire?,
pe-13.2_prm_1,PE-13,rev4,"{{ insert: param, pe-13.2_prm_1 }}",notification of any activation to and insert param 2 prm,role,single,System Administrator | Security Officer,What value does your organization use for: notification of any activation to and insert param 2 prm?,
pe-13.2_prm_2,PE-13,rev4,"{{ insert: param, pe-13.2_prm_2 }}",to insert param 2 prm 1 and 2 gdn guidance,role,single,System Administrator | Security Officer,What value does your organization use for: to insert param 2 prm 1 and 2 gdn guidance?,
pe-13.4_prm_1,PE-13,rev4,"{{ insert: param, pe-13.4_prm_1 }}",that the facility undergoes inspections by authorized and qualified inspectors,duration,single,30 days | 60 days | 90 days,What value does your organization use for: that the facility undergoes inspections by authorized and qualified inspectors?,
pe-13.4_prm_2,PE-13,rev4,"{{ insert: param, pe-13.4_prm_2 }}",qualified inspectors and resolves identified deficiencies within 4 obj objective,duration,single,30 days | 60 days | 90 days,What value does your organization use for: qualified inspectors and resolves identified deficiencies within 4 obj objective?,
pe-14_prm_1,PE-14,rev4,"{{ insert: param, pe-14_prm_1 }}",within the facility where the information system resides at and,duration,single,30 days | 60 days | 90 days,What value does your organization use for: within the facility where the information system resides at and?,
pe-14_prm_2,PE-14,rev4,"{{ insert: param, pe-14_prm_2 }}",Monitors temperature and humidity levels gdn guidance,free-text,single,,What value does your organization use for: Monitors temperature and humidity levels gdn guidance?,
pe-15.1_prm_1,PE-15,rev4,"{{ insert: param, pe-15.1_prm_1 }}",vicinity of the information system and alerts 1 gdn guidance,free-text,single,,What value does your organization use for: vicinity of the information system and alerts 1 gdn guidance?,
pe-16_prm_1,PE-16,rev4,"{{ insert: param, pe-16_prm_1 }}",authorizes monitors and controls entering and exiting the facility and,free-text,single,,What value does your organization use for: authorizes monitors and controls entering and exiting the facility and?,
pe-17_prm_1,PE-17,rev4,"{{ insert: param, pe-17_prm_1 }}",Employs at alternate work sites,free-text,single,,What value does your organization use for: Employs at alternate work sites?,
pe-18_prm_1,PE-18,rev4,"{{ insert: param, pe-18_prm_1 }}",minimize potential damage from and to minimize the opportunity for,duration,single,30 days | 60 days | 90 days,What value does your organization use for: minimize potential damage from and to minimize the opportunity for?,
pe-20_prm_1,PE-20,rev4,"{{ insert: param, pe-20_prm_1 }}",Employs to track and monitor the location,duration,single,30 days | 60 days | 90 days,What value does your organization use for: Employs to track and monitor the location?,
pe-20_prm_2,PE-20,rev4,"{{ insert: param, pe-20_prm_2 }}",the location and movement of within insert param prm 3,duration,single,30 days | 60 days | 90 days,What value does your organization use for: the location and movement of within insert param prm 3?,
pe-20_prm_3,PE-20,rev4,"{{ insert: param, pe-20_prm_3 }}",location and movement of insert param prm 2 within and,duration,single,30 days | 60 days | 90 days,What value does your organization use for: location and movement of insert param prm 2 within and?,
pl-1_prm_1,PL-1,rev4,"{{ insert: param, pl-1_prm_1 }}",Develops documents and disseminates to parts 1,role,single,System Administrator | Security Officer,What value does your organization use for: Develops documents and disseminates to parts 1?,
pl-1_prm_2,PL-1,rev4,"{{ insert: param, pl-1_prm_2 }}",1 Security planning policy and 2,free-text,single,,What value does your organization use for: 1 Security planning policy and 2?,
pl-1_prm_3,PL-1,rev4,"{{ insert: param, pl-1_prm_3 }}",2 Security planning procedures gdn guidance,free-text,single,,What value does your organization use for: 2 Security planning procedures gdn guidance?,
pl-2_prm_1,PL-2,rev4,"{{ insert: param, pl-2_prm_1 }}",security plan and communicates subsequent changes to the plan to,free-text,single,,What value does your organization use for: security plan and communicates subsequent changes to the plan to?,
pl-2_prm_2,PL-2,rev4,"{{ insert: param, pl-2_prm_2 }}",Reviews the security plan for the information system,free-text,single,,What value does your organization use for: Reviews the security plan for the information system?,
pl-2.3_prm_1,PL-2,rev4,"{{ insert: param, pl-2.3_prm_1 }}",the information system with before conducting such activities in order,org list,single,Security | HR | Finance,What value does your organization use for: the information system with before conducting such activities in order?,
pl-4_prm_1,PL-4,rev4,"{{ insert: param, pl-4_prm_1 }}",Reviews and updates the rules of behavior and,free-text,single,,What value does your organization use for: Reviews and updates the rules of behavior and?,
pl-7_prm_1,PL-7,rev4,"{{ insert: param, pl-7_prm_1 }}",Reviews and updates the CONOPS gdn guidance,free-text,single,,What value does your organization use for: Reviews and updates the CONOPS gdn guidance?,
pl-8_prm_1,PL-8,rev4,"{{ insert: param, pl-8_prm_1 }}",the information security architecture to reflect updates in the enterprise,free-text,single,,What value does your organization use for: the information security architecture to reflect updates in the enterprise?,
pl-8.1_prm_1,PL-8,rev4,"{{ insert: param, pl-8.1_prm_1 }}",Allocates to insert param 1 prm,free-text,single,,What value does your organization use for: Allocates to insert param 1 prm?,
pl-8.1_prm_2,PL-8,rev4,"{{ insert: param, pl-8.1_prm_2 }}",Allocates insert param 1 prm 1 to and 1,free-text,single,,What value does your organization use for: Allocates insert param 1 prm 1 to and 1?,
pl-8.2_prm_1,PL-8,rev4,"{{ insert: param, pl-8.2_prm_1 }}",statement The organization requires that allocated to insert param 2,free-text,single,,What value does your organization use for: statement The organization requires that allocated to insert param 2?,
pl-8.2_prm_2,PL-8,rev4,"{{ insert: param, pl-8.2_prm_2 }}",2 prm 1 allocated to are obtained from different suppliers,free-text,single,,What value does your organization use for: 2 prm 1 allocated to are obtained from different suppliers?,
pl-9_prm_1,PL-9,rev4,"{{ insert: param, pl-9_prm_1 }}",statement The organization centrally manages gdn guidance,free-text,single,,What value does your organization use for: statement The organization centrally manages gdn guidance?,
ps-1_prm_1,PS-1,rev4,"{{ insert: param, ps-1_prm_1 }}",Develops documents and disseminates to parts 1,role,single,System Administrator | Security Officer,What value does your organization use for: Develops documents and disseminates to parts 1?,
ps-1_prm_2,PS-1,rev4,"{{ insert: param, ps-1_prm_2 }}",1 Personnel security policy and 2,free-text,single,,What value does your organization use for: 1 Personnel security policy and 2?,
ps-1_prm_3,PS-1,rev4,"{{ insert: param, ps-1_prm_3 }}",2 Personnel security procedures gdn guidance,free-text,single,,What value does your organization use for: 2 Personnel security procedures gdn guidance?,
ps-2_prm_1,PS-2,rev4,"{{ insert: param, ps-2_prm_1 }}",Reviews and updates position risk designations gdn guidance,role,single,System Administrator | Security Officer,What value does your organization use for: Reviews and updates position risk designations gdn guidance?,
ps-3_prm_1,PS-3,rev4,"{{ insert: param, ps-3_prm_1 }}",Rescreens individuals according to gdn guidance,free-text,single,,What value does your organization use for: Rescreens individuals according to gdn guidance?,
ps-3.3_prm_1,PS-3,rev4,"{{ insert: param, ps-3.3_prm_1 }}",Satisfy 3 gdn guidance,free-text,single,,What value does your organization use for: Satisfy 3 gdn guidance?,
ps-4_prm_1,PS-4,rev4,"{{ insert: param, ps-4_prm_1 }}",Disables information system access within,duration,single,30 days | 60 days | 90 days,What value does your organization use for: Disables information system access within?,
ps-4_prm_2,PS-4,rev4,"{{ insert: param, ps-4_prm_2 }}",Conducts exit interviews that include discussion of,free-text,single,,What value does your organization use for: Conducts exit interviews that include discussion of?,
ps-4_prm_3,PS-4,rev4,"{{ insert: param, ps-4_prm_3 }}",Notifies within insert param prm 4,duration,single,30 days | 60 days | 90 days,What value does your organization use for: Notifies within insert param prm 4?,
ps-4_prm_4,PS-4,rev4,"{{ insert: param, ps-4_prm_4 }}",Notifies insert param prm 3 within gdn guidance,duration,single,30 days | 60 days | 90 days,What value does your organization use for: Notifies insert param prm 3 within gdn guidance?,
ps-4.2_prm_1,PS-4,rev4,"{{ insert: param, ps-4.2_prm_1 }}",employs automated mechanisms to notify upon termination of an individual,threshold,single,5 failed login attempts | 24 hours | 90%,What value does your organization use for: employs automated mechanisms to notify upon termination of an individual?,
ps-5_prm_1,PS-5,rev4,"{{ insert: param, ps-5_prm_1 }}",Initiates within insert param prm 2,duration,single,30 days | 60 days | 90 days,What value does your organization use for: Initiates within insert param prm 2?,
ps-5_prm_2,PS-5,rev4,"{{ insert: param, ps-5_prm_2 }}",Initiates insert param prm 1 within,duration,single,30 days | 60 days | 90 days,What value does your organization use for: Initiates insert param prm 1 within?,
ps-5_prm_3,PS-5,rev4,"{{ insert: param, ps-5_prm_3 }}",Notifies within insert param prm 4,duration,single,30 days | 60 days | 90 days,What value does your organization use for: Notifies within insert param prm 4?,
ps-5_prm_4,PS-5,rev4,"{{ insert: param, ps-5_prm_4 }}",Notifies insert param prm 3 within gdn guidance,duration,single,30 days | 60 days | 90 days,What value does your organization use for: Notifies insert param prm 3 within gdn guidance?,
ps-6_prm_1,PS-6,rev4,"{{ insert: param, ps-6_prm_1 }}",Reviews and updates the access agreements and,free-text,single,,What value does your organization use for: Reviews and updates the access agreements and?,
ps-6_prm_2,PS-6,rev4,"{{ insert: param, ps-6_prm_2 }}",systems when access agreements have been updated or gdn guidance,free-text,single,,What value does your organization use for: systems when access agreements have been updated or gdn guidance?,
ps-7_prm_1,PS-7,rev4,"{{ insert: param, ps-7_prm_1 }}",third-party providers to notify of any personnel transfers or terminations,org list,single,Security | HR | Finance,What value does your organization use for: third-party providers to notify of any personnel transfers or terminations?,
ps-7_prm_2,PS-7,rev4,"{{ insert: param, ps-7_prm_2 }}",or badges or who have information system privileges within and,duration,single,30 days | 60 days | 90 days,What value does your organization use for: or badges or who have information system privileges within and?,
ps-8_prm_1,PS-8,rev4,"{{ insert: param, ps-8_prm_1 }}",Notifies within insert param prm 2,duration,single,30 days | 60 days | 90 days,What value does your organization use for: Notifies within insert param prm 2?,
ps-8_prm_2,PS-8,rev4,"{{ insert: param, ps-8_prm_2 }}",insert param prm 1 within when formal employee sanctions process,duration,single,30 days | 60 days | 90 days,What value does your organization use for: insert param prm 1 within when formal employee sanctions process?,
ra-1_prm_1,RA-1,rev4,"{{ insert: param, ra-1_prm_1 }}",Develops documents and disseminates to parts 1,role,single,System Administrator | Security Officer,What value does your organization use for: Develops documents and disseminates to parts 1?,
ra-1_prm_2,RA-1,rev4,"{{ insert: param, ra-1_prm_2 }}",1 Risk assessment policy and 2,free-text,single,,What value does your organization use for: 1 Risk assessment policy and 2?,
ra-1_prm_3,RA-1,rev4,"{{ insert: param, ra-1_prm_3 }}",2 Risk assessment procedures gdn guidance,free-text,single,,What value does your organization use for: 2 Risk assessment procedures gdn guidance?,
ra-3_prm_2,RA-3,rev4,"{{ insert: param, ra-3_prm_2 }}",select choice security plan risk assessment report prm 2 depends-on,role,single,System Administrator | Security Officer,What value does your organization use for: select choice security plan risk assessment report prm 2 depends-on?,
ra-3_prm_1,RA-3,rev4,"{{ insert: param, ra-3_prm_1 }}",Documents risk assessment results in,free-text,single,,What value does your organization use for: Documents risk assessment results in?,
ra-3_prm_3,RA-3,rev4,"{{ insert: param, ra-3_prm_3 }}",Reviews risk assessment results,free-text,single,,What value does your organization use for: Reviews risk assessment results?,
ra-3_prm_4,RA-3,rev4,"{{ insert: param, ra-3_prm_4 }}",Disseminates risk assessment results to and,free-text,single,,What value does your organization use for: Disseminates risk assessment results to and?,
ra-3_prm_5,RA-3,rev4,"{{ insert: param, ra-3_prm_5 }}",Updates the risk assessment or whenever there are significant changes,free-text,single,,What value does your organization use for: Updates the risk assessment or whenever there are significant changes?,
ra-5_prm_1,RA-5,rev4,"{{ insert: param, ra-5_prm_1 }}",system and hosted applications and when new vulnerabilities potentially affecting,free-text,single,,What value does your organization use for: system and hosted applications and when new vulnerabilities potentially affecting?,
ra-5_prm_2,RA-5,rev4,"{{ insert: param, ra-5_prm_2 }}",Remediates legitimate vulnerabilities in accordance with an organizational assessment,free-text,single,,What value does your organization use for: Remediates legitimate vulnerabilities in accordance with an organizational assessment?,
ra-5_prm_3,RA-5,rev4,"{{ insert: param, ra-5_prm_3 }}",security control assessments with to help eliminate similar vulnerabilities in,free-text,single,,What value does your organization use for: security control assessments with to help eliminate similar vulnerabilities in?,
ra-5.2_prm_2,RA-5,rev4,"{{ insert: param, ra-5.2_prm_2 }}",1 select how-many one-or-more choice prior to new scan when,role,single,System Administrator | Security Officer,What value does your organization use for: 1 select how-many one-or-more choice prior to new scan when?,
ra-5.2_prm_1,RA-5,rev4,"{{ insert: param, ra-5.2_prm_1 }}",organization updates the information system vulnerabilities scanned 2 gdn guidance,free-text,single,,What value does your organization use for: organization updates the information system vulnerabilities scanned 2 gdn guidance?,
ra-5.4_prm_1,RA-5,rev4,"{{ insert: param, ra-5.4_prm_1 }}",is discoverable by adversaries and subsequently takes 4 gdn guidance,free-text,single,,What value does your organization use for: is discoverable by adversaries and subsequently takes 4 gdn guidance?,
ra-5.5_prm_1,RA-5,rev4,"{{ insert: param, ra-5.5_prm_1 }}",implements privileged access authorization to for selected insert param 5,free-text,single,,What value does your organization use for: implements privileged access authorization to for selected insert param 5?,
ra-5.5_prm_2,RA-5,rev4,"{{ insert: param, ra-5.5_prm_2 }}",insert param 5 prm 1 for selected 5 gdn guidance,free-text,single,,What value does your organization use for: insert param 5 prm 1 for selected 5 gdn guidance?,
ra-6_prm_3,RA-6,rev4,"{{ insert: param, ra-6_prm_3 }}",prm 2 select how-many one-or-more choice insert param prm 4,frequency,single,daily | weekly | monthly | quarterly,What value does your organization use for: prm 2 select how-many one-or-more choice insert param prm 4?,
ra-6_prm_4,RA-6,rev4,"{{ insert: param, ra-6_prm_4 }}",how-many one-or-more choice insert param prm 3 prm 3 depends-on,frequency,single,daily | weekly | monthly | quarterly,What value does your organization use for: how-many one-or-more choice insert param prm 3 prm 3 depends-on?,
ra-6_prm_1,RA-6,rev4,"{{ insert: param, ra-6_prm_1 }}",employs technical surveillance countermeasures survey at insert param prm 2,free-text,single,,What value does your organization use for: employs technical surveillance countermeasures survey at insert param prm 2?,
ra-6_prm_2,RA-6,rev4,"{{ insert: param, ra-6_prm_2 }}",surveillance countermeasures survey at insert param prm 1 gdn guidance,free-text,single,,What value does your organization use for: surveillance countermeasures survey at insert param prm 1 gdn guidance?,
sa-1_prm_1,SA-1,rev4,"{{ insert: param, sa-1_prm_1 }}",Develops documents and disseminates to parts 1,free-text,single,,What value does your organization use for: Develops documents and disseminates to parts 1?,
sa-1_prm_2,SA-1,rev4,"{{ insert: param, sa-1_prm_2 }}",1 System and services acquisition policy and 2,free-text,single,,What value does your organization use for: 1 System and services acquisition policy and 2?,
sa-1_prm_3,SA-1,rev4,"{{ insert: param, sa-1_prm_3 }}",2 System and services acquisition procedures gdn guidance,free-text,single,,What value does your organization use for: 2 System and services acquisition procedures gdn guidance?,
sa-3_prm_1,SA-3,rev4,"{{ insert: param, sa-3_prm_1 }}",Manages the information system using that incorporates information security considerations,free-text,single,,What value does your organization use for: Manages the information system using that incorporates information security considerations?,
sa-4.2_prm_2,SA-4,rev4,"{{ insert: param, sa-4.2_prm_2 }}",design source code or hardware schematics 2 prm 2 depends-on,free-text,single,,What value does your organization use for: design source code or hardware schematics 2 prm 2 depends-on?,
sa-4.2_prm_1,SA-4,rev4,"{{ insert: param, sa-4.2_prm_1 }}",to be employed that includes at insert param 2 prm,free-text,single,,What value does your organization use for: to be employed that includes at insert param 2 prm?,
sa-4.2_prm_3,SA-4,rev4,"{{ insert: param, sa-4.2_prm_3 }}",includes insert param 2 prm 1 at 2 gdn guidance,free-text,single,,What value does your organization use for: includes insert param 2 prm 1 at 2 gdn guidance?,
sa-4.3_prm_1,SA-4,rev4,"{{ insert: param, sa-4.3_prm_1 }}",of system development life cycle that includes 3 gdn guidance,frequency,single,daily | weekly | monthly | quarterly,What value does your organization use for: of system development life cycle that includes 3 gdn guidance?,
sa-4.5_prm_1,SA-4,rev4,"{{ insert: param, sa-4.5_prm_1 }}",Deliver the system component or service with implemented and 5,free-text,single,,What value does your organization use for: Deliver the system component or service with implemented and 5?,
sa-4.8_prm_1,SA-4,rev4,"{{ insert: param, sa-4.8_prm_1 }}",monitoring of security control effectiveness that contains 8 gdn guidance,free-text,single,,What value does your organization use for: monitoring of security control effectiveness that contains 8 gdn guidance?,
sa-5_prm_1,SA-5,rev4,"{{ insert: param, sa-5_prm_1 }}",documentation is either unavailable or nonexistent and takes in response,free-text,single,,What value does your organization use for: documentation is either unavailable or nonexistent and takes in response?,
sa-5_prm_2,SA-5,rev4,"{{ insert: param, sa-5_prm_2 }}",Distributes documentation to gdn guidance,free-text,single,,What value does your organization use for: Distributes documentation to gdn guidance?,
sa-9_prm_1,SA-9,rev4,"{{ insert: param, sa-9_prm_1 }}",security requirements and employ in accordance with applicable federal laws,free-text,single,,What value does your organization use for: security requirements and employ in accordance with applicable federal laws?,
sa-9_prm_2,SA-9,rev4,"{{ insert: param, sa-9_prm_2 }}",Employs to monitor security control compliance by,free-text,single,,What value does your organization use for: Employs to monitor security control compliance by?,
sa-9.1_prm_1,SA-9,rev4,"{{ insert: param, sa-9.1_prm_1 }}",dedicated information security services is approved by 1 gdn guidance,free-text,single,,What value does your organization use for: dedicated information security services is approved by 1 gdn guidance?,
sa-9.2_prm_1,SA-9,rev4,"{{ insert: param, sa-9.2_prm_1 }}",organization requires providers of to identify the functions ports protocols,free-text,single,,What value does your organization use for: organization requires providers of to identify the functions ports protocols?,
sa-9.3_prm_1,SA-9,rev4,"{{ insert: param, sa-9.3_prm_1 }}",relationships with external service providers based on 3 gdn guidance,free-text,single,,What value does your organization use for: relationships with external service providers based on 3 gdn guidance?,
sa-9.4_prm_1,SA-9,rev4,"{{ insert: param, sa-9.4_prm_1 }}",statement The organization employs to ensure that the interests of,free-text,single,,What value does your organization use for: statement The organization employs to ensure that the interests of?,
sa-9.4_prm_2,SA-9,rev4,"{{ insert: param, sa-9.4_prm_2 }}",that the interests of are consistent with and reflect organizational,free-text,single,,What value does your organization use for: that the interests of are consistent with and reflect organizational?,
sa-9.5_prm_1,SA-9,rev4,"{{ insert: param, sa-9.5_prm_1 }}",organization restricts the location of to insert param 5 prm,free-text,single,,What value does your organization use for: organization restricts the location of to insert param 5 prm?,
sa-9.5_prm_2,SA-9,rev4,"{{ insert: param, sa-9.5_prm_2 }}",param 5 prm 1 to based on insert param 5,free-text,single,,What value does your organization use for: param 5 prm 1 to based on insert param 5?,
sa-9.5_prm_3,SA-9,rev4,"{{ insert: param, sa-9.5_prm_3 }}",insert param 5 prm 2 based on 5 gdn guidance,free-text,single,,What value does your organization use for: insert param 5 prm 2 based on 5 gdn guidance?,
sa-10_prm_1,SA-10,rev4,"{{ insert: param, sa-10_prm_1 }}",Perform configuration management during system component or service,free-text,single,,What value does your organization use for: Perform configuration management during system component or service?,
sa-10_prm_2,SA-10,rev4,"{{ insert: param, sa-10_prm_2 }}",Document manage and control the integrity of changes to,free-text,single,,What value does your organization use for: Document manage and control the integrity of changes to?,
sa-10_prm_3,SA-10,rev4,"{{ insert: param, sa-10_prm_3 }}",system component or service and report findings to gdn guidance,duration,single,30 days | 60 days | 90 days,What value does your organization use for: system component or service and report findings to gdn guidance?,
sa-11_prm_1,SA-11,rev4,"{{ insert: param, sa-11_prm_1 }}",Perform testing evaluation at insert param,free-text,single,,What value does your organization use for: Perform testing evaluation at insert param?,
sa-11_prm_2,SA-11,rev4,"{{ insert: param, sa-11_prm_2 }}",Perform insert param prm 1 testing evaluation at,free-text,single,,What value does your organization use for: Perform insert param prm 1 testing evaluation at?,
sa-11.3_prm_1,SA-11,rev4,"{{ insert: param, sa-11.3_prm_1 }}",an independent agent satisfying to verify the correct implementation of,frequency,single,daily | weekly | monthly | quarterly,What value does your organization use for: an independent agent satisfying to verify the correct implementation of?,
sa-11.4_prm_1,SA-11,rev4,"{{ insert: param, sa-11.4_prm_1 }}",perform manual code review of using insert param 4 prm,frequency,single,daily | weekly | monthly | quarterly,What value does your organization use for: perform manual code review of using insert param 4 prm?,
sa-11.4_prm_2,SA-11,rev4,"{{ insert: param, sa-11.4_prm_2 }}",of insert param 4 prm 1 using 4 gdn guidance,frequency,single,daily | weekly | monthly | quarterly,What value does your organization use for: of insert param 4 prm 1 using 4 gdn guidance?,
sa-11.5_prm_1,SA-11,rev4,"{{ insert: param, sa-11.5_prm_1 }}",to perform penetration testing at and with insert param 5,frequency,single,daily | weekly | monthly | quarterly,What value does your organization use for: to perform penetration testing at and with insert param 5?,
sa-11.5_prm_2,SA-11,rev4,"{{ insert: param, sa-11.5_prm_2 }}",insert param 5 prm 1 and with 5 gdn guidance,frequency,single,daily | weekly | monthly | quarterly,What value does your organization use for: insert param 5 prm 1 and with 5 gdn guidance?,
sa-11.7_prm_1,SA-11,rev4,"{{ insert: param, sa-11.7_prm_1 }}",complete coverage of required security controls at 7 gdn guidance,free-text,single,,What value does your organization use for: complete coverage of required security controls at 7 gdn guidance?,
sa-12_prm_1,SA-12,rev4,"{{ insert: param, sa-12_prm_1 }}",information system service by employing as part of comprehensive defense-in-breadth,free-text,single,,What value does your organization use for: information system service by employing as part of comprehensive defense-in-breadth?,
sa-12.1_prm_1,SA-12,rev4,"{{ insert: param, sa-12.1_prm_1 }}",statement The organization employs for the purchase of the information,free-text,single,,What value does your organization use for: statement The organization employs for the purchase of the information?,
sa-12.5_prm_1,SA-12,rev4,"{{ insert: param, sa-12.5_prm_1 }}",statement The organization employs to limit harm from potential adversaries,free-text,single,,What value does your organization use for: statement The organization employs to limit harm from potential adversaries?,
sa-12.9_prm_1,SA-12,rev4,"{{ insert: param, sa-12.9_prm_1 }}",statement The organization employs in accordance with classification guides to,free-text,single,,What value does your organization use for: statement The organization employs in accordance with classification guides to?,
sa-12.10_prm_1,SA-12.10,rev4,"{{ insert: param, sa-12.10_prm_1 }}",statement The organization employs to validate that the information system,free-text,single,,What value does your organization use for: statement The organization employs to validate that the information system?,
sa-12.11_prm_1,SA-12.11,rev4,"{{ insert: param, sa-12.11_prm_1 }}",11 statement The organization employs of insert param 11 prm,free-text,single,,What value does your organization use for: 11 statement The organization employs of insert param 11 prm?,
sa-12.11_prm_2,SA-12.11,rev4,"{{ insert: param, sa-12.11_prm_2 }}",11 prm 1 of associated with the information system system,free-text,single,,What value does your organization use for: 11 prm 1 of associated with the information system system?,
sa-12.13_prm_1,SA-12.13,rev4,"{{ insert: param, sa-12.13_prm_1 }}",statement The organization employs to ensure an adequate supply of,free-text,single,,What value does your organization use for: statement The organization employs to ensure an adequate supply of?,
sa-12.13_prm_2,SA-12.13,rev4,"{{ insert: param, sa-12.13_prm_2 }}",1 to ensure an adequate supply of 13 gdn guidance,free-text,single,,What value does your organization use for: 1 to ensure an adequate supply of 13 gdn guidance?,
sa-12.14_prm_1,SA-12.14,rev4,"{{ insert: param, sa-12.14_prm_1 }}",retains unique identification of for the information system system component,free-text,single,,What value does your organization use for: retains unique identification of for the information system system component?,
sa-13_prm_1,SA-13,rev4,"{{ insert: param, sa-13_prm_1 }}",trustworthiness required in the supporting its critical missions business functions,free-text,single,,What value does your organization use for: trustworthiness required in the supporting its critical missions business functions?,
sa-13_prm_2,SA-13,rev4,"{{ insert: param, sa-13_prm_2 }}",Implements to achieve such trustworthiness,free-text,single,,What value does your organization use for: Implements to achieve such trustworthiness?,
sa-14_prm_1,SA-14,rev4,"{{ insert: param, sa-14_prm_1 }}",by performing criticality analysis for at insert param prm 2,free-text,single,,What value does your organization use for: by performing criticality analysis for at insert param prm 2?,
sa-14_prm_2,SA-14,rev4,"{{ insert: param, sa-14_prm_2 }}",criticality analysis for insert param prm 1 at gdn guidance,free-text,single,,What value does your organization use for: criticality analysis for insert param prm 1 at gdn guidance?,
sa-15_prm_1,SA-15,rev4,"{{ insert: param, sa-15_prm_1 }}",and tool options configurations to determine if the process standards,free-text,single,,What value does your organization use for: and tool options configurations to determine if the process standards?,
sa-15_prm_2,SA-15,rev4,"{{ insert: param, sa-15_prm_2 }}",tool options configurations selected and employed can satisfy gdn guidance,free-text,single,,What value does your organization use for: tool options configurations selected and employed can satisfy gdn guidance?,
sa-15.1_prm_2,SA-15,rev4,"{{ insert: param, sa-15.1_prm_2 }}",1 select how-many one-or-more choice insert param 1 prm 3,role,single,System Administrator | Security Officer,What value does your organization use for: 1 select how-many one-or-more choice insert param 1 prm 3?,
sa-15.1_prm_3,SA-15,rev4,"{{ insert: param, sa-15.1_prm_3 }}",choice insert param 1 prm 2 upon delivery 1 prm,role,single,System Administrator | Security Officer,What value does your organization use for: choice insert param 1 prm 2 upon delivery 1 prm?,
sa-15.1_prm_1,SA-15,rev4,"{{ insert: param, sa-15.1_prm_1 }}",Provide evidence of meeting the quality metrics 1 gdn guidance,free-text,single,,What value does your organization use for: Provide evidence of meeting the quality metrics 1 gdn guidance?,
sa-15.3_prm_1,SA-15,rev4,"{{ insert: param, sa-15.3_prm_1 }}",to perform criticality analysis at and at insert param 3,frequency,single,daily | weekly | monthly | quarterly,What value does your organization use for: to perform criticality analysis at and at insert param 3?,
sa-15.3_prm_2,SA-15,rev4,"{{ insert: param, sa-15.3_prm_2 }}",insert param 3 prm 1 and at 3 gdn guidance,frequency,single,daily | weekly | monthly | quarterly,What value does your organization use for: insert param 3 prm 1 and at 3 gdn guidance?,
sa-15.4_prm_1,SA-15,rev4,"{{ insert: param, sa-15.4_prm_1 }}",vulnerability analysis for the information system at that parts 4,free-text,single,,What value does your organization use for: vulnerability analysis for the information system at that parts 4?,
sa-15.4_prm_2,SA-15,rev4,"{{ insert: param, sa-15.4_prm_2 }}",Uses 4,free-text,single,,What value does your organization use for: Uses 4?,
sa-15.4_prm_3,SA-15,rev4,"{{ insert: param, sa-15.4_prm_3 }}",Employs and 4,free-text,single,,What value does your organization use for: Employs and 4?,
sa-15.4_prm_4,SA-15,rev4,"{{ insert: param, sa-15.4_prm_4 }}",Produces evidence that meets 4 gdn guidance,free-text,single,,What value does your organization use for: Produces evidence that meets 4 gdn guidance?,
sa-15.5_prm_1,SA-15,rev4,"{{ insert: param, sa-15.5_prm_1 }}",system service to reduce attack surfaces to 5 gdn guidance,frequency,single,daily | weekly | monthly | quarterly,What value does your organization use for: system service to reduce attack surfaces to 5 gdn guidance?,
sa-15.7_prm_1,SA-15,rev4,"{{ insert: param, sa-15.7_prm_1 }}",Perform an automated vulnerability analysis using 7,free-text,single,,What value does your organization use for: Perform an automated vulnerability analysis using 7?,
sa-15.7_prm_2,SA-15,rev4,"{{ insert: param, sa-15.7_prm_2 }}",tools and results of the analysis to 7 gdn guidance,free-text,single,,What value does your organization use for: tools and results of the analysis to 7 gdn guidance?,
sa-16_prm_1,SA-16,rev4,"{{ insert: param, sa-16_prm_1 }}",system service to provide on the correct use and operation,frequency,single,daily | weekly | monthly | quarterly,What value does your organization use for: system service to provide on the correct use and operation?,
sa-17.1_prm_1,SA-17,rev4,"{{ insert: param, sa-17.1_prm_1 }}",process formal policy model describing the to be enforced and,free-text,single,,What value does your organization use for: process formal policy model describing the to be enforced and?,
sa-17.4_prm_1,SA-17,rev4,"{{ insert: param, sa-17.4_prm_1 }}",Show via that the descriptive top-level specification is,free-text,single,,What value does your organization use for: Show via that the descriptive top-level specification is?,
sa-18.2_prm_3,SA-18,rev4,"{{ insert: param, sa-18.2_prm_3 }}",one-or-more choice at random at upon insert param 2 prm,frequency,single,daily | weekly | monthly | quarterly,What value does your organization use for: one-or-more choice at random at upon insert param 2 prm?,
sa-18.2_prm_4,SA-18,rev4,"{{ insert: param, sa-18.2_prm_4 }}",insert param 2 prm 3 upon 2 prm 3 depends-on,frequency,single,daily | weekly | monthly | quarterly,What value does your organization use for: insert param 2 prm 3 upon 2 prm 3 depends-on?,
sa-18.2_prm_1,SA-18,rev4,"{{ insert: param, sa-18.2_prm_1 }}",2 statement The organization inspects insert param 2 prm 2,free-text,single,,What value does your organization use for: 2 statement The organization inspects insert param 2 prm 2?,
sa-18.2_prm_2,SA-18,rev4,"{{ insert: param, sa-18.2_prm_2 }}",inspects insert param 2 prm 1 to detect tampering 2,free-text,single,,What value does your organization use for: inspects insert param 2 prm 1 to detect tampering 2?,
sa-19_prm_2,SA-19,rev4,"{{ insert: param, sa-19_prm_2 }}",one-or-more choice source of counterfeit component insert param prm 3,role,single,System Administrator | Security Officer,What value does your organization use for: one-or-more choice source of counterfeit component insert param prm 3?,
sa-19_prm_3,SA-19,rev4,"{{ insert: param, sa-19_prm_3 }}",of counterfeit component insert param prm 2 prm 2 depends-on,free-text,single,,What value does your organization use for: of counterfeit component insert param prm 2 prm 2 depends-on?,
sa-19_prm_1,SA-19,rev4,"{{ insert: param, sa-19_prm_1 }}",Reports counterfeit information system components to gdn guidance,free-text,single,,What value does your organization use for: Reports counterfeit information system components to gdn guidance?,
sa-19.1_prm_1,SA-19,rev4,"{{ insert: param, sa-19.1_prm_1 }}",statement The organization trains to detect counterfeit information system components,free-text,single,,What value does your organization use for: statement The organization trains to detect counterfeit information system components?,
sa-19.2_prm_1,SA-19,rev4,"{{ insert: param, sa-19.2_prm_1 }}",maintains configuration control over awaiting service repair and serviced repaired,free-text,single,,What value does your organization use for: maintains configuration control over awaiting service repair and serviced repaired?,
sa-19.3_prm_1,SA-19,rev4,"{{ insert: param, sa-19.3_prm_1 }}",organization disposes of information system components using 3 gdn guidance,frequency,single,daily | weekly | monthly | quarterly,What value does your organization use for: organization disposes of information system components using 3 gdn guidance?,
sa-19.4_prm_1,SA-19,rev4,"{{ insert: param, sa-19.4_prm_1 }}",organization scans for counterfeit information system components 4 obj objective,free-text,single,,What value does your organization use for: organization scans for counterfeit information system components 4 obj objective?,
sa-20_prm_1,SA-20,rev4,"{{ insert: param, sa-20_prm_1 }}",statement The organization re-implements or custom develops gdn guidance,free-text,single,,What value does your organization use for: statement The organization re-implements or custom develops gdn guidance?,
sa-21_prm_1,SA-21,rev4,"{{ insert: param, sa-21_prm_1 }}",statement The organization requires that the developer of parts,frequency,single,daily | weekly | monthly | quarterly,What value does your organization use for: statement The organization requires that the developer of parts?,
sa-21_prm_2,SA-21,rev4,"{{ insert: param, sa-21_prm_2 }}",Have appropriate access authorizations as determined by assigned and,free-text,single,,What value does your organization use for: Have appropriate access authorizations as determined by assigned and?,
sa-21_prm_3,SA-21,rev4,"{{ insert: param, sa-21_prm_3 }}",Satisfy gdn guidance,free-text,single,,What value does your organization use for: Satisfy gdn guidance?,
sa-21.1_prm_1,SA-21,rev4,"{{ insert: param, sa-21.1_prm_1 }}",information system service take to ensure that the required access,frequency,single,daily | weekly | monthly | quarterly,What value does your organization use for: information system service take to ensure that the required access?,
sa-22.1_prm_2,SA-22,rev4,"{{ insert: param, sa-22.1_prm_2 }}",select how-many one-or-more choice in-house support 1 prm 2 depends-on,role,single,System Administrator | Security Officer,What value does your organization use for: select how-many one-or-more choice in-house support 1 prm 2 depends-on?,
sa-22.1_prm_1,SA-22,rev4,"{{ insert: param, sa-22.1_prm_1 }}",1 statement The organization provides for unsupported information system components,free-text,single,,What value does your organization use for: 1 statement The organization provides for unsupported information system components?,
sc-1_prm_1,SC-1,rev4,"{{ insert: param, sc-1_prm_1 }}",Develops documents and disseminates to parts 1,free-text,single,,What value does your organization use for: Develops documents and disseminates to parts 1?,
sc-1_prm_2,SC-1,rev4,"{{ insert: param, sc-1_prm_2 }}",1 System and communications protection policy and 2,free-text,single,,What value does your organization use for: 1 System and communications protection policy and 2?,
sc-1_prm_3,SC-1,rev4,"{{ insert: param, sc-1_prm_3 }}",2 System and communications protection procedures gdn guidance,free-text,single,,What value does your organization use for: 2 System and communications protection procedures gdn guidance?,
sc-4.2_prm_1,SC-4,rev4,"{{ insert: param, sc-4.2_prm_1 }}",resources in accordance with when system processing explicitly switches between,free-text,single,,What value does your organization use for: resources in accordance with when system processing explicitly switches between?,
sc-5_prm_1,SC-5,rev4,"{{ insert: param, sc-5_prm_1 }}",of denial of service attacks by employing insert param prm,free-text,single,,What value does your organization use for: of denial of service attacks by employing insert param prm?,
sc-5_prm_2,SC-5,rev4,"{{ insert: param, sc-5_prm_2 }}",service attacks insert param prm 1 by employing gdn guidance,free-text,single,,What value does your organization use for: service attacks insert param prm 1 by employing gdn guidance?,
sc-5.1_prm_1,SC-5,rev4,"{{ insert: param, sc-5.1_prm_1 }}",the ability of individuals to launch against other information systems,free-text,single,,What value does your organization use for: the ability of individuals to launch against other information systems?,
sc-5.3_prm_1,SC-5,rev4,"{{ insert: param, sc-5.3_prm_1 }}",Employs to detect indicators of denial of,free-text,single,,What value does your organization use for: Employs to detect indicators of denial of?,
sc-5.3_prm_2,SC-5,rev4,"{{ insert: param, sc-5.3_prm_2 }}",Monitors to determine if sufficient resources exist,free-text,single,,What value does your organization use for: Monitors to determine if sufficient resources exist?,
sc-6_prm_3,SC-6,rev4,"{{ insert: param, sc-6_prm_3 }}",2 select how-many one-or-more choice priority quota prm 3 depends-on,free-text,single,,What value does your organization use for: 2 select how-many one-or-more choice priority quota prm 3 depends-on?,
sc-6_prm_1,SC-6,rev4,"{{ insert: param, sc-6_prm_1 }}",availability of resources by allocating by insert param prm 2,free-text,single,,What value does your organization use for: availability of resources by allocating by insert param prm 2?,
sc-6_prm_2,SC-6,rev4,"{{ insert: param, sc-6_prm_2 }}",resources by allocating insert param prm 1 by gdn guidance,free-text,single,,What value does your organization use for: resources by allocating insert param prm 1 by gdn guidance?,
sc-7_prm_1,SC-7,rev4,"{{ insert: param, sc-7_prm_1 }}",system components that are separated from internal organizational networks and,free-text,single,,What value does your organization use for: system components that are separated from internal organizational networks and?,
sc-7.4_prm_1,SC-7,rev4,"{{ insert: param, sc-7.4_prm_1 }}",the traffic flow policy and removes exceptions that are no,duration,single,30 days | 60 days | 90 days,What value does your organization use for: the traffic flow policy and removes exceptions that are no?,
sc-7.8_prm_1,SC-7,rev4,"{{ insert: param, sc-7.8_prm_1 }}",statement The information system routes to insert param 8 prm,free-text,single,,What value does your organization use for: statement The information system routes to insert param 8 prm?,
sc-7.8_prm_2,SC-7,rev4,"{{ insert: param, sc-7.8_prm_2 }}",8 prm 1 to through authenticated proxy servers at managed,free-text,single,,What value does your organization use for: 8 prm 1 to through authenticated proxy servers at managed?,
sc-7.11_prm_1,SC-7.11,rev4,"{{ insert: param, sc-7.11_prm_1 }}",allows incoming communications from to be routed to insert param,free-text,single,,What value does your organization use for: allows incoming communications from to be routed to insert param?,
sc-7.11_prm_2,SC-7.11,rev4,"{{ insert: param, sc-7.11_prm_2 }}",11 prm 1 to be routed to 11 gdn guidance,free-text,single,,What value does your organization use for: 11 prm 1 to be routed to 11 gdn guidance?,
sc-7.12_prm_1,SC-7.12,rev4,"{{ insert: param, sc-7.12_prm_1 }}",12 statement The organization implements at insert param 12 prm,free-text,single,,What value does your organization use for: 12 statement The organization implements at insert param 12 prm?,
sc-7.12_prm_2,SC-7.12,rev4,"{{ insert: param, sc-7.12_prm_2 }}",implements insert param 12 prm 1 at 12 gdn guidance,free-text,single,,What value does your organization use for: implements insert param 12 prm 1 at 12 gdn guidance?,
sc-7.13_prm_1,SC-7.13,rev4,"{{ insert: param, sc-7.13_prm_1 }}",statement The organization isolates from other internal information system components,free-text,single,,What value does your organization use for: statement The organization isolates from other internal information system components?,
sc-7.14_prm_1,SC-7.14,rev4,"{{ insert: param, sc-7.14_prm_1 }}",organization protects against unauthorized physical connections at 14 gdn guidance,free-text,single,,What value does your organization use for: organization protects against unauthorized physical connections at 14 gdn guidance?,
sc-7.19_prm_1,SC-7.19,rev4,"{{ insert: param, sc-7.19_prm_1 }}",outbound communications traffic between that are independently configured by end,free-text,single,,What value does your organization use for: outbound communications traffic between that are independently configured by end?,
sc-7.20_prm_1,SC-7.20,rev4,"{{ insert: param, sc-7.20_prm_1 }}",to dynamically isolate segregate from other components of the system,free-text,single,,What value does your organization use for: to dynamically isolate segregate from other components of the system?,
sc-7.21_prm_1,SC-7.21,rev4,"{{ insert: param, sc-7.21_prm_1 }}",boundary protection mechanisms to separate supporting insert param 21 prm,free-text,single,,What value does your organization use for: boundary protection mechanisms to separate supporting insert param 21 prm?,
sc-7.21_prm_2,SC-7.21,rev4,"{{ insert: param, sc-7.21_prm_2 }}",separate insert param 21 prm 1 supporting 21 gdn guidance,free-text,single,,What value does your organization use for: separate insert param 21 prm 1 supporting 21 gdn guidance?,
sc-8_prm_1,SC-8,rev4,"{{ insert: param, sc-8_prm_1 }}",statement The information system protects the of transmitted information gdn,free-text,single,,What value does your organization use for: statement The information system protects the of transmitted information gdn?,
sc-8.1_prm_1,SC-8,rev4,"{{ insert: param, sc-8.1_prm_1 }}",implements cryptographic mechanisms to during transmission unless otherwise protected by,free-text,single,,What value does your organization use for: implements cryptographic mechanisms to during transmission unless otherwise protected by?,
sc-8.1_prm_2,SC-8,rev4,"{{ insert: param, sc-8.1_prm_2 }}",1 during transmission unless otherwise protected by 1 gdn guidance,free-text,single,,What value does your organization use for: 1 during transmission unless otherwise protected by 1 gdn guidance?,
sc-8.2_prm_1,SC-8,rev4,"{{ insert: param, sc-8.2_prm_1 }}",information system maintains the of information during preparation for transmission,free-text,single,,What value does your organization use for: information system maintains the of information during preparation for transmission?,
sc-8.3_prm_1,SC-8,rev4,"{{ insert: param, sc-8.3_prm_1 }}",protect message externals unless otherwise protected by 3 gdn guidance,free-text,single,,What value does your organization use for: protect message externals unless otherwise protected by 3 gdn guidance?,
sc-8.4_prm_1,SC-8,rev4,"{{ insert: param, sc-8.4_prm_1 }}",randomize communication patterns unless otherwise protected by 4 gdn guidance,free-text,single,,What value does your organization use for: randomize communication patterns unless otherwise protected by 4 gdn guidance?,
sc-10_prm_1,SC-10,rev4,"{{ insert: param, sc-10_prm_1 }}",the end of the session or after of inactivity gdn,free-text,single,,What value does your organization use for: the end of the session or after of inactivity gdn?,
sc-11_prm_1,SC-11,rev4,"{{ insert: param, sc-11_prm_1 }}",and the following security functions of the system gdn guidance,free-text,single,,What value does your organization use for: and the following security functions of the system gdn guidance?,
sc-12_prm_1,SC-12,rev4,"{{ insert: param, sc-12_prm_1 }}",employed within the information system in accordance with gdn guidance,duration,single,30 days | 60 days | 90 days,What value does your organization use for: employed within the information system in accordance with gdn guidance?,
sc-12.2_prm_1,SC-12,rev4,"{{ insert: param, sc-12.2_prm_1 }}",distributes symmetric cryptographic keys using key management technology and processes,free-text,single,,What value does your organization use for: distributes symmetric cryptographic keys using key management technology and processes?,
sc-12.3_prm_1,SC-12,rev4,"{{ insert: param, sc-12.3_prm_1 }}",controls and distributes asymmetric cryptographic keys using 3 obj objective,free-text,single,,What value does your organization use for: controls and distributes asymmetric cryptographic keys using 3 obj objective?,
sc-13_prm_1,SC-13,rev4,"{{ insert: param, sc-13_prm_1 }}",The information system implements in accordance with applicable federal laws,free-text,single,,What value does your organization use for: The information system implements in accordance with applicable federal laws?,
sc-15_prm_1,SC-15,rev4,"{{ insert: param, sc-15_prm_1 }}",activation of collaborative computing devices with the following exceptions and,free-text,single,,What value does your organization use for: activation of collaborative computing devices with the following exceptions and?,
sc-15.3_prm_1,SC-15,rev4,"{{ insert: param, sc-15.3_prm_1 }}",removes collaborative computing devices from in insert param 3 prm,free-text,single,,What value does your organization use for: removes collaborative computing devices from in insert param 3 prm?,
sc-15.3_prm_2,SC-15,rev4,"{{ insert: param, sc-15.3_prm_2 }}",from insert param 3 prm 1 in 3 gdn guidance,free-text,single,,What value does your organization use for: from insert param 3 prm 1 in 3 gdn guidance?,
sc-15.4_prm_1,SC-15,rev4,"{{ insert: param, sc-15.4_prm_1 }}",an explicit indication of current participants in 4 gdn guidance,free-text,single,,What value does your organization use for: an explicit indication of current participants in 4 gdn guidance?,
sc-16_prm_1,SC-16,rev4,"{{ insert: param, sc-16_prm_1 }}",The information system associates with information exchanged between information systems,free-text,single,,What value does your organization use for: The information system associates with information exchanged between information systems?,
sc-17_prm_1,SC-17,rev4,"{{ insert: param, sc-17_prm_1 }}",key certificates under an or obtains public key certificates from,free-text,single,,What value does your organization use for: key certificates under an or obtains public key certificates from?,
sc-18.1_prm_1,SC-18,rev4,"{{ insert: param, sc-18.1_prm_1 }}",statement The information system identifies and takes insert param 1,free-text,single,,What value does your organization use for: statement The information system identifies and takes insert param 1?,
sc-18.1_prm_2,SC-18,rev4,"{{ insert: param, sc-18.1_prm_2 }}",insert param 1 prm 1 and takes 1 gdn guidance,free-text,single,,What value does your organization use for: insert param 1 prm 1 and takes 1 gdn guidance?,
sc-18.2_prm_1,SC-18,rev4,"{{ insert: param, sc-18.2_prm_1 }}",be deployed in the information system meets 2 obj objective,free-text,single,,What value does your organization use for: be deployed in the information system meets 2 obj objective?,
sc-18.3_prm_1,SC-18,rev4,"{{ insert: param, sc-18.3_prm_1 }}",system prevents the download and execution of 3 obj objective,free-text,single,,What value does your organization use for: system prevents the download and execution of 3 obj objective?,
sc-18.4_prm_1,SC-18,rev4,"{{ insert: param, sc-18.4_prm_1 }}",execution of mobile code in and enforces insert param 4,free-text,single,,What value does your organization use for: execution of mobile code in and enforces insert param 4?,
sc-18.4_prm_2,SC-18,rev4,"{{ insert: param, sc-18.4_prm_2 }}",4 prm 1 and enforces prior to executing the code,free-text,single,,What value does your organization use for: 4 prm 1 and enforces prior to executing the code?,
sc-23.3_prm_1,SC-23,rev4,"{{ insert: param, sc-23.3_prm_1 }}",for each session with and recognizes only session identifiers that,free-text,single,,What value does your organization use for: for each session with and recognizes only session identifiers that?,
sc-23.5_prm_1,SC-23,rev4,"{{ insert: param, sc-23.5_prm_1 }}",allows the use of for verification of the establishment of,free-text,single,,What value does your organization use for: allows the use of for verification of the establishment of?,
sc-24_prm_1,SC-24,rev4,"{{ insert: param, sc-24_prm_1 }}",The information system fails to for insert param prm 2,free-text,single,,What value does your organization use for: The information system fails to for insert param prm 2?,
sc-24_prm_2,SC-24,rev4,"{{ insert: param, sc-24_prm_2 }}",insert param prm 1 for preserving insert param prm 3,free-text,single,,What value does your organization use for: insert param prm 1 for preserving insert param prm 3?,
sc-24_prm_3,SC-24,rev4,"{{ insert: param, sc-24_prm_3 }}",1 for insert param prm 2 preserving in failure gdn,free-text,single,,What value does your organization use for: 1 for insert param prm 2 preserving in failure gdn?,
sc-25_prm_1,SC-25,rev4,"{{ insert: param, sc-25_prm_1 }}",statement The organization employs with minimal functionality and information storage,free-text,single,,What value does your organization use for: statement The organization employs with minimal functionality and information storage?,
sc-27_prm_1,SC-27,rev4,"{{ insert: param, sc-27_prm_1 }}",statement The information system includes gdn guidance,free-text,single,,What value does your organization use for: statement The information system includes gdn guidance?,
sc-28_prm_1,SC-28,rev4,"{{ insert: param, sc-28_prm_1 }}",The information system protects the of insert param prm 2,free-text,single,,What value does your organization use for: The information system protects the of insert param prm 2?,
sc-28_prm_2,SC-28,rev4,"{{ insert: param, sc-28_prm_2 }}",system protects the insert param prm 1 of gdn guidance,free-text,single,,What value does your organization use for: system protects the insert param prm 1 of gdn guidance?,
sc-28.1_prm_1,SC-28,rev4,"{{ insert: param, sc-28.1_prm_1 }}",unauthorized disclosure and modification of on insert param 1 prm,free-text,single,,What value does your organization use for: unauthorized disclosure and modification of on insert param 1 prm?,
sc-28.1_prm_2,SC-28,rev4,"{{ insert: param, sc-28.1_prm_2 }}",of insert param 1 prm 1 on 1 gdn guidance,free-text,single,,What value does your organization use for: of insert param 1 prm 1 on 1 gdn guidance?,
sc-28.2_prm_1,SC-28,rev4,"{{ insert: param, sc-28.2_prm_1 }}",storage and stores off-line in secure location 2 gdn guidance,free-text,single,,What value does your organization use for: storage and stores off-line in secure location 2 gdn guidance?,
sc-29_prm_1,SC-29,rev4,"{{ insert: param, sc-29_prm_1 }}",of information technologies for in the implementation of the information,duration,single,30 days | 60 days | 90 days,What value does your organization use for: of information technologies for in the implementation of the information?,
sc-29.1_prm_1,SC-29,rev4,"{{ insert: param, sc-29.1_prm_1 }}",operating systems and applications that are changed 1 gdn guidance,free-text,single,,What value does your organization use for: operating systems and applications that are changed 1 gdn guidance?,
sc-30_prm_1,SC-30,rev4,"{{ insert: param, sc-30_prm_1 }}",parts statement The organization employs for insert param prm 2,free-text,single,,What value does your organization use for: parts statement The organization employs for insert param prm 2?,
sc-30_prm_2,SC-30,rev4,"{{ insert: param, sc-30_prm_2 }}",insert param prm 1 for at insert param prm 3,free-text,single,,What value does your organization use for: insert param prm 1 for at insert param prm 3?,
sc-30_prm_3,SC-30,rev4,"{{ insert: param, sc-30_prm_3 }}",insert param prm 2 at to confuse and mislead adversaries,free-text,single,,What value does your organization use for: insert param prm 2 at to confuse and mislead adversaries?,
sc-30.2_prm_1,SC-30,rev4,"{{ insert: param, sc-30.2_prm_1 }}",statement The organization employs to introduce randomness into organizational operations,free-text,single,,What value does your organization use for: statement The organization employs to introduce randomness into organizational operations?,
sc-30.3_prm_3,SC-30,rev4,"{{ insert: param, sc-30.3_prm_3 }}",storage 3 prm 2 select choice at random time intervals,frequency,single,daily | weekly | monthly | quarterly,What value does your organization use for: storage 3 prm 2 select choice at random time intervals?,
sc-30.3_prm_1,SC-30,rev4,"{{ insert: param, sc-30.3_prm_1 }}",organization changes the location of insert param 3 prm 2,free-text,single,,What value does your organization use for: organization changes the location of insert param 3 prm 2?,
sc-30.3_prm_2,SC-30,rev4,"{{ insert: param, sc-30.3_prm_2 }}",location of insert param 3 prm 1 3 gdn guidance,free-text,single,,What value does your organization use for: location of insert param 3 prm 1 3 gdn guidance?,
sc-30.4_prm_1,SC-30,rev4,"{{ insert: param, sc-30.4_prm_1 }}",but misleading information in with regard to its security state,free-text,list,,What value does your organization use for: but misleading information in with regard to its security state?,
sc-30.5_prm_1,SC-30,rev4,"{{ insert: param, sc-30.5_prm_1 }}",statement The organization employs to hide or conceal insert param,free-text,single,,What value does your organization use for: statement The organization employs to hide or conceal insert param?,
sc-30.5_prm_2,SC-30,rev4,"{{ insert: param, sc-30.5_prm_2 }}",5 prm 1 to hide or conceal 5 gdn guidance,free-text,single,,What value does your organization use for: 5 prm 1 to hide or conceal 5 gdn guidance?,
sc-31_prm_1,SC-31,rev4,"{{ insert: param, sc-31_prm_1 }}",information system that are potential avenues for covert channels and,duration,single,30 days | 60 days | 90 days,What value does your organization use for: information system that are potential avenues for covert channels and?,
sc-31.2_prm_1,SC-31,rev4,"{{ insert: param, sc-31.2_prm_1 }}",maximum bandwidth for identified covert channels to insert param 2,role,single,System Administrator | Security Officer,What value does your organization use for: maximum bandwidth for identified covert channels to insert param 2?,
sc-31.2_prm_2,SC-31,rev4,"{{ insert: param, sc-31.2_prm_2 }}",insert param 2 prm 1 channels to 2 gdn guidance,role,single,System Administrator | Security Officer,What value does your organization use for: insert param 2 prm 1 channels to 2 gdn guidance?,
sc-31.3_prm_1,SC-31,rev4,"{{ insert: param, sc-31.3_prm_1 }}",measures the bandwidth of in the operational environment of the,free-text,single,,What value does your organization use for: measures the bandwidth of in the operational environment of the?,
sc-32_prm_1,SC-32,rev4,"{{ insert: param, sc-32_prm_1 }}",the information system into residing in separate physical domains or,free-text,single,,What value does your organization use for: the information system into residing in separate physical domains or?,
sc-32_prm_2,SC-32,rev4,"{{ insert: param, sc-32_prm_2 }}",in separate physical domains or environments based on gdn guidance,free-text,single,,What value does your organization use for: in separate physical domains or environments based on gdn guidance?,
sc-34_prm_1,SC-34,rev4,"{{ insert: param, sc-34_prm_1 }}",statement The information system at parts,free-text,single,,What value does your organization use for: statement The information system at parts?,
sc-34_prm_2,SC-34,rev4,"{{ insert: param, sc-34_prm_2 }}",Loads and executes from hardware-enforced read-only media,free-text,single,,What value does your organization use for: Loads and executes from hardware-enforced read-only media?,
sc-34.1_prm_1,SC-34,rev4,"{{ insert: param, sc-34.1_prm_1 }}",statement The organization employs with no writeable storage that is,free-text,single,,What value does your organization use for: statement The organization employs with no writeable storage that is?,
sc-34.3_prm_1,SC-34,rev4,"{{ insert: param, sc-34.3_prm_1 }}",Employs hardware-based write-protect for and 3,free-text,single,,What value does your organization use for: Employs hardware-based write-protect for and 3?,
sc-34.3_prm_2,SC-34,rev4,"{{ insert: param, sc-34.3_prm_2 }}",Implements specific procedures for to manually disable hardware write-protect for,free-text,single,,What value does your organization use for: Implements specific procedures for to manually disable hardware write-protect for?,
sc-36_prm_1,SC-36,rev4,"{{ insert: param, sc-36_prm_1 }}",parts statement The organization distributes across multiple physical locations,free-text,list,,What value does your organization use for: parts statement The organization distributes across multiple physical locations?,
sc-36.1_prm_1,SC-36,rev4,"{{ insert: param, sc-36.1_prm_1 }}",identify potential faults errors or compromises to 1 gdn guidance,free-text,single,,What value does your organization use for: identify potential faults errors or compromises to 1 gdn guidance?,
sc-37_prm_1,SC-37,rev4,"{{ insert: param, sc-37_prm_1 }}",statement The organization employs for the physical delivery or electronic,free-text,single,,What value does your organization use for: statement The organization employs for the physical delivery or electronic?,
sc-37_prm_2,SC-37,rev4,"{{ insert: param, sc-37_prm_2 }}",delivery or electronic transmission of to insert param prm 3,free-text,single,,What value does your organization use for: delivery or electronic transmission of to insert param prm 3?,
sc-37_prm_3,SC-37,rev4,"{{ insert: param, sc-37_prm_3 }}",electronic transmission of insert param prm 2 to gdn guidance,free-text,single,,What value does your organization use for: electronic transmission of insert param prm 2 to gdn guidance?,
sc-37.1_prm_1,SC-37,rev4,"{{ insert: param, sc-37.1_prm_1 }}",statement The organization employs to ensure that only insert param,free-text,single,,What value does your organization use for: statement The organization employs to ensure that only insert param?,
sc-37.1_prm_2,SC-37,rev4,"{{ insert: param, sc-37.1_prm_2 }}",1 to ensure that only receive the insert param 1,free-text,single,,What value does your organization use for: 1 to ensure that only receive the insert param 1?,
sc-37.1_prm_3,SC-37,rev4,"{{ insert: param, sc-37.1_prm_3 }}",insert param 1 prm 2 receive the 1 gdn guidance,free-text,single,,What value does your organization use for: insert param 1 prm 2 receive the 1 gdn guidance?,
sc-38_prm_1,SC-38,rev4,"{{ insert: param, sc-38_prm_1 }}",statement The organization employs to protect key organizational information throughout,free-text,single,,What value does your organization use for: statement The organization employs to protect key organizational information throughout?,
sc-39.2_prm_1,SC-39,rev4,"{{ insert: param, sc-39.2_prm_1 }}",separate execution domain for each thread in 2 obj objective,free-text,single,,What value does your organization use for: separate execution domain for each thread in 2 obj objective?,
sc-40_prm_1,SC-40,rev4,"{{ insert: param, sc-40_prm_1 }}",system protects external and internal from insert param prm 2,free-text,single,,What value does your organization use for: system protects external and internal from insert param prm 2?,
sc-40_prm_2,SC-40,rev4,"{{ insert: param, sc-40_prm_2 }}",external and internal insert param prm 1 from gdn guidance,free-text,single,,What value does your organization use for: external and internal insert param prm 1 from gdn guidance?,
sc-40.1_prm_1,SC-40,rev4,"{{ insert: param, sc-40.1_prm_1 }}",cryptographic mechanisms that achieve against the effects of intentional electromagnet,free-text,single,,What value does your organization use for: cryptographic mechanisms that achieve against the effects of intentional electromagnet?,
sc-40.2_prm_1,SC-40,rev4,"{{ insert: param, sc-40.2_prm_1 }}",the detection potential of wireless links to 2 gdn guidance,free-text,single,,What value does your organization use for: the detection potential of wireless links to 2 gdn guidance?,
sc-40.4_prm_1,SC-40,rev4,"{{ insert: param, sc-40.4_prm_1 }}",prevent the identification of by using the transmitter signal parameters,free-text,single,,What value does your organization use for: prevent the identification of by using the transmitter signal parameters?,
sc-41_prm_1,SC-41,rev4,"{{ insert: param, sc-41_prm_1 }}",organization physically disables or removes on insert param prm 2,free-text,single,,What value does your organization use for: organization physically disables or removes on insert param prm 2?,
sc-41_prm_2,SC-41,rev4,"{{ insert: param, sc-41_prm_2 }}",disables or removes insert param prm 1 on gdn guidance,free-text,single,,What value does your organization use for: disables or removes insert param prm 1 on gdn guidance?,
sc-42_prm_1,SC-42,rev4,"{{ insert: param, sc-42_prm_1 }}",activation of environmental sensing capabilities with the following exceptions and,free-text,single,,What value does your organization use for: activation of environmental sensing capabilities with the following exceptions and?,
sc-42_prm_2,SC-42,rev4,"{{ insert: param, sc-42_prm_2 }}",Provides an explicit indication of sensor use to gdn guidance,free-text,single,,What value does your organization use for: Provides an explicit indication of sensor use to gdn guidance?,
sc-42.1_prm_1,SC-42,rev4,"{{ insert: param, sc-42.1_prm_1 }}",information collected by the is only reported to authorized individuals,role,single,System Administrator | Security Officer,What value does your organization use for: information collected by the is only reported to authorized individuals?,
sc-42.2_prm_1,SC-42,rev4,"{{ insert: param, sc-42.2_prm_1 }}",employs the following measures so that data or information collected,free-text,single,,What value does your organization use for: employs the following measures so that data or information collected?,
sc-42.2_prm_2,SC-42,rev4,"{{ insert: param, sc-42.2_prm_2 }}",or information collected by is only used for authorized purposes,free-text,single,,What value does your organization use for: or information collected by is only used for authorized purposes?,
sc-42.3_prm_1,SC-42,rev4,"{{ insert: param, sc-42.3_prm_1 }}",the use of devices possessing in insert param 3 prm,free-text,single,,What value does your organization use for: the use of devices possessing in insert param 3 prm?,
sc-42.3_prm_2,SC-42,rev4,"{{ insert: param, sc-42.3_prm_2 }}",possessing insert param 3 prm 1 in 3 gdn guidance,free-text,single,,What value does your organization use for: possessing insert param 3 prm 1 in 3 gdn guidance?,
sc-43_prm_1,SC-43,rev4,"{{ insert: param, sc-43_prm_1 }}",and implementation guidance for based on the potential to cause,free-text,single,,What value does your organization use for: and implementation guidance for based on the potential to cause?,
sc-44_prm_1,SC-44,rev4,"{{ insert: param, sc-44_prm_1 }}",statement The organization employs detonation chamber capability within gdn guidance,duration,single,30 days | 60 days | 90 days,What value does your organization use for: statement The organization employs detonation chamber capability within gdn guidance?,
si-1_prm_1,SI-1,rev4,"{{ insert: param, si-1_prm_1 }}",Develops documents and disseminates to parts 1,free-text,single,,What value does your organization use for: Develops documents and disseminates to parts 1?,
si-1_prm_2,SI-1,rev4,"{{ insert: param, si-1_prm_2 }}",1 System and information integrity policy and 2,free-text,single,,What value does your organization use for: 1 System and information integrity policy and 2?,
si-1_prm_3,SI-1,rev4,"{{ insert: param, si-1_prm_3 }}",2 System and information integrity procedures gdn guidance,free-text,single,,What value does your organization use for: 2 System and information integrity procedures gdn guidance?,
si-2_prm_1,SI-2,rev4,"{{ insert: param, si-2_prm_1 }}",and firmware updates within of the release of the updates,duration,single,30 days | 60 days | 90 days,What value does your organization use for: and firmware updates within of the release of the updates?,
si-2.2_prm_1,SI-2,rev4,"{{ insert: param, si-2.2_prm_1 }}",Frequency of automated checks for flaw remediation status,frequency,single,,How often does your organization use automated mechanisms to check whether information system components have applicable security-relevant software and firmware updates installed?,
si-2.3_prm_1,SI-2,rev4,"{{ insert: param, si-2.3_prm_1 }}",Benchmarks for taking corrective actions,free-text,single,,What benchmarks does your organization establish for taking corrective actions on identified flaws?,
si-2.5_prm_1,SI-2,rev4,"{{ insert: param, si-2.5_prm_1 }}",5 statement The organization installs automatically to insert param 5,free-text,single,,What value does your organization use for: 5 statement The organization installs automatically to insert param 5?,
si-2.5_prm_2,SI-2,rev4,"{{ insert: param, si-2.5_prm_2 }}",insert param 5 prm 1 automatically to 5 gdn guidance,free-text,single,,What value does your organization use for: insert param 5 prm 1 automatically to 5 gdn guidance?,
si-2.6_prm_1,SI-2,rev4,"{{ insert: param, si-2.6_prm_1 }}",statement The organization removes after updated versions have been installed,free-text,single,,What value does your organization use for: statement The organization removes after updated versions have been installed?,
si-3_prm_4,SI-3,rev4,"{{ insert: param, si-3_prm_4 }}",quarantine malicious code send alert to administrator prm 4 depends-on,free-text,single,,What value does your organization use for: quarantine malicious code send alert to administrator prm 4 depends-on?,
si-3_prm_1,SI-3,rev4,"{{ insert: param, si-3_prm_1 }}",of the information system and real-time scans of files from,duration,single,30 days | 60 days | 90 days,What value does your organization use for: of the information system and real-time scans of files from?,
si-3_prm_2,SI-3,rev4,"{{ insert: param, si-3_prm_2 }}",from external sources at as the files are downloaded opened,duration,single,30 days | 60 days | 90 days,What value does your organization use for: from external sources at as the files are downloaded opened?,
si-3_prm_3,SI-3,rev4,"{{ insert: param, si-3_prm_3 }}",2 2 in response to malicious code detection,free-text,single,,What value does your organization use for: 2 2 in response to malicious code detection?,
si-3.6_prm_1,SI-3,rev4,"{{ insert: param, si-3.6_prm_1 }}",Tests malicious code protection mechanisms by introducing known benign non-spreading,free-text,single,,What value does your organization use for: Tests malicious code protection mechanisms by introducing known benign non-spreading?,
si-3.8_prm_1,SI-3,rev4,"{{ insert: param, si-3.8_prm_1 }}",The information system detects through the kernel application programming interface,free-text,single,,What value does your organization use for: The information system detects through the kernel application programming interface?,
si-3.8_prm_2,SI-3,rev4,"{{ insert: param, si-3.8_prm_2 }}",kernel application programming interface at and insert param 8 prm,free-text,single,,What value does your organization use for: kernel application programming interface at and insert param 8 prm?,
si-3.8_prm_3,SI-3,rev4,"{{ insert: param, si-3.8_prm_3 }}",at insert param 8 prm 2 and 8 gdn guidance,free-text,single,,What value does your organization use for: at insert param 8 prm 2 and 8 gdn guidance?,
si-3.9_prm_1,SI-3,rev4,"{{ insert: param, si-3.9_prm_1 }}",statement The information system implements to authenticate insert param 9,free-text,single,,What value does your organization use for: statement The information system implements to authenticate insert param 9?,
si-3.9_prm_2,SI-3,rev4,"{{ insert: param, si-3.9_prm_2 }}",insert param 9 prm 1 to authenticate 9 gdn guidance,free-text,single,,What value does your organization use for: insert param 9 prm 1 to authenticate 9 gdn guidance?,
si-3.10_prm_1,SI-3.10,rev4,"{{ insert: param, si-3.10_prm_1 }}",Employs to analyze the characteristics and behavior,free-text,single,,What value does your organization use for: Employs to analyze the characteristics and behavior?,
si-4_prm_6,SI-4,rev4,"{{ insert: param, si-4_prm_6 }}",5 select how-many one-or-more choice as needed prm 6 depends-on,role,single,System Administrator | Security Officer,What value does your organization use for: 5 select how-many one-or-more choice as needed prm 6 depends-on?,
si-4_prm_1,SI-4,rev4,"{{ insert: param, si-4_prm_1 }}",and indicators of potential attacks in accordance with and 2,free-text,single,,What value does your organization use for: and indicators of potential attacks in accordance with and 2?,
si-4_prm_2,SI-4,rev4,"{{ insert: param, si-4_prm_2 }}",Identifies unauthorized use of the information system through,free-text,single,,What value does your organization use for: Identifies unauthorized use of the information system through?,
si-4_prm_3,SI-4,rev4,"{{ insert: param, si-4_prm_3 }}",Provides to insert param prm 4,free-text,single,,What value does your organization use for: Provides to insert param prm 4?,
si-4_prm_4,SI-4,rev4,"{{ insert: param, si-4_prm_4 }}",Provides insert param prm 3 to insert param prm 5,free-text,single,,What value does your organization use for: Provides insert param prm 3 to insert param prm 5?,
si-4_prm_5,SI-4,rev4,"{{ insert: param, si-4_prm_5 }}",param prm 3 to insert param prm 4 gdn guidance,free-text,single,,What value does your organization use for: param prm 3 to insert param prm 4 gdn guidance?,
si-4.4_prm_1,SI-4,rev4,"{{ insert: param, si-4.4_prm_1 }}",and outbound communications traffic for unusual or unauthorized activities or,free-text,single,,What value does your organization use for: and outbound communications traffic for unusual or unauthorized activities or?,
si-4.5_prm_1,SI-4,rev4,"{{ insert: param, si-4.5_prm_1 }}",The information system alerts when the following indications of compromise,free-text,single,,What value does your organization use for: The information system alerts when the following indications of compromise?,
si-4.5_prm_2,SI-4,rev4,"{{ insert: param, si-4.5_prm_2 }}",indications of compromise or potential compromise occur 5 gdn guidance,free-text,single,,What value does your organization use for: indications of compromise or potential compromise occur 5 gdn guidance?,
si-4.7_prm_1,SI-4,rev4,"{{ insert: param, si-4.7_prm_1 }}",The information system notifies of detected suspicious events and takes,free-text,single,,What value does your organization use for: The information system notifies of detected suspicious events and takes?,
si-4.7_prm_2,SI-4,rev4,"{{ insert: param, si-4.7_prm_2 }}",1 of detected suspicious events and takes 7 gdn guidance,free-text,single,,What value does your organization use for: 1 of detected suspicious events and takes 7 gdn guidance?,
si-4.9_prm_1,SI-4,rev4,"{{ insert: param, si-4.9_prm_1 }}",9 statement The organization tests intrusion-monitoring tools 9 gdn guidance,free-text,single,,What value does your organization use for: 9 statement The organization tests intrusion-monitoring tools 9 gdn guidance?,
si-4.10_prm_1,SI-4.10,rev4,"{{ insert: param, si-4.10_prm_1 }}",organization makes provisions so that is visible to insert param,free-text,single,,What value does your organization use for: organization makes provisions so that is visible to insert param?,
si-4.10_prm_2,SI-4.10,rev4,"{{ insert: param, si-4.10_prm_2 }}",param 10 prm 1 is visible to 10 gdn guidance,free-text,single,,What value does your organization use for: param 10 prm 1 is visible to 10 gdn guidance?,
si-4.11_prm_1,SI-4.11,rev4,"{{ insert: param, si-4.11_prm_1 }}",of the information system and selected to discover anomalies 11,duration,single,30 days | 60 days | 90 days,What value does your organization use for: of the information system and selected to discover anomalies 11?,
si-4.12_prm_1,SI-4.12,rev4,"{{ insert: param, si-4.12_prm_1 }}",inappropriate or unusual activities with security implications 12 gdn guidance,free-text,single,,What value does your organization use for: inappropriate or unusual activities with security implications 12 gdn guidance?,
si-4.18_prm_1,SI-4.18,rev4,"{{ insert: param, si-4.18_prm_1 }}",system perimeter and at to detect covert exfiltration of information,free-text,single,,What value does your organization use for: system perimeter and at to detect covert exfiltration of information?,
si-4.19_prm_1,SI-4.19,rev4,"{{ insert: param, si-4.19_prm_1 }}",statement The organization implements of individuals who have been identified,free-text,single,,What value does your organization use for: statement The organization implements of individuals who have been identified?,
si-4.19_prm_2,SI-4.19,rev4,"{{ insert: param, si-4.19_prm_2 }}",have been identified by as posing an increased level of,free-text,single,,What value does your organization use for: have been identified by as posing an increased level of?,
si-4.20_prm_1,SI-4.20,rev4,"{{ insert: param, si-4.20_prm_1 }}",20 statement The organization implements of privileged users 20,free-text,single,,What value does your organization use for: 20 statement The organization implements of privileged users 20?,
si-4.21_prm_1,SI-4.21,rev4,"{{ insert: param, si-4.21_prm_1 }}",21 statement The organization implements of individuals during insert param,free-text,single,,What value does your organization use for: 21 statement The organization implements of individuals during insert param?,
si-4.21_prm_2,SI-4.21,rev4,"{{ insert: param, si-4.21_prm_2 }}",param 21 prm 1 of individuals during 21 obj objective,free-text,single,,What value does your organization use for: param 21 prm 1 of individuals during 21 obj objective?,
si-4.22_prm_3,SI-4.22,rev4,"{{ insert: param, si-4.22_prm_3 }}",select how-many one-or-more choice audits alerts 22 prm 3 depends-on,role,single,System Administrator | Security Officer,What value does your organization use for: select how-many one-or-more choice audits alerts 22 prm 3 depends-on?,
si-4.22_prm_1,SI-4.22,rev4,"{{ insert: param, si-4.22_prm_1 }}",been authorized or approved by and insert param 22 prm,free-text,single,,What value does your organization use for: been authorized or approved by and insert param 22 prm?,
si-4.22_prm_2,SI-4.22,rev4,"{{ insert: param, si-4.22_prm_2 }}",by insert param 22 prm 1 and 22 gdn guidance,free-text,single,,What value does your organization use for: by insert param 22 prm 1 and 22 gdn guidance?,
si-4.23_prm_1,SI-4.23,rev4,"{{ insert: param, si-4.23_prm_1 }}",23 statement The organization implements at insert param 23 prm,free-text,single,,What value does your organization use for: 23 statement The organization implements at insert param 23 prm?,
si-4.23_prm_2,SI-4.23,rev4,"{{ insert: param, si-4.23_prm_2 }}",implements insert param 23 prm 1 at 23 gdn guidance,free-text,single,,What value does your organization use for: implements insert param 23 prm 1 at 23 gdn guidance?,
si-5_prm_3,SI-5,rev4,"{{ insert: param, si-5_prm_3 }}",2 select how-many one-or-more choice insert param prm 4 insert,free-text,single,,What value does your organization use for: 2 select how-many one-or-more choice insert param prm 4 insert?,
si-5_prm_4,SI-5,rev4,"{{ insert: param, si-5_prm_4 }}",one-or-more choice insert param prm 3 insert param prm 5,role,single,System Administrator | Security Officer,What value does your organization use for: one-or-more choice insert param prm 3 insert param prm 5?,
si-5_prm_5,SI-5,rev4,"{{ insert: param, si-5_prm_5 }}",param prm 3 insert param prm 4 prm 3 depends-on,role,single,System Administrator | Security Officer,What value does your organization use for: param prm 3 insert param prm 4 prm 3 depends-on?,
si-5_prm_1,SI-5,rev4,"{{ insert: param, si-5_prm_1 }}",security alerts advisories and directives from on an ongoing basis,free-text,single,,What value does your organization use for: security alerts advisories and directives from on an ongoing basis?,
si-5_prm_2,SI-5,rev4,"{{ insert: param, si-5_prm_2 }}",Disseminates security alerts advisories and directives to and,free-text,single,,What value does your organization use for: Disseminates security alerts advisories and directives to and?,
si-6_prm_3,SI-6,rev4,"{{ insert: param, si-6_prm_3 }}",select how-many one-or-more choice upon command by user with appropriate,free-text,single,,What value does your organization use for: select how-many one-or-more choice upon command by user with appropriate?,
si-6_prm_4,SI-6,rev4,"{{ insert: param, si-6_prm_4 }}",upon command by user with appropriate privilege prm 3 depends-on,free-text,single,,What value does your organization use for: upon command by user with appropriate privilege prm 3 depends-on?,
si-6_prm_7,SI-6,rev4,"{{ insert: param, si-6_prm_7 }}",information system down restarts the information system prm 7 depends-on,role,single,System Administrator | Security Officer,What value does your organization use for: information system down restarts the information system prm 7 depends-on?,
si-6_prm_1,SI-6,rev4,"{{ insert: param, si-6_prm_1 }}",Verifies the correct operation of,free-text,single,,What value does your organization use for: Verifies the correct operation of?,
si-6_prm_2,SI-6,rev4,"{{ insert: param, si-6_prm_2 }}",Performs this verification,free-text,single,,What value does your organization use for: Performs this verification?,
si-6_prm_5,SI-6,rev4,"{{ insert: param, si-6_prm_5 }}",Notifies of failed security verification tests and,free-text,single,,What value does your organization use for: Notifies of failed security verification tests and?,
si-6_prm_6,SI-6,rev4,"{{ insert: param, si-6_prm_6 }}",when anomalies are discovered,free-text,single,,What value does your organization use for: when anomalies are discovered?,
si-6.3_prm_1,SI-6,rev4,"{{ insert: param, si-6.3_prm_1 }}",the results of security function verification to 3 gdn guidance,free-text,single,,What value does your organization use for: the results of security function verification to 3 gdn guidance?,
si-7_prm_1,SI-7,rev4,"{{ insert: param, si-7_prm_1 }}",integrity verification tools to detect unauthorized changes to gdn guidance,free-text,single,,What value does your organization use for: integrity verification tools to detect unauthorized changes to gdn guidance?,
si-7.1_prm_3,SI-7,rev4,"{{ insert: param, si-7.1_prm_3 }}",one-or-more choice at startup at insert param 1 prm 4,free-text,single,,What value does your organization use for: one-or-more choice at startup at insert param 1 prm 4?,
si-7.1_prm_4,SI-7,rev4,"{{ insert: param, si-7.1_prm_4 }}",at insert param 1 prm 3 1 prm 3 depends-on,free-text,single,,What value does your organization use for: at insert param 1 prm 3 1 prm 3 depends-on?,
si-7.1_prm_1,SI-7,rev4,"{{ insert: param, si-7.1_prm_1 }}",performs an integrity check of insert param 1 prm 2,free-text,single,,What value does your organization use for: performs an integrity check of insert param 1 prm 2?,
si-7.1_prm_2,SI-7,rev4,"{{ insert: param, si-7.1_prm_2 }}",check of insert param 1 prm 1 1 gdn guidance,free-text,single,,What value does your organization use for: check of insert param 1 prm 1 1 gdn guidance?,
si-7.2_prm_1,SI-7,rev4,"{{ insert: param, si-7.2_prm_1 }}",that provide notification to upon discovering discrepancies during integrity verification,free-text,single,,What value does your organization use for: that provide notification to upon discovering discrepancies during integrity verification?,
si-7.5_prm_2,SI-7,rev4,"{{ insert: param, si-7.5_prm_2 }}",down restarts the information system implements 5 prm 2 depends-on,free-text,single,,What value does your organization use for: down restarts the information system implements 5 prm 2 depends-on?,
si-7.5_prm_1,SI-7,rev4,"{{ insert: param, si-7.5_prm_1 }}",statement The information system automatically when integrity violations are discovered,free-text,single,,What value does your organization use for: statement The information system automatically when integrity violations are discovered?,
si-7.7_prm_1,SI-7,rev4,"{{ insert: param, si-7.7_prm_1 }}",the detection of unauthorized into the organizational incident response capability,free-text,single,,What value does your organization use for: the detection of unauthorized into the organizational incident response capability?,
si-7.8_prm_2,SI-7,rev4,"{{ insert: param, si-7.8_prm_2 }}",record alerts current user alerts insert param 8 prm 3,role,single,System Administrator | Security Officer,What value does your organization use for: record alerts current user alerts insert param 8 prm 3?,
si-7.8_prm_3,SI-7,rev4,"{{ insert: param, si-7.8_prm_3 }}",alerts insert param 8 prm 2 8 prm 2 depends-on,role,single,System Administrator | Security Officer,What value does your organization use for: alerts insert param 8 prm 2 8 prm 2 depends-on?,
si-7.8_prm_1,SI-7,rev4,"{{ insert: param, si-7.8_prm_1 }}",the event and initiates the following actions 8 gdn guidance,free-text,single,,What value does your organization use for: the event and initiates the following actions 8 gdn guidance?,
si-7.9_prm_1,SI-7,rev4,"{{ insert: param, si-7.9_prm_1 }}",the integrity of the boot process of 9 gdn guidance,free-text,single,,What value does your organization use for: the integrity of the boot process of 9 gdn guidance?,
si-7.10_prm_1,SI-7.10,rev4,"{{ insert: param, si-7.10_prm_1 }}",The information system implements to protect the integrity of boot,free-text,single,,What value does your organization use for: The information system implements to protect the integrity of boot?,
si-7.10_prm_2,SI-7.10,rev4,"{{ insert: param, si-7.10_prm_2 }}",protect the integrity of boot firmware in 10 gdn guidance,free-text,single,,What value does your organization use for: protect the integrity of boot firmware in 10 gdn guidance?,
si-7.11_prm_1,SI-7.11,rev4,"{{ insert: param, si-7.11_prm_1 }}",statement The organization requires that execute in confined physical or,free-text,single,,What value does your organization use for: statement The organization requires that execute in confined physical or?,
si-7.12_prm_1,SI-7.12,rev4,"{{ insert: param, si-7.12_prm_1 }}",requires that the integrity of be verified prior to execution,free-text,single,,What value does your organization use for: requires that the integrity of be verified prior to execution?,
si-7.13_prm_1,SI-7.13,rev4,"{{ insert: param, si-7.13_prm_1 }}",environments and with the explicit approval of 13 gdn guidance,free-text,single,,What value does your organization use for: environments and with the explicit approval of 13 gdn guidance?,
si-7.15_prm_1,SI-7.15,rev4,"{{ insert: param, si-7.15_prm_1 }}",system implements cryptographic mechanisms to authenticate prior to installation 15,free-text,single,,What value does your organization use for: system implements cryptographic mechanisms to authenticate prior to installation 15?,
si-7.16_prm_1,SI-7.16,rev4,"{{ insert: param, si-7.16_prm_1 }}",to execute without supervision for more than 16 gdn guidance,duration,single,30 days | 60 days | 90 days,What value does your organization use for: to execute without supervision for more than 16 gdn guidance?,
si-10_prm_1,SI-10,rev4,"{{ insert: param, si-10_prm_1 }}",statement The information system checks the validity of gdn guidance,free-text,single,,What value does your organization use for: statement The information system checks the validity of gdn guidance?,
si-10.1_prm_1,SI-10,rev4,"{{ insert: param, si-10.1_prm_1 }}",Provides manual override capability for input validation of 1,free-text,single,,What value does your organization use for: Provides manual override capability for input validation of 1?,
si-10.1_prm_2,SI-10,rev4,"{{ insert: param, si-10.1_prm_2 }}",use of the manual override capability to only and 1,free-text,single,,What value does your organization use for: use of the manual override capability to only and 1?,
si-10.2_prm_1,SI-10,rev4,"{{ insert: param, si-10.2_prm_1 }}",validation errors are reviewed and resolved within 2 gdn guidance,duration,single,30 days | 60 days | 90 days,What value does your organization use for: validation errors are reviewed and resolved within 2 gdn guidance?,
si-10.5_prm_1,SI-10,rev4,"{{ insert: param, si-10.5_prm_1 }}",use of information inputs to and or insert param 5,free-text,list,,What value does your organization use for: use of information inputs to and or insert param 5?,
si-10.5_prm_2,SI-10,rev4,"{{ insert: param, si-10.5_prm_2 }}",insert param 5 prm 1 and or 5 gdn guidance,free-text,list,,What value does your organization use for: insert param 5 prm 1 and or 5 gdn guidance?,
si-11_prm_1,SI-11,rev4,"{{ insert: param, si-11_prm_1 }}",Reveals error messages only to gdn guidance,free-text,single,,What value does your organization use for: Reveals error messages only to gdn guidance?,
si-13_prm_1,SI-13,rev4,"{{ insert: param, si-13_prm_1 }}",to failure MTTF for in specific environments of operation and,free-text,single,,What value does your organization use for: to failure MTTF for in specific environments of operation and?,
si-13_prm_2,SI-13,rev4,"{{ insert: param, si-13_prm_2 }}",means to exchange active and standby components at gdn guidance,free-text,single,,What value does your organization use for: means to exchange active and standby components at gdn guidance?,
si-13.1_prm_1,SI-13,rev4,"{{ insert: param, si-13.1_prm_1 }}",substitute components no later than of mean time to failure,duration,single,30 days | 60 days | 90 days,What value does your organization use for: substitute components no later than of mean time to failure?,
si-13.3_prm_1,SI-13,rev4,"{{ insert: param, si-13.3_prm_1 }}",standby information system components if the mean time to failure,free-text,single,,What value does your organization use for: standby information system components if the mean time to failure?,
si-13.3_prm_2,SI-13,rev4,"{{ insert: param, si-13.3_prm_2 }}",if the mean time to failure exceeds 3 obj objective,free-text,single,,What value does your organization use for: if the mean time to failure exceeds 3 obj objective?,
si-13.4_prm_3,SI-13,rev4,"{{ insert: param, si-13.4_prm_3 }}",how-many one-or-more choice activates automatically shuts down the information system,duration,single,30 days | 60 days | 90 days,What value does your organization use for: how-many one-or-more choice activates automatically shuts down the information system?,
si-13.4_prm_1,SI-13,rev4,"{{ insert: param, si-13.4_prm_1 }}",standby components are successfully and transparently installed within and 4,duration,single,30 days | 60 days | 90 days,What value does your organization use for: standby components are successfully and transparently installed within and 4?,
si-13.4_prm_2,SI-13,rev4,"{{ insert: param, si-13.4_prm_2 }}",4 gdn guidance,duration,single,30 days | 60 days | 90 days,What value does your organization use for: 4 gdn guidance?,
si-13.5_prm_1,SI-13,rev4,"{{ insert: param, si-13.5_prm_1 }}",5 statement The organization provides insert param 5 prm 2,free-text,single,,What value does your organization use for: 5 statement The organization provides insert param 5 prm 2?,
si-13.5_prm_2,SI-13,rev4,"{{ insert: param, si-13.5_prm_2 }}",provides insert param 5 prm 1 for the information system,free-text,single,,What value does your organization use for: provides insert param 5 prm 1 for the information system?,
si-14_prm_3,SI-14,rev4,"{{ insert: param, si-14_prm_3 }}",end of session of use periodically at prm 3 depends-on,duration,single,30 days | 60 days | 90 days,What value does your organization use for: end of session of use periodically at prm 3 depends-on?,
si-14_prm_1,SI-14,rev4,"{{ insert: param, si-14_prm_1 }}",statement The organization implements non-persistent that are initiated in known,free-text,single,,What value does your organization use for: statement The organization implements non-persistent that are initiated in known?,
si-14_prm_2,SI-14,rev4,"{{ insert: param, si-14_prm_2 }}",that are initiated in known state and terminated gdn guidance,free-text,single,,What value does your organization use for: that are initiated in known state and terminated gdn guidance?,
si-14.1_prm_1,SI-14,rev4,"{{ insert: param, si-14.1_prm_1 }}",component and service refreshes are obtained from 1 gdn guidance,free-text,single,,What value does your organization use for: component and service refreshes are obtained from 1 gdn guidance?,
si-15_prm_1,SI-15,rev4,"{{ insert: param, si-15_prm_1 }}",validates information output from to ensure that the information is,free-text,single,,What value does your organization use for: validates information output from to ensure that the information is?,
si-16_prm_1,SI-16,rev4,"{{ insert: param, si-16_prm_1 }}",The information system implements to protect its memory from unauthorized,free-text,single,,What value does your organization use for: The information system implements to protect its memory from unauthorized?,
si-17_prm_1,SI-17,rev4,"{{ insert: param, si-17_prm_1 }}",statement The information system implements when insert param prm 2,free-text,single,,What value does your organization use for: statement The information system implements when insert param prm 2?,
si-17_prm_2,SI-17,rev4,"{{ insert: param, si-17_prm_2 }}",information system implements insert param prm 1 when gdn guidance,free-text,single,,What value does your organization use for: information system implements insert param prm 1 when gdn guidance?,
pm-1_prm_1,PM-1,rev4,"{{ insert: param, pm-1_prm_1 }}",Reviews the organization-wide information security program plan,free-text,single,,What value does your organization use for: Reviews the organization-wide information security program plan?,
pm-9_prm_1,PM-9,rev4,"{{ insert: param, pm-9_prm_1 }}",the risk management strategy or as required to address organizational,free-text,single,,What value does your organization use for: the risk management strategy or as required to address organizational?,
