ID,question,gold_source_doc,gold_source_version,control_id,answer,gold_exact_citation,odp_required,resolution_policy,source_url,effective_date
1,: What are the fundamental requirements for managing system accounts under control AC-2?,nist sp 800-53,Rev 5,AC-2,"Define and document the types of accounts allowed and specifically prohibited for use within the system; assign account managers; require {{ insert: param, ac-02_odp.01 }} for group and role membership; authorized users of the system; group and role membership; access authorizations (i.e., privileges) and {{ insert: param, ac-02_odp.02 }} for each account.","Define and document the types of accounts allowed and specifically prohibited for use within the system;
Assign account managers;
Require {{ insert: param, ac-02_odp.01 }} for group and role membership;
Authorized users of the system;
Group and role membership; and
Access authorizations (i.e., privileges) and {{ insert: param, ac-02_odp.02 }} for each account;","ac-02_odp.01, ac-02_odp.02",ASK,https://github.com/usnistgov/oscal-content/blob/v1.3.0/nist.gov/SP800-53/rev5/json/NIST_SP-800-53_rev5_catalog.json,9/23/20
2,"According to AC-3, what must an organization enforce regarding logical access to its information and systems?",nist sp 800-53,Rev 5,AC-3,Enforce approved authorizations for logical access to information and system resources in accordance with applicable access control policies.,Enforce approved authorizations for logical access to information and system resources in accordance with applicable access control policies.,N/A,N/A,https://github.com/usnistgov/oscal-content/blob/v1.3.0/nist.gov/SP800-53/rev5/json/NIST_SP-800-53_rev5_catalog.json,9/23/20
3,"What principle should be employed to limit user and process access to the minimum necessary for assigned tasks, as defined in AC-6?",nist sp 800-53,Rev 5,AC-6,"Employ the principle of least privilege, allowing only authorized access for users (and processes acting on behalf of users) that are necessary to accomplish assigned organizational tasks.","Employ the principle of least privilege, allowing only authorized access for users (and processes acting on behalf of users) that are necessary to accomplish assigned organizational tasks.",N/A,N/A,https://github.com/usnistgov/oscal-content/blob/v1.3.0/nist.gov/SP800-53/rev5/json/NIST_SP-800-53_rev5_catalog.json,9/23/20
4,How must a system be configured to handle consecutive invalid logon attempts?,nist sp 800-53,Rev 5,AC-7,"Enforce a limit of {{ insert: param, ac-07_odp.01 }} consecutive invalid logon attempts by a user during a {{ insert: param, ac-07_odp.02 }}; and automatically {{ insert: param, ac-07_odp.03 }} when the maximum number of unsuccessful attempts is exceeded.","Enforce a limit of {{ insert: param, ac-07_odp.01 }} consecutive invalid logon attempts by a user during a {{ insert: param, ac-07_odp.02 }} ; and
Automatically {{ insert: param, ac-07_odp.03 }} when the maximum number of unsuccessful attempts is exceeded.","ac-07_odp.01, ac-07_odp.02, ac-07_odp.03",FILL_FROM_PROFILE,https://github.com/usnistgov/oscal-content/blob/v1.3.0/nist.gov/SP800-53/rev5/json/NIST_SP-800-53_rev5_catalog.json,9/23/20
5,What actions must a system take to lock a session and what is required for a user to re-establish access?,nist sp 800-53,Rev 5,AC-11,"Prevent further access to the system by {{ insert: param, ac-11_odp.01 }}; and retain the device lock until the user reestablishes access using established identification and authentication procedures.","Prevent further access to the system by {{ insert: param, ac-11_odp.01 }} ; and
Retain the device lock until the user reestablishes access using established identification and authentication procedures.",ac-11_odp.01,FILL_FROM_PROFILE,https://github.com/usnistgov/oscal-content/blob/v1.3.0/nist.gov/SP800-53/rev5/json/NIST_SP-800-53_rev5_catalog.json,9/23/20
6,"What are the requirements for security and privacy literacy training, including its frequency, triggers for updates, and content sources?",nist sp 800-53,Rev 5,AT-2,"Provide security and privacy literacy training to system users (including managers, senior executives, and contractors) as part of initial training for new users and {{ insert: param, at-2_prm_1 }} thereafter; when required by system changes or following {{ insert: param, at-2_prm_2 }}; employ the following techniques to increase the security and privacy awareness of system users {{ insert: param, at-02_odp.05 }}; update literacy training and awareness content {{ insert: param, at-02_odp.06 }} and following {{ insert: param, at-02_odp.07 }}; and incorporate lessons learned from internal or external security incidents or breaches into literacy training and awareness techniques.","Provide security and privacy literacy training to system users (including managers, senior executives, and contractors):
As part of initial training for new users and {{ insert: param, at-2_prm_1 }} thereafter; and
When required by system changes or following {{ insert: param, at-2_prm_2 }};
Employ the following techniques to increase the security and privacy awareness of system users {{ insert: param, at-02_odp.05 }};
Update literacy training and awareness content {{ insert: param, at-02_odp.06 }} and following {{ insert: param, at-02_odp.07 }} ; and
Incorporate lessons learned from internal or external security incidents or breaches into literacy training and awareness techniques.","at-2_prm_1, at-2_prm_2, at-02_odp.05, at-02_odp.06, at-02_odp.07",ASK,https://github.com/usnistgov/oscal-content/blob/v1.3.0/nist.gov/SP800-53/rev5/json/NIST_SP-800-53_rev5_catalog.json,9/23/20
7,"To whom must role-based security and privacy training be provided, and what determines the timing and frequency of this training?",nist sp 800-53,Rev 5,AT-3,"Provide role-based security and privacy training to personnel with assigned security and privacy roles and responsibilities before authorizing access, when required by changes, and {{ insert: param, at-03_odp }} thereafter.","Provide role-based security and privacy training to personnel with assigned security and privacy roles and responsibilities:
Before authorizing access to the system or performing assigned duties;
When required by system changes; and {{ insert: param, at-03_odp }} thereafter.",at-03_odp,FILL_FROM_PROFILE,https://github.com/usnistgov/oscal-content/blob/v1.3.0/nist.gov/SP800-53/rev5/json/NIST_SP-800-53_rev5_catalog.json,9/23/20
8,"How must an organization document, monitor, and retain records of its security and privacy training activities?",nist sp 800-53,Rev 5,AT-4,"Document and monitor information security and privacy training activities, including security and privacy awareness training and specific role-based security and privacy training; and retain individual training records for {{ insert: param, at-04_odp }}.","Document and monitor information security and privacy training activities, including security and privacy awareness training and specific role-based security and privacy training; and
Retain individual training records for {{ insert: param, at-04_odp }}.",at-04_odp,FILL_FROM_PROFILE,https://github.com/usnistgov/oscal-content/blob/v1.3.0/nist.gov/SP800-53/rev5/json/NIST_SP-800-53_rev5_catalog.json,9/23/20
9,"According to AT-2.1, what type of activity should be included in literacy training to simulate real-world incidents?",nist sp 800-53,Rev 5,AT-2(1),Provide practical exercises in literacy training that simulate events and incidents.,Provide practical exercises in literacy training that simulate events and incidents.,N/A,N/A,https://github.com/usnistgov/oscal-content/blob/v1.3.0/nist.gov/SP800-53/rev5/json/NIST_SP-800-53_rev5_catalog.json,9/23/20
10,What method does AT-3.3 specify for reinforcing objectives in role-based security training?,nist sp 800-53,Rev 5,AT-3(3),Provide practical exercises in role-based security and privacy training that reinforce training objectives.,Provide practical exercises in role-based security and privacy training that reinforce training objectives.,N/A,N/A,https://github.com/usnistgov/oscal-content/blob/v1.3.0/nist.gov/SP800-53/rev5/json/NIST_SP-800-53_rev5_catalog.json,9/23/20
11,"What are the organizational responsibilities for defining, justifying, and maintaining the types of events to be logged by a system?",nist sp 800-53,Rev 5,AU-2,"Identify the types of events that the system is capable of logging to support the audit function {{ insert: param, au-02_odp.01 }}; coordinate the event logging function with other organizational entities; specify the following event types for logging within the system {{ insert: param, au-2_prm_2 }}; provide a rationale for why the event types selected for logging are adequate to support after-the-fact investigations of incidents; and review and update the event types selected for logging {{ insert: param, au-02_odp.04 }}.","Identify the types of events that the system is capable of logging to support the audit function: {{ insert: param, au-02_odp.01 }};
Coordinate the event logging function with other organizational entities to ensure that the logging function does not degrade or impede the logging function or the logging enforcement function and to provide and inform the selection criteria for events to be logged;
Specify the following event types for logging within the system: {{ insert: param, au-2_prm_2 }};
Provide a rationale for why the event types selected for logging are adequate to support after-the-fact investigations of incidents; and
Review and update the event types selected for logging {{ insert: param, au-02_odp.04 }}.","au-02_odp.01, au-2_prm_2, au-02_odp.04",ASK,https://github.com/usnistgov/oscal-content/blob/v1.3.0/nist.gov/SP800-53/rev5/json/NIST_SP-800-53_rev5_catalog.json,9/23/20
12,What information must each audit record contain to support after-the-fact investigation of security incidents?,nist sp 800-53,Rev 5,AU-3,"Ensure that audit records contain information that establishes what type of event occurred; when the event occurred; where the event occurred; source of the event; outcome of the event; and identity of any individuals, subjects, or objects/entities associated with the event.","Ensure that audit records contain information that establishes the following:
What type of event occurred;
When the event occurred;
Where the event occurred;
Source of the event;
Outcome of the event; and
Identity of any individuals, subjects, or objects/entities associated with the event.",N/A,N/A,https://github.com/usnistgov/oscal-content/blob/v1.3.0/nist.gov/SP800-53/rev5/json/NIST_SP-800-53_rev5_catalog.json,9/23/20
13,What factors must an organization consider when allocating audit log storage capacity to prevent the loss of audit data?,nist sp 800-53,Rev 5,AU-4,Organizations consider the types of audit logging to be performed and the audit log processing requirements when allocating audit log storage capacity. Allocating sufficient audit log storage capacity reduces the likelihood of such capacity being exceeded and resulting in the potential loss or reduction of audit logging capability.,Organizations consider the types of audit logging to be performed and the audit log processing requirements when allocating audit log storage capacity. Allocating sufficient audit log storage capacity reduces the likelihood of such capacity being exceeded and resulting in the potential loss or reduction of audit logging capability.,N/A,N/A,https://github.com/usnistgov/oscal-content/blob/v1.3.0/nist.gov/SP800-53/rev5/json/NIST_SP-800-53_rev5_catalog.json,9/23/20
14,"What is the required process for reviewing system audit records, and what actions should be taken based on the findings?",nist sp 800-53,Rev 5,AU-6,"Review and analyze system audit records {{ insert: param, au-06_odp.01 }} for indications of inappropriate or unusual activity; report findings to designated organizational officials; and adjust the level, type, and frequency of auditing based on risk, security incidents, threat information, or other credible sources of information.","Review and analyze system audit records {{ insert: param, au-06_odp.01 }} for indications of inappropriate or unusual activity;
Report findings to designated organizational officials; and
Adjust the level, type, and frequency of auditing based on risk, security incidents, threat intelligence information, or other credible sources of information.",au-06_odp.01,FILL_FROM_PROFILE,https://github.com/usnistgov/oscal-content/blob/v1.3.0/nist.gov/SP800-53/rev5/json/NIST_SP-800-53_rev5_catalog.json,9/23/20
15,What are the requirements for generating and recording time stamps in audit records to ensure accuracy?,nist sp 800-53,Rev 5,AU-8,Use internal system clocks to generate time stamps for audit records; and record time stamps for audit records that include the local time offset as part of the time stamp.,"Use internal system clocks to generate time stamps for audit records; and
Record time stamps for audit records that include the local time offset as part of the time stamp.",N/A,N/A,https://github.com/usnistgov/oscal-content/blob/v1.3.0/nist.gov/SP800-53/rev5/json/NIST_SP-800-53_rev5_catalog.json,9/23/20
16,"Describe the key steps of the formal control assessment process, from planning to reporting.",nist sp 800-53,Rev 5,CA-2,"Select the appropriate assessor or assessment team for the type of assessment to be conducted; develop a control assessment plan that describes the scope of the assessment including controls and control enhancements under assessment, assessment procedures to be used to determine control effectiveness, and assessment environment, assessment team, and assessment roles and responsibilities; ensure the control assessment plan is reviewed and approved by designated officials; assess the controls in the system and its environment of operation; and produce a control assessment report that documents the results of the assessment.","Select the appropriate assessor or assessment team for the type of assessment to be conducted;
Develop a control assessment plan that describes the scope of the assessment including:
Controls and control enhancements under assessment;
Assessment procedures to be used to determine control effectiveness; and
Assessment environment, assessment team, and assessment roles and responsibilities;
Ensure the control assessment plan is reviewed and approved by the authorizing official, senior agency information security officer, or authorizing official designated representative prior to conducting the assessment;
Assess the controls in the system and its environment of operation to determine the extent to which the controls are implemented correctly, operating as intended, and producing the desired outcome with respect to meeting established security and privacy requirements;
Produce a control assessment report that document the results of the assessment; and",N/A,N/A,https://github.com/usnistgov/oscal-content/blob/v1.3.0/nist.gov/SP800-53/rev5/json/NIST_SP-800-53_rev5_catalog.json,9/23/20
17,"What are the requirements for managing and securing information exchanges between systems, including the associated agreements?",nist sp 800-53,Rev 5,CA-3,"Approve and manage the exchange of information between the system and other systems; document and approve the information exchange agreements {{ insert: param, ca-03_odp.01 }}; review and update the information exchange agreements {{ insert: param, ca-03_odp.02 }}; and protect information exchanges with appropriate security and privacy safeguards {{ insert: param, ca-03_odp.03 }}.","Approve and manage the exchange of information between the system and other systems;
Document and approve the information exchange agreements {{ insert: param, ca-03_odp.01 }};
Review and update the information exchange agreements {{ insert: param, ca-03_odp.02 }}; and
Protect information exchanges with appropriate security and privacy safeguards {{ insert: param, ca-03_odp.03 }}.","ca-03_odp.01, ca-03_odp.02, ca-03_odp.03",ASK,https://github.com/usnistgov/oscal-content/blob/v1.3.0/nist.gov/SP800-53/rev5/json/NIST_SP-800-53_rev5_catalog.json,9/23/20
18,What is the purpose of a plan of action and milestones (POA&M) in addressing identified control weaknesses?,nist sp 800-53,Rev 5,CA-5,Develop a plan of action and milestones for the system to document the planned remediation actions of the organization to correct weaknesses or deficiencies noted during the assessment of the controls and to reduce or eliminate known vulnerabilities in the system,Develop a plan of action and milestones for the system to document the planned remediation actions of the organization to correct weaknesses or deficiencies noted during the assessment of the controls and to reduce or eliminate known vulnerabilities in the system; and,N/A,N/A,https://github.com/usnistgov/oscal-content/blob/v1.3.0/nist.gov/SP800-53/rev5/json/NIST_SP-800-53_rev5_catalog.json,9/23/20
19,What are the primary responsibilities of an authorizing official regarding system authorization and risk determination?,nist sp 800-53,Rev 5,CA-6,"Assign a senior official as the authorizing official for the system; require the authorizing official to issue an authorization decision for the system; require the authorizing official to determine the risk to organizational operations and assets, individuals, other organizations, and the Nation; and update the authorizations {{ insert: param, ca-06_odp }}.","Assign a senior official as the authorizing official for the system;
Require the authorizing official to issue an authorization decision for the system;
Require the authorizing official to determine the risk to organizational operations and assets, individuals, other organizations, and the Nation; and
Update the authorizations {{ insert: param, ca-06_odp }}.",ca-06_odp,FILL_FROM_PROFILE,https://github.com/usnistgov/oscal-content/blob/v1.3.0/nist.gov/SP800-53/rev5/json/NIST_SP-800-53_rev5_catalog.json,9/23/20
20,"According to CA-7, what must an organization do to develop and implement a system-level continuous monitoring strategy?",nist sp 800-53,Rev 5,CA-7,"Develop a system-level continuous monitoring strategy and implement continuous monitoring in accordance with the strategy that includes {{ insert: param, ca-7_prm_1 }}, {{ insert: param, ca-7_prm_2 }}, {{ insert: param, ca-7_prm_3 }}, {{ insert: param, ca-7_prm_4 }} {{ insert: param, ca-7_prm_5 }}.","Develop a system-level continuous monitoring strategy and implement continuous monitoring in accordance with the strategy that includes {{ insert: param, ca-7_prm_1 }}, {{ insert: param, ca-7_prm_2 }}, {{ insert: param, ca-7_prm_3 }}, {{ insert: param, ca-7_prm_4 }} {{ insert: param, ca-7_prm_5 }}.","ca-7_prm_1, ca-7_prm_2, ca-7_prm_3, ca-7_prm_4, ca-7_prm_5",ASK,https://github.com/usnistgov/oscal-content/blob/v1.3.0/nist.gov/SP800-53/rev5/json/NIST_SP-800-53_rev5_catalog.json,9/23/20
21,What are the lifecycle requirements for system baseline configurations?,nist sp 800-53,Rev 5,CM-2,"Develop, document, and maintain under configuration control, a current baseline configuration of the system; and review and update the baseline configuration of the system: {{ insert: param, cm-02_odp.01 }}; when required due to {{ insert: param, cm-02_odp.02 }} ; and","Develop, document, and maintain under configuration control, a current baseline configuration of the system; and
Review and update the baseline configuration of the system:
{{ insert: param, cm-02_odp.01 }};
When required due to {{ insert: param, cm-02_odp.02 }} ; and","cm-02_odp.01, cm-02_odp.02",ASK,https://github.com/usnistgov/oscal-content/blob/v1.3.0/nist.gov/SP800-53/rev5/json/NIST_SP-800-53_rev5_catalog.json,9/23/20
22,"What must an organization do to manage configuration-controlled changes, including documenting and assessing their security and privacy impacts?",nist sp 800-53,Rev 5,CM-3,Determine and document the types of changes to the system that are configuration-controlled; review proposed configuration-controlled changes to the system with explicit consideration for security and privacy impact analyses; document configuration change decisions associated with the system; implement approved configuration-controlled changes to the system;,"Determine and document the types of changes to the system that are configuration-controlled;
Review proposed configuration-controlled changes to the system with explicit consideration for security and privacy impact analyses;
Document configuration change decisions associated with the system;
Implement approved configuration-controlled changes to the system;",N/A,N/A,https://github.com/usnistgov/oscal-content/blob/v1.3.0/nist.gov/SP800-53/rev5/json/NIST_SP-800-53_rev5_catalog.json,9/23/20
23,What should be analyzed before implementing a system change?,nist sp 800-53,Rev 5,CM-4,Analyze changes to the system to determine potential security and privacy impacts prior to change implementation.,Analyze changes to the system to determine potential security and privacy impacts prior to change implementation.,N/A,N/A,https://github.com/usnistgov/oscal-content/blob/v1.3.0/nist.gov/SP800-53/rev5/json/NIST_SP-800-53_rev5_catalog.json,9/23/20
24,"In CM-6, how should configuration settings be established, approved, and monitored?",nist sp 800-53,Rev 5,CM-6,"Establish and document configuration settings for components employed in the system that reflect the most restrictive mode consistent with operational requirements using {{ insert: param, cm-06_odp.01 }}; implement the configuration settings; identify, document, and approve any deviations from established configuration settings for {{ insert: param, cm-06_odp.02 }} based on {{ insert: param, cm-06_odp.03 }} ; and monitor and control changes to the configuration settings in accordance with organizational policies and procedures.","Establish and document configuration settings for components employed in the system that reflect the most restrictive mode consistent with operational requirements using {{ insert: param, cm-06_odp.01 }};
Implement the configuration settings;
Identify, document, and approve any deviations from established configuration settings for {{ insert: param, cm-06_odp.02 }} based on {{ insert: param, cm-06_odp.03 }} ; and
Monitor and control changes to the configuration settings in accordance with organizational policies and procedures.","cm-06_odp.01, cm-06_odp.02, cm-06_odp.03",ASK,https://github.com/usnistgov/oscal-content/blob/v1.3.0/nist.gov/SP800-53/rev5/json/NIST_SP-800-53_rev5_catalog.json,9/23/20
25,"What are the requirements for developing, maintaining, and updating a system component inventory?",nist sp 800-53,Rev 5,CM-8,"Develop and document an inventory of system components that accurately reflects the system; includes all components within the system; does not include duplicate accounting of components or components assigned to any other system; is at the level of granularity deemed necessary for tracking and reporting; and includes the following information to achieve system component accountability: {{ insert: param, cm-08_odp.01 }} ; and review and update the system component inventory {{ insert: param, cm-08_odp.02 }}.","Develop and document an inventory of system components that:
Accurately reflects the system;
Includes all components within the system;
Does not include duplicate accounting of components or components assigned to any other system;
Is at the level of granularity deemed necessary for tracking and reporting; and
Includes the following information to achieve system component accountability: {{ insert: param, cm-08_odp.01 }} ; and
Review and update the system component inventory {{ insert: param, cm-08_odp.02 }}.","cm-08_odp.01, cm-08_odp.02",ASK,https://github.com/usnistgov/oscal-content/blob/v1.3.0/nist.gov/SP800-53/rev5/json/NIST_SP-800-53_rev5_catalog.json,9/23/20
26,"What are the key elements that must be included in a contingency plan, and how should it be reviewed, distributed, and updated?",nist sp 800-53,Rev 5,CP-2,"Develop a contingency plan for the system that identifies essential mission and business functions and associated contingency requirements; provides recovery objectives, restoration priorities, and metrics; addresses contingency roles, responsibilities, assigned individuals with contact information; addresses maintaining essential mission and business functions despite a system disruption, compromise, or failure; addresses eventual, full system restoration without deterioration of the controls originally planned and implemented; addresses the sharing of contingency information; and is reviewed and approved by {{ insert: param, cp-2_prm_1 }}; distribute copies of the contingency plan to {{ insert: param, cp-2_prm_2 }}; coordinate contingency planning activities with incident handling activities; review the contingency plan for the system {{ insert: param, cp-02_odp.05 }}; update the contingency plan to address changes to the organization, system, or environment of operation and problems identified during contingency plan implementation, execution, or testing;","Develop a contingency plan for the system that:
Identifies essential mission and business functions and associated contingency requirements;
Provides recovery objectives, restoration priorities, and metrics;
Addresses contingency roles, responsibilities, assigned individuals with contact information;
Addresses maintaining essential mission and business functions despite a system disruption, compromise, or failure;
Addresses eventual, full system restoration without deterioration of the controls originally planned and implemented;
Addresses the sharing of contingency information; and
Is reviewed and approved by {{ insert: param, cp-2_prm_1 }};
Distribute copies of the contingency plan to {{ insert: param, cp-2_prm_2 }};
Coordinate contingency planning activities with incident handling activities;
Review the contingency plan for the system {{ insert: param, cp-02_odp.05 }};
Update the contingency plan to address changes to the organization, system, or environment of operation and problems identified during contingency plan implementation, execution, or testing;","cp-2_prm_1, cp-2_prm_2, cp-02_odp.05",ASK,https://github.com/usnistgov/oscal-content/blob/v1.3.0/nist.gov/SP800-53/rev5/json/NIST_SP-800-53_rev5_catalog.json,9/23/20
27,When and how should contingency training be provided to system users based on their assigned roles and responsibilities?,nist sp 800-53,Rev 5,CP-3,"Provide contingency training to system users consistent with assigned roles and responsibilities within {{ insert: param, cp-03_odp.01 }} of assuming a contingency role or responsibility; when required by system changes; and {{ insert: param, cp-03_odp.02 }} thereafter; and review and update contingency training content {{ insert: param, cp-03_odp.03 }} and following {{ insert: param, cp-03_odp.04 }}.","Provide contingency training to system users consistent with assigned roles and responsibilities:
Within {{ insert: param, cp-03_odp.01 }} of assuming a contingency role or responsibility;
When required by system changes; and
{{ insert: param, cp-03_odp.02 }} thereafter; and
Review and update contingency training content {{ insert: param, cp-03_odp.03 }} and following {{ insert: param, cp-03_odp.04 }}.","cp-03_odp.01, cp-03_odp.02, cp-03_odp.03, cp-03_odp.04",FILL_FROM_PROFILE,https://github.com/usnistgov/oscal-content/blob/v1.3.0/nist.gov/SP800-53/rev5/json/NIST_SP-800-53_rev5_catalog.json,9/23/20
28,"How frequently must contingency plans be tested, and what should be done after reviewing the test results?",nist sp 800-53,Rev 5,CP-4,"Test the contingency plan for the system {{ insert: param, cp-04_odp.01 }} using the following tests to determine the effectiveness of the plan and the readiness to execute the plan: {{ insert: param, cp-4_prm_2 }}. Review the contingency plan test results; and initiate corrective actions, if needed.","Test the contingency plan for the system {{ insert: param, cp-04_odp.01 }} using the following tests to determine the effectiveness of the plan and the readiness to execute the plan: {{ insert: param, cp-4_prm_2 }}.
Review the contingency plan test results; and
Initiate corrective actions, if needed.","cp-04_odp.01, cp-4_prm_2",ASK,https://github.com/usnistgov/oscal-content/blob/v1.3.0/nist.gov/SP800-53/rev5/json/NIST_SP-800-53_rev5_catalog.json,9/23/20
29,What are the requirements for establishing and maintaining an alternate processing site to resume essential operations?,nist sp 800-53,Rev 5,CP-7,"Establish an alternate processing site, including necessary agreements to permit the transfer and resumption of {{ insert: param, cp-07_odp.01 }} within {{ insert: param, cp-07_odp.02 }} when the primary processing capabilities are unavailable; make available at the alternate processing site, the equipment and supplies required to transfer and resume operations within the site within {{ insert: param, cp-07_odp.02 }} for transfer and {{ insert: param, cp-07_odp.02 }} for resumption; and provide controls at the alternate processing site that are equivalent to those at the primary site.","Establish an alternate processing site, including necessary agreements to permit the transfer and resumption of {{ insert: param, cp-07_odp.01 }} within {{ insert: param, cp-07_odp.02 }} when the primary processing capabilities are unavailable;
Make available at the alternate processing site, the equipment and supplies required to transfer and resume operations within the site within {{ insert: param, cp-07_odp.02 }} for transfer and {{ insert: param, cp-07_odp.02 }} for resumption;
Provide controls at the alternate processing site that are equivalent to those at the primary site.","cp-07_odp.01, cp-07_odp.02",ASK,https://github.com/usnistgov/oscal-content/blob/v1.3.0/nist.gov/SP800-53/rev5/json/NIST_SP-800-53_rev5_catalog.json,9/23/20
30,What actions must be taken to ensure that system and user-level information is backed up and that backup data remains protected?,nist sp 800-53,Rev 5,CP-9,"Conduct backups of user-level information contained in {{ insert: param, cp-09_odp.01 }} {{ insert: param, cp-09_odp.02 }}; conduct backups of system-level information contained in the system {{ insert: param, cp-09_odp.03 }}; conduct backups of system documentation, including security-related documentation and privacy-related documentation {{ insert: param, cp-09_odp.04 }} ; and protect the confidentiality, integrity, and availability of backup information.","Conduct backups of user-level information contained in {{ insert: param, cp-09_odp.01 }} {{ insert: param, cp-09_odp.02 }};
Conduct backups of system-level information contained in the system {{ insert: param, cp-09_odp.03 }};
Conduct backups of system documentation, including security-related documentation and privacy-related documentation {{ insert: param, cp-09_odp.04 }} ; and
Protect the confidentiality, integrity, and availability of backup information.","cp-09_odp.01, cp-09_odp.02, cp-09_odp.03, cp-09_odp.04",ASK,https://github.com/usnistgov/oscal-content/blob/v1.3.0/nist.gov/SP800-53/rev5/json/NIST_SP-800-53_rev5_catalog.json,9/23/20
31,How must organizations identify and authenticate users and associate them with processes acting on their behalf?,nist sp 800-53,Rev 5,IA-2,Uniquely identify and authenticate organizational users and associate such users with processes acting on behalf of those users.,Uniquely identify and authenticate organizational users and associate such users with processes acting on behalf of those users.,N/A,N/A,https://github.com/usnistgov/oscal-content/blob/v1.3.0/nist.gov/SP800-53/rev5/json/NIST_SP-800-53_rev5_catalog.json,9/23/20
32,"What are the requirements for assigning, authorizing, and preventing reuse of system identifiers for individuals, groups, or devices?",nist sp 800-53,Rev 5,IA-4,"Manage system identifiers by receiving authorization from {{ insert: param, ia-04_odp.01 }} to assign an individual, group, role, service, or device identifier; selecting an identifier that identifies an individual, group, role, service, or device; assigning the identifier to the intended individual, group, role, service, or device; and preventing reuse of identifiers for {{ insert: param, ia-04_odp.02 }}.","Manage system identifiers by:
Receiving authorization from {{ insert: param, ia-04_odp.01 }} to assign an individual, group, role, service, or device identifier;
Selecting an identifier that identifies an individual, group, role, service, or device;
Assigning the identifier to the intended individual, group, role, service, or device; and
Preventing reuse of identifiers for {{ insert: param, ia-04_odp.02 }}.","ia-04_odp.01, ia-04_odp.02",FILL_FROM_PROFILE,https://github.com/usnistgov/oscal-content/blob/v1.3.0/nist.gov/SP800-53/rev5/json/NIST_SP-800-53_rev5_catalog.json,9/23/20
33,"How should organizations manage authenticators, including their distribution, protection, and periodic updates?",nist sp 800-53,Rev 5,IA-5,"Manage system authenticators by verifying, as part of the initial authenticator distribution, the identity of the individual, group, role, service, or device receiving the authenticator; establishing initial authenticator content for any authenticators issued by the organization; ensuring that authenticators have sufficient strength of mechanism for their intended use; establishing and implementing administrative procedures for initial authenticator distribution, for lost, compromised or damaged authenticators, and for revoking authenticators; changing default authenticators prior to first use; changing or refreshing authenticators {{ insert: param, ia-05_odp.01 }} or when {{ insert: param, ia-05_odp.02 }} occur; protecting authenticator content from unauthorized disclosure and modification; requiring individuals to take, and having devices implement, specific controls to protect authenticators; and changing authenticators for group or role accounts when membership to those accounts changes.","Manage system authenticators by:
Verifying, as part of the initial authenticator distribution, the identity of the individual, group, role, service, or device receiving the authenticator;
Establishing initial authenticator content for any authenticators issued by the organization;
Ensuring that authenticators have sufficient strength of mechanism for their intended use;
Establishing and implementing administrative procedures for initial authenticator distribution, for lost, compromised or damaged authenticators, and for revoking authenticators;
Changing default authenticators prior to first use;
Changing or refreshing authenticators {{ insert: param, ia-05_odp.01 }} or when {{ insert: param, ia-05_odp.02 }} occur;
Protecting authenticator content from unauthorized disclosure and modification;
Requiring individuals to take, and having devices implement, specific controls to protect authenticators; and
Changing authenticators for group or role accounts when membership to those accounts changes.","ia-05_odp.01, ia-05_odp.02",FILL_FROM_PROFILE,https://github.com/usnistgov/oscal-content/blob/v1.3.0/nist.gov/SP800-53/rev5/json/NIST_SP-800-53_rev5_catalog.json,9/23/20
34,What does NIST require to protect authentication information from disclosure during the authentication process?,nist sp 800-53,Rev 5,IA-6,Obscure feedback of authentication information during the authentication process to protect the information from possible exploitation and use by unauthorized individuals.,Obscure feedback of authentication information during the authentication process to protect the information from possible exploitation and use by unauthorized individuals.,N/A,N/A,https://github.com/usnistgov/oscal-content/blob/v1.3.0/nist.gov/SP800-53/rev5/json/NIST_SP-800-53_rev5_catalog.json,9/23/20
35,How should organizations handle identification and authentication of non-organizational users accessing federal systems?,nist sp 800-53,Rev 5,IA-8,"Non-organizational users include system users other than organizational users explicitly covered by [IA-2](#ia-2) . Non-organizational users are uniquely identified and authenticated for accesses other than those explicitly identified and documented in [AC-14](#ac-14) . Identification and authentication of non-organizational users accessing federal systems may be required to protect federal, proprietary, or privacy-related information (with exceptions noted for national security systems). Organizations consider many factors—including security, privacy, scalability, and practicality—when balancing the need to ensure ease of use for access to federal information and systems with the need to protect and adequately mitigate risk.","Non-organizational users include system users other than organizational users explicitly covered by [IA-2](#ia-2) . Non-organizational users are uniquely identified and authenticated for accesses other than those explicitly identified and documented in [AC-14](#ac-14) . Identification and authentication of non-organizational users accessing federal systems may be required to protect federal, proprietary, or privacy-related information (with exceptions noted for national security systems). Organizations consider many factors—including security, privacy, scalability, and practicality—when balancing the need to ensure ease of use for access to federal information and systems with the need to protect and adequately mitigate risk.",N/A,N/A,https://github.com/usnistgov/oscal-content/blob/v1.3.0/nist.gov/SP800-53/rev5/json/NIST_SP-800-53_rev5_catalog.json,9/23/20
36,"When should incident response training be provided, and how often should its content be reviewed and updated?",nist sp 800-53,Rev 5,IR-2,"Provide incident response training to system users consistent with assigned roles and responsibilities within {{ insert: param, ir-02_odp.01 }} of assuming an incident response role or responsibility or acquiring system access; when required by system changes; and {{ insert: param, ir-02_odp.02 }} thereafter; and review and update incident response training content {{ insert: param, ir-02_odp.03 }} and following {{ insert: param, ir-02_odp.04 }}.","Provide incident response training to system users consistent with assigned roles and responsibilities:
Within {{ insert: param, ir-02_odp.01 }} of assuming an incident response role or responsibility or acquiring system access;
When required by system changes; and
{{ insert: param, ir-02_odp.02 }} thereafter; and
Review and update incident response training content {{ insert: param, ir-02_odp.03 }} and following {{ insert: param, ir-02_odp.04 }}.","ir-02_odp.01, ir-02_odp.02, ir-02_odp.03, ir-02_odp.04",FILL_FROM_PROFILE,https://github.com/usnistgov/oscal-content/blob/v1.3.0/nist.gov/SP800-53/rev5/json/NIST_SP-800-53_rev5_catalog.json,9/23/20
37,"How often should organizations test the effectiveness of their incident response capabilities, and what kinds of tests may be used?",nist sp 800-53,Rev 5,IR-3,"Test the effectiveness of the incident response capability for the system {{ insert: param, ir-03_odp.01 }} using the following tests: {{ insert: param, ir-03_odp.02 }}.","Test the effectiveness of the incident response capability for the system {{ insert: param, ir-03_odp.01 }} using the following tests: {{ insert: param, ir-03_odp.02 }}.","ir-03_odp.01, ir-03_odp.02",ASK,https://github.com/usnistgov/oscal-content/blob/v1.3.0/nist.gov/SP800-53/rev5/json/NIST_SP-800-53_rev5_catalog.json,9/23/20
38,"What are the key elements of implementing an effective incident handling capability, including coordination and lessons learned?",nist sp 800-53,Rev 5,IR-4,"Implement an incident handling capability for incidents that is consistent with the incident response plan; coordinate incident handling activities with contingency planning activities; incorporate lessons learned from ongoing incident handling activities into incident response procedures, training, and testing, and implement the resulting changes accordingly; and ensure the rigor, intensity, scope, and results of incident handling activities are comparable and predictable across the organization.","Implement an incident handling capability for incidents that is consistent with the incident response plan;
Coordinate incident handling activities with contingency planning activities;
Incorporate lessons learned from ongoing incident handling activities into incident response procedures, training, and testing, and implement the resulting changes accordingly; and
Ensure the rigor, intensity, scope, and results of incident handling activities are comparable and predictable across the organization.",N/A,N/A,https://github.com/usnistgov/oscal-content/blob/v1.3.0/nist.gov/SP800-53/rev5/json/NIST_SP-800-53_rev5_catalog.json,9/23/20
39,What information should organizations maintain and analyze when documenting and reviewing security incidents?,nist sp 800-53,Rev 5,IR-5,"Documenting incidents includes maintaining records about each incident, the status of the incident, and other pertinent information necessary for forensics as well as evaluating incident details, trends, and handling. Incident information can be obtained from a variety of sources, including network monitoring, incident reports, incident response teams, user complaints, supply chain partners, audit monitoring, physical access monitoring, and user and administrator reports. [IR-4](#ir-4) provides information on the types of incidents that are appropriate for monitoring.","Documenting incidents includes maintaining records about each incident, the status of the incident, and other pertinent information necessary for forensics as well as evaluating incident details, trends, and handling. Incident information can be obtained from a variety of sources, including network monitoring, incident reports, incident response teams, user complaints, supply chain partners, audit monitoring, physical access monitoring, and user and administrator reports. [IR-4](#ir-4) provides information on the types of incidents that are appropriate for monitoring.",N/A,N/A,https://github.com/usnistgov/oscal-content/blob/v1.3.0/nist.gov/SP800-53/rev5/json/NIST_SP-800-53_rev5_catalog.json,9/23/20
40,"What are the reporting requirements for suspected or confirmed incidents, including notification timeframes and recipients?",nist sp 800-53,Rev 5,IR-6,"Require personnel to report suspected incidents to the organizational incident response capability within {{ insert: param, ir-06_odp.01 }}; and report incident information to {{ insert: param, ir-06_odp.02 }}.","Require personnel to report suspected incidents to the organizational incident response capability within {{ insert: param, ir-06_odp.01 }} ; and
Report incident information to {{ insert: param, ir-06_odp.02 }}.","ir-06_odp.01, ir-06_odp.02",ASK,https://github.com/usnistgov/oscal-content/blob/v1.3.0/nist.gov/SP800-53/rev5/json/NIST_SP-800-53_rev5_catalog.json,9/23/20
41,"What are the requirements for scheduling, approving, monitoring, and documenting system maintenance, including off-site servicing and sanitization procedures?",nist sp 800-53,Rev 5,MA-2,"Schedule, document, and review records of maintenance, repair, and replacement of system components in accordance with manufacturer or vendor specifications and/or organizational requirements; approve and monitor all maintenance activities, whether performed on site or remotely and whether the system or system components are serviced on site or removed to another location; require that {{ insert: param, ma-02_odp.01 }} explicitly approve the removal of the system or system components from organizational facilities for off-site maintenance, repair, or replacement; sanitize equipment to remove the following information from associated media prior to off-site maintenance, repair, or replacement: {{ insert: param, ma-02_odp.02 }}; check all potentially impacted controls to verify that the controls are not adversely affected and are still performing as intended after maintenance, repair, or replacement actions; and include the following information in organizational maintenance records: {{ insert: param, ma-02_odp.03 }}.","Schedule, document, and review records of maintenance, repair, and replacement of system components in accordance with manufacturer or vendor specifications and/or organizational requirements;
Approve and monitor all maintenance activities, whether performed on site or remotely and whether the system or system components are serviced on site or removed to another location;
Require that {{ insert: param, ma-02_odp.01 }} explicitly approve the removal of the system or system components from organizational facilities for off-site maintenance, repair, or replacement;
Sanitize equipment to remove the following information from associated media prior to off-site maintenance, repair, or replacement: {{ insert: param, ma-02_odp.02 }};
Check all potentially impacted controls to verify that the controls are not adversely affected and are still performing as intended after maintenance, repair, or replacement actions; and
Include the following information in organizational maintenance records: {{ insert: param, ma-02_odp.03 }}.","ma-02_odp.01, ma-02_odp.02, ma-02_odp.03",ASK,https://github.com/usnistgov/oscal-content/blob/v1.3.0/nist.gov/SP800-53/rev5/json/NIST_SP-800-53_rev5_catalog.json,9/23/20
42,"How should organizations approve, control, and periodically review the use of system maintenance tools?",nist sp 800-53,Rev 5,MA-3,"Approve, control, and monitor the use of system maintenance tools; and review previously approved system maintenance tools {{ insert: param, ma-03_odp }}.","Approve, control, and monitor the use of system maintenance tools; and
Review previously approved system maintenance tools {{ insert: param, ma-03_odp }}.",ma-03_odp,FILL_FROM_PROFILE,https://github.com/usnistgov/oscal-content/blob/v1.3.0/nist.gov/SP800-53/rev5/json/NIST_SP-800-53_rev5_catalog.json,9/23/20
43,"What must organizations do to authorize, secure, and record nonlocal maintenance and diagnostic activities?",nist sp 800-53,Rev 5,MA-4,Approve and monitor nonlocal maintenance and diagnostic activities; allow the use of nonlocal maintenance and diagnostic tools only as consistent with organizational policy and documented in the security plan for the system; employ strong authentication in the establishment of nonlocal maintenance and diagnostic sessions; maintain records for nonlocal maintenance and diagnostic activities; and terminate session and network connections when nonlocal maintenance is completed.,"Approve and monitor nonlocal maintenance and diagnostic activities;
Allow the use of nonlocal maintenance and diagnostic tools only as consistent with organizational policy and documented in the security plan for the system;
Employ strong authentication in the establishment of nonlocal maintenance and diagnostic sessions;
Maintain records for nonlocal maintenance and diagnostic activities; and
Terminate session and network connections when nonlocal maintenance is completed.",N/A,N/A,https://github.com/usnistgov/oscal-content/blob/v1.3.0/nist.gov/SP800-53/rev5/json/NIST_SP-800-53_rev5_catalog.json,9/23/20
44,What process should be established for authorizing maintenance personnel and ensuring appropriate escorting and access control during maintenance?,nist sp 800-53,Rev 5,MA-5,Establish a process for maintenance personnel authorization and maintain a list of authorized maintenance organizations or personnel; verify that non-escorted personnel performing maintenance on the system possess the required access authorizations; and designate organizational personnel with required access authorizations to escort maintenance personnel who do not possess the required access authorizations.,"Establish a process for maintenance personnel authorization and maintain a list of authorized maintenance organizations or personnel;
Verify that non-escorted personnel performing maintenance on the system possess the required access authorizations; and
Designate organizational personnel with required access authorizations to escort maintenance personnel who do not possess the required access authorizations.",N/A,N/A,https://github.com/usnistgov/oscal-content/blob/v1.3.0/nist.gov/SP800-53/rev5/json/NIST_SP-800-53_rev5_catalog.json,9/23/20
45,How should organizations identify critical system components and obtain maintenance support to mitigate risk when those components fail?,nist sp 800-53,Rev 5,MA-6,"Organizations specify the system components that result in increased risk to organizational operations and assets, individuals, other organizations, or the Nation when the functionality provided by those components is not operational. Organizational actions to obtain maintenance support include having appropriate contracts in place.","Organizations specify the system components that result in increased risk to organizational operations and assets, individuals, other organizations, or the Nation when the functionality provided by those components is not operational. Organizational actions to obtain maintenance support include having appropriate contracts in place.",N/A,N/A,https://github.com/usnistgov/oscal-content/blob/v1.3.0/nist.gov/SP800-53/rev5/json/NIST_SP-800-53_rev5_catalog.json,9/23/20
46,How should access to both digital and non-digital system media be restricted to authorized individuals?,nist sp 800-53,Rev 5,MP-2,"System media includes digital and non-digital media. Digital media includes flash drives, diskettes, magnetic tapes, external or removable hard disk drives (e.g., solid state, magnetic), compact discs, and digital versatile discs. Non-digital media includes paper and microfilm. Denying access to patient medical records in a community hospital unless the individuals seeking access to such records are authorized healthcare providers is an example of restricting access to non-digital media. Limiting access to the design specifications stored on compact discs in the media library to individuals on the system development team is an example of restricting access to digital media.","System media includes digital and non-digital media. Digital media includes flash drives, diskettes, magnetic tapes, external or removable hard disk drives (e.g., solid state, magnetic), compact discs, and digital versatile discs. Non-digital media includes paper and microfilm. Denying access to patient medical records in a community hospital unless the individuals seeking access to such records are authorized healthcare providers is an example of restricting access to non-digital media. Limiting access to the design specifications stored on compact discs in the media library to individuals on the system development team is an example of restricting access to digital media.",N/A,N/A,https://github.com/usnistgov/oscal-content/blob/v1.3.0/nist.gov/SP800-53/rev5/json/NIST_SP-800-53_rev5_catalog.json,9/23/20
47,"What requirements apply to marking system media with handling or distribution limitations, and when may media be exempt from marking?",nist sp 800-53,Rev 5,MP-3,"Mark system media indicating the distribution limitations, handling caveats, and applicable security markings (if any) of the information; and Exempt {{ insert: param, mp-03_odp.01 }} from marking if the media remain within {{ insert: param, mp-03_odp.02 }}.","Mark system media indicating the distribution limitations, handling caveats, and applicable security markings (if any) of the information; and
Exempt {{ insert: param, mp-03_odp.01 }} from marking if the media remain within {{ insert: param, mp-03_odp.02 }}.","mp-03_odp.01, mp-03_odp.02",ASK,https://github.com/usnistgov/oscal-content/blob/v1.3.0/nist.gov/SP800-53/rev5/json/NIST_SP-800-53_rev5_catalog.json,9/23/20
48,How must organizations physically control and securely store system media to prevent unauthorized access or tampering?,nist sp 800-53,Rev 5,MP-4,"Physically control and securely store {{ insert: param, mp-4_prm_1 }} within {{ insert: param, mp-4_prm_2 }}; and Protect system media types defined in MP-4a until the media are destroyed or sanitized using approved equipment, techniques, and procedures.","Physically control and securely store {{ insert: param, mp-4_prm_1 }} within {{ insert: param, mp-4_prm_2 }} ; and
Protect system media types defined in MP-4a until the media are destroyed or sanitized using approved equipment, techniques, and procedures.","mp-4_prm_1, mp-4_prm_2",FILL_FROM_PROFILE,https://github.com/usnistgov/oscal-content/blob/v1.3.0/nist.gov/SP800-53/rev5/json/NIST_SP-800-53_rev5_catalog.json,9/23/20
49,"What safeguards should be in place for transporting system media outside controlled areas, including accountability and documentation requirements?",nist sp 800-53,Rev 5,MP-5,"Protect and control {{ insert: param, mp-05_odp.01 }} during transport outside of controlled areas using {{ insert: param, mp-5_prm_2 }}; Maintain accountability for system media during transport outside of controlled areas; Document activities associated with the transport of system media; and Restrict the activities associated with the transport of system media to authorized personnel.","Protect and control {{ insert: param, mp-05_odp.01 }} during transport outside of controlled areas using {{ insert: param, mp-5_prm_2 }};
Maintain accountability for system media during transport outside of controlled areas;
Document activities associated with the transport of system media; and
Restrict the activities associated with the transport of system media to authorized personnel.","mp-05_odp.01, mp-5_prm_2",ASK,https://github.com/usnistgov/oscal-content/blob/v1.3.0/nist.gov/SP800-53/rev5/json/NIST_SP-800-53_rev5_catalog.json,9/23/20
50,"What are the requirements for sanitizing system media prior to disposal, reuse, or release from organizational control?",nist sp 800-53,Rev 5,MP-6,"Sanitize {{ insert: param, mp-6_prm_1 }} prior to disposal, release out of organizational control, or release for reuse using {{ insert: param, mp-6_prm_2 }}; and Employ sanitization mechanisms with the strength and integrity commensurate with the security category or classification of the information.","Sanitize {{ insert: param, mp-6_prm_1 }} prior to disposal, release out of organizational control, or release for reuse using {{ insert: param, mp-6_prm_2 }} ; and
Employ sanitization mechanisms with the strength and integrity commensurate with the security category or classification of the information.","mp-6_prm_1, mp-6_prm_2",FILL_FROM_PROFILE,https://github.com/usnistgov/oscal-content/blob/v1.3.0/nist.gov/SP800-53/rev5/json/NIST_SP-800-53_rev5_catalog.json,9/23/20
51,"What are the requirements for managing facility access authorizations, credentials, and access lists for individuals entering secured areas?",nist sp 800-53,Rev 5,PE-2,"Develop, approve, and maintain a list of individuals with authorized access to the facility where the system resides; Issue authorization credentials for facility access; Review the access list detailing authorized facility access by individuals {{ insert: param, pe-02_odp }}; and Remove individuals from the facility access list when access is no longer required.","Develop, approve, and maintain a list of individuals with authorized access to the facility where the system resides
Issue authorization credentials for facility access;
Review the access list detailing authorized facility access by individuals {{ insert: param, pe-02_odp }} ; and
Remove individuals from the facility access list when access is no longer required.",pe-02_odp,FILL_FROM_PROFILE,https://github.com/usnistgov/oscal-content/blob/v1.3.0/nist.gov/SP800-53/rev5/json/NIST_SP-800-53_rev5_catalog.json,9/23/20
52,"How should physical access to facilities be controlled, monitored, and logged, including management of visitors and public areas?",nist sp 800-53,Rev 5,PE-3,"Enforce physical access authorizations at {{ insert: param, pe-03_odp.01 }} by verifying individual access authorizations before granting access to the facility and controlling ingress and egress to the facility using {{ insert: param, pe-03_odp.02 }}; Maintain physical access audit logs for {{ insert: param, pe-03_odp.04 }}; Control access to areas within the facility designated as publicly accessible, controlled areas, and restricted areas by implementing the following controls: {{ insert: param, pe-03_odp.05 }}; and Escort visitors and control visitor activity {{ insert: param, pe-03_odp.06 }}.","Enforce physical access authorizations at {{ insert: param, pe-03_odp.01 }} by:
Verifying individual access authorizations before granting access to the facility; and
Controlling ingress and egress to the facility using {{ insert: param, pe-03_odp.02 }};
Maintain physical access audit logs for {{ insert: param, pe-03_odp.04 }};
Control access to areas within the facility designated as publicly accessible by implementing the following controls: {{ insert: param, pe-03_odp.05 }};
Escort visitors and control visitor activity {{ insert: param, pe-03_odp.06 }};","pe-03_odp.01, pe-03_odp.02, pe-03_odp.04, pe-03_odp.05, pe-03_odp.06",ASK,https://github.com/usnistgov/oscal-content/blob/v1.3.0/nist.gov/SP800-53/rev5/json/NIST_SP-800-53_rev5_catalog.json,9/23/20
53,What controls should organizations use to protect system distribution and transmission lines from physical damage or interception?,nist sp 800-53,Rev 5,PE-4,"Security controls applied to system distribution and transmission lines prevent accidental damage, disruption, and physical tampering. Such controls may also be necessary to prevent eavesdropping or modification of unencrypted transmissions. Security controls used to control physical access to system distribution and transmission lines include disconnected or locked spare jacks, locked wiring closets, protection of cabling by conduit or cable trays, and wiretapping sensors.","Security controls applied to system distribution and transmission lines prevent accidental damage, disruption, and physical tampering. Such controls may also be necessary to prevent eavesdropping or modification of unencrypted transmissions. Security controls used to control physical access to system distribution and transmission lines include disconnected or locked spare jacks, locked wiring closets, protection of cabling by conduit or cable trays, and wiretapping sensors.",N/A,N/A,https://github.com/usnistgov/oscal-content/blob/v1.3.0/nist.gov/SP800-53/rev5/json/NIST_SP-800-53_rev5_catalog.json,9/23/20
54,"How should physical access to output devices such as monitors, printers, or copiers be restricted and monitored?",nist sp 800-53,Rev 5,PE-5,"Controlling physical access to output devices includes placing output devices in locked rooms or other secured areas with keypad or card reader access controls and allowing access to authorized individuals only, placing output devices in locations that can be monitored by personnel, installing monitor or screen filters, and using headphones. Examples of output devices include monitors, printers, scanners, audio devices, facsimile machines, and copiers.","Controlling physical access to output devices includes placing output devices in locked rooms or other secured areas with keypad or card reader access controls and allowing access to authorized individuals only, placing output devices in locations that can be monitored by personnel, installing monitor or screen filters, and using headphones. Examples of output devices include monitors, printers, scanners, audio devices, facsimile machines, and copiers.",N/A,N/A,https://github.com/usnistgov/oscal-content/blob/v1.3.0/nist.gov/SP800-53/rev5/json/NIST_SP-800-53_rev5_catalog.json,9/23/20
55,What measures should be implemented to monitor and review physical access logs and respond to security incidents in facilities housing systems?,nist sp 800-53,Rev 5,PE-6,"Monitor physical access to the facility where the system resides to detect and respond to physical security incidents; Review physical access logs {{ insert: param, pe-06_odp.01 }} and upon occurrence of {{ insert: param, pe-06_odp.02 }}; and Coordinate results of reviews and investigations with the organizational incident response capability.","Monitor physical access to the facility where the system resides to detect and respond to physical security incidents;
Review physical access logs {{ insert: param, pe-06_odp.01 }} and upon occurrence of {{ insert: param, pe-06_odp.02 }} ; and
Coordinate results of reviews and investigations with the organizational incident response capability.","pe-06_odp.01, pe-06_odp.02",FILL_FROM_PROFILE,https://github.com/usnistgov/oscal-content/blob/v1.3.0/nist.gov/SP800-53/rev5/json/NIST_SP-800-53_rev5_catalog.json,9/23/20
56,"What elements must be included in system security and privacy plans, and how should roles, responsibilities, and information types be documented?",nist sp 800-53,Rev 5,PL-2,"Develop security and privacy plans for the system that are consistent with the organization’s enterprise architecture; explicitly define the constituent system components; describe the operational context of the system in terms of mission and business processes; identify the individuals that fulfill system roles and responsibilities; and identify the information types processed, stored, and transmitted by the system.","Develop security and privacy plans for the system that:
Are consistent with the organization’s enterprise architecture;
Explicitly define the constituent system components;
Describe the operational context of the system in terms of mission and business processes;
Identify the individuals that fulfill system roles and responsibilities;
Identify the information types processed, stored, and transmitted by the system;",N/A,N/A,https://github.com/usnistgov/oscal-content/blob/v1.3.0/nist.gov/SP800-53/rev5/json/NIST_SP-800-53_rev5_catalog.json,9/23/20
57,"What rules of behavior must be established for system users, and how should acknowledgments and updates be managed?",nist sp 800-53,Rev 5,PL-4,"Establish and provide to individuals requiring access to the system, rules of behavior for information and system usage, security, and privacy; receive a documented acknowledgment from such individuals, indicating that they have read, understand, and agree to the rules of behavior, before authorizing access to information and the system; review and update the rules of behavior {{ insert: param, pl-04_odp.01 }}; and require individuals who have acknowledged a previous version of the rules of behavior to read and re-acknowledge {{ insert: param, pl-04_odp.02 }}.","Establish and provide to individuals requiring access to the system, the rules that describe their responsibilities and expected behavior for information and system usage, security, and privacy;
Receive a documented acknowledgment from such individuals, indicating that they have read, understand, and agree to abide by the rules of behavior, before authorizing access to information and the system;Review and update the rules of behavior {{ insert: param, pl-04_odp.01 }} ; and
Require individuals who have acknowledged a previous version of the rules of behavior to read and re-acknowledge {{ insert: param, pl-04_odp.02 }}.","pl-04_odp.01, pl-04_odp.02",FILL_FROM_PROFILE,https://github.com/usnistgov/oscal-content/blob/v1.3.0/nist.gov/SP800-53/rev5/json/NIST_SP-800-53_rev5_catalog.json,9/23/20
58,"What is the purpose of a Concept of Operations (CONOPS), and how often should it be reviewed and updated?",nist sp 800-53,Rev 5,PL-7,"Develop a Concept of Operations (CONOPS) for the system describing the characteristics of the system from the perspective of information security and privacy; and review and update the CONOPS {{ insert: param, pl-07_odp }}.","Develop a Concept of Operations (CONOPS) for the system describing how the organization intends to operate the system from the perspective of information security and privacy; and
Review and update the CONOPS {{ insert: param, pl-07_odp }}.",pl-07_odp,FILL_FROM_PROFILE,https://github.com/usnistgov/oscal-content/blob/v1.3.0/nist.gov/SP800-53/rev5/json/NIST_SP-800-53_rev5_catalog.json,9/23/20
59,What should security and privacy architectures describe to ensure protection of information and integration with the enterprise architecture?,nist sp 800-53,Rev 5,PL-8,"Develop security and privacy architectures for the system that describe the requirements and approach to be taken for protecting the confidentiality, integrity, and availability of organizational information; describe the requirements and approach to be taken for processing personally identifiable information to minimize privacy risk to individuals; describe how the architectures are integrated into and support the enterprise architecture; describe any assumptions about, and dependencies on, external systems and services; and review and update the architectures {{ insert: param, pl-08_odp }} to reflect changes in the enterprise architecture.","Develop security and privacy architectures for the system that:
Describe the requirements and approach to be taken for protecting the confidentiality, integrity, and availability of organizational information;
Describe the requirements and approach to be taken for processing personally identifiable information to minimize privacy risk to individuals;
Describe how the architectures are integrated into and support the enterprise architecture; and
Describe any assumptions about, and dependencies on, external systems and services;
Review and update the architectures {{ insert: param, pl-08_odp }} to reflect changes in the enterprise architecture; and",pl-08_odp,FILL_FROM_PROFILE,https://github.com/usnistgov/oscal-content/blob/v1.3.0/nist.gov/SP800-53/rev5/json/NIST_SP-800-53_rev5_catalog.json,9/23/20
60,"How does the concept of tailoring allow organizations to customize control baselines to their mission, environment, and risk profile?",nist sp 800-53,Rev 5,PL-10,"The concept of tailoring allows organizations to specialize or customize a set of baseline controls by applying a defined set of tailoring actions. Tailoring actions facilitate such specialization and customization by allowing organizations to develop security and privacy plans that reflect their specific mission and business functions, the environments where their systems operate, the threats and vulnerabilities that can affect their systems, and any other conditions or situations that can impact their mission or business success. ","The concept of tailoring allows organizations to specialize or customize a set of baseline controls by applying a defined set of tailoring actions. Tailoring actions facilitate such specialization and customization by allowing organizations to develop security and privacy plans that reflect their specific mission and business functions, the environments where their systems operate, the threats and vulnerabilities that can affect their systems, and any other conditions or situations that can impact their mission or business success. Tailoring guidance is provided in [SP 800-53B](#46d9e201-840e-440e-987c-2c773333c752) . Tailoring a control baseline is accomplished by identifying and designating common controls, applying scoping considerations, selecting compensating controls, assigning values to control parameters, supplementing the control baseline with additional controls as needed, and providing information for control implementation. The general tailoring actions in [SP 800-53B](#46d9e201-840e-440e-987c-2c773333c752) can be supplemented with additional actions based on the needs of organizations. Tailoring actions can be applied to the baselines in [SP 800-53B](#46d9e201-840e-440e-987c-2c773333c752) in accordance with the security and privacy requirements from [FISMA](#0c67b2a9-bede-43d2-b86d-5f35b8be36e9), [PRIVACT](#18e71fec-c6fd-475a-925a-5d8495cf8455) , and [OMB A-130](#27847491-5ce1-4f6a-a1e4-9e483782f0ef) . Alternatively, other communities of interest adopting different control baselines can apply the tailoring actions in [SP 800-53B](#46d9e201-840e-440e-987c-2c773333c752) to specialize or customize the controls that represent the specific needs and concerns of those entities.",N/A,N/A,https://github.com/usnistgov/oscal-content/blob/v1.3.0/nist.gov/SP800-53/rev5/json/NIST_SP-800-53_rev5_catalog.json,9/23/20
61,"Who serves as the senior agency information security officer, and what is their role within federal agencies?",nist sp 800-53,Rev 5,PM-2,"The senior agency information security officer is an organizational official. For federal agencies (as defined by applicable laws, executive orders, regulations, directives, policies, and standards), this official is the senior agency information security officer. Organizations may also refer to this official as the senior information security officer or chief information security officer.","The senior agency information security officer is an organizational official. For federal agencies (as defined by applicable laws, executive orders, regulations, directives, policies, and standards), this official is the senior agency information security officer. Organizations may also refer to this official as the senior information security officer or chief information security officer.",N/A,N/A,https://github.com/usnistgov/oscal-content/blob/v1.3.0/nist.gov/SP800-53/rev5/json/NIST_SP-800-53_rev5_catalog.json,9/23/20
62,What is the purpose of a plan of action and milestones (POA&M) process within the organization’s risk management strategy?,nist sp 800-53,Rev 5,PM-4,"Implement a process to ensure that plans of action and milestones for the information security, privacy, and supply chain risk management programs and associated organizational systems are developed and maintained; document the remedial information security, privacy, and supply chain risk management actions to adequately respond to risk to organizational operations and assets, individuals, other organizations, and the Nation; are reported in accordance with established reporting requirements; and review plans of action and milestones for consistency with the enterprise architecture and organization-wide priorities for risk response actions.","Implement a process to ensure that plans of action and milestones for the information security, privacy, and supply chain risk management programs and associated organizational systems:
Are developed and maintained;
Document the remedial information security, privacy, and supply chain risk management actions to adequately respond to risk to organizational operations and assets, individuals, other organizations, and the Nation; and
Are reported in accordance with established reporting requirements.
Review plans of action and milestones for consistency with the organizational risk management strategy and organization-wide priorities for risk response actions.",N/A,N/A,https://github.com/usnistgov/oscal-content/blob/v1.3.0/nist.gov/SP800-53/rev5/json/NIST_SP-800-53_rev5_catalog.json,9/23/20
63,How are measures of performance used to evaluate the effectiveness of security and privacy programs?,nist sp 800-53,Rev 5,PM-6,"Measures of performance are outcome-based metrics used by an organization to measure the effectiveness or efficiency of the information security and privacy programs and the controls employed in support of the program. To facilitate security and privacy risk management, organizations consider aligning measures of performance with the organizational risk tolerance as defined in the risk management strategy.","Measures of performance are outcome-based metrics used by an organization to measure the effectiveness or efficiency of the information security and privacy programs and the controls employed in support of the program. To facilitate security and privacy risk management, organizations consider aligning measures of performance with the organizational risk tolerance as defined in the risk management strategy.",N/A,N/A,https://github.com/usnistgov/oscal-content/blob/v1.3.0/nist.gov/SP800-53/rev5/json/NIST_SP-800-53_rev5_catalog.json,9/23/20
64,"What considerations must be incorporated into the enterprise architecture to address security, privacy, and risk?",nist sp 800-53,Rev 5,PM-7,"Develop and maintain an enterprise architecture with consideration to the security and privacy risk to organizational operations and assets, individuals, other organizations, and the Nation.","Develop and maintain an enterprise architecture with consideration for information security, privacy, and the resulting risk to organizational operations and assets, individuals, other organizations, and the Nation.",N/A,N/A,https://github.com/usnistgov/oscal-content/blob/v1.3.0/nist.gov/SP800-53/rev5/json/NIST_SP-800-53_rev5_catalog.json,9/23/20
65,"What are the key components of an organization’s risk management strategy, and how should it be implemented and updated?",nist sp 800-53,Rev 5,PM-9,"Develops a comprehensive strategy to manage security risk to organizational operations and assets, individuals, other organizations, and the Nation associated with the operation and use of organizational systems; and privacy risk to individuals resulting from the authorized processing of personally identifiable information; implement the risk management strategy consistently across the organization; and review and update the risk management strategy {{ insert: param, pm-09_odp }} or as required, to address organizational changes.","Develops a comprehensive strategy to manage:
Security risk to organizational operations and assets, individuals, other organizations, and the Nation associated with the operation and use of organizational systems; and
Privacy risk to individuals resulting from the authorized processing of personally identifiable information;
Implement the risk management strategy consistently across the organization; and
Review and update the risk management strategy {{ insert: param, pm-09_odp }} or as required, to address organizational changes.",pm-09_odp,FILL_FROM_PROFILE,https://github.com/usnistgov/oscal-content/blob/v1.3.0/nist.gov/SP800-53/rev5/json/NIST_SP-800-53_rev5_catalog.json,9/23/20
66,"What process should the organization use to assign, review, and update position risk designations and establish screening criteria for personnel?",nist sp 800-53,Rev 5,PS-2,"Assign a risk designation to all organizational positions; Establish screening criteria for individuals filling those positions; and Review and update position risk designations {{ insert: param, ps-02_odp }}.","Assign a risk designation to all organizational positions;
Establish screening criteria for individuals filling those positions; and
Review and update position risk designations {{ insert: param, ps-02_odp }}.",ps-02_odp,FILL_FROM_PROFILE,https://github.com/usnistgov/oscal-content/blob/v1.3.0/nist.gov/SP800-53/rev5/json/NIST_SP-800-53_rev5_catalog.json,9/23/20
67,When and how must individuals be screened before authorizing or maintaining access to organizational systems?,nist sp 800-53,Rev 5,PS-3,"Screen individuals prior to authorizing access to the system; and Rescreen individuals in accordance with {{ insert: param, ps-3_prm_1 }}.","Screen individuals prior to authorizing access to the system; and
Rescreen individuals in accordance with {{ insert: param, ps-3_prm_1 }}.",ps-3_prm_1,FILL_FROM_PROFILE,https://github.com/usnistgov/oscal-content/blob/v1.3.0/nist.gov/SP800-53/rev5/json/NIST_SP-800-53_rev5_catalog.json,9/23/20
68,"What steps must be taken to disable access, revoke credentials, and recover organizational property when an individual's employment or role is terminated?",nist sp 800-53,Rev 5,PS-4,"Disable system access within {{ insert: param, ps-04_odp.01 }}; Terminate or revoke any authenticators and credentials associated with the individual; Conduct exit interviews that include a discussion of {{ insert: param, ps-04_odp.02 }}; Retrieve all security-related organizational system-related property; and Retain access to organizational information and systems formerly controlled by terminated individual.","Disable system access within {{ insert: param, ps-04_odp.01 }};
Terminate or revoke any authenticators and credentials associated with the individual;
Conduct exit interviews that include a discussion of {{ insert: param, ps-04_odp.02 }};
Retrieve all security-related organizational system-related property; and
Retain access to organizational information and systems formerly controlled by terminated individual.","ps-04_odp.01, ps-04_odp.02",ASK,https://github.com/usnistgov/oscal-content/blob/v1.3.0/nist.gov/SP800-53/rev5/json/NIST_SP-800-53_rev5_catalog.json,9/23/20
69,"What actions should the organization take to review, modify, and communicate access authorizations for reassigned or transferred personnel?",nist sp 800-53,Rev 5,PS-5,"Review and confirm ongoing operational need for current logical and physical access authorizations for individuals who have been reassigned or transferred to other positions within the organization; Initiate {{ insert: param, ps-05_odp.01 }} within {{ insert: param, ps-05_odp.02 }}; Modify access authorization as needed to correspond with any changes in operational need due to reassignment or transfer; and Notify {{ insert: param, ps-05_odp.03 }} within {{ insert: param, ps-05_odp.04 }}.","Review and confirm ongoing operational need for current logical and physical access authorizations for individuals who have been reassigned or transferred to other positions within the organization;
Initiate {{ insert: param, ps-05_odp.01 }} within {{ insert: param, ps-05_odp.02 }};
Modify access authorization as needed to correspond with any changes in operational need due to reassignment or transfer; and
Notify {{ insert: param, ps-05_odp.03 }} within {{ insert: param, ps-05_odp.04 }}.","ps-05_odp.01, ps-05_odp.02, ps-05_odp.03, ps-05_odp.04",ASK,https://github.com/usnistgov/oscal-content/blob/v1.3.0/nist.gov/SP800-53/rev5/json/NIST_SP-800-53_rev5_catalog.json,9/23/20
70,"What requirements apply to developing, reviewing, and signing access agreements for individuals requiring system access?",nist sp 800-53,Rev 5,PS-6,"Develop and document access agreements for organizational systems; Review and update the access agreements {{ insert: param, ps-06_odp.01 }}; and Verify that individuals requiring access to organizational information and systems: Sign appropriate access agreements prior to being granted access; and Re-sign access agreements to maintain access to organizational information and systems when access agreements have been updated or {{ insert: param, ps-06_odp.02 }}.","Develop and document access agreements for organizational systems;
Review and update the access agreements {{ insert: param, ps-06_odp.01 }}; and
Verify that individuals requiring access to organizational information and systems:
Sign appropriate access agreements prior to being granted access; and
Re-sign access agreements to maintain access to organizational information and systems when access agreements have been updated or {{ insert: param, ps-06_odp.02 }}.","ps-06_odp.01, ps-06_odp.02",FILL_FROM_PROFILE,https://github.com/usnistgov/oscal-content/blob/v1.3.0/nist.gov/SP800-53/rev5/json/NIST_SP-800-53_rev5_catalog.json,9/23/20
71,"How should organizations determine, document, and restrict the purposes and lawful basis for processing personally identifiable information (PII)?",nist sp 800-53,Rev 5,PT-2,"Determine and document the {{ insert: param, pt-02_odp.01 }} that permits the {{ insert: param, pt-02_odp.02 }} of personally identifiable information; and Restrict the {{ insert: param, pt-02_odp.03 }} of personally identifiable information to only that which is authorized.","Determine and document the {{ insert: param, pt-02_odp.01 }} that permits the {{ insert: param, pt-02_odp.02 }} of personally identifiable information; and Restrict the {{ insert: param, pt-02_odp.03 }} of personally identifiable information to only that which is authorized.","pt-02_odp.01, pt-02_odp.02, pt-02_odp.03",ASK,https://github.com/usnistgov/oscal-content/blob/v1.3.0/nist.gov/SP800-53/rev5/json/NIST_SP-800-53_rev5_catalog.json,9/23/20
72,"What must organizations identify and document about the purposes and conditions for collecting, using, and sharing PII, and how should they handle changes to those purposes?",nist sp 800-53,Rev 5,PT-3,"Identify and document the {{ insert: param, pt-03_odp.01 }} for which personally identifiable information is collected, used, maintained, shared, and disclosed; and Restrict the processing of personally identifiable information to only those {{ insert: param, pt-03_odp.02 }} identified by the organization or for which the organization has provided notice or received consent, and ensure any changes to {{ insert: param, pt-03_odp.03 }} are made in accordance with {{ insert: param, pt-03_odp.04 }}.","Identify and document the {{ insert: param, pt-03_odp.01 }} for which personally identifiable information is collected, used, maintained, shared, and disclosed; and Restrict the processing of personally identifiable information to only those {{ insert: param, pt-03_odp.02 }} identified by the organization or for which the organization has provided notice or received consent, and ensure any changes to {{ insert: param, pt-03_odp.03 }} are made in accordance with {{ insert: param, pt-03_odp.04 }}.","pt-03_odp.01, pt-03_odp.02, pt-03_odp.03, pt-03_odp.04",ASK,https://github.com/usnistgov/oscal-content/blob/v1.3.0/nist.gov/SP800-53/rev5/json/NIST_SP-800-53_rev5_catalog.json,9/23/20
73,"How should organizations obtain and manage individual consent for processing PII, and what factors should be considered when determining the appropriate consent mechanism?",nist sp 800-53,Rev 5,PT-4,"Consent allows individuals to participate in making decisions about the processing of their information and transfers some of the risk that arises from the processing of personally identifiable information from the organization to an individual. Consent may be required by applicable laws, executive orders, directives, regulations, policies, standards, or guidelines. Otherwise, when selecting consent as a control, organizations consider whether individuals can be reasonably expected to understand and accept the privacy risks that arise from their authorization. Organizations consider whether other controls may more effectively mitigate privacy risk either alone or in conjunction with consent. Organizations also consider any demographic or contextual factors that may influence the understanding or behavior of individuals with respect to the processing carried out by the system or organization. When soliciting consent from individuals, organizations consider the appropriate mechanism for obtaining consent, including the type of consent (e.g., opt-in, opt-out), how to properly authenticate and identity proof individuals and how to obtain consent through electronic means. In addition, organizations consider providing a mechanism for individuals to revoke consent once it has been provided, as appropriate. Finally, organizations consider usability factors to help individuals understand the risks being accepted when providing consent, including the use of plain language and avoiding technical jargon.","Consent allows individuals to participate in making decisions about the processing of their information and transfers some of the risk that arises from the processing of personally identifiable information from the organization to an individual. Consent may be required by applicable laws, executive orders, directives, regulations, policies, standards, or guidelines. Otherwise, when selecting consent as a control, organizations consider whether individuals can be reasonably expected to understand and accept the privacy risks that arise from their authorization. Organizations consider whether other controls may more effectively mitigate privacy risk either alone or in conjunction with consent. Organizations also consider any demographic or contextual factors that may influence the understanding or behavior of individuals with respect to the processing carried out by the system or organization. When soliciting consent from individuals, organizations consider the appropriate mechanism for obtaining consent, including the type of consent (e.g., opt-in, opt-out), how to properly authenticate and identity proof individuals and how to obtain consent through electronic means. In addition, organizations consider providing a mechanism for individuals to revoke consent once it has been provided, as appropriate. Finally, organizations consider usability factors to help individuals understand the risks being accepted when providing consent, including the use of plain language and avoiding technical jargon.",N/A,N/A,https://github.com/usnistgov/oscal-content/blob/v1.3.0/nist.gov/SP800-53/rev5/json/NIST_SP-800-53_rev5_catalog.json,9/23/20
74,"What information should be included in privacy notices to individuals, and when must such notices be provided or updated?",nist sp 800-53,Rev 5,PT-5,"Provide notice to individuals about the processing of personally identifiable information that is available to individuals upon first interacting with an organization, or when the organization changes its privacy practices or policies, or before such changes are implemented that affect how PII is processed; and Includes {{ insert: param, pt-05_odp.02 }}.","Provide notice to individuals about the processing of personally identifiable information that: Is available to individuals upon first interacting with an organization, or when the organization changes its privacy practices or policies, or before such changes are implemented that affect how PII is processed; and
Includes {{ insert: param, pt-05_odp.02 }}.",pt-05_odp.02,ASK,https://github.com/usnistgov/oscal-content/blob/v1.3.0/nist.gov/SP800-53/rev5/json/NIST_SP-800-53_rev5_catalog.json,9/23/20
75,What must organizations do to publish and maintain accurate system of records Notices for systems that contain PII?,nist sp 800-53,Rev 5,PT-6,"For systems that process information that will be maintained in a Privacy Act system of records, publish a System of Records Notice, and ensure that the System of Records Notice remains accurate, up-to-date, and scoped in accordance with policy.","For systems that process information that will be maintained in a Privacy Act system of records, publish a System of Records Notice, and ensure that the System of Records Notice remains accurate, up-to-date, and scoped in accordance with policy.",N/A,N/A,https://github.com/usnistgov/oscal-content/blob/v1.3.0/nist.gov/SP800-53/rev5/json/NIST_SP-800-53_rev5_catalog.json,9/23/20
76,"What steps are required to categorize a system and its information, and who must approve the decision?",nist sp 800-53,Rev 5,RA-2,"Categorize the system and information it processes, stores, and transmits; Document the security categorization results, including supporting rationale, in the security plan for the system; and Verify that the authorizing official or authorizing official designated representative reviews and approves the security categorization decision.","Categorize the system and information it processes, stores, and transmits;
Document the security categorization results, including supporting rationale, in the security plan for the system; and
Verify that the authorizing official or authorizing official designated representative reviews and approves the security categorization decision.",N/A,N/A,https://github.com/usnistgov/oscal-content/blob/v1.3.0/nist.gov/SP800-53/rev5/json/NIST_SP-800-53_rev5_catalog.json,9/23/20
77,"How should organizations conduct and document risk assessments, and how often should the results be reviewed?",nist sp 800-53,Rev 5,RA-3,"Conduct a risk assessment, including: Identifying threats to and vulnerabilities in the system and its environment of operation; Determining the likelihood and magnitude of harm; and Determining the risk to organizational operations and assets, individuals, other organizations, and the Nation; and Review risk assessment results in {{ insert: param, ra-03_odp.01 }}.","Conduct a risk assessment, including:
Identifying threats to and vulnerabilities in the system and its environment of operation; Determining the likelihood and magnitude of harm; and Determining the risk to organizational operations and assets, individuals, other organizations, and the Nation; and
Review risk assessment results in {{ insert: param, ra-03_odp.01 }}.",ra-03_odp.01,FILL_FROM_PROFILE,https://github.com/usnistgov/oscal-content/blob/v1.3.0/nist.gov/SP800-53/rev5/json/NIST_SP-800-53_rev5_catalog.json,9/23/20
78,"What are the requirements for scanning systems for vulnerabilities, remediating identified risks, and sharing vulnerability information?",nist sp 800-53,Rev 5,RA-5,"Monitor and scan for vulnerabilities in the system and hosted applications {{ insert: param, ra-05_odp.01 }} and when new vulnerabilities potentially affecting the system are identified and reported; Remediate legitimate vulnerabilities identified; and Share information with designated personnel {{ insert: param, ra-05_odp.02 }} from vulnerability scan reports and results from vulnerability monitoring.","Monitor and scan for vulnerabilities in the system and hosted applications {{ insert: param, ra-05_odp.01 }} and when new vulnerabilities potentially affecting the system are identified and reported; Remediate legitimate vulnerabilities identified; and Share information with designated personnel {{ insert: param, ra-05_odp.02 }} from vulnerability scan reports and results from vulnerability monitoring.","ra-05_odp.01, ra-05_odp.02",ASK,https://github.com/usnistgov/oscal-content/blob/v1.3.0/nist.gov/SP800-53/rev5/json/NIST_SP-800-53_rev5_catalog.json,9/23/20
79,"What options may organizations consider when responding to identified risks, and how does risk tolerance affect these decisions?",nist sp 800-53,Rev 5,RA-7,"Organizations have many options for responding to risk including mitigating risk by implementing new controls or strengthening existing controls, accepting risk with appropriate justification or rationale, sharing or transferring risk, or avoiding risk. The risk tolerance of the organization influences risk response decisions and actions. Risk response addresses the need to determine an appropriate response to risk before generating a plan of action and milestones entry. For example, the response may be to accept risk or reject risk, or it may be possible to mitigate the risk immediately so that a plan of action and milestones entry is not needed. However, if the risk response is to mitigate the risk, and the mitigation cannot be completed immediately, a plan of action and milestones entry is generated.","Organizations have many options for responding to risk including mitigating risk by implementing new controls or strengthening existing controls, accepting risk with appropriate justification or rationale, sharing or transferring risk, or avoiding risk. The risk tolerance of the organization influences risk response decisions and actions. Risk response addresses the need to determine an appropriate response to risk before generating a plan of action and milestones entry. For example, the response may be to accept risk or reject risk, or it may be possible to mitigate the risk immediately so that a plan of action and milestones entry is not needed. However, if the risk response is to mitigate the risk, and the mitigation cannot be completed immediately, a plan of action and milestones entry is generated.",N/A,N/A,https://github.com/usnistgov/oscal-content/blob/v1.3.0/nist.gov/SP800-53/rev5/json/NIST_SP-800-53_rev5_catalog.json,9/23/20
80,"What is the purpose of performing a criticality analysis, and when should it be conducted?",nist sp 800-53,Rev 5,RA-9,"Identify critical system components and functions by performing a criticality analysis {{ insert: param, ra-09_odp.01 }} at {{ insert: param, ra-09_odp.02 }}.","Identify critical system components and functions by performing a criticality analysis {{ insert: param, ra-09_odp.01 }} at {{ insert: param, ra-09_odp.02 }}.","ra-09_odp.01, ra-09_odp.02",ASK,https://github.com/usnistgov/oscal-content/blob/v1.3.0/nist.gov/SP800-53/rev5/json/NIST_SP-800-53_rev5_catalog.json,9/23/20
81,"In SA-5, what documentation should be obtained or developed?",nist sp 800-53,Rev 5,SA-5,"Obtain or develop administrator documentation for the system, system component, or system service that describes: Secure configuration, installation, and operation of the system, component, or service; Effective use and maintenance of security and privacy functions and mechanisms; and Known vulnerabilities regarding configuration and use of administrative or privileged functions.","Obtain or develop administrator documentation for the system, system component, or system service that describes:
Secure configuration, installation, and operation of the system, component, or service;
Effective use and maintenance of security and privacy functions and mechanisms; and
Known vulnerabilities regarding configuration and use of administrative or privileged functions.",N/A,N/A,https://github.com/usnistgov/oscal-content/blob/v1.3.0/nist.gov/SP800-53/rev5/json/NIST_SP-800-53_rev5_catalog.json,9/23/20
82,"In SA-8, which security and privacy engineering principles should be applied?",nist sp 800-53,Rev 5,SA-8,"Apply the following systems security and privacy engineering principles in the specification, design, development, implementation, and modification of the system and system components: {{ insert: param, sa-8_prm_1 }}.","Apply the following systems security and privacy engineering principles in the specification, design, development, implementation, and modification of the system and system components: {{ insert: param, sa-8_prm_1 }}.",sa-8_prm_1,ASK,https://github.com/usnistgov/oscal-content/blob/v1.3.0/nist.gov/SP800-53/rev5/json/NIST_SP-800-53_rev5_catalog.json,9/23/20
83,"What are the requirements for ensuring external service providers comply with organizational security and privacy expectations, and how should their compliance be monitored?",nist sp 800-53,Rev 5,SA-9,"Require that providers of external system services comply with organizational security and privacy requirements and employ the following controls: {{ insert: param, sa-09_odp.01 }}; Define and document organizational oversight and user roles and responsibilities with regard to external system services; and Employ the following processes, methods, and techniques to monitor control compliance by external service providers on an ongoing basis: {{ insert: param, sa-09_odp.02 }}.","Require that providers of external system services comply with organizational security and privacy requirements and employ the following controls: {{ insert: param, sa-09_odp.01 }};
Define and document organizational oversight and user roles and responsibilities with regard to external system services; and
Employ the following processes, methods, and techniques to monitor control compliance by external service providers on an ongoing basis: {{ insert: param, sa-09_odp.02 }}.","sa-09_odp.01, sa-09_odp.02",ASK,https://github.com/usnistgov/oscal-content/blob/v1.3.0/nist.gov/SP800-53/rev5/json/NIST_SP-800-53_rev5_catalog.json,9/23/20
84,"What should be required from system developers regarding configuration management, approved changes, and flaw tracking?",nist sp 800-53,Rev 5,SA-10,"Require the developer of the system, system component, or system service to: Perform configuration management during system, component, or service {{ insert: param, sa-10_odp.01 }}; Document, manage, and control the integrity of changes to {{ insert: param, sa-10_odp.02 }}; Implement only organization-approved changes to the system, component, or service; Document approved changes to the system, component, or service and the potential security and privacy impacts of such changes; and Track security flaws and flaw resolution within the system, component, or service and report findings to {{ insert: param, sa-10_odp.03 }}.","Require the developer of the system, system component, or system service to:
Perform configuration management during system, component, or service {{ insert: param, sa-10_odp.01 }};
Document, manage, and control the integrity of changes to {{ insert: param, sa-10_odp.02 }};
Implement only organization-approved changes to the system, component, or service;
Document approved changes to the system, component, or service and the potential security and privacy impacts of such changes; and
Track security flaws and flaw resolution within the system, component, or service and report findings to {{ insert: param, sa-10_odp.03 }}.","sa-10_odp.01, sa-10_odp.02, sa-10_odp.03",ASK,https://github.com/usnistgov/oscal-content/blob/v1.3.0/nist.gov/SP800-53/rev5/json/NIST_SP-800-53_rev5_catalog.json,9/23/20
85,What are developers required to produce and correct under a system's security and privacy assessment plan?,nist sp 800-53,Rev 5,SA-11,"Require the developer of the system, system component, or system service to create and implement a security and privacy assessment plan; Produce evidence of execution of the assessment plan and the results of the testing and evaluation; and Correct flaws identified during testing and evaluation.","Require the developer of the system, system component, or system service to create and implement a security and privacy assessment plan;
Produce evidence of execution of the assessment plan and the results of the testing and evaluation; and
Correct flaws identified during testing and evaluation.",N/A,N/A,https://github.com/usnistgov/oscal-content/blob/v1.3.0/nist.gov/SP800-53/rev5/json/NIST_SP-800-53_rev5_catalog.json,9/23/20
86,"How should communications be monitored and controlled at system interfaces, and how must external connections be managed to protect organizational networks?",nist sp 800-53,Rev 5,SC-7,Monitor and control communications at the external managed interfaces for the system and at key internal managed interfaces within the system; implement subnetworks for publicly accessible system components that are physically or logically separated from internal organizational networks; and connect to external networks or systems only through managed interfaces that are defined and implemented in accordance with an organizational security and privacy architecture.,"Monitor and control communications at the external managed interfaces to the system and at key internal managed interfaces within the system;
Implement subnetworks for publicly accessible system components that are {{ insert: param, sc-07_odp }} separated from internal organizational networks; and
Connect to external networks or systems only through managed interfaces consisting of boundary protection devices arranged in accordance with an organizational security and privacy architecture.",sc-07_odp,FILL_FROM_PROFILE,https://github.com/usnistgov/oscal-content/blob/v1.3.0/nist.gov/SP800-53/rev5/json/NIST_SP-800-53_rev5_catalog.json,9/23/20
87,What measures should be implemented to protect the confidentiality and integrity of transmitted information across internal and external networks?,nist sp 800-53,Rev 5,SC-8,"Protecting the confidentiality and integrity of transmitted information applies to internal and external networks as well as any system components that can transmit information, including servers, notebook computers, desktop computers, mobile devices, printers, copiers, scanners, facsimile machines, and radios. Unprotected communication paths are exposed to the possibility of interception and modification. Protecting the confidentiality and integrity of information can be accomplished by physical or logical means. Physical protection can be achieved by using protected distribution systems. A protected distribution system is a wireline or fiber-optics telecommunications system that includes terminals and adequate electromagnetic, acoustical, electrical, and physical controls to permit its use for the unencrypted transmission of classified information. Logical protection can be achieved by employing encryption techniques.\n\nOrganizations that rely on commercial providers who offer transmission services as commodity services rather than as fully dedicated services may find it difficult to obtain the necessary assurances regarding the implementation of needed controls for transmission confidentiality and integrity. In such situations, organizations determine what types of confidentiality or integrity services are available in standard, commercial telecommunications service packages. If it is not feasible to obtain the necessary controls and assurances of control effectiveness through appropriate contracting vehicles, organizations can implement appropriate compensating controls.","Protecting the confidentiality and integrity of transmitted information applies to internal and external networks as well as any system components that can transmit information, including servers, notebook computers, desktop computers, mobile devices, printers, copiers, scanners, facsimile machines, and radios. Unprotected communication paths are exposed to the possibility of interception and modification. Protecting the confidentiality and integrity of information can be accomplished by physical or logical means. Physical protection can be achieved by using protected distribution systems. A protected distribution system is a wireline or fiber-optics telecommunications system that includes terminals and adequate electromagnetic, acoustical, electrical, and physical controls to permit its use for the unencrypted transmission of classified information. Logical protection can be achieved by employing encryption techniques.\n\nOrganizations that rely on commercial providers who offer transmission services as commodity services rather than as fully dedicated services may find it difficult to obtain the necessary assurances regarding the implementation of needed controls for transmission confidentiality and integrity. In such situations, organizations determine what types of confidentiality or integrity services are available in standard, commercial telecommunications service packages. If it is not feasible to obtain the necessary controls and assurances of control effectiveness through appropriate contracting vehicles, organizations can implement appropriate compensating controls.",N/A,N/A,https://github.com/usnistgov/oscal-content/blob/v1.3.0/nist.gov/SP800-53/rev5/json/NIST_SP-800-53_rev5_catalog.json,9/23/20
88,What requirements apply to establishing and managing cryptographic keys used within the system?,nist sp 800-53,Rev 5,SC-12,"Establish and manage cryptographic keys when cryptography is required for the protection of the confidentiality, integrity, or availability of information; and address the following key management requirements: {{ insert: param, sc-12_odp }}.","Establish and manage cryptographic keys when cryptography is employed within the system in accordance with the following key management requirements: {{ insert: param, sc-12_odp }}.",sc-12_odp,FILL_FROM_PROFILE,https://github.com/usnistgov/oscal-content/blob/v1.3.0/nist.gov/SP800-53/rev5/json/NIST_SP-800-53_rev5_catalog.json,9/23/20
89,"How should cryptographic mechanisms be selected and implemented to comply with applicable laws, policies, and standards?",nist sp 800-53,Rev 5,SC-13,"Cryptography can be employed to support a variety of security solutions, including the protection of classified information and controlled unclassified information, the provision and implementation of digital signatures, and the enforcement of information separation when authorized individuals have the necessary clearances but lack the necessary formal access approvals. Cryptography can also be used to support random number and hash generation. Generally applicable cryptographic standards include FIPS-validated cryptography and NSA-approved cryptography. For example, organizations that need to protect classified information may specify the use of NSA-approved cryptography. Organizations that need to provision and implement digital signatures may specify the use of FIPS-validated cryptography. Cryptography is implemented in accordance with applicable laws, executive orders, directives, regulations, policies, standards, and guidelines.","Cryptography can be employed to support a variety of security solutions, including the protection of classified information and controlled unclassified information, the provision and implementation of digital signatures, and the enforcement of information separation when authorized individuals have the necessary clearances but lack the necessary formal access approvals. Cryptography can also be used to support random number and hash generation. Generally applicable cryptographic standards include FIPS-validated cryptography and NSA-approved cryptography. For example, organizations that need to protect classified information may specify the use of NSA-approved cryptography. Organizations that need to provision and implement digital signatures may specify the use of FIPS-validated cryptography. Cryptography is implemented in accordance with applicable laws, executive orders, directives, regulations, policies, standards, and guidelines.",N/A,N/A,https://github.com/usnistgov/oscal-content/blob/v1.3.0/nist.gov/SP800-53/rev5/json/NIST_SP-800-53_rev5_catalog.json,9/23/20
90,What protections must be applied to ensure the confidentiality and integrity of information at rest within system components?,nist sp 800-53,Rev 5,SC-28,"Information at rest refers to the state of information when it is not in process or in transit and is located on system components. Such components include internal or external hard disk drives, storage area network devices, or databases. However, the focus of protecting information at rest is not on the type of storage device or frequency of access but rather on the state of the information. Information at rest addresses the confidentiality and integrity of information and covers user information and system information. System-related information that requires protection includes configurations or rule sets for firewalls, intrusion detection and prevention systems, filtering routers, and authentication information. Organizations may employ different mechanisms to achieve confidentiality and integrity protections, including the use of cryptographic mechanisms and file share scanning. Integrity protection can be achieved, for example, by implementing write-once-read-many (WORM) technologies. When adequate protection of information at rest cannot otherwise be achieved, organizations may employ other controls, including frequent scanning to identify malicious code at rest and secure offline storage in lieu of online storage.","Information at rest refers to the state of information when it is not in process or in transit and is located on system components. Such components include internal or external hard disk drives, storage area network devices, or databases. However, the focus of protecting information at rest is not on the type of storage device or frequency of access but rather on the state of the information. Information at rest addresses the confidentiality and integrity of information and covers user information and system information. System-related information that requires protection includes configurations or rule sets for firewalls, intrusion detection and prevention systems, filtering routers, and authentication information. Organizations may employ different mechanisms to achieve confidentiality and integrity protections, including the use of cryptographic mechanisms and file share scanning. Integrity protection can be achieved, for example, by implementing write-once-read-many (WORM) technologies. When adequate protection of information at rest cannot otherwise be achieved, organizations may employ other controls, including frequent scanning to identify malicious code at rest and secure offline storage in lieu of online storage.",N/A,N/A,https://github.com/usnistgov/oscal-content/blob/v1.3.0/nist.gov/SP800-53/rev5/json/NIST_SP-800-53_rev5_catalog.json,9/23/20
91,"What actions must organizations take to identify, report, test, and install security-relevant software and firmware updates?",nist sp 800-53,Rev 5,SI-2,"Identify, report, and correct system flaws; test software and firmware updates related to flaw remediation for effectiveness and potential side effects before installation; install security-relevant software and firmware updates within {{ insert: param, si-02_odp }} of the release of the updates; and incorporate flaw remediation into the organizational configuration management process.","Identify, report, and correct system flaws;
Test software and firmware updates related to flaw remediation for effectiveness and potential side effects before installation;
Install security-relevant software and firmware updates within {{ insert: param, si-02_odp }} of the release of the updates; and
Incorporate flaw remediation into the organizational configuration management process.",si-02_odp,FILL_FROM_PROFILE,https://github.com/usnistgov/oscal-content/blob/v1.3.0/nist.gov/SP800-53/rev5/json/NIST_SP-800-53_rev5_catalog.json,9/23/20
92,What are the requirements for implementing and managing malicious-code protection mechanisms across the system?,nist sp 800-53,Rev 5,SI-3,"Implement {{ insert: param, si-03_odp.01 }} malicious code protection mechanisms at system entry and exit points to detect and eradicate malicious code; automatically update malicious code protection mechanisms as new releases are available in accordance with organizational configuration management policy and procedures; configure malicious code protection mechanisms to perform periodic scans of the system {{ insert: param, si-03_odp.02 }} or when new files are downloaded, opened, or executed in accordance with organizational policy; {{ insert: param, si-03_odp.04 }}; send alert to {{ insert: param, si-03_odp.06 }} in response to malicious code detection; and address the receipt of false positives during malicious code detection and the resulting potential impact on the availability of the system.","Implement {{ insert: param, si-03_odp.01 }} malicious code protection mechanisms at system entry and exit points to detect and eradicate malicious code;
Automatically update malicious code protection mechanisms as new releases are available in accordance with organizational configuration management policy and procedures;
Configure malicious code protection mechanisms to:
Perform periodic scans of the system {{ insert: param, si-03_odp.02 }} and real-time scans of files from external sources at {{ insert: param, si-03_odp.03 }} as the files are downloaded, opened, or executed in accordance with organizational policy; and
{{ insert: param, si-03_odp.04 }} ; and send alert to {{ insert: param, si-03_odp.06 }} in response to malicious code detection; and
Address the receipt of false positives during malicious code detection and eradication and the resulting potential impact on the availability of the system.","si-03_odp.01, si-03_odp.02, si-03_odp.03, si-03_odp.04, si-03_odp.06",ASK,https://github.com/usnistgov/oscal-content/blob/v1.3.0/nist.gov/SP800-53/rev5/json/NIST_SP-800-53_rev5_catalog.json,9/23/20
93,"How should systems be monitored to detect attacks, unauthorized connections, and anomalous activities, and how should such events be analyzed and reported?",nist sp 800-53,Rev 5,SI-4,"Monitor the system to detect attacks and indicators of potential attacks in accordance with organization-defined monitoring objectives: {{ insert: param, si-04_odp.01 }}; and unauthorized local, network, and remote connections; identify unauthorized use of the system through the following techniques and methods: {{ insert: param, si-04_odp.02 }}; invoke internal monitoring capabilities or deploy monitoring devices strategically within the system to collect organization-determined essential information and at ad hoc locations within the system to track specific types of transactions of interest to the organization; analyze detected events and anomalies; adjust the level of system monitoring activity when there is an indication of increased risk to organizational operations and assets, individuals, other organizations, or the Nation; obtain legal opinion regarding system monitoring activities; and provide {{ insert: param, si-04_odp.03 }} to {{ insert: param, si-04_odp.04 }} {{ insert: param, si-04_odp.05 }}.","Monitor the system to detect:
Attacks and indicators of potential attacks in accordance with the following monitoring objectives: {{ insert: param, si-04_odp.01 }} ; and
Unauthorized local, network, and remote connections;
Identify unauthorized use of the system through the following techniques and methods: {{ insert: param, si-04_odp.02 }};
Invoke internal monitoring capabilities or deploy monitoring devices:
Strategically within the system to collect organization-determined essential information; and
At ad hoc locations within the system to track specific types of transactions of interest to the organization;
Analyze detected events and anomalies;
Adjust the level of system monitoring activity when there is a change in risk to organizational operations and assets, individuals, other organizations, or the Nation;
Obtain legal opinion regarding system monitoring activities; and
Provide {{ insert: param, si-04_odp.03 }} to {{ insert: param, si-04_odp.04 }} {{ insert: param, si-04_odp.05 }}.","si-04_odp.01, si-04_odp.02, si-04_odp.03, si-04_odp.04, si-04_odp.05",ASK,https://github.com/usnistgov/oscal-content/blob/v1.3.0/nist.gov/SP800-53/rev5/json/NIST_SP-800-53_rev5_catalog.json,9/23/20
94,"What integrity-verification mechanisms should be employed to detect unauthorized changes to software, firmware, or data?",nist sp 800-53,Rev 5,SI-7,"Employ integrity verification tools to detect unauthorized changes to software, firmware, and information: {{ insert: param, si-7_prm_1 }}; and take the following actions when unauthorized changes to the software, firmware, and information are detected: {{ insert: param, si-7_prm_2 }}.","Employ integrity verification tools to detect unauthorized changes to the following software, firmware, and information: {{ insert: param, si-7_prm_1 }} ; and
Take the following actions when unauthorized changes to the software, firmware, and information are detected: {{ insert: param, si-7_prm_2 }}.","si-7_prm_1, si-7_prm_2",ASK,https://github.com/usnistgov/oscal-content/blob/v1.3.0/nist.gov/SP800-53/rev5/json/NIST_SP-800-53_rev5_catalog.json,9/23/20
95,How should organizations validate system inputs to prevent injection or cross-site scripting attacks?,nist sp 800-53,Rev 5,SI-10,"Checking the valid syntax and semantics of system inputs—including character set, length, numerical range, and acceptable values—verifies that inputs match specified definitions for format and content. For example, if the organization specifies that numerical values between 1-100 are the only acceptable inputs for a field in a given application, inputs of \""387,\"" \""abc,\"" or \""%K%\"" are invalid inputs and are not accepted as input to the system. Valid inputs are likely to vary from field to field within a software application. Applications typically follow well-defined protocols that use structured messages (i.e., commands or queries) to communicate between software modules or system components. Structured messages can contain raw or unstructured data interspersed with metadata or control information. If software applications use attacker-supplied inputs to construct structured messages without properly encoding such messages, then the attacker could insert malicious commands or special characters that can cause the data to be interpreted as control information or metadata. Consequently, the module or component that receives the corrupted output will perform the wrong operations or otherwise interpret the data incorrectly. Prescreening inputs prior to passing them to interpreters prevents the content from being unintentionally interpreted as commands. Input validation ensures accurate and correct inputs and prevents attacks such as cross-site scripting and a variety of injection attacks.","Checking the valid syntax and semantics of system inputs—including character set, length, numerical range, and acceptable values—verifies that inputs match specified definitions for format and content. For example, if the organization specifies that numerical values between 1-100 are the only acceptable inputs for a field in a given application, inputs of \""387,\"" \""abc,\"" or \""%K%\"" are invalid inputs and are not accepted as input to the system. Valid inputs are likely to vary from field to field within a software application. Applications typically follow well-defined protocols that use structured messages (i.e., commands or queries) to communicate between software modules or system components. Structured messages can contain raw or unstructured data interspersed with metadata or control information. If software applications use attacker-supplied inputs to construct structured messages without properly encoding such messages, then the attacker could insert malicious commands or special characters that can cause the data to be interpreted as control information or metadata. Consequently, the module or component that receives the corrupted output will perform the wrong operations or otherwise interpret the data incorrectly. Prescreening inputs prior to passing them to interpreters prevents the content from being unintentionally interpreted as commands. Input validation ensures accurate and correct inputs and prevents attacks such as cross-site scripting and a variety of injection attacks.",N/A,N/A,https://github.com/usnistgov/oscal-content/blob/v1.3.0/nist.gov/SP800-53/rev5/json/NIST_SP-800-53_rev5_catalog.json,9/23/20
96,"What elements must be included in a supply-chain risk management plan, and how often should it be reviewed and protected from unauthorized disclosure?",nist sp 800-53,Rev 5,SR-2,"Develop a plan for managing supply chain risks associated with the development, acquisition, maintenance, and disposal of the system, system components or system services: {{ insert: param, sr-02_odp.01 }}; review and update the supply chain risk management plan {{ insert: param, sr-02_odp.02 }} to address threat, organizational or environmental changes; and protect the supply chain risk management plan from unauthorized disclosure and modification.","Develop a plan for managing supply chain risks associated with the research and development, design, manufacturing, acquisition, delivery, integration, operations and maintenance, and disposal of the following systems, system components or system services: {{ insert: param, sr-02_odp.01 }};
Review and update the supply chain risk management plan {{ insert: param, sr-02_odp.02 }} or as required, to address threat, organizational or environmental changes; and
Protect the supply chain risk management plan from unauthorized disclosure and modification.","sr-02_odp.01, sr-02_odp.02",FILL_FROM_PROFILE,https://github.com/usnistgov/oscal-content/blob/v1.3.0/nist.gov/SP800-53/rev5/json/NIST_SP-800-53_rev5_catalog.json,9/23/20
97,How should organizations identify and address weaknesses in supply-chain elements and document protective controls and processes?,nist sp 800-53,Rev 5,SR-3,"Establish a process or processes to identify and address weaknesses and deficiencies in supply chain elements, processes, and actors {{ insert: param, sr-03_odp.01 }} in coordination with {{ insert: param, sr-03_odp.02 }}; employ the following controls to protect against supply chain threats and to address supply chain-related events: {{ insert: param, sr-03_odp.03 }}; and document the selected and implemented supply chain processes and controls in {{ insert: param, sr-03_odp.04 }}.","Establish a process or processes to identify and address weaknesses or deficiencies in the supply chain elements and processes of {{ insert: param, sr-03_odp.01 }} in coordination with {{ insert: param, sr-03_odp.02 }};
Employ the following controls to protect against supply chain risks to the system, system component, or system service and to limit the harm or consequences from supply chain-related events: {{ insert: param, sr-03_odp.03 }} ; and
Document the selected and implemented supply chain processes and controls in {{ insert: param, sr-03_odp.04 }}.","sr-03_odp.01, sr-03_odp.02, sr-03_odp.03, sr-03_odp.04",ASK,https://github.com/usnistgov/oscal-content/blob/v1.3.0/nist.gov/SP800-53/rev5/json/NIST_SP-800-53_rev5_catalog.json,9/23/20
98,"What acquisition and contracting practices should be employed to protect the supply chain from counterfeit, tampered, or malicious components?",nist sp 800-53,Rev 5,SR-5,"The use of the acquisition process provides an important vehicle to protect the supply chain. There are many useful tools and techniques available, including obscuring the end use of a system or system component, using blind or filtered buys, requiring tamper-evident packaging, or using trusted or controlled distribution. The results from a supply chain risk assessment can guide and inform the strategies, tools, and methods that are most applicable to the situation. Tools and techniques may provide protections against unauthorized production, theft, tampering, insertion of counterfeits, insertion of malicious software or backdoors, and poor development practices throughout the system development life cycle. Organizations also consider providing incentives for suppliers who implement controls, promote transparency into their processes and security and privacy practices, provide contract language that addresses the prohibition of tainted or counterfeit components, and restrict purchases from untrustworthy suppliers. Organizations consider providing training, education, and awareness programs for personnel regarding supply chain risk, available mitigation strategies, and when the programs should be employed. Methods for reviewing and protecting development plans, documentation, and evidence are commensurate with the security and privacy requirements of the organization. Contracts may specify documentation protection requirements.","The use of the acquisition process provides an important vehicle to protect the supply chain. There are many useful tools and techniques available, including obscuring the end use of a system or system component, using blind or filtered buys, requiring tamper-evident packaging, or using trusted or controlled distribution. The results from a supply chain risk assessment can guide and inform the strategies, tools, and methods that are most applicable to the situation. Tools and techniques may provide protections against unauthorized production, theft, tampering, insertion of counterfeits, insertion of malicious software or backdoors, and poor development practices throughout the system development life cycle. Organizations also consider providing incentives for suppliers who implement controls, promote transparency into their processes and security and privacy practices, provide contract language that addresses the prohibition of tainted or counterfeit components, and restrict purchases from untrustworthy suppliers. Organizations consider providing training, education, and awareness programs for personnel regarding supply chain risk, available mitigation strategies, and when the programs should be employed. Methods for reviewing and protecting development plans, documentation, and evidence are commensurate with the security and privacy requirements of the organization. Contracts may specify documentation protection requirements.",N/A,N/A,https://github.com/usnistgov/oscal-content/blob/v1.3.0/nist.gov/SP800-53/rev5/json/NIST_SP-800-53_rev5_catalog.json,9/23/20
99,How frequently should supply-chain-related risks be assessed and reviewed for suppliers and contractors?,nist sp 800-53,Rev 5,SR-6,"Assess and review the supply chain-related risks associated with suppliers or contractors and the system, system component, or system service they provide {{ insert: param, sr-06_odp }}.","the frequency at which to assess and review the supply chain-related risks associated with suppliers or contractors and the systems, system components, or system services they provide is defined;",N/A,FILL_FROM_PROFILE,https://github.com/usnistgov/oscal-content/blob/v1.3.0/nist.gov/SP800-53/rev5/json/NIST_SP-800-53_rev5_catalog.json,9/23/20
100,"What policies and procedures should be developed to detect, prevent, and report counterfeit components within the system?",nist sp 800-53,Rev 5,SR-11,"Develop and implement anti-counterfeit policy and procedures to prevent counterfeit components from entering the system; and report counterfeit system components to {{ insert: param, sr-11_odp.01 }}.","Develop and implement anti-counterfeit policy and procedures that include the means to detect and prevent counterfeit components from entering the system; and
Report counterfeit system components to {{ insert: param, sr-11_odp.01 }}.",sr-11_odp.01,ASK,,