dataset,query_id,query_ord,original_query,rewrite_rank,rewritten_query,model_id,gen_params_json,timestamp_et
rev5,1,1,When must account managers and the designated personnel be notified about user account changes?,0,When do account managers and designated personnel need to be informed about changes to user accounts?,Qwen/Qwen2.5-7B-Instruct,"{""model_id"": ""Qwen/Qwen2.5-7B-Instruct"", ""temperature"": 0.5, ""top_p"": 0.9, ""max_new_tokens"": 80, ""n_rewrites"": 3, ""seed"": 42}",2025-11-07 22:54:45-0500
rev5,1,1,When must account managers and the designated personnel be notified about user account changes?,1,What are the requirements for notifying account managers and designated personnel about user account modifications?,Qwen/Qwen2.5-7B-Instruct,"{""model_id"": ""Qwen/Qwen2.5-7B-Instruct"", ""temperature"": 0.5, ""top_p"": 0.9, ""max_new_tokens"": 80, ""n_rewrites"": 3, ""seed"": 42}",2025-11-07 22:54:45-0500
rev5,1,1,When must account managers and the designated personnel be notified about user account changes?,2,Under what circumstances should account managers and designated personnel be made aware of changes in user accounts?,Qwen/Qwen2.5-7B-Instruct,"{""model_id"": ""Qwen/Qwen2.5-7B-Instruct"", ""temperature"": 0.5, ""top_p"": 0.9, ""max_new_tokens"": 80, ""n_rewrites"": 3, ""seed"": 42}",2025-11-07 22:54:45-0500
rev5,2,2,What must an organization enforce regarding logical access to its information and systems?,0,What policies must an organization implement for logical access to its information and systems?,Qwen/Qwen2.5-7B-Instruct,"{""model_id"": ""Qwen/Qwen2.5-7B-Instruct"", ""temperature"": 0.5, ""top_p"": 0.9, ""max_new_tokens"": 80, ""n_rewrites"": 3, ""seed"": 42}",2025-11-07 22:54:45-0500
rev5,2,2,What must an organization enforce regarding logical access to its information and systems?,1,Must an organization establish rules for logical access to its information and systems?,Qwen/Qwen2.5-7B-Instruct,"{""model_id"": ""Qwen/Qwen2.5-7B-Instruct"", ""temperature"": 0.5, ""top_p"": 0.9, ""max_new_tokens"": 80, ""n_rewrites"": 3, ""seed"": 42}",2025-11-07 22:54:45-0500
rev5,2,2,What must an organization enforce regarding logical access to its information and systems?,2,What are the mandatory measures an organization should take to control logical access to its information and systems?,Qwen/Qwen2.5-7B-Instruct,"{""model_id"": ""Qwen/Qwen2.5-7B-Instruct"", ""temperature"": 0.5, ""top_p"": 0.9, ""max_new_tokens"": 80, ""n_rewrites"": 3, ""seed"": 42}",2025-11-07 22:54:45-0500
rev5,3,3,What principle should be employed to limit user and process access to the minimum necessary for assigned tasks?,0,What principle ensures that user and process access is restricted to the minimum necessary for assigned tasks?,Qwen/Qwen2.5-7B-Instruct,"{""model_id"": ""Qwen/Qwen2.5-7B-Instruct"", ""temperature"": 0.5, ""top_p"": 0.9, ""max_new_tokens"": 80, ""n_rewrites"": 3, ""seed"": 42}",2025-11-07 22:54:45-0500
rev5,3,3,What principle should be employed to limit user and process access to the minimum necessary for assigned tasks?,1,Which principle dictates that access should be limited to the minimum necessary for performing assigned tasks?,Qwen/Qwen2.5-7B-Instruct,"{""model_id"": ""Qwen/Qwen2.5-7B-Instruct"", ""temperature"": 0.5, ""top_p"": 0.9, ""max_new_tokens"": 80, ""n_rewrites"": 3, ""seed"": 42}",2025-11-07 22:54:45-0500
rev5,3,3,What principle should be employed to limit user and process access to the minimum necessary for assigned tasks?,2,What guideline is used to ensure user and process access is minimized to only what is necessary for their assigned tasks?,Qwen/Qwen2.5-7B-Instruct,"{""model_id"": ""Qwen/Qwen2.5-7B-Instruct"", ""temperature"": 0.5, ""top_p"": 0.9, ""max_new_tokens"": 80, ""n_rewrites"": 3, ""seed"": 42}",2025-11-07 22:54:45-0500
rev5,4,4,How must a system be configured to handle consecutive invalid logon attempts?,0,What technical configurations are required for managing consecutive failed login attempts in a system?,Qwen/Qwen2.5-7B-Instruct,"{""model_id"": ""Qwen/Qwen2.5-7B-Instruct"", ""temperature"": 0.5, ""top_p"": 0.9, ""max_new_tokens"": 80, ""n_rewrites"": 3, ""seed"": 42}",2025-11-07 22:54:45-0500
rev5,4,4,How must a system be configured to handle consecutive invalid logon attempts?,1,What settings should be implemented to address multiple unsuccessful authentication tries within a system?,Qwen/Qwen2.5-7B-Instruct,"{""model_id"": ""Qwen/Qwen2.5-7B-Instruct"", ""temperature"": 0.5, ""top_p"": 0.9, ""max_new_tokens"": 80, ""n_rewrites"": 3, ""seed"": 42}",2025-11-07 22:54:45-0500
rev5,4,4,How must a system be configured to handle consecutive invalid logon attempts?,2,What are the necessary system configurations to ensure proper handling of repeated invalid login attempts?,Qwen/Qwen2.5-7B-Instruct,"{""model_id"": ""Qwen/Qwen2.5-7B-Instruct"", ""temperature"": 0.5, ""top_p"": 0.9, ""max_new_tokens"": 80, ""n_rewrites"": 3, ""seed"": 42}",2025-11-07 22:54:45-0500
rev5,5,5,What actions must a system take to lock a session and what is required for a user to re-establish access?,0,What technical steps are necessary for a system to initiate a session lock and what credentials are needed for a user to regain access?,Qwen/Qwen2.5-7B-Instruct,"{""model_id"": ""Qwen/Qwen2.5-7B-Instruct"", ""temperature"": 0.5, ""top_p"": 0.9, ""max_new_tokens"": 80, ""n_rewrites"": 3, ""seed"": 42}",2025-11-07 22:54:45-0500
rev5,5,5,What actions must a system take to lock a session and what is required for a user to re-establish access?,1,What technical procedures must a system follow to lock a session and what authentication factors are required for a user to re-establish access?,Qwen/Qwen2.5-7B-Instruct,"{""model_id"": ""Qwen/Qwen2.5-7B-Instruct"", ""temperature"": 0.5, ""top_p"": 0.9, ""max_new_tokens"": 80, ""n_rewrites"": 3, ""seed"": 42}",2025-11-07 22:54:45-0500
rev5,5,5,What actions must a system take to lock a session and what is required for a user to re-establish access?,2,How does a system lock a session and what is needed for a user to re-enable access to the system?,Qwen/Qwen2.5-7B-Instruct,"{""model_id"": ""Qwen/Qwen2.5-7B-Instruct"", ""temperature"": 0.5, ""top_p"": 0.9, ""max_new_tokens"": 80, ""n_rewrites"": 3, ""seed"": 42}",2025-11-07 22:54:45-0500
rev5,6,6,"What are the requirements for security and privacy literacy training, including its frequency, triggers for updates, and content sources?",0,"What are the essential elements of security and privacy literacy training, such as how often it should be conducted, when updates are necessary, and where the content comes from?",Qwen/Qwen2.5-7B-Instruct,"{""model_id"": ""Qwen/Qwen2.5-7B-Instruct"", ""temperature"": 0.5, ""top_p"": 0.9, ""max_new_tokens"": 80, ""n_rewrites"": 3, ""seed"": 42}",2025-11-07 22:54:45-0500
rev5,6,6,"What are the requirements for security and privacy literacy training, including its frequency, triggers for updates, and content sources?",1,"What are the key components of security and privacy literacy training, including its regularity, circumstances that require updates, and the origin of the training materials?",Qwen/Qwen2.5-7B-Instruct,"{""model_id"": ""Qwen/Qwen2.5-7B-Instruct"", ""temperature"": 0.5, ""top_p"": 0.9, ""max_new_tokens"": 80, ""n_rewrites"": 3, ""seed"": 42}",2025-11-07 22:54:45-0500
rev5,6,6,"What are the requirements for security and privacy literacy training, including its frequency, triggers for updates, and content sources?",2,"How do we determine the necessary aspects of security and privacy literacy training, such as its",Qwen/Qwen2.5-7B-Instruct,"{""model_id"": ""Qwen/Qwen2.5-7B-Instruct"", ""temperature"": 0.5, ""top_p"": 0.9, ""max_new_tokens"": 80, ""n_rewrites"": 3, ""seed"": 42}",2025-11-07 22:54:45-0500
rev5,7,7,Organizations should determine the content of training based on what?,0,What factors should organizations consider when defining the content of training?,Qwen/Qwen2.5-7B-Instruct,"{""model_id"": ""Qwen/Qwen2.5-7B-Instruct"", ""temperature"": 0.5, ""top_p"": 0.9, ""max_new_tokens"": 80, ""n_rewrites"": 3, ""seed"": 42}",2025-11-07 22:54:45-0500
rev5,7,7,Organizations should determine the content of training based on what?,1,What elements should organizations evaluate to establish the content of their training programs?,Qwen/Qwen2.5-7B-Instruct,"{""model_id"": ""Qwen/Qwen2.5-7B-Instruct"", ""temperature"": 0.5, ""top_p"": 0.9, ""max_new_tokens"": 80, ""n_rewrites"": 3, ""seed"": 42}",2025-11-07 22:54:45-0500
rev5,7,7,Organizations should determine the content of training based on what?,2,Based on what criteria should organizations decide the content of their training sessions?,Qwen/Qwen2.5-7B-Instruct,"{""model_id"": ""Qwen/Qwen2.5-7B-Instruct"", ""temperature"": 0.5, ""top_p"": 0.9, ""max_new_tokens"": 80, ""n_rewrites"": 3, ""seed"": 42}",2025-11-07 22:54:45-0500
rev5,8,8,"How must an organization document, monitor, and retain records of its security and privacy training activities?",0,"What are the necessary steps for documenting, monitoring, and retaining records of security and privacy training activities in an organization?",Qwen/Qwen2.5-7B-Instruct,"{""model_id"": ""Qwen/Qwen2.5-7B-Instruct"", ""temperature"": 0.5, ""top_p"": 0.9, ""max_new_tokens"": 80, ""n_rewrites"": 3, ""seed"": 42}",2025-11-07 22:54:45-0500
rev5,8,8,"How must an organization document, monitor, and retain records of its security and privacy training activities?",1,"What technical methods should an organization employ to document, monitor, and retain records of its security and privacy training activities?",Qwen/Qwen2.5-7B-Instruct,"{""model_id"": ""Qwen/Qwen2.5-7B-Instruct"", ""temperature"": 0.5, ""top_p"": 0.9, ""max_new_tokens"": 80, ""n_rewrites"": 3, ""seed"": 42}",2025-11-07 22:54:45-0500
rev5,8,8,"How must an organization document, monitor, and retain records of its security and privacy training activities?",2,"An organization needs to outline how it should document, track, and maintain records of security and privacy training activities.",Qwen/Qwen2.5-7B-Instruct,"{""model_id"": ""Qwen/Qwen2.5-7B-Instruct"", ""temperature"": 0.5, ""top_p"": 0.9, ""max_new_tokens"": 80, ""n_rewrites"": 3, ""seed"": 42}",2025-11-07 22:54:45-0500
rev5,9,9,What type of activity should be included in literacy training to simulate real-world incidents?,0,What kinds of activities are recommended for simulating real-world scenarios in literacy training?,Qwen/Qwen2.5-7B-Instruct,"{""model_id"": ""Qwen/Qwen2.5-7B-Instruct"", ""temperature"": 0.5, ""top_p"": 0.9, ""max_new_tokens"": 80, ""n_rewrites"": 3, ""seed"": 42}",2025-11-07 22:54:45-0500
rev5,9,9,What type of activity should be included in literacy training to simulate real-world incidents?,1,Which types of exercises should be incorporated into literacy training to mimic actual incidents?,Qwen/Qwen2.5-7B-Instruct,"{""model_id"": ""Qwen/Qwen2.5-7B-Instruct"", ""temperature"": 0.5, ""top_p"": 0.9, ""max_new_tokens"": 80, ""n_rewrites"": 3, ""seed"": 42}",2025-11-07 22:54:45-0500
rev5,9,9,What type of activity should be included in literacy training to simulate real-world incidents?,2,"In literacy training, what activities can be used to represent real-world situations effectively?",Qwen/Qwen2.5-7B-Instruct,"{""model_id"": ""Qwen/Qwen2.5-7B-Instruct"", ""temperature"": 0.5, ""top_p"": 0.9, ""max_new_tokens"": 80, ""n_rewrites"": 3, ""seed"": 42}",2025-11-07 22:54:45-0500
rev5,10,10,What method does AT-3(3) specify for reinforcing objectives in role-based security training?,0,What specific method does AT-3(3) outline for enhancing objectives in role-based security training?,Qwen/Qwen2.5-7B-Instruct,"{""model_id"": ""Qwen/Qwen2.5-7B-Instruct"", ""temperature"": 0.5, ""top_p"": 0.9, ""max_new_tokens"": 80, ""n_rewrites"": 3, ""seed"": 42}",2025-11-07 22:54:45-0500
rev5,10,10,What method does AT-3(3) specify for reinforcing objectives in role-based security training?,1,Which technique is specified by AT-3(3) for strengthening objectives in role-based security training programs?,Qwen/Qwen2.5-7B-Instruct,"{""model_id"": ""Qwen/Qwen2.5-7B-Instruct"", ""temperature"": 0.5, ""top_p"": 0.9, ""max_new_tokens"": 80, ""n_rewrites"": 3, ""seed"": 42}",2025-11-07 22:54:45-0500
rev5,10,10,What method does AT-3(3) specify for reinforcing objectives in role-based security training?,2,AT-3(3) what procedure is defined for improving objectives in role-based security training?,Qwen/Qwen2.5-7B-Instruct,"{""model_id"": ""Qwen/Qwen2.5-7B-Instruct"", ""temperature"": 0.5, ""top_p"": 0.9, ""max_new_tokens"": 80, ""n_rewrites"": 3, ""seed"": 42}",2025-11-07 22:54:45-0500
rev5,11,11,"What are the organizational responsibilities for defining, justifying, and maintaining the types of events to be logged by a system?",0,"What are the organizational duties in defining, justifying, and maintaining the types of events to be logged by a system?",Qwen/Qwen2.5-7B-Instruct,"{""model_id"": ""Qwen/Qwen2.5-7B-Instruct"", ""temperature"": 0.5, ""top_p"": 0.9, ""max_new_tokens"": 80, ""n_rewrites"": 3, ""seed"": 42}",2025-11-07 22:54:45-0500
rev5,11,11,"What are the organizational responsibilities for defining, justifying, and maintaining the types of events to be logged by a system?",1,"What are the organizational roles for establishing, validating, and updating the types of events to be recorded by a system?",Qwen/Qwen2.5-7B-Instruct,"{""model_id"": ""Qwen/Qwen2.5-7B-Instruct"", ""temperature"": 0.5, ""top_p"": 0.9, ""max_new_tokens"": 80, ""n_rewrites"": 3, ""seed"": 42}",2025-11-07 22:54:45-0500
rev5,11,11,"What are the organizational responsibilities for defining, justifying, and maintaining the types of events to be logged by a system?",2,"Who within an organization is responsible for setting, defending, and keeping current the types of events to be logged by a system?",Qwen/Qwen2.5-7B-Instruct,"{""model_id"": ""Qwen/Qwen2.5-7B-Instruct"", ""temperature"": 0.5, ""top_p"": 0.9, ""max_new_tokens"": 80, ""n_rewrites"": 3, ""seed"": 42}",2025-11-07 22:54:45-0500
rev5,12,12,What information must each audit record contain to support after-the-fact investigation of security incidents?,0,What technical details should be included in audit logs for post-incident analysis?,Qwen/Qwen2.5-7B-Instruct,"{""model_id"": ""Qwen/Qwen2.5-7B-Instruct"", ""temperature"": 0.5, ""top_p"": 0.9, ""max_new_tokens"": 80, ""n_rewrites"": 3, ""seed"": 42}",2025-11-07 22:54:45-0500
rev5,12,12,What information must each audit record contain to support after-the-fact investigation of security incidents?,1,What specific data points need to be captured in audit records for thorough security incident review?,Qwen/Qwen2.5-7B-Instruct,"{""model_id"": ""Qwen/Qwen2.5-7B-Instruct"", ""temperature"": 0.5, ""top_p"": 0.9, ""max_new_tokens"": 80, ""n_rewrites"": 3, ""seed"": 42}",2025-11-07 22:54:45-0500
rev5,12,12,What information must each audit record contain to support after-the-fact investigation of security incidents?,2,How can we ensure that audit entries contain necessary information for investigating security breaches afterward?,Qwen/Qwen2.5-7B-Instruct,"{""model_id"": ""Qwen/Qwen2.5-7B-Instruct"", ""temperature"": 0.5, ""top_p"": 0.9, ""max_new_tokens"": 80, ""n_rewrites"": 3, ""seed"": 42}",2025-11-07 22:54:45-0500
rev5,13,13,What factors must an organization consider when allocating audit log storage capacity to prevent the loss of audit data?,0,What technical factors should an organization evaluate for adequate audit log storage to avoid data loss?,Qwen/Qwen2.5-7B-Instruct,"{""model_id"": ""Qwen/Qwen2.5-7B-Instruct"", ""temperature"": 0.5, ""top_p"": 0.9, ""max_new_tokens"": 80, ""n_rewrites"": 3, ""seed"": 42}",2025-11-07 22:54:45-0500
rev5,13,13,What factors must an organization consider when allocating audit log storage capacity to prevent the loss of audit data?,1,What technical aspects must a company assess for sufficient audit log storage to prevent losing audit information?,Qwen/Qwen2.5-7B-Instruct,"{""model_id"": ""Qwen/Qwen2.5-7B-Instruct"", ""temperature"": 0.5, ""top_p"": 0.9, ""max_new_tokens"": 80, ""n_rewrites"": 3, ""seed"": 42}",2025-11-07 22:54:45-0500
rev5,13,13,What factors must an organization consider when allocating audit log storage capacity to prevent the loss of audit data?,2,"When determining audit log storage requirements to ensure no audit data is lost, what key considerations should an organization take into account?",Qwen/Qwen2.5-7B-Instruct,"{""model_id"": ""Qwen/Qwen2.5-7B-Instruct"", ""temperature"": 0.5, ""top_p"": 0.9, ""max_new_tokens"": 80, ""n_rewrites"": 3, ""seed"": 42}",2025-11-07 22:54:45-0500
rev5,14,14,"What is the required process for reviewing system audit records, and what actions should be taken based on the findings?",0,What are the necessary steps for examining system audit logs and what measures should be implemented following the review?,Qwen/Qwen2.5-7B-Instruct,"{""model_id"": ""Qwen/Qwen2.5-7B-Instruct"", ""temperature"": 0.5, ""top_p"": 0.9, ""max_new_tokens"": 80, ""n_rewrites"": 3, ""seed"": 42}",2025-11-07 22:54:45-0500
rev5,14,14,"What is the required process for reviewing system audit records, and what actions should be taken based on the findings?",1,What are the essential procedures for inspecting system audit records and what actions need to be executed based on the analysis?,Qwen/Qwen2.5-7B-Instruct,"{""model_id"": ""Qwen/Qwen2.5-7B-Instruct"", ""temperature"": 0.5, ""top_p"": 0.9, ""max_new_tokens"": 80, ""n_rewrites"": 3, ""seed"": 42}",2025-11-07 22:54:45-0500
rev5,14,14,"What is the required process for reviewing system audit records, and what actions should be taken based on the findings?",2,How should one conduct the review of system audit trails and what subsequent actions are recommended after identifying issues?,Qwen/Qwen2.5-7B-Instruct,"{""model_id"": ""Qwen/Qwen2.5-7B-Instruct"", ""temperature"": 0.5, ""top_p"": 0.9, ""max_new_tokens"": 80, ""n_rewrites"": 3, ""seed"": 42}",2025-11-07 22:54:45-0500
rev5,15,15,What are the requirements for generating and recording time stamps in audit records to ensure accuracy?,0,What are the key elements for creating and logging timestamps in audit logs to maintain precision?,Qwen/Qwen2.5-7B-Instruct,"{""model_id"": ""Qwen/Qwen2.5-7B-Instruct"", ""temperature"": 0.5, ""top_p"": 0.9, ""max_new_tokens"": 80, ""n_rewrites"": 3, ""seed"": 42}",2025-11-07 22:54:45-0500
rev5,15,15,What are the requirements for generating and recording time stamps in audit records to ensure accuracy?,1,How do we define and document timestamp generation and recording processes in audit entries to guarantee accuracy?,Qwen/Qwen2.5-7B-Instruct,"{""model_id"": ""Qwen/Qwen2.5-7B-Instruct"", ""temperature"": 0.5, ""top_p"": 0.9, ""max_new_tokens"": 80, ""n_rewrites"": 3, ""seed"": 42}",2025-11-07 22:54:45-0500
rev5,15,15,What are the requirements for generating and recording time stamps in audit records to ensure accuracy?,2,What technical standards should be followed for timestamp creation and documentation in audit records to ensure their accuracy?,Qwen/Qwen2.5-7B-Instruct,"{""model_id"": ""Qwen/Qwen2.5-7B-Instruct"", ""temperature"": 0.5, ""top_p"": 0.9, ""max_new_tokens"": 80, ""n_rewrites"": 3, ""seed"": 42}",2025-11-07 22:54:45-0500
rev5,16,16,"Describe the key steps of the formal control assessment process, from planning to reporting.",0,What are the essential stages in conducting a formal control assessment from start to finish?,Qwen/Qwen2.5-7B-Instruct,"{""model_id"": ""Qwen/Qwen2.5-7B-Instruct"", ""temperature"": 0.5, ""top_p"": 0.9, ""max_new_tokens"": 80, ""n_rewrites"": 3, ""seed"": 42}",2025-11-07 22:54:45-0500
rev5,16,16,"Describe the key steps of the formal control assessment process, from planning to reporting.",1,"What are the main phases involved in performing a formal control assessment, including preparation through documentation?",Qwen/Qwen2.5-7B-Instruct,"{""model_id"": ""Qwen/Qwen2.5-7B-Instruct"", ""temperature"": 0.5, ""top_p"": 0.9, ""max_new_tokens"": 80, ""n_rewrites"": 3, ""seed"": 42}",2025-11-07 22:54:45-0500
rev5,16,16,"Describe the key steps of the formal control assessment process, from planning to reporting.",2,"Can you outline the critical steps in executing a formal control assessment, starting with planning and concluding with reporting?",Qwen/Qwen2.5-7B-Instruct,"{""model_id"": ""Qwen/Qwen2.5-7B-Instruct"", ""temperature"": 0.5, ""top_p"": 0.9, ""max_new_tokens"": 80, ""n_rewrites"": 3, ""seed"": 42}",2025-11-07 22:54:45-0500
rev5,17,17,"What are the requirements for managing and securing information exchanges between systems, including the associated agreements?",0,What are the key requirements for handling and protecting data transfers between systems along with relevant contracts?,Qwen/Qwen2.5-7B-Instruct,"{""model_id"": ""Qwen/Qwen2.5-7B-Instruct"", ""temperature"": 0.5, ""top_p"": 0.9, ""max_new_tokens"": 80, ""n_rewrites"": 3, ""seed"": 42}",2025-11-07 22:54:45-0500
rev5,17,17,"What are the requirements for managing and securing information exchanges between systems, including the associated agreements?",1,"What are the essential standards for managing and safeguarding information exchanges among systems, including pertinent agreements?",Qwen/Qwen2.5-7B-Instruct,"{""model_id"": ""Qwen/Qwen2.5-7B-Instruct"", ""temperature"": 0.5, ""top_p"": 0.9, ""max_new_tokens"": 80, ""n_rewrites"": 3, ""seed"": 42}",2025-11-07 22:54:45-0500
rev5,17,17,"What are the requirements for managing and securing information exchanges between systems, including the associated agreements?",2,"Can you outline the necessary protocols for controlling and securing data sharing between systems, including the related legal agreements?",Qwen/Qwen2.5-7B-Instruct,"{""model_id"": ""Qwen/Qwen2.5-7B-Instruct"", ""temperature"": 0.5, ""top_p"": 0.9, ""max_new_tokens"": 80, ""n_rewrites"": 3, ""seed"": 42}",2025-11-07 22:54:45-0500
rev5,18,18,What is the purpose of a plan of action and milestones in addressing identified control weaknesses?,0,What is the role of a plan of action and milestones when dealing with identified control deficiencies?,Qwen/Qwen2.5-7B-Instruct,"{""model_id"": ""Qwen/Qwen2.5-7B-Instruct"", ""temperature"": 0.5, ""top_p"": 0.9, ""max_new_tokens"": 80, ""n_rewrites"": 3, ""seed"": 42}",2025-11-07 22:54:45-0500
rev5,18,18,What is the purpose of a plan of action and milestones in addressing identified control weaknesses?,1,what is the significance of having a plan of action and milestones for addressing recognized control weaknesses?,Qwen/Qwen2.5-7B-Instruct,"{""model_id"": ""Qwen/Qwen2.5-7B-Instruct"", ""temperature"": 0.5, ""top_p"": 0.9, ""max_new_tokens"": 80, ""n_rewrites"": 3, ""seed"": 42}",2025-11-07 22:54:45-0500
rev5,18,18,What is the purpose of a plan of action and milestones in addressing identified control weaknesses?,2,In what way do plan of action and milestones contribute to tackling identified control weaknesses?,Qwen/Qwen2.5-7B-Instruct,"{""model_id"": ""Qwen/Qwen2.5-7B-Instruct"", ""temperature"": 0.5, ""top_p"": 0.9, ""max_new_tokens"": 80, ""n_rewrites"": 3, ""seed"": 42}",2025-11-07 22:54:45-0500
rev5,19,19,What are the primary responsibilities of an authorizing official regarding system authorization and risk determination?,0,What are the main duties of an authorizing official concerning system authorization and risk assessment?,Qwen/Qwen2.5-7B-Instruct,"{""model_id"": ""Qwen/Qwen2.5-7B-Instruct"", ""temperature"": 0.5, ""top_p"": 0.9, ""max_new_tokens"": 80, ""n_rewrites"": 3, ""seed"": 42}",2025-11-07 22:54:45-0500
rev5,19,19,What are the primary responsibilities of an authorizing official regarding system authorization and risk determination?,1,What are the key tasks of an authorizing official in relation to system authorization and risk evaluation?,Qwen/Qwen2.5-7B-Instruct,"{""model_id"": ""Qwen/Qwen2.5-7B-Instruct"", ""temperature"": 0.5, ""top_p"": 0.9, ""max_new_tokens"": 80, ""n_rewrites"": 3, ""seed"": 42}",2025-11-07 22:54:45-0500
rev5,19,19,What are the primary responsibilities of an authorizing official regarding system authorization and risk determination?,2,An authorizing official's main functions in system authorization and risk determination include what?,Qwen/Qwen2.5-7B-Instruct,"{""model_id"": ""Qwen/Qwen2.5-7B-Instruct"", ""temperature"": 0.5, ""top_p"": 0.9, ""max_new_tokens"": 80, ""n_rewrites"": 3, ""seed"": 42}",2025-11-07 22:54:45-0500
rev5,20,20,What are the requirements for implementing a system-level continuous monitoring strategy?,0,What technical specifications are needed for establishing a system-wide ongoing surveillance approach?,Qwen/Qwen2.5-7B-Instruct,"{""model_id"": ""Qwen/Qwen2.5-7B-Instruct"", ""temperature"": 0.5, ""top_p"": 0.9, ""max_new_tokens"": 80, ""n_rewrites"": 3, ""seed"": 42}",2025-11-07 22:54:45-0500
rev5,20,20,What are the requirements for implementing a system-level continuous monitoring strategy?,1,What are the necessary components for setting up a comprehensive real-time system monitoring plan?,Qwen/Qwen2.5-7B-Instruct,"{""model_id"": ""Qwen/Qwen2.5-7B-Instruct"", ""temperature"": 0.5, ""top_p"": 0.9, ""max_new_tokens"": 80, ""n_rewrites"": 3, ""seed"": 42}",2025-11-07 22:54:45-0500
rev5,20,20,What are the requirements for implementing a system-level continuous monitoring strategy?,2,Can you outline the essential elements required for implementing a full-scale continuous system monitoring methodology?,Qwen/Qwen2.5-7B-Instruct,"{""model_id"": ""Qwen/Qwen2.5-7B-Instruct"", ""temperature"": 0.5, ""top_p"": 0.9, ""max_new_tokens"": 80, ""n_rewrites"": 3, ""seed"": 42}",2025-11-07 22:54:45-0500
rev5,21,21,What are the lifecycle requirements for system baseline configurations?,0,What are the lifecycle management requirements for establishing system baseline configurations?,Qwen/Qwen2.5-7B-Instruct,"{""model_id"": ""Qwen/Qwen2.5-7B-Instruct"", ""temperature"": 0.5, ""top_p"": 0.9, ""max_new_tokens"": 80, ""n_rewrites"": 3, ""seed"": 42}",2025-11-07 22:54:45-0500
rev5,21,21,What are the lifecycle requirements for system baseline configurations?,1,How do lifecycle requirements apply to the setup of baseline system configurations?,Qwen/Qwen2.5-7B-Instruct,"{""model_id"": ""Qwen/Qwen2.5-7B-Instruct"", ""temperature"": 0.5, ""top_p"": 0.9, ""max_new_tokens"": 80, ""n_rewrites"": 3, ""seed"": 42}",2025-11-07 22:54:45-0500
rev5,21,21,What are the lifecycle requirements for system baseline configurations?,2,Can you outline the lifecycle needs for defining base system configurations?,Qwen/Qwen2.5-7B-Instruct,"{""model_id"": ""Qwen/Qwen2.5-7B-Instruct"", ""temperature"": 0.5, ""top_p"": 0.9, ""max_new_tokens"": 80, ""n_rewrites"": 3, ""seed"": 42}",2025-11-07 22:54:45-0500
rev5,22,22,What must an organization do to manage configuration-controlled changes?,0,How should an organization handle configuration-controlled changes effectively?,Qwen/Qwen2.5-7B-Instruct,"{""model_id"": ""Qwen/Qwen2.5-7B-Instruct"", ""temperature"": 0.5, ""top_p"": 0.9, ""max_new_tokens"": 80, ""n_rewrites"": 3, ""seed"": 42}",2025-11-07 22:54:45-0500
rev5,22,22,What must an organization do to manage configuration-controlled changes?,1,What actions must an organization take to manage configuration-controlled changes properly?,Qwen/Qwen2.5-7B-Instruct,"{""model_id"": ""Qwen/Qwen2.5-7B-Instruct"", ""temperature"": 0.5, ""top_p"": 0.9, ""max_new_tokens"": 80, ""n_rewrites"": 3, ""seed"": 42}",2025-11-07 22:54:45-0500
rev5,22,22,What must an organization do to manage configuration-controlled changes?,2,An organization needs to implement what procedures for managing configuration-controlled changes?,Qwen/Qwen2.5-7B-Instruct,"{""model_id"": ""Qwen/Qwen2.5-7B-Instruct"", ""temperature"": 0.5, ""top_p"": 0.9, ""max_new_tokens"": 80, ""n_rewrites"": 3, ""seed"": 42}",2025-11-07 22:54:45-0500
rev5,23,23,What should be analyzed before implementing a system change?,0,What technical elements need to be assessed prior to executing a system modification?,Qwen/Qwen2.5-7B-Instruct,"{""model_id"": ""Qwen/Qwen2.5-7B-Instruct"", ""temperature"": 0.5, ""top_p"": 0.9, ""max_new_tokens"": 80, ""n_rewrites"": 3, ""seed"": 42}",2025-11-07 22:54:45-0500
rev5,23,23,What should be analyzed before implementing a system change?,1,What aspects should be reviewed before carrying out a system update?,Qwen/Qwen2.5-7B-Instruct,"{""model_id"": ""Qwen/Qwen2.5-7B-Instruct"", ""temperature"": 0.5, ""top_p"": 0.9, ""max_new_tokens"": 80, ""n_rewrites"": 3, ""seed"": 42}",2025-11-07 22:54:45-0500
rev5,23,23,What should be analyzed before implementing a system change?,2,Which components must be evaluated before performing a system alteration?,Qwen/Qwen2.5-7B-Instruct,"{""model_id"": ""Qwen/Qwen2.5-7B-Instruct"", ""temperature"": 0.5, ""top_p"": 0.9, ""max_new_tokens"": 80, ""n_rewrites"": 3, ""seed"": 42}",2025-11-07 22:54:45-0500
rev5,24,24,"How should configuration settings be established, approved, and monitored?",0,"What are the steps for establishing, approving, and monitoring configuration settings?",Qwen/Qwen2.5-7B-Instruct,"{""model_id"": ""Qwen/Qwen2.5-7B-Instruct"", ""temperature"": 0.5, ""top_p"": 0.9, ""max_new_tokens"": 80, ""n_rewrites"": 3, ""seed"": 42}",2025-11-07 22:54:45-0500
rev5,24,24,"How should configuration settings be established, approved, and monitored?",1,"How can we effectively set up, validate, and oversee configuration parameters?",Qwen/Qwen2.5-7B-Instruct,"{""model_id"": ""Qwen/Qwen2.5-7B-Instruct"", ""temperature"": 0.5, ""top_p"": 0.9, ""max_new_tokens"": 80, ""n_rewrites"": 3, ""seed"": 42}",2025-11-07 22:54:45-0500
rev5,24,24,"How should configuration settings be established, approved, and monitored?",2,"What process should be followed to define, authorize, and track configuration settings?",Qwen/Qwen2.5-7B-Instruct,"{""model_id"": ""Qwen/Qwen2.5-7B-Instruct"", ""temperature"": 0.5, ""top_p"": 0.9, ""max_new_tokens"": 80, ""n_rewrites"": 3, ""seed"": 42}",2025-11-07 22:54:45-0500
rev5,25,25,"What are the requirements for developing, maintaining, and updating a system component inventory?",0,"What are the necessary steps for creating, managing, and revising a system component inventory?",Qwen/Qwen2.5-7B-Instruct,"{""model_id"": ""Qwen/Qwen2.5-7B-Instruct"", ""temperature"": 0.5, ""top_p"": 0.9, ""max_new_tokens"": 80, ""n_rewrites"": 3, ""seed"": 42}",2025-11-07 22:54:45-0500
rev5,25,25,"What are the requirements for developing, maintaining, and updating a system component inventory?",1,"Are there specific guidelines for developing, sustaining, and updating a system component inventory?",Qwen/Qwen2.5-7B-Instruct,"{""model_id"": ""Qwen/Qwen2.5-7B-Instruct"", ""temperature"": 0.5, ""top_p"": 0.9, ""max_new_tokens"": 80, ""n_rewrites"": 3, ""seed"": 42}",2025-11-07 22:54:45-0500
rev5,25,25,"What are the requirements for developing, maintaining, and updating a system component inventory?",2,"Can you outline the processes for establishing, maintaining, and modifying a system component inventory?",Qwen/Qwen2.5-7B-Instruct,"{""model_id"": ""Qwen/Qwen2.5-7B-Instruct"", ""temperature"": 0.5, ""top_p"": 0.9, ""max_new_tokens"": 80, ""n_rewrites"": 3, ""seed"": 42}",2025-11-07 22:54:45-0500
rev5,26,26,"What are the key elements that must be included in a contingency plan, and how should it be reviewed, distributed, and updated?",0,"What are the essential components of a contingency plan and what is the process for reviewing, disseminating, and maintaining it?",Qwen/Qwen2.5-7B-Instruct,"{""model_id"": ""Qwen/Qwen2.5-7B-Instruct"", ""temperature"": 0.5, ""top_p"": 0.9, ""max_new_tokens"": 80, ""n_rewrites"": 3, ""seed"": 42}",2025-11-07 22:54:45-0500
rev5,26,26,"What are the key elements that must be included in a contingency plan, and how should it be reviewed, distributed, and updated?",1,"What must be included in a contingency plan and what steps should be taken to review, distribute, and update it?",Qwen/Qwen2.5-7B-Instruct,"{""model_id"": ""Qwen/Qwen2.5-7B-Instruct"", ""temperature"": 0.5, ""top_p"": 0.9, ""max_new_tokens"": 80, ""n_rewrites"": 3, ""seed"": 42}",2025-11-07 22:54:45-0500
rev5,26,26,"What are the key elements that must be included in a contingency plan, and how should it be reviewed, distributed, and updated?",2,"Can you outline the critical parts of a contingency plan and describe the methods for its review, distribution, and updating?",Qwen/Qwen2.5-7B-Instruct,"{""model_id"": ""Qwen/Qwen2.5-7B-Instruct"", ""temperature"": 0.5, ""top_p"": 0.9, ""max_new_tokens"": 80, ""n_rewrites"": 3, ""seed"": 42}",2025-11-07 22:54:45-0500
rev5,27,27,When and how should contingency training be provided to system users based on their assigned roles and responsibilities?,0,When and how should contingency training be given to system users depending on their roles and responsibilities?,Qwen/Qwen2.5-7B-Instruct,"{""model_id"": ""Qwen/Qwen2.5-7B-Instruct"", ""temperature"": 0.5, ""top_p"": 0.9, ""max_new_tokens"": 80, ""n_rewrites"": 3, ""seed"": 42}",2025-11-07 22:54:45-0500
rev5,27,27,When and how should contingency training be provided to system users based on their assigned roles and responsibilities?,1,What are the best practices for providing contingency training to system users according to their roles and responsibilities?,Qwen/Qwen2.5-7B-Instruct,"{""model_id"": ""Qwen/Qwen2.5-7B-Instruct"", ""temperature"": 0.5, ""top_p"": 0.9, ""max_new_tokens"": 80, ""n_rewrites"": 3, ""seed"": 42}",2025-11-07 22:54:45-0500
rev5,27,27,When and how should contingency training be provided to system users based on their assigned roles and responsibilities?,2,Can you outline when and how contingency training should be delivered to system users based on their roles and responsibilities?,Qwen/Qwen2.5-7B-Instruct,"{""model_id"": ""Qwen/Qwen2.5-7B-Instruct"", ""temperature"": 0.5, ""top_p"": 0.9, ""max_new_tokens"": 80, ""n_rewrites"": 3, ""seed"": 42}",2025-11-07 22:54:45-0500
rev5,28,28,"How frequently must contingency plans be tested, and what should be done after reviewing the test results?",0,What are the required frequencies for testing contingency plans and the subsequent actions post-review?,Qwen/Qwen2.5-7B-Instruct,"{""model_id"": ""Qwen/Qwen2.5-7B-Instruct"", ""temperature"": 0.5, ""top_p"": 0.9, ""max_new_tokens"": 80, ""n_rewrites"": 3, ""seed"": 42}",2025-11-07 22:54:45-0500
rev5,28,28,"How frequently must contingency plans be tested, and what should be done after reviewing the test results?",1,When must contingency plans be tested and what steps follow the review of test outcomes?,Qwen/Qwen2.5-7B-Instruct,"{""model_id"": ""Qwen/Qwen2.5-7B-Instruct"", ""temperature"": 0.5, ""top_p"": 0.9, ""max_new_tokens"": 80, ""n_rewrites"": 3, ""seed"": 42}",2025-11-07 22:54:45-0500
rev5,28,28,"How frequently must contingency plans be tested, and what should be done after reviewing the test results?",2,At what intervals should contingency plans be tested and what actions are necessary after reviewing the test results?,Qwen/Qwen2.5-7B-Instruct,"{""model_id"": ""Qwen/Qwen2.5-7B-Instruct"", ""temperature"": 0.5, ""top_p"": 0.9, ""max_new_tokens"": 80, ""n_rewrites"": 3, ""seed"": 42}",2025-11-07 22:54:45-0500
rev5,29,29,What are the requirements for establishing and maintaining an alternate processing site to resume essential operations?,0,What are the necessary conditions for setting up and sustaining an alternative processing facility to restart critical functions?,Qwen/Qwen2.5-7B-Instruct,"{""model_id"": ""Qwen/Qwen2.5-7B-Instruct"", ""temperature"": 0.5, ""top_p"": 0.9, ""max_new_tokens"": 80, ""n_rewrites"": 3, ""seed"": 42}",2025-11-07 22:54:45-0500
rev5,29,29,What are the requirements for establishing and maintaining an alternate processing site to resume essential operations?,1,What are the essential criteria for creating and preserving an alternate processing site to restore key operations?,Qwen/Qwen2.5-7B-Instruct,"{""model_id"": ""Qwen/Qwen2.5-7B-Instruct"", ""temperature"": 0.5, ""top_p"": 0.9, ""max_new_tokens"": 80, ""n_rewrites"": 3, ""seed"": 42}",2025-11-07 22:54:45-0500
rev5,29,29,What are the requirements for establishing and maintaining an alternate processing site to resume essential operations?,2,How do you establish and maintain a backup processing location to ensure the continuation of vital operations?,Qwen/Qwen2.5-7B-Instruct,"{""model_id"": ""Qwen/Qwen2.5-7B-Instruct"", ""temperature"": 0.5, ""top_p"": 0.9, ""max_new_tokens"": 80, ""n_rewrites"": 3, ""seed"": 42}",2025-11-07 22:54:45-0500
rev5,30,30,What actions must be taken to ensure that system and user-level information is backed up and that backup data remains protected?,0,What technical steps are required to ensure system and user level data is properly backed up and secured during the backup process?,Qwen/Qwen2.5-7B-Instruct,"{""model_id"": ""Qwen/Qwen2.5-7B-Instruct"", ""temperature"": 0.5, ""top_p"": 0.9, ""max_new_tokens"": 80, ""n_rewrites"": 3, ""seed"": 42}",2025-11-07 22:54:45-0500
rev5,30,30,What actions must be taken to ensure that system and user-level information is backed up and that backup data remains protected?,1,What technical measures should be implemented to guarantee that system and user level information is effectively backed up and safeguarded throughout the backup procedure?,Qwen/Qwen2.5-7B-Instruct,"{""model_id"": ""Qwen/Qwen2.5-7B-Instruct"", ""temperature"": 0.5, ""top_p"": 0.9, ""max_new_tokens"": 80, ""n_rewrites"": 3, ""seed"": 42}",2025-11-07 22:54:45-0500
rev5,30,30,What actions must be taken to ensure that system and user-level information is backed up and that backup data remains protected?,2,How can we ensure that both system and user level data is correctly backed up and kept secure during the backup operation?,Qwen/Qwen2.5-7B-Instruct,"{""model_id"": ""Qwen/Qwen2.5-7B-Instruct"", ""temperature"": 0.5, ""top_p"": 0.9, ""max_new_tokens"": 80, ""n_rewrites"": 3, ""seed"": 42}",2025-11-07 22:54:45-0500
rev5,31,31,How must organizations identify and authenticate users and associate them with processes acting on their behalf?,0,What are the methods for identifying and authenticating users and linking them to processes that act on their behalf?,Qwen/Qwen2.5-7B-Instruct,"{""model_id"": ""Qwen/Qwen2.5-7B-Instruct"", ""temperature"": 0.5, ""top_p"": 0.9, ""max_new_tokens"": 80, ""n_rewrites"": 3, ""seed"": 42}",2025-11-07 22:54:45-0500
rev5,31,31,How must organizations identify and authenticate users and associate them with processes acting on their behalf?,1,What techniques should organizations use to recognize and verify users and connect them to the processes they initiate?,Qwen/Qwen2.5-7B-Instruct,"{""model_id"": ""Qwen/Qwen2.5-7B-Instruct"", ""temperature"": 0.5, ""top_p"": 0.9, ""max_new_tokens"": 80, ""n_rewrites"": 3, ""seed"": 42}",2025-11-07 22:54:45-0500
rev5,31,31,How must organizations identify and authenticate users and associate them with processes acting on their behalf?,2,What approaches do companies need to take to validate and authenticate users and assign them to processes performed on their behalf?,Qwen/Qwen2.5-7B-Instruct,"{""model_id"": ""Qwen/Qwen2.5-7B-Instruct"", ""temperature"": 0.5, ""top_p"": 0.9, ""max_new_tokens"": 80, ""n_rewrites"": 3, ""seed"": 42}",2025-11-07 22:54:45-0500
rev5,32,32,"What are the requirements for assigning, authorizing, and preventing reuse of system identifiers for individuals, groups, or devices?",0,"What are the technical specifications for granting, endorsing, and prohibiting the recycling of unique identifiers among users, teams, or hardware?",Qwen/Qwen2.5-7B-Instruct,"{""model_id"": ""Qwen/Qwen2.5-7B-Instruct"", ""temperature"": 0.5, ""top_p"": 0.9, ""max_new_tokens"": 80, ""n_rewrites"": 3, ""seed"": 42}",2025-11-07 22:54:45-0500
rev5,32,32,"What are the requirements for assigning, authorizing, and preventing reuse of system identifiers for individuals, groups, or devices?",1,"What are the criteria for allocating, authenticating, and blocking the repurposing of system-wide identifiers for persons, collectives, or apparatus?",Qwen/Qwen2.5-7B-Instruct,"{""model_id"": ""Qwen/Qwen2.5-7B-Instruct"", ""temperature"": 0.5, ""top_p"": 0.9, ""max_new_tokens"": 80, ""n_rewrites"": 3, ""seed"": 42}",2025-11-07 22:54:45-0500
rev5,32,32,"What are the requirements for assigning, authorizing, and preventing reuse of system identifiers for individuals, groups, or devices?",2,"What are the necessary conditions for assigning, approving, and stopping the reuse of entity-specific identifiers in a network environment for individuals, organizations",Qwen/Qwen2.5-7B-Instruct,"{""model_id"": ""Qwen/Qwen2.5-7B-Instruct"", ""temperature"": 0.5, ""top_p"": 0.9, ""max_new_tokens"": 80, ""n_rewrites"": 3, ""seed"": 42}",2025-11-07 22:54:45-0500
rev5,33,33,"How should organizations manage authenticators, including their distribution, protection, and periodic updates?",0,"What are the best practices for managing authenticators in terms of distribution, protection, and periodic updates?",Qwen/Qwen2.5-7B-Instruct,"{""model_id"": ""Qwen/Qwen2.5-7B-Instruct"", ""temperature"": 0.5, ""top_p"": 0.9, ""max_new_tokens"": 80, ""n_rewrites"": 3, ""seed"": 42}",2025-11-07 22:54:45-0500
rev5,33,33,"How should organizations manage authenticators, including their distribution, protection, and periodic updates?",1,"How can organizations effectively handle the distribution, security, and regular updates of authenticators?",Qwen/Qwen2.5-7B-Instruct,"{""model_id"": ""Qwen/Qwen2.5-7B-Instruct"", ""temperature"": 0.5, ""top_p"": 0.9, ""max_new_tokens"": 80, ""n_rewrites"": 3, ""seed"": 42}",2025-11-07 22:54:45-0500
rev5,33,33,"How should organizations manage authenticators, including their distribution, protection, and periodic updates?",2,"What steps should companies take to manage the distribution, safeguarding, and routine updates of authenticators?",Qwen/Qwen2.5-7B-Instruct,"{""model_id"": ""Qwen/Qwen2.5-7B-Instruct"", ""temperature"": 0.5, ""top_p"": 0.9, ""max_new_tokens"": 80, ""n_rewrites"": 3, ""seed"": 42}",2025-11-07 22:54:45-0500
rev5,34,34,What does NIST require to protect authentication information from disclosure during the authentication process?,0,Nist requirements for protecting authentication data during authentication,Qwen/Qwen2.5-7B-Instruct,"{""model_id"": ""Qwen/Qwen2.5-7B-Instruct"", ""temperature"": 0.5, ""top_p"": 0.9, ""max_new_tokens"": 80, ""n_rewrites"": 3, ""seed"": 42}",2025-11-07 22:54:45-0500
rev5,34,34,What does NIST require to protect authentication information from disclosure during the authentication process?,1,What technical measures does nist recommend for safeguarding authentication information during the authentication process,Qwen/Qwen2.5-7B-Instruct,"{""model_id"": ""Qwen/Qwen2.5-7B-Instruct"", ""temperature"": 0.5, ""top_p"": 0.9, ""max_new_tokens"": 80, ""n_rewrites"": 3, ""seed"": 42}",2025-11-07 22:54:45-0500
rev5,34,34,What does NIST require to protect authentication information from disclosure during the authentication process?,2,How does nist ensure that authentication details remain secure throughout the authentication procedure,Qwen/Qwen2.5-7B-Instruct,"{""model_id"": ""Qwen/Qwen2.5-7B-Instruct"", ""temperature"": 0.5, ""top_p"": 0.9, ""max_new_tokens"": 80, ""n_rewrites"": 3, ""seed"": 42}",2025-11-07 22:54:45-0500
rev5,35,35,How should organizations handle identification and authentication of non-organizational users accessing federal systems?,0,What are the best practices for identifying and authenticating external users in federal systems?,Qwen/Qwen2.5-7B-Instruct,"{""model_id"": ""Qwen/Qwen2.5-7B-Instruct"", ""temperature"": 0.5, ""top_p"": 0.9, ""max_new_tokens"": 80, ""n_rewrites"": 3, ""seed"": 42}",2025-11-07 22:54:45-0500
rev5,35,35,How should organizations handle identification and authentication of non-organizational users accessing federal systems?,1,How can organizations securely manage the identification and authentication of non-employees accessing federal IT systems?,Qwen/Qwen2.5-7B-Instruct,"{""model_id"": ""Qwen/Qwen2.5-7B-Instruct"", ""temperature"": 0.5, ""top_p"": 0.9, ""max_new_tokens"": 80, ""n_rewrites"": 3, ""seed"": 42}",2025-11-07 22:54:45-0500
rev5,35,35,How should organizations handle identification and authentication of non-organizational users accessing federal systems?,2,What methods should be employed by organizations to ensure secure identification and authentication of third-party users accessing federal resources?,Qwen/Qwen2.5-7B-Instruct,"{""model_id"": ""Qwen/Qwen2.5-7B-Instruct"", ""temperature"": 0.5, ""top_p"": 0.9, ""max_new_tokens"": 80, ""n_rewrites"": 3, ""seed"": 42}",2025-11-07 22:54:45-0500
rev5,36,36,"When should incident response training be provided, and how often should its content be reviewed and updated?",0,"When is incident response training typically scheduled, and what is the frequency of reviewing and updating its content?",Qwen/Qwen2.5-7B-Instruct,"{""model_id"": ""Qwen/Qwen2.5-7B-Instruct"", ""temperature"": 0.5, ""top_p"": 0.9, ""max_new_tokens"": 80, ""n_rewrites"": 3, ""seed"": 42}",2025-11-07 22:54:45-0500
rev5,36,36,"When should incident response training be provided, and how often should its content be reviewed and updated?",1,"What are the recommended timing for incident response training sessions, and how frequently should the training materials be reviewed and updated?",Qwen/Qwen2.5-7B-Instruct,"{""model_id"": ""Qwen/Qwen2.5-7B-Instruct"", ""temperature"": 0.5, ""top_p"": 0.9, ""max_new_tokens"": 80, ""n_rewrites"": 3, ""seed"": 42}",2025-11-07 22:54:45-0500
rev5,36,36,"When should incident response training be provided, and how often should its content be reviewed and updated?",2,"At what intervals should incident response training be conducted, and how often should the training content be evaluated and revised?",Qwen/Qwen2.5-7B-Instruct,"{""model_id"": ""Qwen/Qwen2.5-7B-Instruct"", ""temperature"": 0.5, ""top_p"": 0.9, ""max_new_tokens"": 80, ""n_rewrites"": 3, ""seed"": 42}",2025-11-07 22:54:45-0500
rev5,37,37,"How often should organizations test the effectiveness of their incident response capabilities, and what kinds of tests may be used?",0,What are the recommended frequencies for testing incident response capabilities and what types of tests can be employed?,Qwen/Qwen2.5-7B-Instruct,"{""model_id"": ""Qwen/Qwen2.5-7B-Instruct"", ""temperature"": 0.5, ""top_p"": 0.9, ""max_new_tokens"": 80, ""n_rewrites"": 3, ""seed"": 42}",2025-11-07 22:54:45-0500
rev5,37,37,"How often should organizations test the effectiveness of their incident response capabilities, and what kinds of tests may be used?",1,"When should organizations conduct tests to ensure their incident response capabilities are effective, and what kinds of tests are typically used?",Qwen/Qwen2.5-7B-Instruct,"{""model_id"": ""Qwen/Qwen2.5-7B-Instruct"", ""temperature"": 0.5, ""top_p"": 0.9, ""max_new_tokens"": 80, ""n_rewrites"": 3, ""seed"": 42}",2025-11-07 22:54:45-0500
rev5,37,37,"How often should organizations test the effectiveness of their incident response capabilities, and what kinds of tests may be used?",2,"At what intervals should organizations evaluate the effectiveness of their incident response plans, and what specific tests might they consider?",Qwen/Qwen2.5-7B-Instruct,"{""model_id"": ""Qwen/Qwen2.5-7B-Instruct"", ""temperature"": 0.5, ""top_p"": 0.9, ""max_new_tokens"": 80, ""n_rewrites"": 3, ""seed"": 42}",2025-11-07 22:54:45-0500
rev5,38,38,"What are the key elements of implementing an effective incident handling capability, including coordination and lessons learned?",0,What are the essential components for establishing a robust incident response process that includes coordination and post-incident analysis?,Qwen/Qwen2.5-7B-Instruct,"{""model_id"": ""Qwen/Qwen2.5-7B-Instruct"", ""temperature"": 0.5, ""top_p"": 0.9, ""max_new_tokens"": 80, ""n_rewrites"": 3, ""seed"": 42}",2025-11-07 22:54:45-0500
rev5,38,38,"What are the key elements of implementing an effective incident handling capability, including coordination and lessons learned?",1,What are the critical factors involved in setting up an efficient incident management system with emphasis on teamwork and learning from past incidents?,Qwen/Qwen2.5-7B-Instruct,"{""model_id"": ""Qwen/Qwen2.5-7B-Instruct"", ""temperature"": 0.5, ""top_p"": 0.9, ""max_new_tokens"": 80, ""n_rewrites"": 3, ""seed"": 42}",2025-11-07 22:54:45-0500
rev5,38,38,"What are the key elements of implementing an effective incident handling capability, including coordination and lessons learned?",2,How do you build a successful incident handling framework that ensures effective collaboration and incorporates lessons learned from previous events?,Qwen/Qwen2.5-7B-Instruct,"{""model_id"": ""Qwen/Qwen2.5-7B-Instruct"", ""temperature"": 0.5, ""top_p"": 0.9, ""max_new_tokens"": 80, ""n_rewrites"": 3, ""seed"": 42}",2025-11-07 22:54:45-0500
rev5,39,39,What information should organizations maintain and analyze when documenting and reviewing security incidents?,0,What technical details must organizations keep and examine during security incident documentation and review?,Qwen/Qwen2.5-7B-Instruct,"{""model_id"": ""Qwen/Qwen2.5-7B-Instruct"", ""temperature"": 0.5, ""top_p"": 0.9, ""max_new_tokens"": 80, ""n_rewrites"": 3, ""seed"": 42}",2025-11-07 22:54:45-0500
rev5,39,39,What information should organizations maintain and analyze when documenting and reviewing security incidents?,1,"When documenting and reviewing security incidents, what specific data points should organizations retain and analyze?",Qwen/Qwen2.5-7B-Instruct,"{""model_id"": ""Qwen/Qwen2.5-7B-Instruct"", ""temperature"": 0.5, ""top_p"": 0.9, ""max_new_tokens"": 80, ""n_rewrites"": 3, ""seed"": 42}",2025-11-07 22:54:45-0500
rev5,39,39,What information should organizations maintain and analyze when documenting and reviewing security incidents?,2,"In the context of security incident documentation and review, which elements should organizations maintain and assess?",Qwen/Qwen2.5-7B-Instruct,"{""model_id"": ""Qwen/Qwen2.5-7B-Instruct"", ""temperature"": 0.5, ""top_p"": 0.9, ""max_new_tokens"": 80, ""n_rewrites"": 3, ""seed"": 42}",2025-11-07 22:54:45-0500
rev5,40,40,"What are the reporting requirements for suspected or confirmed incidents, including notification timeframes and recipients?",0,"What are the specific reporting requirements for suspected or confirmed security incidents, including the required timeframes for notification and who should be notified?",Qwen/Qwen2.5-7B-Instruct,"{""model_id"": ""Qwen/Qwen2.5-7B-Instruct"", ""temperature"": 0.5, ""top_p"": 0.9, ""max_new_tokens"": 80, ""n_rewrites"": 3, ""seed"": 42}",2025-11-07 22:54:45-0500
rev5,40,40,"What are the reporting requirements for suspected or confirmed incidents, including notification timeframes and recipients?",1,"Are there defined protocols for reporting suspected or confirmed incidents, specifically regarding the timing and parties involved in the notification process?",Qwen/Qwen2.5-7B-Instruct,"{""model_id"": ""Qwen/Qwen2.5-7B-Instruct"", ""temperature"": 0.5, ""top_p"": 0.9, ""max_new_tokens"": 80, ""n_rewrites"": 3, ""seed"": 42}",2025-11-07 22:54:45-0500
rev5,40,40,"What are the reporting requirements for suspected or confirmed incidents, including notification timeframes and recipients?",2,"Could you outline the detailed procedures for reporting suspected or confirmed incidents, focusing on the necessary timeframes and who needs to be informed?",Qwen/Qwen2.5-7B-Instruct,"{""model_id"": ""Qwen/Qwen2.5-7B-Instruct"", ""temperature"": 0.5, ""top_p"": 0.9, ""max_new_tokens"": 80, ""n_rewrites"": 3, ""seed"": 42}",2025-11-07 22:54:45-0500
rev5,41,41,What are the key considerations for a controlled system maintenance program?,0,What are the essential factors to consider in a controlled system maintenance plan?,Qwen/Qwen2.5-7B-Instruct,"{""model_id"": ""Qwen/Qwen2.5-7B-Instruct"", ""temperature"": 0.5, ""top_p"": 0.9, ""max_new_tokens"": 80, ""n_rewrites"": 3, ""seed"": 42}",2025-11-07 22:54:45-0500
rev5,41,41,What are the key considerations for a controlled system maintenance program?,1,What are the critical elements to take into account for a controlled system maintenance schedule?,Qwen/Qwen2.5-7B-Instruct,"{""model_id"": ""Qwen/Qwen2.5-7B-Instruct"", ""temperature"": 0.5, ""top_p"": 0.9, ""max_new_tokens"": 80, ""n_rewrites"": 3, ""seed"": 42}",2025-11-07 22:54:45-0500
rev5,41,41,What are the key considerations for a controlled system maintenance program?,2,What should be included in the main aspects of a controlled system maintenance procedure?,Qwen/Qwen2.5-7B-Instruct,"{""model_id"": ""Qwen/Qwen2.5-7B-Instruct"", ""temperature"": 0.5, ""top_p"": 0.9, ""max_new_tokens"": 80, ""n_rewrites"": 3, ""seed"": 42}",2025-11-07 22:54:45-0500
rev5,42,42,"How should organizations approve, control, and periodically review the use of system maintenance tools?",0,"What are the best practices for organizations to approve, manage, and regularly assess the utilization of system maintenance tools?",Qwen/Qwen2.5-7B-Instruct,"{""model_id"": ""Qwen/Qwen2.5-7B-Instruct"", ""temperature"": 0.5, ""top_p"": 0.9, ""max_new_tokens"": 80, ""n_rewrites"": 3, ""seed"": 42}",2025-11-07 22:54:45-0500
rev5,42,42,"How should organizations approve, control, and periodically review the use of system maintenance tools?",1,"How can organizations effectively authorize, govern, and conduct routine evaluations of system maintenance tool usage?",Qwen/Qwen2.5-7B-Instruct,"{""model_id"": ""Qwen/Qwen2.5-7B-Instruct"", ""temperature"": 0.5, ""top_p"": 0.9, ""max_new_tokens"": 80, ""n_rewrites"": 3, ""seed"": 42}",2025-11-07 22:54:45-0500
rev5,42,42,"How should organizations approve, control, and periodically review the use of system maintenance tools?",2,"What steps should organizations take to ensure proper authorization, oversight, and periodic inspection of system maintenance tool usage?",Qwen/Qwen2.5-7B-Instruct,"{""model_id"": ""Qwen/Qwen2.5-7B-Instruct"", ""temperature"": 0.5, ""top_p"": 0.9, ""max_new_tokens"": 80, ""n_rewrites"": 3, ""seed"": 42}",2025-11-07 22:54:45-0500
rev5,43,43,"What must organizations do to authorize, secure, and record nonlocal maintenance and diagnostic activities?",0,"What are the necessary steps for authorizing, securing, and recording nonlocal maintenance and diagnostic activities in organizations?",Qwen/Qwen2.5-7B-Instruct,"{""model_id"": ""Qwen/Qwen2.5-7B-Instruct"", ""temperature"": 0.5, ""top_p"": 0.9, ""max_new_tokens"": 80, ""n_rewrites"": 3, ""seed"": 42}",2025-11-07 22:54:45-0500
rev5,43,43,"What must organizations do to authorize, secure, and record nonlocal maintenance and diagnostic activities?",1,"How can organizations ensure proper authorization, security, and documentation of nonlocal maintenance and diagnostic activities?",Qwen/Qwen2.5-7B-Instruct,"{""model_id"": ""Qwen/Qwen2.5-7B-Instruct"", ""temperature"": 0.5, ""top_p"": 0.9, ""max_new_tokens"": 80, ""n_rewrites"": 3, ""seed"": 42}",2025-11-07 22:54:45-0500
rev5,43,43,"What must organizations do to authorize, secure, and record nonlocal maintenance and diagnostic activities?",2,"What measures should organizations implement to authorize, secure, and log nonlocal maintenance and diagnostic activities effectively?",Qwen/Qwen2.5-7B-Instruct,"{""model_id"": ""Qwen/Qwen2.5-7B-Instruct"", ""temperature"": 0.5, ""top_p"": 0.9, ""max_new_tokens"": 80, ""n_rewrites"": 3, ""seed"": 42}",2025-11-07 22:54:45-0500
rev5,44,44,What process should be established for authorizing maintenance personnel and ensuring appropriate escorting and access control during maintenance?,0,What are the steps to establish a process for authorizing maintenance personnel and ensuring proper escorting and access control during maintenance activities?,Qwen/Qwen2.5-7B-Instruct,"{""model_id"": ""Qwen/Qwen2.5-7B-Instruct"", ""temperature"": 0.5, ""top_p"": 0.9, ""max_new_tokens"": 80, ""n_rewrites"": 3, ""seed"": 42}",2025-11-07 22:54:45-0500
rev5,44,44,What process should be established for authorizing maintenance personnel and ensuring appropriate escorting and access control during maintenance?,1,What technical procedures should be implemented to authorize maintenance personnel and ensure appropriate escorting and access control throughout maintenance operations?,Qwen/Qwen2.5-7B-Instruct,"{""model_id"": ""Qwen/Qwen2.5-7B-Instruct"", ""temperature"": 0.5, ""top_p"": 0.9, ""max_new_tokens"": 80, ""n_rewrites"": 3, ""seed"": 42}",2025-11-07 22:54:45-0500
rev5,44,44,What process should be established for authorizing maintenance personnel and ensuring appropriate escorting and access control during maintenance?,2,How can we develop a comprehensive process for authorizing maintenance staff and maintaining secure escorting and access control during maintenance tasks?,Qwen/Qwen2.5-7B-Instruct,"{""model_id"": ""Qwen/Qwen2.5-7B-Instruct"", ""temperature"": 0.5, ""top_p"": 0.9, ""max_new_tokens"": 80, ""n_rewrites"": 3, ""seed"": 42}",2025-11-07 22:54:45-0500
rev5,45,45,How should organizations identify critical system components and obtain maintenance support to mitigate risk when those components fail?,0,What are the best practices for identifying essential system elements and securing maintenance support to reduce risks associated with their failure?,Qwen/Qwen2.5-7B-Instruct,"{""model_id"": ""Qwen/Qwen2.5-7B-Instruct"", ""temperature"": 0.5, ""top_p"": 0.9, ""max_new_tokens"": 80, ""n_rewrites"": 3, ""seed"": 42}",2025-11-07 22:54:45-0500
rev5,45,45,How should organizations identify critical system components and obtain maintenance support to mitigate risk when those components fail?,1,How can organizations effectively pinpoint crucial system parts and acquire necessary maintenance assistance to minimize risks when these parts malfunction?,Qwen/Qwen2.5-7B-Instruct,"{""model_id"": ""Qwen/Qwen2.5-7B-Instruct"", ""temperature"": 0.5, ""top_p"": 0.9, ""max_new_tokens"": 80, ""n_rewrites"": 3, ""seed"": 42}",2025-11-07 22:54:45-0500
rev5,45,45,How should organizations identify critical system components and obtain maintenance support to mitigate risk when those components fail?,2,What methods should companies use to recognize vital system components and ensure access to maintenance support in order to decrease potential risks due to component failures?,Qwen/Qwen2.5-7B-Instruct,"{""model_id"": ""Qwen/Qwen2.5-7B-Instruct"", ""temperature"": 0.5, ""top_p"": 0.9, ""max_new_tokens"": 80, ""n_rewrites"": 3, ""seed"": 42}",2025-11-07 22:54:45-0500
rev5,46,46,How should access to both digital and non-digital system media be restricted to authorized individuals?,0,How can we restrict access to both digital and non-digital system media to only authorized personnel?,Qwen/Qwen2.5-7B-Instruct,"{""model_id"": ""Qwen/Qwen2.5-7B-Instruct"", ""temperature"": 0.5, ""top_p"": 0.9, ""max_new_tokens"": 80, ""n_rewrites"": 3, ""seed"": 42}",2025-11-07 22:54:45-0500
rev5,46,46,How should access to both digital and non-digital system media be restricted to authorized individuals?,1,What are the best practices for limiting access to both digital and physical system media to those with proper authorization?,Qwen/Qwen2.5-7B-Instruct,"{""model_id"": ""Qwen/Qwen2.5-7B-Instruct"", ""temperature"": 0.5, ""top_p"": 0.9, ""max_new_tokens"": 80, ""n_rewrites"": 3, ""seed"": 42}",2025-11-07 22:54:45-0500
rev5,46,46,How should access to both digital and non-digital system media be restricted to authorized individuals?,2,Can you provide guidance on how to ensure that access to both electronic and tangible system media is restricted to approved individuals?,Qwen/Qwen2.5-7B-Instruct,"{""model_id"": ""Qwen/Qwen2.5-7B-Instruct"", ""temperature"": 0.5, ""top_p"": 0.9, ""max_new_tokens"": 80, ""n_rewrites"": 3, ""seed"": 42}",2025-11-07 22:54:45-0500
rev5,47,47,"What requirements apply to marking system media with handling or distribution limitations, and when may media be exempt from marking?",0,"What specific requirements must be followed for marking system media that have handling or distribution limitations, and under what circumstances can media be exempted from marking?",Qwen/Qwen2.5-7B-Instruct,"{""model_id"": ""Qwen/Qwen2.5-7B-Instruct"", ""temperature"": 0.5, ""top_p"": 0.9, ""max_new_tokens"": 80, ""n_rewrites"": 3, ""seed"": 42}",2025-11-07 22:54:45-0500
rev5,47,47,"What requirements apply to marking system media with handling or distribution limitations, and when may media be exempt from marking?",1,"When must system media with handling or distribution limitations be marked, and are there any exemptions available?",Qwen/Qwen2.5-7B-Instruct,"{""model_id"": ""Qwen/Qwen2.5-7B-Instruct"", ""temperature"": 0.5, ""top_p"": 0.9, ""max_new_tokens"": 80, ""n_rewrites"": 3, ""seed"": 42}",2025-11-07 22:54:45-0500
rev5,47,47,"What requirements apply to marking system media with handling or distribution limitations, and when may media be exempt from marking?",2,"What criteria must be met for marking system media with handling or distribution limitations, and in what situations can media be unmarked?",Qwen/Qwen2.5-7B-Instruct,"{""model_id"": ""Qwen/Qwen2.5-7B-Instruct"", ""temperature"": 0.5, ""top_p"": 0.9, ""max_new_tokens"": 80, ""n_rewrites"": 3, ""seed"": 42}",2025-11-07 22:54:45-0500
rev5,48,48,How must organizations physically control and securely store system media to prevent unauthorized access or tampering?,0,What are the necessary physical controls and secure storage methods for system media to ensure it remains protected from unauthorized access or tampering?,Qwen/Qwen2.5-7B-Instruct,"{""model_id"": ""Qwen/Qwen2.5-7B-Instruct"", ""temperature"": 0.5, ""top_p"": 0.9, ""max_new_tokens"": 80, ""n_rewrites"": 3, ""seed"": 42}",2025-11-07 22:54:45-0500
rev5,48,48,How must organizations physically control and securely store system media to prevent unauthorized access or tampering?,1,What specific physical controls and secure storage practices should organizations implement to safeguard system media against unauthorized access or tampering?,Qwen/Qwen2.5-7B-Instruct,"{""model_id"": ""Qwen/Qwen2.5-7B-Instruct"", ""temperature"": 0.5, ""top_p"": 0.9, ""max_new_tokens"": 80, ""n_rewrites"": 3, ""seed"": 42}",2025-11-07 22:54:45-0500
rev5,48,48,How must organizations physically control and securely store system media to prevent unauthorized access or tampering?,2,What measures should organizations take to physically control and securely store system media in order to prevent unauthorized access or tampering?,Qwen/Qwen2.5-7B-Instruct,"{""model_id"": ""Qwen/Qwen2.5-7B-Instruct"", ""temperature"": 0.5, ""top_p"": 0.9, ""max_new_tokens"": 80, ""n_rewrites"": 3, ""seed"": 42}",2025-11-07 22:54:45-0500
rev5,49,49,"What safeguards should be in place for transporting system media outside controlled areas, including accountability and documentation requirements?",0,What are the necessary security measures for transferring system media beyond secured zones with specific focus on record keeping and responsibility protocols?,Qwen/Qwen2.5-7B-Instruct,"{""model_id"": ""Qwen/Qwen2.5-7B-Instruct"", ""temperature"": 0.5, ""top_p"": 0.9, ""max_new_tokens"": 80, ""n_rewrites"": 3, ""seed"": 42}",2025-11-07 22:54:45-0500
rev5,49,49,"What safeguards should be in place for transporting system media outside controlled areas, including accountability and documentation requirements?",1,"What precautions are required when moving system media out of restricted areas, particularly concerning accountability and document management guidelines?",Qwen/Qwen2.5-7B-Instruct,"{""model_id"": ""Qwen/Qwen2.5-7B-Instruct"", ""temperature"": 0.5, ""top_p"": 0.9, ""max_new_tokens"": 80, ""n_rewrites"": 3, ""seed"": 42}",2025-11-07 22:54:45-0500
rev5,49,49,"What safeguards should be in place for transporting system media outside controlled areas, including accountability and documentation requirements?",2,"Can you outline the essential safety procedures for the external transport of system media, emphasizing the need for tracking and documentation standards?",Qwen/Qwen2.5-7B-Instruct,"{""model_id"": ""Qwen/Qwen2.5-7B-Instruct"", ""temperature"": 0.5, ""top_p"": 0.9, ""max_new_tokens"": 80, ""n_rewrites"": 3, ""seed"": 42}",2025-11-07 22:54:45-0500
rev5,50,50,"What are the requirements for sanitizing system media prior to disposal, reuse, or release from organizational control?",0,"What are the necessary steps for securing system media before disposal, reuse, or releasing it from organizational management?",Qwen/Qwen2.5-7B-Instruct,"{""model_id"": ""Qwen/Qwen2.5-7B-Instruct"", ""temperature"": 0.5, ""top_p"": 0.9, ""max_new_tokens"": 80, ""n_rewrites"": 3, ""seed"": 42}",2025-11-07 22:54:45-0500
rev5,50,50,"What are the requirements for sanitizing system media prior to disposal, reuse, or release from organizational control?",1,"What are the essential procedures for purging data from system storage devices intended for disposal, reuse, or removal from organizational custody?",Qwen/Qwen2.5-7B-Instruct,"{""model_id"": ""Qwen/Qwen2.5-7B-Instruct"", ""temperature"": 0.5, ""top_p"": 0.9, ""max_new_tokens"": 80, ""n_rewrites"": 3, ""seed"": 42}",2025-11-07 22:54:45-0500
rev5,50,50,"What are the requirements for sanitizing system media prior to disposal, reuse, or release from organizational control?",2,"Can you outline the mandatory processes for cleaning system media to ensure it is safe for disposal, reuse, or exiting organizational control?",Qwen/Qwen2.5-7B-Instruct,"{""model_id"": ""Qwen/Qwen2.5-7B-Instruct"", ""temperature"": 0.5, ""top_p"": 0.9, ""max_new_tokens"": 80, ""n_rewrites"": 3, ""seed"": 42}",2025-11-07 22:54:45-0500
rev5,51,51,"What are the requirements for managing facility access authorizations, credentials, and access lists for individuals entering secured areas?",0,What are the technical requirements for managing access authorizations and credentials for individuals entering secured areas?,Qwen/Qwen2.5-7B-Instruct,"{""model_id"": ""Qwen/Qwen2.5-7B-Instruct"", ""temperature"": 0.5, ""top_p"": 0.9, ""max_new_tokens"": 80, ""n_rewrites"": 3, ""seed"": 42}",2025-11-07 22:54:45-0500
rev5,51,51,"What are the requirements for managing facility access authorizations, credentials, and access lists for individuals entering secured areas?",1,"What are the expanded technical requirements for controlling facility access authorizations, credentials, and access lists for individuals entering secured areas?",Qwen/Qwen2.5-7B-Instruct,"{""model_id"": ""Qwen/Qwen2.5-7B-Instruct"", ""temperature"": 0.5, ""top_p"": 0.9, ""max_new_tokens"": 80, ""n_rewrites"": 3, ""seed"": 42}",2025-11-07 22:54:45-0500
rev5,51,51,"What are the requirements for managing facility access authorizations, credentials, and access lists for individuals entering secured areas?",2,"What are the detailed requirements for managing access authorizations, credentials, and access lists for individuals entering secured areas?",Qwen/Qwen2.5-7B-Instruct,"{""model_id"": ""Qwen/Qwen2.5-7B-Instruct"", ""temperature"": 0.5, ""top_p"": 0.9, ""max_new_tokens"": 80, ""n_rewrites"": 3, ""seed"": 42}",2025-11-07 22:54:45-0500
rev5,52,52,"What considerations, components, and types of controls are involved in implementing physical access control?",0,What are the key factors and elements to consider when implementing physical access controls?,Qwen/Qwen2.5-7B-Instruct,"{""model_id"": ""Qwen/Qwen2.5-7B-Instruct"", ""temperature"": 0.5, ""top_p"": 0.9, ""max_new_tokens"": 80, ""n_rewrites"": 3, ""seed"": 42}",2025-11-07 22:54:45-0500
rev5,52,52,"What considerations, components, and types of controls are involved in implementing physical access control?",1,What technical aspects and types of safeguards should be included in the deployment of physical access control systems?,Qwen/Qwen2.5-7B-Instruct,"{""model_id"": ""Qwen/Qwen2.5-7B-Instruct"", ""temperature"": 0.5, ""top_p"": 0.9, ""max_new_tokens"": 80, ""n_rewrites"": 3, ""seed"": 42}",2025-11-07 22:54:45-0500
rev5,52,52,"What considerations, components, and types of controls are involved in implementing physical access control?",2,"When setting up physical access controls, what are the important elements and categories of security measures that need to be addressed?",Qwen/Qwen2.5-7B-Instruct,"{""model_id"": ""Qwen/Qwen2.5-7B-Instruct"", ""temperature"": 0.5, ""top_p"": 0.9, ""max_new_tokens"": 80, ""n_rewrites"": 3, ""seed"": 42}",2025-11-07 22:54:45-0500
rev5,53,53,What controls should organizations use to protect system distribution and transmission lines from physical damage or interception?,0,What technical controls are recommended for safeguarding system distribution and transmission lines against physical harm or eavesdropping?,Qwen/Qwen2.5-7B-Instruct,"{""model_id"": ""Qwen/Qwen2.5-7B-Instruct"", ""temperature"": 0.5, ""top_p"": 0.9, ""max_new_tokens"": 80, ""n_rewrites"": 3, ""seed"": 42}",2025-11-07 22:54:45-0500
rev5,53,53,What controls should organizations use to protect system distribution and transmission lines from physical damage or interception?,1,What measures can organizations implement to secure system distribution and transmission lines from physical damage or unauthorized access?,Qwen/Qwen2.5-7B-Instruct,"{""model_id"": ""Qwen/Qwen2.5-7B-Instruct"", ""temperature"": 0.5, ""top_p"": 0.9, ""max_new_tokens"": 80, ""n_rewrites"": 3, ""seed"": 42}",2025-11-07 22:54:45-0500
rev5,53,53,What controls should organizations use to protect system distribution and transmission lines from physical damage or interception?,2,How can organizations ensure the protection of system distribution and transmission lines from physical threats and interception?,Qwen/Qwen2.5-7B-Instruct,"{""model_id"": ""Qwen/Qwen2.5-7B-Instruct"", ""temperature"": 0.5, ""top_p"": 0.9, ""max_new_tokens"": 80, ""n_rewrites"": 3, ""seed"": 42}",2025-11-07 22:54:45-0500
rev5,54,54,"How should physical access to output devices such as monitors, printers, or copiers be restricted and monitored?",0,"What are the best practices for restricting and monitoring physical access to output devices like monitors, printers, or copiers?",Qwen/Qwen2.5-7B-Instruct,"{""model_id"": ""Qwen/Qwen2.5-7B-Instruct"", ""temperature"": 0.5, ""top_p"": 0.9, ""max_new_tokens"": 80, ""n_rewrites"": 3, ""seed"": 42}",2025-11-07 22:54:45-0500
rev5,54,54,"How should physical access to output devices such as monitors, printers, or copiers be restricted and monitored?",1,"What technical controls can be implemented to ensure secure and monitored physical access to output devices such as monitors, printers, or copiers?",Qwen/Qwen2.5-7B-Instruct,"{""model_id"": ""Qwen/Qwen2.5-7B-Instruct"", ""temperature"": 0.5, ""top_p"": 0.9, ""max_new_tokens"": 80, ""n_rewrites"": 3, ""seed"": 42}",2025-11-07 22:54:45-0500
rev5,54,54,"How should physical access to output devices such as monitors, printers, or copiers be restricted and monitored?",2,"Can you provide guidance on how to properly restrict and monitor physical access to output devices including monitors, printers, and copiers?",Qwen/Qwen2.5-7B-Instruct,"{""model_id"": ""Qwen/Qwen2.5-7B-Instruct"", ""temperature"": 0.5, ""top_p"": 0.9, ""max_new_tokens"": 80, ""n_rewrites"": 3, ""seed"": 42}",2025-11-07 22:54:45-0500
rev5,55,55,What measures should be implemented to monitor and review physical access logs and respond to security incidents in facilities housing systems?,0,How can we effectively monitor and review physical access logs and address security incidents in facility environments?,Qwen/Qwen2.5-7B-Instruct,"{""model_id"": ""Qwen/Qwen2.5-7B-Instruct"", ""temperature"": 0.5, ""top_p"": 0.9, ""max_new_tokens"": 80, ""n_rewrites"": 3, ""seed"": 42}",2025-11-07 22:54:45-0500
rev5,55,55,What measures should be implemented to monitor and review physical access logs and respond to security incidents in facilities housing systems?,1,What technical steps are necessary to oversee and evaluate physical access records and handle security breaches in premises that store IT systems?,Qwen/Qwen2.5-7B-Instruct,"{""model_id"": ""Qwen/Qwen2.5-7B-Instruct"", ""temperature"": 0.5, ""top_p"": 0.9, ""max_new_tokens"": 80, ""n_rewrites"": 3, ""seed"": 42}",2025-11-07 22:54:45-0500
rev5,55,55,What measures should be implemented to monitor and review physical access logs and respond to security incidents in facilities housing systems?,2,Which procedures need to be put in place to examine physical access logs and react to security events in locations where critical systems are housed?,Qwen/Qwen2.5-7B-Instruct,"{""model_id"": ""Qwen/Qwen2.5-7B-Instruct"", ""temperature"": 0.5, ""top_p"": 0.9, ""max_new_tokens"": 80, ""n_rewrites"": 3, ""seed"": 42}",2025-11-07 22:54:45-0500
rev5,56,56,What is the guidance of control PL-2?,0,What are the guidelines for control PL-2?,Qwen/Qwen2.5-7B-Instruct,"{""model_id"": ""Qwen/Qwen2.5-7B-Instruct"", ""temperature"": 0.5, ""top_p"": 0.9, ""max_new_tokens"": 80, ""n_rewrites"": 3, ""seed"": 42}",2025-11-07 22:54:45-0500
rev5,56,56,What is the guidance of control PL-2?,1,What are the best practices detailed in control PL-2?,Qwen/Qwen2.5-7B-Instruct,"{""model_id"": ""Qwen/Qwen2.5-7B-Instruct"", ""temperature"": 0.5, ""top_p"": 0.9, ""max_new_tokens"": 80, ""n_rewrites"": 3, ""seed"": 42}",2025-11-07 22:54:45-0500
rev5,56,56,What is the guidance of control PL-2?,2,Can you provide the specific instructions for implementing control PL-2?,Qwen/Qwen2.5-7B-Instruct,"{""model_id"": ""Qwen/Qwen2.5-7B-Instruct"", ""temperature"": 0.5, ""top_p"": 0.9, ""max_new_tokens"": 80, ""n_rewrites"": 3, ""seed"": 42}",2025-11-07 22:54:45-0500
rev5,57,57,What considerations are involved in establishing rules of behavior regarding their application to different user types and the methods for documenting acknowledgment?,0,What technical considerations are there for creating user behavior rules and documenting user acknowledgment processes?,Qwen/Qwen2.5-7B-Instruct,"{""model_id"": ""Qwen/Qwen2.5-7B-Instruct"", ""temperature"": 0.5, ""top_p"": 0.9, ""max_new_tokens"": 80, ""n_rewrites"": 3, ""seed"": 42}",2025-11-07 22:54:45-0500
rev5,57,57,What considerations are involved in establishing rules of behavior regarding their application to different user types and the methods for documenting acknowledgment?,1,What technical aspects should be considered when defining user behavior policies and ensuring proper documentation of user acknowledgments?,Qwen/Qwen2.5-7B-Instruct,"{""model_id"": ""Qwen/Qwen2.5-7B-Instruct"", ""temperature"": 0.5, ""top_p"": 0.9, ""max_new_tokens"": 80, ""n_rewrites"": 3, ""seed"": 42}",2025-11-07 22:54:45-0500
rev5,57,57,What considerations are involved in establishing rules of behavior regarding their application to different user types and the methods for documenting acknowledgment?,2,"When setting up user behavior guidelines, what factors should be taken into account, and how can these guidelines be effectively documented with user acknowledgment procedures?",Qwen/Qwen2.5-7B-Instruct,"{""model_id"": ""Qwen/Qwen2.5-7B-Instruct"", ""temperature"": 0.5, ""top_p"": 0.9, ""max_new_tokens"": 80, ""n_rewrites"": 3, ""seed"": 42}",2025-11-07 22:54:45-0500
rev5,58,58,"What is the purpose of a Concept of Operations, and how often should it be reviewed and updated?",0,What are the objectives of a Concept of Operations document and its frequency of review and updates?,Qwen/Qwen2.5-7B-Instruct,"{""model_id"": ""Qwen/Qwen2.5-7B-Instruct"", ""temperature"": 0.5, ""top_p"": 0.9, ""max_new_tokens"": 80, ""n_rewrites"": 3, ""seed"": 42}",2025-11-07 22:54:45-0500
rev5,58,58,"What is the purpose of a Concept of Operations, and how often should it be reviewed and updated?",1,What are the goals and necessity of maintaining a Concept of Operations document and how frequently should it be revised?,Qwen/Qwen2.5-7B-Instruct,"{""model_id"": ""Qwen/Qwen2.5-7B-Instruct"", ""temperature"": 0.5, ""top_p"": 0.9, ""max_new_tokens"": 80, ""n_rewrites"": 3, ""seed"": 42}",2025-11-07 22:54:45-0500
rev5,58,58,"What is the purpose of a Concept of Operations, and how often should it be reviewed and updated?",2,What is the rationale behind creating a Concept of Operations document and how regularly should it be evaluated and modified?,Qwen/Qwen2.5-7B-Instruct,"{""model_id"": ""Qwen/Qwen2.5-7B-Instruct"", ""temperature"": 0.5, ""top_p"": 0.9, ""max_new_tokens"": 80, ""n_rewrites"": 3, ""seed"": 42}",2025-11-07 22:54:45-0500
rev5,59,59,What should security and privacy architectures describe to ensure protection of information and integration with the enterprise architecture?,0,security and privacy architectures should cover what aspects to protect information and integrate with enterprise architecture,Qwen/Qwen2.5-7B-Instruct,"{""model_id"": ""Qwen/Qwen2.5-7B-Instruct"", ""temperature"": 0.5, ""top_p"": 0.9, ""max_new_tokens"": 80, ""n_rewrites"": 3, ""seed"": 42}",2025-11-07 22:54:45-0500
rev5,59,59,What should security and privacy architectures describe to ensure protection of information and integration with the enterprise architecture?,1,security and privacy architectures need to include which elements for safeguarding data and aligning with enterprise architecture,Qwen/Qwen2.5-7B-Instruct,"{""model_id"": ""Qwen/Qwen2.5-7B-Instruct"", ""temperature"": 0.5, ""top_p"": 0.9, ""max_new_tokens"": 80, ""n_rewrites"": 3, ""seed"": 42}",2025-11-07 22:54:45-0500
rev5,59,59,What should security and privacy architectures describe to ensure protection of information and integration with the enterprise architecture?,2,what components must security and privacy architectures encompass to secure information and connect with enterprise architecture,Qwen/Qwen2.5-7B-Instruct,"{""model_id"": ""Qwen/Qwen2.5-7B-Instruct"", ""temperature"": 0.5, ""top_p"": 0.9, ""max_new_tokens"": 80, ""n_rewrites"": 3, ""seed"": 42}",2025-11-07 22:54:45-0500
rev5,60,60,"How does the concept of tailoring allow organizations to customize control baselines to their mission, environment, and risk profile?",0,"What is the role of tailoring in enabling organizations to adjust control baselines according to their mission, environment, and risk profile?",Qwen/Qwen2.5-7B-Instruct,"{""model_id"": ""Qwen/Qwen2.5-7B-Instruct"", ""temperature"": 0.5, ""top_p"": 0.9, ""max_new_tokens"": 80, ""n_rewrites"": 3, ""seed"": 42}",2025-11-07 22:54:45-0500
rev5,60,60,"How does the concept of tailoring allow organizations to customize control baselines to their mission, environment, and risk profile?",1,"How can organizations use tailoring to customize control baselines based on their mission, environment, and risk profile?",Qwen/Qwen2.5-7B-Instruct,"{""model_id"": ""Qwen/Qwen2.5-7B-Instruct"", ""temperature"": 0.5, ""top_p"": 0.9, ""max_new_tokens"": 80, ""n_rewrites"": 3, ""seed"": 42}",2025-11-07 22:54:45-0500
rev5,60,60,"How does the concept of tailoring allow organizations to customize control baselines to their mission, environment, and risk profile?",2,"In what ways does tailoring permit organizations to modify control baselines to fit their specific mission, environment, and risk profile?",Qwen/Qwen2.5-7B-Instruct,"{""model_id"": ""Qwen/Qwen2.5-7B-Instruct"", ""temperature"": 0.5, ""top_p"": 0.9, ""max_new_tokens"": 80, ""n_rewrites"": 3, ""seed"": 42}",2025-11-07 22:54:45-0500
rev5,61,61,"Who serves as the senior agency information security officer, and what is their role within federal agencies?",0,What are the responsibilities of the senior agency information security officer in federal agencies?,Qwen/Qwen2.5-7B-Instruct,"{""model_id"": ""Qwen/Qwen2.5-7B-Instruct"", ""temperature"": 0.5, ""top_p"": 0.9, ""max_new_tokens"": 80, ""n_rewrites"": 3, ""seed"": 42}",2025-11-07 22:54:45-0500
rev5,61,61,"Who serves as the senior agency information security officer, and what is their role within federal agencies?",1,What technical roles does the senior agency information security officer play in federal organizations?,Qwen/Qwen2.5-7B-Instruct,"{""model_id"": ""Qwen/Qwen2.5-7B-Instruct"", ""temperature"": 0.5, ""top_p"": 0.9, ""max_new_tokens"": 80, ""n_rewrites"": 3, ""seed"": 42}",2025-11-07 22:54:45-0500
rev5,61,61,"Who serves as the senior agency information security officer, and what is their role within federal agencies?",2,"Which individual holds the position of senior agency information security officer in federal agencies, and what are their key duties?",Qwen/Qwen2.5-7B-Instruct,"{""model_id"": ""Qwen/Qwen2.5-7B-Instruct"", ""temperature"": 0.5, ""top_p"": 0.9, ""max_new_tokens"": 80, ""n_rewrites"": 3, ""seed"": 42}",2025-11-07 22:54:45-0500
rev5,62,62,What is the purpose of a plan of action and milestones process within the organization's risk management strategy?,0,What is the role of a plan of action and milestones in an organization's risk management approach?,Qwen/Qwen2.5-7B-Instruct,"{""model_id"": ""Qwen/Qwen2.5-7B-Instruct"", ""temperature"": 0.5, ""top_p"": 0.9, ""max_new_tokens"": 80, ""n_rewrites"": 3, ""seed"": 42}",2025-11-07 22:54:45-0500
rev5,62,62,What is the purpose of a plan of action and milestones process within the organization's risk management strategy?,1,Does a plan of action and milestones serve a specific function in an organization's risk management framework?,Qwen/Qwen2.5-7B-Instruct,"{""model_id"": ""Qwen/Qwen2.5-7B-Instruct"", ""temperature"": 0.5, ""top_p"": 0.9, ""max_new_tokens"": 80, ""n_rewrites"": 3, ""seed"": 42}",2025-11-07 22:54:45-0500
rev5,62,62,What is the purpose of a plan of action and milestones process within the organization's risk management strategy?,2,Can you explain the significance of a plan of action and milestones in an organization's risk management strategy?,Qwen/Qwen2.5-7B-Instruct,"{""model_id"": ""Qwen/Qwen2.5-7B-Instruct"", ""temperature"": 0.5, ""top_p"": 0.9, ""max_new_tokens"": 80, ""n_rewrites"": 3, ""seed"": 42}",2025-11-07 22:54:45-0500
rev5,63,63,How are measures of performance used to evaluate the effectiveness of security and privacy programs?,0,What metrics are utilized to assess the efficacy of security and privacy initiatives?,Qwen/Qwen2.5-7B-Instruct,"{""model_id"": ""Qwen/Qwen2.5-7B-Instruct"", ""temperature"": 0.5, ""top_p"": 0.9, ""max_new_tokens"": 80, ""n_rewrites"": 3, ""seed"": 42}",2025-11-07 22:54:45-0500
rev5,63,63,How are measures of performance used to evaluate the effectiveness of security and privacy programs?,1,How do performance indicators contribute to the evaluation of security and privacy programs?,Qwen/Qwen2.5-7B-Instruct,"{""model_id"": ""Qwen/Qwen2.5-7B-Instruct"", ""temperature"": 0.5, ""top_p"": 0.9, ""max_new_tokens"": 80, ""n_rewrites"": 3, ""seed"": 42}",2025-11-07 22:54:45-0500
rev5,63,63,How are measures of performance used to evaluate the effectiveness of security and privacy programs?,2,Can measures of performance help determine the success of security and privacy programs?,Qwen/Qwen2.5-7B-Instruct,"{""model_id"": ""Qwen/Qwen2.5-7B-Instruct"", ""temperature"": 0.5, ""top_p"": 0.9, ""max_new_tokens"": 80, ""n_rewrites"": 3, ""seed"": 42}",2025-11-07 22:54:45-0500
rev5,64,64,"What considerations must be incorporated into the enterprise architecture to address security, privacy, and risk?",0,"What technical elements should be included in the enterprise architecture to ensure security, privacy, and risk management?",Qwen/Qwen2.5-7B-Instruct,"{""model_id"": ""Qwen/Qwen2.5-7B-Instruct"", ""temperature"": 0.5, ""top_p"": 0.9, ""max_new_tokens"": 80, ""n_rewrites"": 3, ""seed"": 42}",2025-11-07 22:54:45-0500
rev5,64,64,"What considerations must be incorporated into the enterprise architecture to address security, privacy, and risk?",1,"How can security, privacy, and risk be effectively integrated into the enterprise architecture?",Qwen/Qwen2.5-7B-Instruct,"{""model_id"": ""Qwen/Qwen2.5-7B-Instruct"", ""temperature"": 0.5, ""top_p"": 0.9, ""max_new_tokens"": 80, ""n_rewrites"": 3, ""seed"": 42}",2025-11-07 22:54:45-0500
rev5,64,64,"What considerations must be incorporated into the enterprise architecture to address security, privacy, and risk?",2,"What aspects of security, privacy, and risk need to be considered when designing the enterprise architecture?",Qwen/Qwen2.5-7B-Instruct,"{""model_id"": ""Qwen/Qwen2.5-7B-Instruct"", ""temperature"": 0.5, ""top_p"": 0.9, ""max_new_tokens"": 80, ""n_rewrites"": 3, ""seed"": 42}",2025-11-07 22:54:45-0500
rev5,65,65,"What are the key components of an organization's risk management strategy, and how should it be implemented and updated?",0,What are the essential elements of a company's risk management plan and what is the process for its implementation and revision?,Qwen/Qwen2.5-7B-Instruct,"{""model_id"": ""Qwen/Qwen2.5-7B-Instruct"", ""temperature"": 0.5, ""top_p"": 0.9, ""max_new_tokens"": 80, ""n_rewrites"": 3, ""seed"": 42}",2025-11-07 22:54:45-0500
rev5,65,65,"What are the key components of an organization's risk management strategy, and how should it be implemented and updated?",1,What critical parts make up an enterprise's risk mitigation approach and how should this strategy be put in place and maintained over time?,Qwen/Qwen2.5-7B-Instruct,"{""model_id"": ""Qwen/Qwen2.5-7B-Instruct"", ""temperature"": 0.5, ""top_p"": 0.9, ""max_new_tokens"": 80, ""n_rewrites"": 3, ""seed"": 42}",2025-11-07 22:54:45-0500
rev5,65,65,"What are the key components of an organization's risk management strategy, and how should it be implemented and updated?",2,Can you outline the main constituents of an organization's risk management framework and provide guidance on its deployment and periodic review?,Qwen/Qwen2.5-7B-Instruct,"{""model_id"": ""Qwen/Qwen2.5-7B-Instruct"", ""temperature"": 0.5, ""top_p"": 0.9, ""max_new_tokens"": 80, ""n_rewrites"": 3, ""seed"": 42}",2025-11-07 22:54:45-0500
rev5,66,66,"What process should the organization use to assign, review, and update position risk designations and establish screening criteria for personnel?",0,"What are the steps an organization should follow to assign, review, and update position risk designations along with establishing screening criteria for personnel?",Qwen/Qwen2.5-7B-Instruct,"{""model_id"": ""Qwen/Qwen2.5-7B-Instruct"", ""temperature"": 0.5, ""top_p"": 0.9, ""max_new_tokens"": 80, ""n_rewrites"": 3, ""seed"": 42}",2025-11-07 22:54:45-0500
rev5,66,66,"What process should the organization use to assign, review, and update position risk designations and establish screening criteria for personnel?",1,"How can an organization properly manage the assignment, periodic review, and updating of position risk designations while also setting up effective screening criteria for personnel?",Qwen/Qwen2.5-7B-Instruct,"{""model_id"": ""Qwen/Qwen2.5-7B-Instruct"", ""temperature"": 0.5, ""top_p"": 0.9, ""max_new_tokens"": 80, ""n_rewrites"": 3, ""seed"": 42}",2025-11-07 22:54:45-0500
rev5,66,66,"What process should the organization use to assign, review, and update position risk designations and establish screening criteria for personnel?",2,"What process should an organization implement to assign, regularly review, and update position risk designations and develop screening criteria for personnel",Qwen/Qwen2.5-7B-Instruct,"{""model_id"": ""Qwen/Qwen2.5-7B-Instruct"", ""temperature"": 0.5, ""top_p"": 0.9, ""max_new_tokens"": 80, ""n_rewrites"": 3, ""seed"": 42}",2025-11-07 22:54:45-0500
rev5,67,67,When and how must individuals be screened before authorizing or maintaining access to organizational systems?,0,When and what methods must be used to screen individuals before granting them access to organizational systems?,Qwen/Qwen2.5-7B-Instruct,"{""model_id"": ""Qwen/Qwen2.5-7B-Instruct"", ""temperature"": 0.5, ""top_p"": 0.9, ""max_new_tokens"": 80, ""n_rewrites"": 3, ""seed"": 42}",2025-11-07 22:54:45-0500
rev5,67,67,When and how must individuals be screened before authorizing or maintaining access to organizational systems?,1,When and which techniques should be employed to screen individuals prior to authorizing access to organizational systems?,Qwen/Qwen2.5-7B-Instruct,"{""model_id"": ""Qwen/Qwen2.5-7B-Instruct"", ""temperature"": 0.5, ""top_p"": 0.9, ""max_new_tokens"": 80, ""n_rewrites"": 3, ""seed"": 42}",2025-11-07 22:54:45-0500
rev5,67,67,When and how must individuals be screened before authorizing or maintaining access to organizational systems?,2,When and through what processes must individuals be evaluated before being given access to organizational systems?,Qwen/Qwen2.5-7B-Instruct,"{""model_id"": ""Qwen/Qwen2.5-7B-Instruct"", ""temperature"": 0.5, ""top_p"": 0.9, ""max_new_tokens"": 80, ""n_rewrites"": 3, ""seed"": 42}",2025-11-07 22:54:45-0500
rev5,68,68,What steps must be taken when an individual's employment or role is terminated?,0,What technical steps are required upon termination of an employee's position?,Qwen/Qwen2.5-7B-Instruct,"{""model_id"": ""Qwen/Qwen2.5-7B-Instruct"", ""temperature"": 0.5, ""top_p"": 0.9, ""max_new_tokens"": 80, ""n_rewrites"": 3, ""seed"": 42}",2025-11-07 22:54:45-0500
rev5,68,68,What steps must be taken when an individual's employment or role is terminated?,1,What technical procedures must be followed when an employee's role is ended?,Qwen/Qwen2.5-7B-Instruct,"{""model_id"": ""Qwen/Qwen2.5-7B-Instruct"", ""temperature"": 0.5, ""top_p"": 0.9, ""max_new_tokens"": 80, ""n_rewrites"": 3, ""seed"": 42}",2025-11-07 22:54:45-0500
rev5,68,68,What steps must be taken when an individual's employment or role is terminated?,2,What are the necessary technical actions to take when terminating an employee's employment?,Qwen/Qwen2.5-7B-Instruct,"{""model_id"": ""Qwen/Qwen2.5-7B-Instruct"", ""temperature"": 0.5, ""top_p"": 0.9, ""max_new_tokens"": 80, ""n_rewrites"": 3, ""seed"": 42}",2025-11-07 22:54:45-0500
rev5,69,69,"What actions should the organization take to review, modify, and communicate access authorizations for reassigned or transferred personnel?",0,"How can an organization effectively review, adjust, and disseminate access permissions for employees who have been reassigned or transferred?",Qwen/Qwen2.5-7B-Instruct,"{""model_id"": ""Qwen/Qwen2.5-7B-Instruct"", ""temperature"": 0.5, ""top_p"": 0.9, ""max_new_tokens"": 80, ""n_rewrites"": 3, ""seed"": 42}",2025-11-07 22:54:45-0500
rev5,69,69,"What actions should the organization take to review, modify, and communicate access authorizations for reassigned or transferred personnel?",1,"What technical steps should an organization implement to ensure access authorizations are reviewed, updated, and communicated to personnel who have been reassigned or transferred?",Qwen/Qwen2.5-7B-Instruct,"{""model_id"": ""Qwen/Qwen2.5-7B-Instruct"", ""temperature"": 0.5, ""top_p"": 0.9, ""max_new_tokens"": 80, ""n_rewrites"": 3, ""seed"": 42}",2025-11-07 22:54:45-0500
rev5,69,69,"What actions should the organization take to review, modify, and communicate access authorizations for reassigned or transferred personnel?",2,"To what measures should an organization adhere for the proper review, alteration, and notification of access permissions for personnel who have been reassigned or",Qwen/Qwen2.5-7B-Instruct,"{""model_id"": ""Qwen/Qwen2.5-7B-Instruct"", ""temperature"": 0.5, ""top_p"": 0.9, ""max_new_tokens"": 80, ""n_rewrites"": 3, ""seed"": 42}",2025-11-07 22:54:45-0500
rev5,70,70,"What requirements apply to developing, reviewing, and signing access agreements for individuals requiring system access?",0,"What are the necessary standards for creating, examining, and approving access agreements for users needing system entry?",Qwen/Qwen2.5-7B-Instruct,"{""model_id"": ""Qwen/Qwen2.5-7B-Instruct"", ""temperature"": 0.5, ""top_p"": 0.9, ""max_new_tokens"": 80, ""n_rewrites"": 3, ""seed"": 42}",2025-11-07 22:54:45-0500
rev5,70,70,"What requirements apply to developing, reviewing, and signing access agreements for individuals requiring system access?",1,"What technical criteria must be met when drafting, evaluating, and authenticating access agreements for personnel with system access?",Qwen/Qwen2.5-7B-Instruct,"{""model_id"": ""Qwen/Qwen2.5-7B-Instruct"", ""temperature"": 0.5, ""top_p"": 0.9, ""max_new_tokens"": 80, ""n_rewrites"": 3, ""seed"": 42}",2025-11-07 22:54:45-0500
rev5,70,70,"What requirements apply to developing, reviewing, and signing access agreements for individuals requiring system access?",2,"What are the essential guidelines for formulating, assessing, and certifying access agreements for individuals who require system permissions?",Qwen/Qwen2.5-7B-Instruct,"{""model_id"": ""Qwen/Qwen2.5-7B-Instruct"", ""temperature"": 0.5, ""top_p"": 0.9, ""max_new_tokens"": 80, ""n_rewrites"": 3, ""seed"": 42}",2025-11-07 22:54:45-0500
rev5,71,71,"How should organizations determine, document, and restrict the purposes and lawful basis for processing personally identifiable information?",0,"What are the steps organizations should follow to determine, document, and limit the purposes and lawful basis for handling personally identifiable information?",Qwen/Qwen2.5-7B-Instruct,"{""model_id"": ""Qwen/Qwen2.5-7B-Instruct"", ""temperature"": 0.5, ""top_p"": 0.9, ""max_new_tokens"": 80, ""n_rewrites"": 3, ""seed"": 42}",2025-11-07 22:54:45-0500
rev5,71,71,"How should organizations determine, document, and restrict the purposes and lawful basis for processing personally identifiable information?",1,"How can organizations properly establish, record, and constrain the reasons and legal grounds for processing personal identifiable information?",Qwen/Qwen2.5-7B-Instruct,"{""model_id"": ""Qwen/Qwen2.5-7B-Instruct"", ""temperature"": 0.5, ""top_p"": 0.9, ""max_new_tokens"": 80, ""n_rewrites"": 3, ""seed"": 42}",2025-11-07 22:54:45-0500
rev5,71,71,"How should organizations determine, document, and restrict the purposes and lawful basis for processing personally identifiable information?",2,"What procedures should companies implement to define, document, and limit the scope and legal foundation for managing personally identifiable information?",Qwen/Qwen2.5-7B-Instruct,"{""model_id"": ""Qwen/Qwen2.5-7B-Instruct"", ""temperature"": 0.5, ""top_p"": 0.9, ""max_new_tokens"": 80, ""n_rewrites"": 3, ""seed"": 42}",2025-11-07 22:54:45-0500
rev5,72,72,"What must organizations identify and document about the purposes and conditions for collecting, using, and sharing PII, and how should they handle changes to those purposes?",0,"What are the necessary steps for organizations to identify and document purposes and conditions for handling PII, and what procedures should be in place for changes to these purposes?",Qwen/Qwen2.5-7B-Instruct,"{""model_id"": ""Qwen/Qwen2.5-7B-Instruct"", ""temperature"": 0.5, ""top_p"": 0.9, ""max_new_tokens"": 80, ""n_rewrites"": 3, ""seed"": 42}",2025-11-07 22:54:45-0500
rev5,72,72,"What must organizations identify and document about the purposes and conditions for collecting, using, and sharing PII, and how should they handle changes to those purposes?",1,"What technical measures must organizations implement to clearly define and document the purposes and conditions for collecting, using, and sharing personally identifiable information (PII), and how should they manage any modifications to these definitions?",Qwen/Qwen2.5-7B-Instruct,"{""model_id"": ""Qwen/Qwen2.5-7B-Instruct"", ""temperature"": 0.5, ""top_p"": 0.9, ""max_new_tokens"": 80, ""n_rewrites"": 3, ""seed"": 42}",2025-11-07 22:54:45-0500
rev5,72,72,"What must organizations identify and document about the purposes and conditions for collecting, using, and sharing PII, and how should they handle changes to those purposes?",2,What are the essential requirements for organizations to,Qwen/Qwen2.5-7B-Instruct,"{""model_id"": ""Qwen/Qwen2.5-7B-Instruct"", ""temperature"": 0.5, ""top_p"": 0.9, ""max_new_tokens"": 80, ""n_rewrites"": 3, ""seed"": 42}",2025-11-07 22:54:45-0500
rev5,73,73,"How should organizations obtain and manage individual consent for processing PII, and what factors should be considered when determining the appropriate consent mechanism?",0,"What are the steps organizations need to follow to acquire and handle personal information consent, and which elements should be taken into account while selecting the right consent method?",Qwen/Qwen2.5-7B-Instruct,"{""model_id"": ""Qwen/Qwen2.5-7B-Instruct"", ""temperature"": 0.5, ""top_p"": 0.9, ""max_new_tokens"": 80, ""n_rewrites"": 3, ""seed"": 42}",2025-11-07 22:54:45-0500
rev5,73,73,"How should organizations obtain and manage individual consent for processing PII, and what factors should be considered when determining the appropriate consent mechanism?",1,"What technical methods should organizations employ to get and maintain individual consent for handling PII, and what considerations are important in choosing the suitable consent approach?",Qwen/Qwen2.5-7B-Instruct,"{""model_id"": ""Qwen/Qwen2.5-7B-Instruct"", ""temperature"": 0.5, ""top_p"": 0.9, ""max_new_tokens"": 80, ""n_rewrites"": 3, ""seed"": 42}",2025-11-07 22:54:45-0500
rev5,73,73,"How should organizations obtain and manage individual consent for processing PII, and what factors should be considered when determining the appropriate consent mechanism?",2,"When it comes to obtaining and managing personal data consent from individuals, what procedures should organizations implement, and",Qwen/Qwen2.5-7B-Instruct,"{""model_id"": ""Qwen/Qwen2.5-7B-Instruct"", ""temperature"": 0.5, ""top_p"": 0.9, ""max_new_tokens"": 80, ""n_rewrites"": 3, ""seed"": 42}",2025-11-07 22:54:45-0500
rev5,74,74,"What information should be included in privacy notices to individuals, and when must such notices be provided or updated?",0,What technical details must privacy notices contain and when are they required to be given or revised?,Qwen/Qwen2.5-7B-Instruct,"{""model_id"": ""Qwen/Qwen2.5-7B-Instruct"", ""temperature"": 0.5, ""top_p"": 0.9, ""max_new_tokens"": 80, ""n_rewrites"": 3, ""seed"": 42}",2025-11-07 22:54:45-0500
rev5,74,74,"What information should be included in privacy notices to individuals, and when must such notices be provided or updated?",1,What technical aspects need to be covered in privacy statements and when must they be supplied or amended?,Qwen/Qwen2.5-7B-Instruct,"{""model_id"": ""Qwen/Qwen2.5-7B-Instruct"", ""temperature"": 0.5, ""top_p"": 0.9, ""max_new_tokens"": 80, ""n_rewrites"": 3, ""seed"": 42}",2025-11-07 22:54:45-0500
rev5,74,74,"What information should be included in privacy notices to individuals, and when must such notices be provided or updated?",2,"When are privacy disclosures required to be issued or updated, and what key elements must they include?",Qwen/Qwen2.5-7B-Instruct,"{""model_id"": ""Qwen/Qwen2.5-7B-Instruct"", ""temperature"": 0.5, ""top_p"": 0.9, ""max_new_tokens"": 80, ""n_rewrites"": 3, ""seed"": 42}",2025-11-07 22:54:45-0500
rev5,75,75,What must organizations do to publish and maintain accurate system of records Notices for systems that contain PII?,0,What are the requirements for publishing and maintaining accurate system of records notices for systems containing pii?,Qwen/Qwen2.5-7B-Instruct,"{""model_id"": ""Qwen/Qwen2.5-7B-Instruct"", ""temperature"": 0.5, ""top_p"": 0.9, ""max_new_tokens"": 80, ""n_rewrites"": 3, ""seed"": 42}",2025-11-07 22:54:45-0500
rev5,75,75,What must organizations do to publish and maintain accurate system of records Notices for systems that contain PII?,1,How can organizations ensure the accuracy of system of records notices for piis in their systems?,Qwen/Qwen2.5-7B-Instruct,"{""model_id"": ""Qwen/Qwen2.5-7B-Instruct"", ""temperature"": 0.5, ""top_p"": 0.9, ""max_new_tokens"": 80, ""n_rewrites"": 3, ""seed"": 42}",2025-11-07 22:54:45-0500
rev5,75,75,What must organizations do to publish and maintain accurate system of records Notices for systems that contain PII?,2,What steps should companies take to accurately publish and update system of records notices for systems that handle personal identifiable information?,Qwen/Qwen2.5-7B-Instruct,"{""model_id"": ""Qwen/Qwen2.5-7B-Instruct"", ""temperature"": 0.5, ""top_p"": 0.9, ""max_new_tokens"": 80, ""n_rewrites"": 3, ""seed"": 42}",2025-11-07 22:54:45-0500
rev5,76,76,"What steps are required to categorize a system and its information, and who must approve the decision?",0,"What are the necessary actions to classify a system and its data, and who needs to give the final OK?",Qwen/Qwen2.5-7B-Instruct,"{""model_id"": ""Qwen/Qwen2.5-7B-Instruct"", ""temperature"": 0.5, ""top_p"": 0.9, ""max_new_tokens"": 80, ""n_rewrites"": 3, ""seed"": 42}",2025-11-07 22:54:45-0500
rev5,76,76,"What steps are required to categorize a system and its information, and who must approve the decision?",1,"How do we classify a system and its information, and which roles need to approve this?",Qwen/Qwen2.5-7B-Instruct,"{""model_id"": ""Qwen/Qwen2.5-7B-Instruct"", ""temperature"": 0.5, ""top_p"": 0.9, ""max_new_tokens"": 80, ""n_rewrites"": 3, ""seed"": 42}",2025-11-07 22:54:45-0500
rev5,76,76,"What steps are required to categorize a system and its information, and who must approve the decision?",2,"Can you outline the process for categorizing a system and its data, and identify the approvers needed?",Qwen/Qwen2.5-7B-Instruct,"{""model_id"": ""Qwen/Qwen2.5-7B-Instruct"", ""temperature"": 0.5, ""top_p"": 0.9, ""max_new_tokens"": 80, ""n_rewrites"": 3, ""seed"": 42}",2025-11-07 22:54:45-0500
rev5,77,77,"How should organizations conduct and document risk assessments, and how often should the results be reviewed?",0,"What are the best practices for conducting and documenting risk assessments in organizations, and how frequently should these assessments be reviewed?",Qwen/Qwen2.5-7B-Instruct,"{""model_id"": ""Qwen/Qwen2.5-7B-Instruct"", ""temperature"": 0.5, ""top_p"": 0.9, ""max_new_tokens"": 80, ""n_rewrites"": 3, ""seed"": 42}",2025-11-07 22:54:45-0500
rev5,77,77,"How should organizations conduct and document risk assessments, and how often should the results be reviewed?",1,"What technical methods should organizations use for performing and recording risk assessments, and how regularly should the outcomes be evaluated?",Qwen/Qwen2.5-7B-Instruct,"{""model_id"": ""Qwen/Qwen2.5-7B-Instruct"", ""temperature"": 0.5, ""top_p"": 0.9, ""max_new_tokens"": 80, ""n_rewrites"": 3, ""seed"": 42}",2025-11-07 22:54:45-0500
rev5,77,77,"How should organizations conduct and document risk assessments, and how often should the results be reviewed?",2,"In what ways can organizations effectively carry out and document risk assessments, and how often should the assessment results be examined?",Qwen/Qwen2.5-7B-Instruct,"{""model_id"": ""Qwen/Qwen2.5-7B-Instruct"", ""temperature"": 0.5, ""top_p"": 0.9, ""max_new_tokens"": 80, ""n_rewrites"": 3, ""seed"": 42}",2025-11-07 22:54:45-0500
rev5,78,78,"What are the requirements for scanning systems for vulnerabilities, remediating identified risks, and sharing vulnerability information?",0,"What are the essential requirements for scanning systems to identify vulnerabilities, address the discovered risks, and exchange vulnerability data?",Qwen/Qwen2.5-7B-Instruct,"{""model_id"": ""Qwen/Qwen2.5-7B-Instruct"", ""temperature"": 0.5, ""top_p"": 0.9, ""max_new_tokens"": 80, ""n_rewrites"": 3, ""seed"": 42}",2025-11-07 22:54:45-0500
rev5,78,78,"What are the requirements for scanning systems for vulnerabilities, remediating identified risks, and sharing vulnerability information?",1,"What are the necessary steps for scanning systems to detect vulnerabilities, mitigate the found risks, and share vulnerability details?",Qwen/Qwen2.5-7B-Instruct,"{""model_id"": ""Qwen/Qwen2.5-7B-Instruct"", ""temperature"": 0.5, ""top_p"": 0.9, ""max_new_tokens"": 80, ""n_rewrites"": 3, ""seed"": 42}",2025-11-07 22:54:45-0500
rev5,78,78,"What are the requirements for scanning systems for vulnerabilities, remediating identified risks, and sharing vulnerability information?",2,"What must be included in the process of scanning systems for vulnerabilities, handling the identified risks, and disseminating vulnerability information?",Qwen/Qwen2.5-7B-Instruct,"{""model_id"": ""Qwen/Qwen2.5-7B-Instruct"", ""temperature"": 0.5, ""top_p"": 0.9, ""max_new_tokens"": 80, ""n_rewrites"": 3, ""seed"": 42}",2025-11-07 22:54:45-0500
rev5,79,79,"What options may organizations consider when responding to identified risks, and how does risk tolerance affect these decisions?",0,What technical options can organizations explore in response to identified risks and how does their risk tolerance level influence these choices?,Qwen/Qwen2.5-7B-Instruct,"{""model_id"": ""Qwen/Qwen2.5-7B-Instruct"", ""temperature"": 0.5, ""top_p"": 0.9, ""max_new_tokens"": 80, ""n_rewrites"": 3, ""seed"": 42}",2025-11-07 22:54:45-0500
rev5,79,79,"What options may organizations consider when responding to identified risks, and how does risk tolerance affect these decisions?",1,How do different risk tolerance levels impact the options available to organizations in their responses to identified risks?,Qwen/Qwen2.5-7B-Instruct,"{""model_id"": ""Qwen/Qwen2.5-7B-Instruct"", ""temperature"": 0.5, ""top_p"": 0.9, ""max_new_tokens"": 80, ""n_rewrites"": 3, ""seed"": 42}",2025-11-07 22:54:45-0500
rev5,79,79,"What options may organizations consider when responding to identified risks, and how does risk tolerance affect these decisions?",2,In what ways does an organization's risk tolerance shape its potential responses to identified risks and what technical options are available?,Qwen/Qwen2.5-7B-Instruct,"{""model_id"": ""Qwen/Qwen2.5-7B-Instruct"", ""temperature"": 0.5, ""top_p"": 0.9, ""max_new_tokens"": 80, ""n_rewrites"": 3, ""seed"": 42}",2025-11-07 22:54:45-0500
rev5,80,80,"What is the purpose of performing a criticality analysis, and when should it be conducted?",0,What are the objectives of conducting a criticality analysis and in what scenarios should it be performed?,Qwen/Qwen2.5-7B-Instruct,"{""model_id"": ""Qwen/Qwen2.5-7B-Instruct"", ""temperature"": 0.5, ""top_p"": 0.9, ""max_new_tokens"": 80, ""n_rewrites"": 3, ""seed"": 42}",2025-11-07 22:54:45-0500
rev5,80,80,"What is the purpose of performing a criticality analysis, and when should it be conducted?",1,what is the importance of carrying out a criticality analysis and at what points should it be executed?,Qwen/Qwen2.5-7B-Instruct,"{""model_id"": ""Qwen/Qwen2.5-7B-Instruct"", ""temperature"": 0.5, ""top_p"": 0.9, ""max_new_tokens"": 80, ""n_rewrites"": 3, ""seed"": 42}",2025-11-07 22:54:45-0500
rev5,80,80,"What is the purpose of performing a criticality analysis, and when should it be conducted?",2,why do we perform a criticality analysis and when should this analysis be conducted in an organization?,Qwen/Qwen2.5-7B-Instruct,"{""model_id"": ""Qwen/Qwen2.5-7B-Instruct"", ""temperature"": 0.5, ""top_p"": 0.9, ""max_new_tokens"": 80, ""n_rewrites"": 3, ""seed"": 42}",2025-11-07 22:54:45-0500
rev5,81,81,"In SA-5, what documentation should be obtained or developed?",0,What specific documentation is required or needed for SA-5?,Qwen/Qwen2.5-7B-Instruct,"{""model_id"": ""Qwen/Qwen2.5-7B-Instruct"", ""temperature"": 0.5, ""top_p"": 0.9, ""max_new_tokens"": 80, ""n_rewrites"": 3, ""seed"": 42}",2025-11-07 22:54:45-0500
rev5,81,81,"In SA-5, what documentation should be obtained or developed?",1,Documentation that needs to be obtained or developed under SA-5 includes what?,Qwen/Qwen2.5-7B-Instruct,"{""model_id"": ""Qwen/Qwen2.5-7B-Instruct"", ""temperature"": 0.5, ""top_p"": 0.9, ""max_new_tokens"": 80, ""n_rewrites"": 3, ""seed"": 42}",2025-11-07 22:54:45-0500
rev5,81,81,"In SA-5, what documentation should be obtained or developed?",2,"For SA-5, which documents must be acquired or created?",Qwen/Qwen2.5-7B-Instruct,"{""model_id"": ""Qwen/Qwen2.5-7B-Instruct"", ""temperature"": 0.5, ""top_p"": 0.9, ""max_new_tokens"": 80, ""n_rewrites"": 3, ""seed"": 42}",2025-11-07 22:54:45-0500
rev5,82,82,"In SA-8, which security and privacy engineering principles should be applied?",0,security and privacy engineering principles in sa-8,Qwen/Qwen2.5-7B-Instruct,"{""model_id"": ""Qwen/Qwen2.5-7B-Instruct"", ""temperature"": 0.5, ""top_p"": 0.9, ""max_new_tokens"": 80, ""n_rewrites"": 3, ""seed"": 42}",2025-11-07 22:54:45-0500
rev5,82,82,"In SA-8, which security and privacy engineering principles should be applied?",1,principles for security and privacy engineering in sa-8,Qwen/Qwen2.5-7B-Instruct,"{""model_id"": ""Qwen/Qwen2.5-7B-Instruct"", ""temperature"": 0.5, ""top_p"": 0.9, ""max_new_tokens"": 80, ""n_rewrites"": 3, ""seed"": 42}",2025-11-07 22:54:45-0500
rev5,82,82,"In SA-8, which security and privacy engineering principles should be applied?",2,which security and privacy engineering principles are applicable in sa-8,Qwen/Qwen2.5-7B-Instruct,"{""model_id"": ""Qwen/Qwen2.5-7B-Instruct"", ""temperature"": 0.5, ""top_p"": 0.9, ""max_new_tokens"": 80, ""n_rewrites"": 3, ""seed"": 42}",2025-11-07 22:54:45-0500
rev5,83,83,What are the requirements for ensuring external service providers comply with organizational security and privacy expectations?,0,What technical standards must external service providers meet to align with our security and privacy policies?,Qwen/Qwen2.5-7B-Instruct,"{""model_id"": ""Qwen/Qwen2.5-7B-Instruct"", ""temperature"": 0.5, ""top_p"": 0.9, ""max_new_tokens"": 80, ""n_rewrites"": 3, ""seed"": 42}",2025-11-07 22:54:45-0500
rev5,83,83,What are the requirements for ensuring external service providers comply with organizational security and privacy expectations?,1,What related security and privacy measures should external service providers implement to satisfy organizational expectations?,Qwen/Qwen2.5-7B-Instruct,"{""model_id"": ""Qwen/Qwen2.5-7B-Instruct"", ""temperature"": 0.5, ""top_p"": 0.9, ""max_new_tokens"": 80, ""n_rewrites"": 3, ""seed"": 42}",2025-11-07 22:54:45-0500
rev5,83,83,What are the requirements for ensuring external service providers comply with organizational security and privacy expectations?,2,How can we ensure that external service providers adhere to our security and privacy requirements?,Qwen/Qwen2.5-7B-Instruct,"{""model_id"": ""Qwen/Qwen2.5-7B-Instruct"", ""temperature"": 0.5, ""top_p"": 0.9, ""max_new_tokens"": 80, ""n_rewrites"": 3, ""seed"": 42}",2025-11-07 22:54:45-0500
rev5,84,84,"What should be required from system developers regarding configuration management, approved changes, and flaw tracking?",0,"What are the necessary requirements for system developers concerning configuration management, authorized modifications, and defect tracking?",Qwen/Qwen2.5-7B-Instruct,"{""model_id"": ""Qwen/Qwen2.5-7B-Instruct"", ""temperature"": 0.5, ""top_p"": 0.9, ""max_new_tokens"": 80, ""n_rewrites"": 3, ""seed"": 42}",2025-11-07 22:54:45-0500
rev5,84,84,"What should be required from system developers regarding configuration management, approved changes, and flaw tracking?",1,"What technical standards must system developers adhere to in terms of configuration management, validated updates, and issue tracking?",Qwen/Qwen2.5-7B-Instruct,"{""model_id"": ""Qwen/Qwen2.5-7B-Instruct"", ""temperature"": 0.5, ""top_p"": 0.9, ""max_new_tokens"": 80, ""n_rewrites"": 3, ""seed"": 42}",2025-11-07 22:54:45-0500
rev5,84,84,"What should be required from system developers regarding configuration management, approved changes, and flaw tracking?",2,"What are the essential guidelines that system developers need to follow for configuration management, permitted alterations, and bug tracking?",Qwen/Qwen2.5-7B-Instruct,"{""model_id"": ""Qwen/Qwen2.5-7B-Instruct"", ""temperature"": 0.5, ""top_p"": 0.9, ""max_new_tokens"": 80, ""n_rewrites"": 3, ""seed"": 42}",2025-11-07 22:54:45-0500
rev5,85,85,What are developers required to produce and correct under a system's security and privacy assessment plan?,0,What technical outputs must developers provide and rectify during a system's security and privacy evaluation plan?,Qwen/Qwen2.5-7B-Instruct,"{""model_id"": ""Qwen/Qwen2.5-7B-Instruct"", ""temperature"": 0.5, ""top_p"": 0.9, ""max_new_tokens"": 80, ""n_rewrites"": 3, ""seed"": 42}",2025-11-07 22:54:45-0500
rev5,85,85,What are developers required to produce and correct under a system's security and privacy assessment plan?,1,What specific documentation and fixes are developers obligated to generate and amend in a security and privacy assessment protocol?,Qwen/Qwen2.5-7B-Instruct,"{""model_id"": ""Qwen/Qwen2.5-7B-Instruct"", ""temperature"": 0.5, ""top_p"": 0.9, ""max_new_tokens"": 80, ""n_rewrites"": 3, ""seed"": 42}",2025-11-07 22:54:45-0500
rev5,85,85,What are developers required to produce and correct under a system's security and privacy assessment plan?,2,What must developers deliver and adjust in terms of security and privacy assessment outcomes according to the plan?,Qwen/Qwen2.5-7B-Instruct,"{""model_id"": ""Qwen/Qwen2.5-7B-Instruct"", ""temperature"": 0.5, ""top_p"": 0.9, ""max_new_tokens"": 80, ""n_rewrites"": 3, ""seed"": 42}",2025-11-07 22:54:45-0500
rev5,86,86,"How should communications be monitored and controlled at system interfaces, and how must external connections be managed to protect organizational networks?",0,What are the best practices for monitoring and controlling communications at system interfaces while managing external connections to safeguard organizational networks?,Qwen/Qwen2.5-7B-Instruct,"{""model_id"": ""Qwen/Qwen2.5-7B-Instruct"", ""temperature"": 0.5, ""top_p"": 0.9, ""max_new_tokens"": 80, ""n_rewrites"": 3, ""seed"": 42}",2025-11-07 22:54:45-0500
rev5,86,86,"How should communications be monitored and controlled at system interfaces, and how must external connections be managed to protect organizational networks?",1,What technical measures should be implemented for the surveillance and governance of communications at system interfaces alongside the administration of external links to ensure network security?,Qwen/Qwen2.5-7B-Instruct,"{""model_id"": ""Qwen/Qwen2.5-7B-Instruct"", ""temperature"": 0.5, ""top_p"": 0.9, ""max_new_tokens"": 80, ""n_rewrites"": 3, ""seed"": 42}",2025-11-07 22:54:45-0500
rev5,86,86,"How should communications be monitored and controlled at system interfaces, and how must external connections be managed to protect organizational networks?",2,How can we effectively monitor and regulate communications at system interfaces and manage external connections to protect our organizational networks?,Qwen/Qwen2.5-7B-Instruct,"{""model_id"": ""Qwen/Qwen2.5-7B-Instruct"", ""temperature"": 0.5, ""top_p"": 0.9, ""max_new_tokens"": 80, ""n_rewrites"": 3, ""seed"": 42}",2025-11-07 22:54:45-0500
rev5,87,87,What measures should be implemented to protect the confidentiality and integrity of transmitted information across internal and external networks?,0,What technical measures can be put in place to ensure the confidentiality and integrity of data transmitted over both internal and external networks?,Qwen/Qwen2.5-7B-Instruct,"{""model_id"": ""Qwen/Qwen2.5-7B-Instruct"", ""temperature"": 0.5, ""top_p"": 0.9, ""max_new_tokens"": 80, ""n_rewrites"": 3, ""seed"": 42}",2025-11-07 22:54:45-0500
rev5,87,87,What measures should be implemented to protect the confidentiality and integrity of transmitted information across internal and external networks?,1,How can we safeguard the privacy and accuracy of information being sent through our internal and external network connections?,Qwen/Qwen2.5-7B-Instruct,"{""model_id"": ""Qwen/Qwen2.5-7B-Instruct"", ""temperature"": 0.5, ""top_p"": 0.9, ""max_new_tokens"": 80, ""n_rewrites"": 3, ""seed"": 42}",2025-11-07 22:54:45-0500
rev5,87,87,What measures should be implemented to protect the confidentiality and integrity of transmitted information across internal and external networks?,2,What steps need to be taken to maintain the secrecy and correctness of data transferred via our internal and external networks?,Qwen/Qwen2.5-7B-Instruct,"{""model_id"": ""Qwen/Qwen2.5-7B-Instruct"", ""temperature"": 0.5, ""top_p"": 0.9, ""max_new_tokens"": 80, ""n_rewrites"": 3, ""seed"": 42}",2025-11-07 22:54:45-0500
rev5,88,88,What requirements apply to establishing and managing cryptographic keys used within the system?,0,What are the necessary standards for creating and maintaining cryptographic keys in our system?,Qwen/Qwen2.5-7B-Instruct,"{""model_id"": ""Qwen/Qwen2.5-7B-Instruct"", ""temperature"": 0.5, ""top_p"": 0.9, ""max_new_tokens"": 80, ""n_rewrites"": 3, ""seed"": 42}",2025-11-07 22:54:45-0500
rev5,88,88,What requirements apply to establishing and managing cryptographic keys used within the system?,1,How do we ensure the proper establishment and management of cryptographic keys within our system?,Qwen/Qwen2.5-7B-Instruct,"{""model_id"": ""Qwen/Qwen2.5-7B-Instruct"", ""temperature"": 0.5, ""top_p"": 0.9, ""max_new_tokens"": 80, ""n_rewrites"": 3, ""seed"": 42}",2025-11-07 22:54:45-0500
rev5,88,88,What requirements apply to establishing and managing cryptographic keys used within the system?,2,Can you outline the requirements for generating and handling cryptographic keys in our system?,Qwen/Qwen2.5-7B-Instruct,"{""model_id"": ""Qwen/Qwen2.5-7B-Instruct"", ""temperature"": 0.5, ""top_p"": 0.9, ""max_new_tokens"": 80, ""n_rewrites"": 3, ""seed"": 42}",2025-11-07 22:54:45-0500
rev5,89,89,"How should cryptographic mechanisms be selected and implemented to comply with applicable laws, policies, and standards?",0,"What are the key factors for selecting and implementing cryptographic mechanisms in alignment with legal requirements, organizational policies, and industry standards?",Qwen/Qwen2.5-7B-Instruct,"{""model_id"": ""Qwen/Qwen2.5-7B-Instruct"", ""temperature"": 0.5, ""top_p"": 0.9, ""max_new_tokens"": 80, ""n_rewrites"": 3, ""seed"": 42}",2025-11-07 22:54:45-0500
rev5,89,89,"How should cryptographic mechanisms be selected and implemented to comply with applicable laws, policies, and standards?",1,"What specific steps are needed to ensure cryptographic mechanisms are chosen and deployed according to relevant laws, policies, and standards?",Qwen/Qwen2.5-7B-Instruct,"{""model_id"": ""Qwen/Qwen2.5-7B-Instruct"", ""temperature"": 0.5, ""top_p"": 0.9, ""max_new_tokens"": 80, ""n_rewrites"": 3, ""seed"": 42}",2025-11-07 22:54:45-0500
rev5,89,89,"How should cryptographic mechanisms be selected and implemented to comply with applicable laws, policies, and standards?",2,"When selecting and implementing cryptographic mechanisms, what are the necessary considerations to meet legal, policy, and standard requirements?",Qwen/Qwen2.5-7B-Instruct,"{""model_id"": ""Qwen/Qwen2.5-7B-Instruct"", ""temperature"": 0.5, ""top_p"": 0.9, ""max_new_tokens"": 80, ""n_rewrites"": 3, ""seed"": 42}",2025-11-07 22:54:45-0500
rev5,90,90,What protections must be applied to ensure the confidentiality and integrity of information at rest within system components?,0,What technical measures should be implemented to safeguard the privacy and authenticity of data stored in system elements?,Qwen/Qwen2.5-7B-Instruct,"{""model_id"": ""Qwen/Qwen2.5-7B-Instruct"", ""temperature"": 0.5, ""top_p"": 0.9, ""max_new_tokens"": 80, ""n_rewrites"": 3, ""seed"": 42}",2025-11-07 22:54:45-0500
rev5,90,90,What protections must be applied to ensure the confidentiality and integrity of information at rest within system components?,1,What safeguards need to be put in place to protect the confidentiality and integrity of information stored within system components?,Qwen/Qwen2.5-7B-Instruct,"{""model_id"": ""Qwen/Qwen2.5-7B-Instruct"", ""temperature"": 0.5, ""top_p"": 0.9, ""max_new_tokens"": 80, ""n_rewrites"": 3, ""seed"": 42}",2025-11-07 22:54:45-0500
rev5,90,90,What protections must be applied to ensure the confidentiality and integrity of information at rest within system components?,2,How can we ensure that data at rest in system parts remains confidential and intact with appropriate security controls?,Qwen/Qwen2.5-7B-Instruct,"{""model_id"": ""Qwen/Qwen2.5-7B-Instruct"", ""temperature"": 0.5, ""top_p"": 0.9, ""max_new_tokens"": 80, ""n_rewrites"": 3, ""seed"": 42}",2025-11-07 22:54:45-0500
rev5,91,91,"What actions must organizations take to identify, report, test, and install security-relevant software and firmware updates?",0,"What are the necessary steps for organizations to identify, report, test, and deploy security-relevant software and firmware updates?",Qwen/Qwen2.5-7B-Instruct,"{""model_id"": ""Qwen/Qwen2.5-7B-Instruct"", ""temperature"": 0.5, ""top_p"": 0.9, ""max_new_tokens"": 80, ""n_rewrites"": 3, ""seed"": 42}",2025-11-07 22:54:45-0500
rev5,91,91,"What actions must organizations take to identify, report, test, and install security-relevant software and firmware updates?",1,"How can organizations effectively manage and implement security-relevant software and firmware updates by identifying, reporting, testing, and installing them?",Qwen/Qwen2.5-7B-Instruct,"{""model_id"": ""Qwen/Qwen2.5-7B-Instruct"", ""temperature"": 0.5, ""top_p"": 0.9, ""max_new_tokens"": 80, ""n_rewrites"": 3, ""seed"": 42}",2025-11-07 22:54:45-0500
rev5,91,91,"What actions must organizations take to identify, report, test, and install security-relevant software and firmware updates?",2,"What measures should organizations undertake to ensure the timely identification, reporting, testing, and installation of security-relevant software and firmware updates?",Qwen/Qwen2.5-7B-Instruct,"{""model_id"": ""Qwen/Qwen2.5-7B-Instruct"", ""temperature"": 0.5, ""top_p"": 0.9, ""max_new_tokens"": 80, ""n_rewrites"": 3, ""seed"": 42}",2025-11-07 22:54:45-0500
rev5,92,92,What are the requirements for implementing and managing malicious-code protection mechanisms across the system?,0,What are the necessary steps and considerations for setting up and overseeing malicious-code protection systems throughout the organization?,Qwen/Qwen2.5-7B-Instruct,"{""model_id"": ""Qwen/Qwen2.5-7B-Instruct"", ""temperature"": 0.5, ""top_p"": 0.9, ""max_new_tokens"": 80, ""n_rewrites"": 3, ""seed"": 42}",2025-11-07 22:54:45-0500
rev5,92,92,What are the requirements for implementing and managing malicious-code protection mechanisms across the system?,1,What technical specifications and management practices should be followed to implement and maintain malicious-code protection mechanisms in a comprehensive system?,Qwen/Qwen2.5-7B-Instruct,"{""model_id"": ""Qwen/Qwen2.5-7B-Instruct"", ""temperature"": 0.5, ""top_p"": 0.9, ""max_new_tokens"": 80, ""n_rewrites"": 3, ""seed"": 42}",2025-11-07 22:54:45-0500
rev5,92,92,What are the requirements for implementing and managing malicious-code protection mechanisms across the system?,2,Can you outline the essential criteria and operational procedures needed for the deployment and administration of malicious-code protection measures across the entire system?,Qwen/Qwen2.5-7B-Instruct,"{""model_id"": ""Qwen/Qwen2.5-7B-Instruct"", ""temperature"": 0.5, ""top_p"": 0.9, ""max_new_tokens"": 80, ""n_rewrites"": 3, ""seed"": 42}",2025-11-07 22:54:45-0500
rev5,93,93,"How should systems be monitored to detect attacks, unauthorized connections, and anomalous activities, and how should such events be analyzed and reported?",0,"What are the best practices for monitoring systems to identify attacks, unauthorized access, and unusual activities and what methods should be used for analyzing and reporting these events?",Qwen/Qwen2.5-7B-Instruct,"{""model_id"": ""Qwen/Qwen2.5-7B-Instruct"", ""temperature"": 0.5, ""top_p"": 0.9, ""max_new_tokens"": 80, ""n_rewrites"": 3, ""seed"": 42}",2025-11-07 22:54:45-0500
rev5,93,93,"How should systems be monitored to detect attacks, unauthorized connections, and anomalous activities, and how should such events be analyzed and reported?",1,"How can systems be effectively monitored to spot attacks, unauthorized logins, and irregular behaviors and what procedures should be implemented for examining and documenting these incidents?",Qwen/Qwen2.5-7B-Instruct,"{""model_id"": ""Qwen/Qwen2.5-7B-Instruct"", ""temperature"": 0.5, ""top_p"": 0.9, ""max_new_tokens"": 80, ""n_rewrites"": 3, ""seed"": 42}",2025-11-07 22:54:45-0500
rev5,93,93,"How should systems be monitored to detect attacks, unauthorized connections, and anomalous activities, and how should such events be analyzed and reported?",2,"What techniques should be employed for continuously monitoring systems to uncover attacks, illicit connections, and abnormal actions",Qwen/Qwen2.5-7B-Instruct,"{""model_id"": ""Qwen/Qwen2.5-7B-Instruct"", ""temperature"": 0.5, ""top_p"": 0.9, ""max_new_tokens"": 80, ""n_rewrites"": 3, ""seed"": 42}",2025-11-07 22:54:45-0500
rev5,94,94,"What integrity-verification mechanisms should be employed to detect unauthorized changes to software, firmware, or data?",0,"What technical integrity-verification methods can be used to identify unapproved modifications in software, firmware, or data?",Qwen/Qwen2.5-7B-Instruct,"{""model_id"": ""Qwen/Qwen2.5-7B-Instruct"", ""temperature"": 0.5, ""top_p"": 0.9, ""max_new_tokens"": 80, ""n_rewrites"": 3, ""seed"": 42}",2025-11-07 22:54:45-0500
rev5,94,94,"What integrity-verification mechanisms should be employed to detect unauthorized changes to software, firmware, or data?",1,"What additional integrity-checking techniques are recommended for spotting unintended alterations in software, firmware, or data?",Qwen/Qwen2.5-7B-Instruct,"{""model_id"": ""Qwen/Qwen2.5-7B-Instruct"", ""temperature"": 0.5, ""top_p"": 0.9, ""max_new_tokens"": 80, ""n_rewrites"": 3, ""seed"": 42}",2025-11-07 22:54:45-0500
rev5,94,94,"What integrity-verification mechanisms should be employed to detect unauthorized changes to software, firmware, or data?",2,"How can we ensure that our software, firmware, or data has not been tampered with using robust verification procedures?",Qwen/Qwen2.5-7B-Instruct,"{""model_id"": ""Qwen/Qwen2.5-7B-Instruct"", ""temperature"": 0.5, ""top_p"": 0.9, ""max_new_tokens"": 80, ""n_rewrites"": 3, ""seed"": 42}",2025-11-07 22:54:45-0500
rev5,95,95,How should organizations validate system inputs to prevent injection or cross-site scripting attacks?,0,What are the best practices for validating system inputs to avoid injection and cross-site scripting attacks?,Qwen/Qwen2.5-7B-Instruct,"{""model_id"": ""Qwen/Qwen2.5-7B-Instruct"", ""temperature"": 0.5, ""top_p"": 0.9, ""max_new_tokens"": 80, ""n_rewrites"": 3, ""seed"": 42}",2025-11-07 22:54:45-0500
rev5,95,95,How should organizations validate system inputs to prevent injection or cross-site scripting attacks?,1,How can organizations ensure the validation of system inputs to mitigate injection and cross-site scripting risks?,Qwen/Qwen2.5-7B-Instruct,"{""model_id"": ""Qwen/Qwen2.5-7B-Instruct"", ""temperature"": 0.5, ""top_p"": 0.9, ""max_new_tokens"": 80, ""n_rewrites"": 3, ""seed"": 42}",2025-11-07 22:54:45-0500
rev5,95,95,How should organizations validate system inputs to prevent injection or cross-site scripting attacks?,2,What methods should enterprises use to validate input data in systems to prevent injection and cross-site scripting vulnerabilities?,Qwen/Qwen2.5-7B-Instruct,"{""model_id"": ""Qwen/Qwen2.5-7B-Instruct"", ""temperature"": 0.5, ""top_p"": 0.9, ""max_new_tokens"": 80, ""n_rewrites"": 3, ""seed"": 42}",2025-11-07 22:54:45-0500
rev5,96,96,"What elements must be included in a supply-chain risk management plan, and how often should it be reviewed and protected from unauthorized disclosure?",0,What technical elements are necessary for a supply-chain risk management plan and how frequently should it be assessed and safeguarded against unapproved exposure?,Qwen/Qwen2.5-7B-Instruct,"{""model_id"": ""Qwen/Qwen2.5-7B-Instruct"", ""temperature"": 0.5, ""top_p"": 0.9, ""max_new_tokens"": 80, ""n_rewrites"": 3, ""seed"": 42}",2025-11-07 22:54:45-0500
rev5,96,96,"What elements must be included in a supply-chain risk management plan, and how often should it be reviewed and protected from unauthorized disclosure?",1,Which key components need to be part of a supply-chain risk management strategy and what is the recommended periodicity for its evaluation and protection against unauthorized access?,Qwen/Qwen2.5-7B-Instruct,"{""model_id"": ""Qwen/Qwen2.5-7B-Instruct"", ""temperature"": 0.5, ""top_p"": 0.9, ""max_new_tokens"": 80, ""n_rewrites"": 3, ""seed"": 42}",2025-11-07 22:54:45-0500
rev5,96,96,"What elements must be included in a supply-chain risk management plan, and how often should it be reviewed and protected from unauthorized disclosure?",2,"In a supply-chain risk management plan, which essential elements should be included and how regularly should it be examined and secured",Qwen/Qwen2.5-7B-Instruct,"{""model_id"": ""Qwen/Qwen2.5-7B-Instruct"", ""temperature"": 0.5, ""top_p"": 0.9, ""max_new_tokens"": 80, ""n_rewrites"": 3, ""seed"": 42}",2025-11-07 22:54:45-0500
rev5,97,97,How should organizations identify and address weaknesses in supply-chain elements and document protective controls and processes?,0,What are the steps organizations can take to detect and rectify vulnerabilities within supply-chain components and document safeguarding measures and procedures?,Qwen/Qwen2.5-7B-Instruct,"{""model_id"": ""Qwen/Qwen2.5-7B-Instruct"", ""temperature"": 0.5, ""top_p"": 0.9, ""max_new_tokens"": 80, ""n_rewrites"": 3, ""seed"": 42}",2025-11-07 22:54:45-0500
rev5,97,97,How should organizations identify and address weaknesses in supply-chain elements and document protective controls and processes?,1,How can organizations effectively pinpoint and handle weaknesses in supply-chain parts and ensure proper documentation of protective controls and workflows?,Qwen/Qwen2.5-7B-Instruct,"{""model_id"": ""Qwen/Qwen2.5-7B-Instruct"", ""temperature"": 0.5, ""top_p"": 0.9, ""max_new_tokens"": 80, ""n_rewrites"": 3, ""seed"": 42}",2025-11-07 22:54:45-0500
rev5,97,97,How should organizations identify and address weaknesses in supply-chain elements and document protective controls and processes?,2,What methods should organizations employ to discover and mitigate weaknesses in supply-chain segments and document protective controls and operational processes?,Qwen/Qwen2.5-7B-Instruct,"{""model_id"": ""Qwen/Qwen2.5-7B-Instruct"", ""temperature"": 0.5, ""top_p"": 0.9, ""max_new_tokens"": 80, ""n_rewrites"": 3, ""seed"": 42}",2025-11-07 22:54:45-0500
rev5,98,98,"What acquisition and contracting practices should be employed to protect the supply chain from counterfeit, tampered, or malicious components?",0,What technical measures should be used to safeguard against counterfeit parts in the acquisition and contracting process?,Qwen/Qwen2.5-7B-Instruct,"{""model_id"": ""Qwen/Qwen2.5-7B-Instruct"", ""temperature"": 0.5, ""top_p"": 0.9, ""max_new_tokens"": 80, ""n_rewrites"": 3, ""seed"": 42}",2025-11-07 22:54:45-0500
rev5,98,98,"What acquisition and contracting practices should be employed to protect the supply chain from counterfeit, tampered, or malicious components?",1,What related practices should be implemented to ensure the integrity of components in the supply chain?,Qwen/Qwen2.5-7B-Instruct,"{""model_id"": ""Qwen/Qwen2.5-7B-Instruct"", ""temperature"": 0.5, ""top_p"": 0.9, ""max_new_tokens"": 80, ""n_rewrites"": 3, ""seed"": 42}",2025-11-07 22:54:45-0500
rev5,98,98,"What acquisition and contracting practices should be employed to protect the supply chain from counterfeit, tampered, or malicious components?",2,How can we effectively protect the supply chain from tampered or malicious components during acquisitions and contracts?,Qwen/Qwen2.5-7B-Instruct,"{""model_id"": ""Qwen/Qwen2.5-7B-Instruct"", ""temperature"": 0.5, ""top_p"": 0.9, ""max_new_tokens"": 80, ""n_rewrites"": 3, ""seed"": 42}",2025-11-07 22:54:45-0500
rev5,99,99,How frequently should supply-chain-related risks be assessed and reviewed for suppliers and contractors?,0,What is the recommended frequency for assessing and reviewing supply-chain-related risks with suppliers and contractors?,Qwen/Qwen2.5-7B-Instruct,"{""model_id"": ""Qwen/Qwen2.5-7B-Instruct"", ""temperature"": 0.5, ""top_p"": 0.9, ""max_new_tokens"": 80, ""n_rewrites"": 3, ""seed"": 42}",2025-11-07 22:54:45-0500
rev5,99,99,How frequently should supply-chain-related risks be assessed and reviewed for suppliers and contractors?,1,How often should supply-chain risks be evaluated and monitored for suppliers and contractors?,Qwen/Qwen2.5-7B-Instruct,"{""model_id"": ""Qwen/Qwen2.5-7B-Instruct"", ""temperature"": 0.5, ""top_p"": 0.9, ""max_new_tokens"": 80, ""n_rewrites"": 3, ""seed"": 42}",2025-11-07 22:54:45-0500
rev5,99,99,How frequently should supply-chain-related risks be assessed and reviewed for suppliers and contractors?,2,What are the best practices for regularly assessing and reviewing supply-chain risks associated with suppliers and contractors?,Qwen/Qwen2.5-7B-Instruct,"{""model_id"": ""Qwen/Qwen2.5-7B-Instruct"", ""temperature"": 0.5, ""top_p"": 0.9, ""max_new_tokens"": 80, ""n_rewrites"": 3, ""seed"": 42}",2025-11-07 22:54:45-0500
rev5,100,100,"What policies and procedures should be developed to detect, prevent, and report counterfeit components within the system?",0,"What technical policies and procedures need to be established for identifying, stopping, and documenting counterfeit parts in our system?",Qwen/Qwen2.5-7B-Instruct,"{""model_id"": ""Qwen/Qwen2.5-7B-Instruct"", ""temperature"": 0.5, ""top_p"": 0.9, ""max_new_tokens"": 80, ""n_rewrites"": 3, ""seed"": 42}",2025-11-07 22:54:45-0500
rev5,100,100,"What policies and procedures should be developed to detect, prevent, and report counterfeit components within the system?",1,"What related technical guidelines and steps should be created for recognizing, preventing, and recording the presence of fake components in our system?",Qwen/Qwen2.5-7B-Instruct,"{""model_id"": ""Qwen/Qwen2.5-7B-Instruct"", ""temperature"": 0.5, ""top_p"": 0.9, ""max_new_tokens"": 80, ""n_rewrites"": 3, ""seed"": 42}",2025-11-07 22:54:45-0500
rev5,100,100,"What policies and procedures should be developed to detect, prevent, and report counterfeit components within the system?",2,"How can we effectively establish protocols for detecting, blocking, and reporting counterfeit elements within our system?",Qwen/Qwen2.5-7B-Instruct,"{""model_id"": ""Qwen/Qwen2.5-7B-Instruct"", ""temperature"": 0.5, ""top_p"": 0.9, ""max_new_tokens"": 80, ""n_rewrites"": 3, ""seed"": 42}",2025-11-07 22:54:45-0500
