ID,question,gold_source_doc,gold_source_version,control_id,answer,gold_exact_citation,gold_control_path,odp_required,resolution_policy,source_url,effective_date
1,When must account managers and the designated personnel be notified about user account changes?,NIST SP 800-53,Revision 5,AC-2,"Notify account managers and {{ insert: param, ac-2_odp_5 }} within:
{{ insert: param, ac-2_odp_6 }} when accounts are no longer required;
{{ insert: param, ac-2_odp_7 }} when users are terminated or transferred; and
{{ insert: param, ac-2_odp_8 }} when system usage or need-to-know changes for an individual; [NIST SP 800-53 Rev.5: AC-2]","Notify account managers and {{ insert: param, ac-02_odp.05 }} within:
{{ insert: param, ac-02_odp.06 }} when accounts are no longer required;
{{ insert: param, ac-02_odp.07 }} when users are terminated or transferred; and
{{ insert: param, ac-02_odp.08 }} when system usage or need-to-know changes for an individual;","ac-2_smt.h
ac-2_smt.h.1
ac-2_smt.h.2
ac-2_smt.h.3","ac-02_odp.5
ac-02_odp.6
ac-02_odp.7
ac-02_odp.8",ASK,https://github.com/usnistgov/oscal-content/blob/v1.3.0/nist.gov/SP800-53/rev5/json/NIST_SP-800-53_rev5_catalog.json,9/23/20
2,What must an organization enforce regarding logical access to its information and systems?,NIST SP 800-53,Revision 5,AC-3,Enforce approved authorizations for logical access to information and system resources in accordance with applicable access control policies. [NIST SP 800-53 Rev.5: AC-3],Enforce approved authorizations for logical access to information and system resources in accordance with applicable access control policies.,ac_3_smt,N/A,N/A,https://github.com/usnistgov/oscal-content/blob/v1.3.0/nist.gov/SP800-53/rev5/json/NIST_SP-800-53_rev5_catalog.json,9/23/20
3,What principle should be employed to limit user and process access to the minimum necessary for assigned tasks?,NIST SP 800-53,Revision 5,AC-6,"Employ the principle of least privilege, allowing only authorized accesses for users (or processes acting on behalf of users) that are necessary to accomplish assigned organizational tasks. [NIST SP 800-53 Rev.5: AC-6]","Employ the principle of least privilege, allowing only authorized accesses for users (or processes acting on behalf of users) that are necessary to accomplish assigned organizational tasks.",ac_6_smt,N/A,N/A,https://github.com/usnistgov/oscal-content/blob/v1.3.0/nist.gov/SP800-53/rev5/json/NIST_SP-800-53_rev5_catalog.json,9/23/20
4,How must a system be configured to handle consecutive invalid logon attempts?,NIST SP 800-53,Revision 5,AC-7,"Enforce a limit of {{ insert: param, ac-7_odp_1 }} consecutive invalid logon attempts by a user during a {{ insert: param, ac-7_odp_2 }} ; and
Automatically {{ insert: param, ac-7_odp_3 }} when the maximum number of unsuccessful attempts is exceeded. [NIST SP 800-53 Rev.5: AC-7]","Enforce a limit of {{ insert: param, ac-07_odp.01 }} consecutive invalid logon attempts by a user during a {{ insert: param, ac-07_odp.02 }} ; and
Automatically {{ insert: param, ac-07_odp.03 }} when the maximum number of unsuccessful attempts is exceeded.","ac-7_smt.a
ac-7_smt.b","ac-7_odp_1, ac-7_odp_2, ac-7_odp_3",FILL_FROM_PROFILE,https://github.com/usnistgov/oscal-content/blob/v1.3.0/nist.gov/SP800-53/rev5/json/NIST_SP-800-53_rev5_catalog.json,9/23/20
5,What actions must a system take to lock a session and what is required for a user to re-establish access?,NIST SP 800-53,Revision 5,AC-11,"Prevent further access to the system by {{ insert: param, ac-11_odp_1 }}; and retain the device lock until the user reestablishes access using established identification and authentication procedures. [NIST SP 800-53 Rev.5: AC-11]","Prevent further access to the system by {{ insert: param, ac-11_odp.01 }} ; and
Retain the device lock until the user reestablishes access using established identification and authentication procedures.","ac_11_smt.a
ac_11_smt.b",ac-11_odp_1,FILL_FROM_PROFILE,https://github.com/usnistgov/oscal-content/blob/v1.3.0/nist.gov/SP800-53/rev5/json/NIST_SP-800-53_rev5_catalog.json,9/23/20
6,"What are the requirements for security and privacy literacy training, including its frequency, triggers for updates, and content sources?",NIST SP 800-53,Revision 5,AT-2,"Provide security and privacy literacy training to system users (including managers, senior executives, and contractors) as part of initial training for new users and {{ insert: param, at-2_prm_1 }} thereafter; when required by system changes or following {{ insert: param, at-2_prm_2 }}; employ the following techniques to increase the security and privacy awareness of system users {{ insert: param, at-2_odp_5 }}; update literacy training and awareness content {{ insert: param, at-2_odp_6 }} and following {{ insert: param, at-2_odp_7 }}; and incorporate lessons learned from internal or external security incidents or breaches into literacy training and awareness techniques. [NIST SP 800-53 Rev.5: AT-2]","Provide security and privacy literacy training to system users (including managers, senior executives, and contractors):
As part of initial training for new users and {{ insert: param, at-2_prm_1 }} thereafter; and
When required by system changes or following {{ insert: param, at-2_prm_2 }};
Employ the following techniques to increase the security and privacy awareness of system users {{ insert: param, at-2_odp_5 }};
Update literacy training and awareness content {{ insert: param, at-2_odp_6 }} and following {{ insert: param, at-2_odp_7 }} ; and
Incorporate lessons learned from internal or external security incidents or breaches into literacy training and awareness techniques.","at_2_smt.a
at_2_smt.a.1
at_2_smt.a.2
at_2_smt.b
at_2_smt.c
at_2_smt.d","at-2_prm_1, at-2_prm_2, at-2_odp_5, at-2_odp_6, at-2_odp_7",ASK,https://github.com/usnistgov/oscal-content/blob/v1.3.0/nist.gov/SP800-53/rev5/json/NIST_SP-800-53_rev5_catalog.json,9/23/20
7,Organizations should determine the content of training based on what?,NIST SP 800-53,Revision 5,AT-3,"Organizations determine the content of training based on the assigned roles and responsibilities of individuals as well as the security and privacy requirements of organizations and the systems to which personnel have authorized access, including technical training specifically tailored for assigned duties. Roles that may require role-based training include senior leaders or management officials (e.g., head of agency/chief executive officer, chief information officer, senior accountable official for risk management, senior agency information security officer, senior agency official for privacy), system owners; authorizing officials; system security officers; privacy officers; acquisition and procurement officials; enterprise architects; systems engineers; software developers; systems security engineers; privacy engineers; system, network, and database administrators; auditors; personnel conducting configuration management activities; personnel performing verification and validation activities; personnel with access to system-level software; control assessors; personnel with contingency planning and incident response duties; personnel with privacy management responsibilities; and personnel with access to personally identifiable information.\n\nComprehensive role-based training addresses management, operational, and technical roles and responsibilities covering physical, personnel, and technical controls. Role-based training also includes policies, procedures, tools, methods, and artifacts for the security and privacy roles defined. Organizations provide the training necessary for individuals to fulfill their responsibilities related to operations and supply chain risk management within the context of organizational security and privacy programs. Role-based training also applies to contractors who provide services to federal agencies. Types of training include web-based and computer-based training, classroom-style training, and hands-on training (including micro-training). Updating role-based training on a regular basis helps to ensure that the content remains relevant and effective. Events that may precipitate an update to role-based training content include, but are not limited to, assessment or audit findings, security incidents or breaches, or changes in applicable laws, executive orders, directives, regulations, policies, standards, and guidelines. [NIST SP 800-53 Rev.5: AT-3]","Organizations determine the content of training based on the assigned roles and responsibilities of individuals as well as the security and privacy requirements of organizations and the systems to which personnel have authorized access, including technical training specifically tailored for assigned duties. Roles that may require role-based training include senior leaders or management officials (e.g., head of agency/chief executive officer, chief information officer, senior accountable official for risk management, senior agency information security officer, senior agency official for privacy), system owners; authorizing officials; system security officers; privacy officers; acquisition and procurement officials; enterprise architects; systems engineers; software developers; systems security engineers; privacy engineers; system, network, and database administrators; auditors; personnel conducting configuration management activities; personnel performing verification and validation activities; personnel with access to system-level software; control assessors; personnel with contingency planning and incident response duties; personnel with privacy management responsibilities; and personnel with access to personally identifiable information.\n\nComprehensive role-based training addresses management, operational, and technical roles and responsibilities covering physical, personnel, and technical controls. Role-based training also includes policies, procedures, tools, methods, and artifacts for the security and privacy roles defined. Organizations provide the training necessary for individuals to fulfill their responsibilities related to operations and supply chain risk management within the context of organizational security and privacy programs. Role-based training also applies to contractors who provide services to federal agencies. Types of training include web-based and computer-based training, classroom-style training, and hands-on training (including micro-training). Updating role-based training on a regular basis helps to ensure that the content remains relevant and effective. Events that may precipitate an update to role-based training content include, but are not limited to, assessment or audit findings, security incidents or breaches, or changes in applicable laws, executive orders, directives, regulations, policies, standards, and guidelines.",at-3_gdn,N/A,N/A,https://github.com/usnistgov/oscal-content/blob/v1.3.0/nist.gov/SP800-53/rev5/json/NIST_SP-800-53_rev5_catalog.json,9/23/20
8,"How must an organization document, monitor, and retain records of its security and privacy training activities?",NIST SP 800-53,Revision 5,AT-4,"Document and monitor information security and privacy training activities, including security and privacy awareness training and specific role-based security and privacy training; and retain individual training records for {{ insert: param, at-4_odp }}. [NIST SP 800-53 Rev.5: AT-4]","Document and monitor information security and privacy training activities, including security and privacy awareness training and specific role-based security and privacy training; and
Retain individual training records for {{ insert: param, at-04_odp }}.","at-4_smt.a
at-4_smt.b",at-4_odp,FILL_FROM_PROFILE,https://github.com/usnistgov/oscal-content/blob/v1.3.0/nist.gov/SP800-53/rev5/json/NIST_SP-800-53_rev5_catalog.json,9/23/20
9,What type of activity should be included in literacy training to simulate real-world incidents?,NIST SP 800-53,Revision 5,AT-2(1),Provide practical exercises in literacy training that simulate events and incidents. [NIST SP 800-53 Rev.5: AT-2(1)],Provide practical exercises in literacy training that simulate events and incidents.,at-2.1_smt,N/A,N/A,https://github.com/usnistgov/oscal-content/blob/v1.3.0/nist.gov/SP800-53/rev5/json/NIST_SP-800-53_rev5_catalog.json,9/23/20
10,What method does AT-3(3) specify for reinforcing objectives in role-based security training?,NIST SP 800-53,Revision 5,AT-3(3),Practical exercises for security include training for software developers that addresses simulated attacks that exploit common software vulnerabilities or spear or whale phishing attacks targeted at senior leaders or executives. Practical exercises for privacy include modules with quizzes on identifying and processing personally identifiable information in various scenarios or scenarios on conducting privacy impact assessments. [NIST SP 800-53 Rev.5: AT-3(3)],Practical exercises for security include training for software developers that addresses simulated attacks that exploit common software vulnerabilities or spear or whale phishing attacks targeted at senior leaders or executives. Practical exercises for privacy include modules with quizzes on identifying and processing personally identifiable information in various scenarios or scenarios on conducting privacy impact assessments.,at-3.3_gdn,N/A,N/A,https://github.com/usnistgov/oscal-content/blob/v1.3.0/nist.gov/SP800-53/rev5/json/NIST_SP-800-53_rev5_catalog.json,9/23/20
11,"What are the organizational responsibilities for defining, justifying, and maintaining the types of events to be logged by a system?",NIST SP 800-53,Revision 5,AU-2,"Identify the types of events that the system is capable of logging in support of the audit function: {{ insert: param, au-2_odp_1 }};
Coordinate the event logging function with other organizational entities requiring audit-related information to guide and inform the selection criteria for events to be logged;
Coordinate the event logging function with other organizational entities requiring audit-related information to guide and inform the selection criteria for events to be logged;
Specify the following event types for logging within the system: {{ insert: param, au-2_prm_2 }};
Provide a rationale for why the event types selected for logging are deemed to be adequate to support after-the-fact investigations of incidents; and
Review and update the event types selected for logging {{ insert: param, au-2_odp_4 }}. [NIST SP 800-53 Rev.5: AU-2]","Identify the types of events that the system is capable of logging in support of the audit function: {{ insert: param, au-02_odp.01 }};
Coordinate the event logging function with other organizational entities requiring audit-related information to guide and inform the selection criteria for events to be logged;
Coordinate the event logging function with other organizational entities requiring audit-related information to guide and inform the selection criteria for events to be logged;
Specify the following event types for logging within the system: {{ insert: param, au-2_prm_2 }};
Provide a rationale for why the event types selected for logging are deemed to be adequate to support after-the-fact investigations of incidents; and
Review and update the event types selected for logging {{ insert: param, au-02_odp.04 }}.","au-2_smt.a
au-2_smt.b
au-2_smt.c
au-2_smt.d
au-2_smt.e","au-2_odp_1, au-2_prm_2, au-2_odp_4",ASK,https://github.com/usnistgov/oscal-content/blob/v1.3.0/nist.gov/SP800-53/rev5/json/NIST_SP-800-53_rev5_catalog.json,9/23/20
12,What information must each audit record contain to support after-the-fact investigation of security incidents?,NIST SP 800-53,Revision 5,AU-3,"Ensure that audit records contain information that establishes what type of event occurred; when the event occurred; where the event occurred; source of the event; outcome of the event; and identity of any individuals, subjects, or objects/entities associated with the event. [NIST SP 800-53 Rev.5: AU-3]","Ensure that audit records contain information that establishes the following:
What type of event occurred;
When the event occurred;
Where the event occurred;
Source of the event;
Outcome of the event; and
Identity of any individuals, subjects, or objects/entities associated with the event.","au-3_smt
au-3_smt.a
au-3_smt.b
au-3_smt.c
au-3_smt.d
au-3_smt.e
au-3_smt.f",N/A,N/A,https://github.com/usnistgov/oscal-content/blob/v1.3.0/nist.gov/SP800-53/rev5/json/NIST_SP-800-53_rev5_catalog.json,9/23/20
13,What factors must an organization consider when allocating audit log storage capacity to prevent the loss of audit data?,NIST SP 800-53,Revision 5,AU-4,Organizations consider the types of audit logging to be performed and the audit log processing requirements when allocating audit log storage capacity. Allocating sufficient audit log storage capacity reduces the likelihood of such capacity being exceeded and resulting in the potential loss or reduction of audit logging capability. [NIST SP 800-53 Rev.5: AU-4],Organizations consider the types of audit logging to be performed and the audit log processing requirements when allocating audit log storage capacity. Allocating sufficient audit log storage capacity reduces the likelihood of such capacity being exceeded and resulting in the potential loss or reduction of audit logging capability.,au-4_gdn,N/A,N/A,https://github.com/usnistgov/oscal-content/blob/v1.3.0/nist.gov/SP800-53/rev5/json/NIST_SP-800-53_rev5_catalog.json,9/23/20
14,"What is the required process for reviewing system audit records, and what actions should be taken based on the findings?",NIST SP 800-53,Revision 5,AU-6,"Review and analyze system audit records {{ insert: param, au-6_odp_1 }} for indications of {{ insert: param, au-6_odp_2 }} and the potential impact of the inappropriate or unusual activity;
Report findings to {{ insert: param, au-6_odp_3 }} ; and
Adjust the level of audit record review, analysis, and reporting within the system when there is a change in risk based on law enforcement information, intelligence information, or other credible sources of information. [NIST SP 800-53 Rev.5: AU-6]","Review and analyze system audit records {{ insert: param, au-06_odp.01 }} for indications of {{ insert: param, au-06_odp.02 }} and the potential impact of the inappropriate or unusual activity;
Report findings to {{ insert: param, au-06_odp.03 }} ; and
Adjust the level of audit record review, analysis, and reporting within the system when there is a change in risk based on law enforcement information, intelligence information, or other credible sources of information.","au-6_smt.a
au-6_smt.b
au-6_smt.c",au-6_odp_1,FILL_FROM_PROFILE,https://github.com/usnistgov/oscal-content/blob/v1.3.0/nist.gov/SP800-53/rev5/json/NIST_SP-800-53_rev5_catalog.json,9/23/20
15,What are the requirements for generating and recording time stamps in audit records to ensure accuracy?,NIST SP 800-53,Revision 5,AU-8,Use internal system clocks to generate time stamps for audit records; and record time stamps for audit records that include the local time offset as part of the time stamp. [NIST SP 800-53 Rev.5: AU-8],"Use internal system clocks to generate time stamps for audit records; and
Record time stamps for audit records that meet {{ insert: param, au-08_odp }} and that use Coordinated Universal Time, have a fixed local time offset from Coordinated Universal Time, or that include the local time offset as part of the time stamp.",au-8_smt.a,au-8_odp,FILL_FROM_PROFILE,https://github.com/usnistgov/oscal-content/blob/v1.3.0/nist.gov/SP800-53/rev5/json/NIST_SP-800-53_rev5_catalog.json,9/23/20
16,"Describe the key steps of the formal control assessment process, from planning to reporting.",NIST SP 800-53,Revision 5,CA-2,"Select the appropriate assessor or assessment team for the type of assessment to be conducted;
Develop a control assessment plan that describes the scope of the assessment including:
Controls and control enhancements under assessment;
Assessment procedures to be used to determine control effectiveness; and
Assessment environment, assessment team, and assessment roles and responsibilities;
Ensure the control assessment plan is reviewed and approved by the authorizing official, senior agency information security officer, or authorizing official designated representative prior to conducting the assessment;
Assess the controls in the system and its environment of operation to determine the extent to which the controls are implemented correctly, operating as intended, and producing the desired outcome with respect to meeting established security and privacy requirements;
Produce a control assessment report that document the results of the assessment; and
Provide the results of the control assessment to {{ insert: param, ca-2_odp_2 }}. [NIST SP 800-53 Rev.5: CA-2]","Select the appropriate assessor or assessment team for the type of assessment to be conducted;
Develop a control assessment plan that describes the scope of the assessment including:
Controls and control enhancements under assessment;
Assessment procedures to be used to determine control effectiveness; and
Assessment environment, assessment team, and assessment roles and responsibilities;
Ensure the control assessment plan is reviewed and approved by the authorizing official, senior agency information security officer, or authorizing official designated representative prior to conducting the assessment;
Assess the controls in the system and its environment of operation to determine the extent to which the controls are implemented correctly, operating as intended, and producing the desired outcome with respect to meeting established security and privacy requirements;
Produce a control assessment report that document the results of the assessment; and
Provide the results of the control assessment to {{ insert: param, ca-02_odp.02 }}.","ca-2_smt.a
ca-2_smt.b
ca-2_smt.b.1
ca-2_smt.b.2
ca-2_smt.b.3
ca-2_smt.c
ca-2_smt.d
ca-2_smt.e
ca-2_smt.f",ca-2_odp.2,ASK,https://github.com/usnistgov/oscal-content/blob/v1.3.0/nist.gov/SP800-53/rev5/json/NIST_SP-800-53_rev5_catalog.json,9/23/20
17,"What are the requirements for managing and securing information exchanges between systems, including the associated agreements?",NIST SP 800-53,Revision 5,CA-3,"Approve and manage the exchange of information between the system and other systems using {{ insert: param, ca-3_odp_1 }};
Document, as part of each exchange agreement, the interface characteristics, security and privacy requirements, controls, and responsibilities for each system, and the impact level of the information communicated; and
Review and update the agreements {{ insert: param, ca-3_odp_3 }}. [NIST SP 800-53 Rev.5: CA-3]","Approve and manage the exchange of information between the system and other systems using {{ insert: param, ca-03_odp.01 }};
Document, as part of each exchange agreement, the interface characteristics, security and privacy requirements, controls, and responsibilities for each system, and the impact level of the information communicated; and
Review and update the agreements {{ insert: param, ca-03_odp.03 }}.","ca-3_smt.a
ca-3_smt.b
ca-3_smt.c","ca-3_odp_1, ca-3_odp_3",ASK,https://github.com/usnistgov/oscal-content/blob/v1.3.0/nist.gov/SP800-53/rev5/json/NIST_SP-800-53_rev5_catalog.json,9/23/20
18,What is the purpose of a plan of action and milestones in addressing identified control weaknesses?,NIST SP 800-53,Revision 5,CA-5,"Develop a plan of action and milestones for the system to document the planned remediation actions of the organization to correct weaknesses or deficiencies noted during the assessment of the controls and to reduce or eliminate known vulnerabilities in the system; and
Update existing plan of action and milestones {{ insert: param, ca-5_odp }} based on the findings from control assessments, independent audits or reviews, and continuous monitoring activities. [NIST SP 800-53 Rev.5: CA-5]","Develop a plan of action and milestones for the system to document the planned remediation actions of the organization to correct weaknesses or deficiencies noted during the assessment of the controls and to reduce or eliminate known vulnerabilities in the system; and
Update existing plan of action and milestones {{ insert: param, ca-05_odp }} based on the findings from control assessments, independent audits or reviews, and continuous monitoring activities.","ca-5_smt.a
ca-5_smt.b",ca-5_odp,FILL_FROM_PROFILE,https://github.com/usnistgov/oscal-content/blob/v1.3.0/nist.gov/SP800-53/rev5/json/NIST_SP-800-53_rev5_catalog.json,9/23/20
19,What are the primary responsibilities of an authorizing official regarding system authorization?,NIST SP 800-53,Revision 5,CA-6,"Assign a senior official as the authorizing official for the system;
Ensure that the authorizing official for common controls authorizes the use of those controls for inheritance by organizational systems;
Authorizes the system to operate;
Accepts the use of common controls inherited by the system; and
Update the authorizations {{ insert: param, ca-06_odp }}. [NIST SP 800-53 Rev.5: CA-6]","Assign a senior official as the authorizing official for the system;
Ensure that the authorizing official for common controls authorizes the use of those controls for inheritance by organizational systems;
Authorizes the system to operate;
Accepts the use of common controls inherited by the system; and
Update the authorizations {{ insert: param, ca-06_odp }}.","ca-6_smt.a
ca-6_smt.b
ca-6_smt.c
ca-6_smt.c.1
ca-6_smt.c.2
ca-6_smt.d
ca-6_smt.e",ca-6_odp,FILL_FROM_PROFILE,https://github.com/usnistgov/oscal-content/blob/v1.3.0/nist.gov/SP800-53/rev5/json/NIST_SP-800-53_rev5_catalog.json,9/23/20
20,What are the requirements for implementing a system-level continuous monitoring strategy?,NIST SP 800-53,Revision 5,CA-7,"Establishing system-level metrics to be monitored: {{ insert: param, ca-7_odp_1 }};

Establishing {{ insert: param, ca-7_odp_2 }} for monitoring and {{ insert: param, ca-7_odp_3 }} for assessment of control effectiveness;

Ongoing control assessments in accordance with the continuous monitoring strategy;

Ongoing monitoring of system and organization-defined metrics in accordance with the continuous monitoring strategy;

Correlation and analysis of information generated by control assessments and monitoring;

Response actions to address results of the analysis of control assessment and monitoring information; and

Reporting the security and privacy status of the system to {{ insert: param, ca-7_prm_4 }} {{ insert: param, ca-7_prm_5 }}. [NIST SP 800-53 Rev.5: CA-7]","Establishing system-level metrics to be monitored: {{ insert: param, ca-07_odp.01 }};

Establishing {{ insert: param, ca-07_odp.02 }} for monitoring and {{ insert: param, ca-07_odp.03 }} for assessment of control effectiveness;

Ongoing control assessments in accordance with the continuous monitoring strategy;

Ongoing monitoring of system and organization-defined metrics in accordance with the continuous monitoring strategy;

Correlation and analysis of information generated by control assessments and monitoring;

Response actions to address results of the analysis of control assessment and monitoring information; and

Reporting the security and privacy status of the system to {{ insert: param, ca-7_prm_4 }} {{ insert: param, ca-7_prm_5 }}.","ca-7_smt
ca-7_smt.a
ca-7_smt.b
ca-7_smt.c
ca-7_smt.d
ca-7_smt.e
ca-7_smt.f
ca-7_smt.g","ca-7_odp_1
ca-7_odp_2
ca-7_odp_3
ca-7_prm_4
ca-7_prm_5",ASK,https://github.com/usnistgov/oscal-content/blob/v1.3.0/nist.gov/SP800-53/rev5/json/NIST_SP-800-53_rev5_catalog.json,9/23/20
21,What are the lifecycle requirements for system baseline configurations?,NIST SP 800-53,Revision 5,CM-2,"Develop, document, and maintain under configuration control, a current baseline configuration of the system; and
Review and update the baseline configuration of the system:
{{ insert: param, cm-2_odp_1 }};
When required due to {{ insert: param, cm-2_odp_2 }} ; and
When system components are installed or upgraded. [NIST SP 800-53 Rev.5: CM-2]","Develop, document, and maintain under configuration control, a current baseline configuration of the system; and
Review and update the baseline configuration of the system:
{{ insert: param, cm-02_odp.01 }};
When required due to {{ insert: param, cm-02_odp.02 }} ; and
When system components are installed or upgraded.","cm-2_smt.a
cm-2_smt.b
cm-2_smt.b.1
cm-2_smt.b.2
cm-2_smt.b.3","cm-2_odp_1, cm-2_odp_2",ASK,https://github.com/usnistgov/oscal-content/blob/v1.3.0/nist.gov/SP800-53/rev5/json/NIST_SP-800-53_rev5_catalog.json,9/23/20
22,What must an organization do to manage configuration-controlled changes?,NIST SP 800-53,Revision 5,CM-3,"Determine and document the types of changes to the system that are configuration-controlled;
Review proposed configuration-controlled changes to the system with explicit consideration for security and privacy impact analyses;
Document configuration change decisions associated with the system;
Implement approved configuration-controlled changes to the system;
Retain records of configuration-controlled changes to the system for {{ insert: param, cm-3_odp_1 }};
Monitor and review activities associated with configuration-controlled changes to the system; and
Coordinate and provide oversight for configuration change control activities through {{ insert: param, cm-3_odp_2 }} that convenes {{ insert: param, cm-3_odp_3 }}. [NIST SP 800-53 Rev.5: CM-3]","Determine and document the types of changes to the system that are configuration-controlled;
Review proposed configuration-controlled changes to the system with explicit consideration for security and privacy impact analyses;
Document configuration change decisions associated with the system;
Implement approved configuration-controlled changes to the system;
Retain records of configuration-controlled changes to the system for {{ insert: param, cm-03_odp.01 }};
Monitor and review activities associated with configuration-controlled changes to the system; and
Coordinate and provide oversight for configuration change control activities through {{ insert: param, cm-03_odp.02 }} that convenes {{ insert: param, cm-03_odp.03 }}.","cm-3_smt.a
cm-3_smt.b
cm-3_smt.c
cm-3_smt.d
cm-3_smt.e
cm-3_smt.f
cm-3_smt.g","cm-3_odp_1
cm-3_odp_2
cm-3_odp_3",ASK,https://github.com/usnistgov/oscal-content/blob/v1.3.0/nist.gov/SP800-53/rev5/json/NIST_SP-800-53_rev5_catalog.json,9/23/20
23,What should be analyzed before implementing a system change?,NIST SP 800-53,Revision 5,CM-4,Analyze changes to the system to determine potential security and privacy impacts prior to change implementation. [NIST SP 800-53 Rev.5: CM-4],Analyze changes to the system to determine potential security and privacy impacts prior to change implementation.,cm-4_smt,N/A,N/A,https://github.com/usnistgov/oscal-content/blob/v1.3.0/nist.gov/SP800-53/rev5/json/NIST_SP-800-53_rev5_catalog.json,9/23/20
24,"How should configuration settings be established, approved, and monitored?",NIST SP 800-53,Revision 5,CM-6,"Establish and document configuration settings for components employed in the system that reflect the most restrictive mode consistent with operational requirements using {{ insert: param, cm-6_odp_1 }}; implement the configuration settings; identify, document, and approve any deviations from established configuration settings for {{ insert: param, cm-6_odp_2 }} based on {{ insert: param, cm-6_odp_3 }} ; and monitor and control changes to the configuration settings in accordance with organizational policies and procedures. [NIST SP 800-53 Rev.5: CM-6]","Establish and document configuration settings for components employed within the system that reflect the most restrictive mode consistent with operational requirements using {{ insert: param, cm-06_odp.01 }};
Implement the configuration settings;
Identify, document, and approve any deviations from established configuration settings for {{ insert: param, cm-06_odp.02 }} based on {{ insert: param, cm-06_odp.03 }} ; and
Monitor and control changes to the configuration settings in accordance with organizational policies and procedures.","cm-6_smt.a
cm-6_smt.b
cm-6_smt.c
cm-6_smt.d","cm-6_odp_1
cm-6_odp_2
cm-6_odp_3",ASK,https://github.com/usnistgov/oscal-content/blob/v1.3.0/nist.gov/SP800-53/rev5/json/NIST_SP-800-53_rev5_catalog.json,9/23/20
25,"What are the requirements for developing, maintaining, and updating a system component inventory?",NIST SP 800-53,Revision 5,CM-8,"Develop and document an inventory of system components that accurately reflects the system; includes all components within the system; does not include duplicate accounting of components or components assigned to any other system; is at the level of granularity deemed necessary for tracking and reporting; and includes the following information to achieve system component accountability: {{ insert: param, cm-8_odp_1 }} ; and review and update the system component inventory {{ insert: param, cm-8_odp_2 }}. [NIST SP 800-53 Rev.5: CM-8]","Develop and document an inventory of system components that:
Accurately reflects the system;
Includes all components within the system;
Does not include duplicate accounting of components or components assigned to any other system;
Is at the level of granularity deemed necessary for tracking and reporting; and
Includes the following information to achieve system component accountability: {{ insert: param, cm-08_odp.01 }} ; and
Review and update the system component inventory {{ insert: param, cm-08_odp.02 }}.","cm-8_smt.a.1
cm-8_smt.a.2
cm-8_smt.a.3
cm-8_smt.a.4
cm-8_smt.a.5
cm-8_smt.b","cm-8_odp_1, cm-8_odp_2",ASK,https://github.com/usnistgov/oscal-content/blob/v1.3.0/nist.gov/SP800-53/rev5/json/NIST_SP-800-53_rev5_catalog.json,9/23/20
26,"What are the key elements that must be included in a contingency plan, and how should it be reviewed, distributed, and updated?",NIST SP 800-53,Revision 5,CP-2,"Develop a contingency plan for the system that identifies essential mission and business functions and associated contingency requirements; provides recovery objectives, restoration priorities, and metrics; addresses contingency roles, responsibilities, assigned individuals with contact information; addresses maintaining essential mission and business functions despite a system disruption, compromise, or failure; addresses eventual, full system restoration without deterioration of the controls originally planned and implemented; addresses the sharing of contingency information; and is reviewed and approved by {{ insert: param, cp-2_prm_1 }}; distribute copies of the contingency plan to {{ insert: param, cp-2_prm_2 }}; coordinate contingency planning activities with incident handling activities; review the contingency plan for the system {{ insert: param, cp-2_odp_5 }}; 
Update the contingency plan to address changes to the organization, system, or environment of operation and problems identified during contingency plan implementation, execution, or testing;
Communicate contingency plan changes to {{ insert: param, cp-2_prm_4 }};
Protect the contingency plan from unauthorized disclosure and modification. [NIST SP 800-53 Rev.5: CP-2]","Develop a contingency plan for the system that:
Identifies essential mission and business functions and associated contingency requirements;
Provides recovery objectives, restoration priorities, and metrics;
Addresses contingency roles, responsibilities, assigned individuals with contact information;
Addresses maintaining essential mission and business functions despite a system disruption, compromise, or failure;
Addresses eventual, full system restoration without deterioration of the controls originally planned and implemented;
Addresses the sharing of contingency information; and
Is reviewed and approved by {{ insert: param, cp-2_prm_1 }};
Distribute copies of the contingency plan to {{ insert: param, cp-2_prm_2 }};
Coordinate contingency planning activities with incident handling activities;
Review the contingency plan for the system {{ insert: param, cp-02_odp.05 }};
Update the contingency plan to address changes to the organization, system, or environment of operation and problems identified during contingency plan implementation, execution, or testing;
Communicate contingency plan changes to {{ insert: param, cp-2_prm_4 }};
Protect the contingency plan from unauthorized disclosure and modification.
Incorporate lessons learned from contingency plan testing, training, or actual contingency activities into contingency testing and training; and","cp-2_smt.a
cp-2_smt.a.1
cp-2_smt.a.2
cp-2_smt.a.3
cp-2_smt.a.4
cp-2_smt.a.5
cp-2_smt.a.6
cp-2_smt.a.7
cp-2_smt.b
cp-2_smt.c
cp-2_smt.d
cp-2_smt.e
cp-2_smt.f
cp-2_smt.g
cp-2_smt.h","cp-2_prm_1, cp-2_prm_2, cp-2_odp_5",ASK,https://github.com/usnistgov/oscal-content/blob/v1.3.0/nist.gov/SP800-53/rev5/json/NIST_SP-800-53_rev5_catalog.json,9/23/20
27,When and how should contingency training be provided to system users based on their assigned roles and responsibilities?,NIST SP 800-53,Revision 5,CP-3,"Provide contingency training to system users consistent with assigned roles and responsibilities within {{ insert: param, cp-3_odp_1 }} of assuming a contingency role or responsibility; when required by system changes; and {{ insert: param, cp-3_odp_2 }} thereafter; and review and update contingency training content {{ insert: param, cp-3_odp_3 }} and following {{ insert: param, cp-3_odp_4 }}. [NIST SP 800-53 Rev.5: CP-3]","Provide contingency training to system users consistent with assigned roles and responsibilities:
Within {{ insert: param, cp-03_odp.01 }} of assuming a contingency role or responsibility;
When required by system changes; and
{{ insert: param, cp-03_odp.02 }} thereafter; and
Review and update contingency training content {{ insert: param, cp-03_odp.03 }} and following {{ insert: param, cp-03_odp.04 }}.","cp-3_smt.a
cp-3_smt.a.1
cp-3_smt.a.2
cp-3_smt.a.3
cp-3_smt.b","cp-3_odp_1, cp-3_odp_2, cp-3_odp_3, cp-3_odp_4",FILL_FROM_PROFILE,https://github.com/usnistgov/oscal-content/blob/v1.3.0/nist.gov/SP800-53/rev5/json/NIST_SP-800-53_rev5_catalog.json,9/23/20
28,"How frequently must contingency plans be tested, and what should be done after reviewing the test results?",NIST SP 800-53,Revision 5,CP-4,"Test the contingency plan for the system {{ insert: param, cp-4_odp_1 }} using the following tests to determine the effectiveness of the plan and the readiness to execute the plan: {{ insert: param, cp-4_prm_2 }}. Review the contingency plan test results; and initiate corrective actions, if needed. [NIST SP 800-53 Rev.5: CP-4]","Test the contingency plan for the system {{ insert: param, cp-04_odp.01 }} using the following tests to determine the effectiveness of the plan and the readiness to execute the plan: {{ insert: param, cp-4_prm_2 }}.
Review the contingency plan test results; and
Initiate corrective actions, if needed.","cp-4_smt.a
cp-4_smt.b
cp-4_smt.c","cp-4_odp_1, cp-4_prm_2",ASK,https://github.com/usnistgov/oscal-content/blob/v1.3.0/nist.gov/SP800-53/rev5/json/NIST_SP-800-53_rev5_catalog.json,9/23/20
29,What are the requirements for establishing and maintaining an alternate processing site to resume essential operations?,NIST SP 800-53,Revision 5,CP-7,"Establish an alternate processing site, including necessary agreements to permit the transfer and resumption of {{ insert: param, cp-7_odp_1 }} within {{ insert: param, cp-7_odp_2 }} when the primary processing capabilities are unavailable; make available at the alternate processing site, the equipment and supplies required to transfer and resume operations within the site within {{ insert: param, cp-7_odp_2 }} for transfer and {{ insert: param, cp-7_odp_2 }} for resumption; and provide controls at the alternate processing site that are equivalent to those at the primary site. [NIST SP 800-53 Rev.5: CP-7]","Establish an alternate processing site, including necessary agreements to permit the transfer and resumption of {{ insert: param, cp-07_odp.01 }} for essential mission and business functions within {{ insert: param, cp-07_odp.02 }} when the primary processing capabilities are unavailable;
Make available at the alternate processing site, the equipment and supplies required to transfer and resume operations or put contracts in place to support delivery to the site within the organization-defined time period for transfer and resumption; and
Provide controls at the alternate processing site that are equivalent to those at the primary site.","cp-7_smt.a
cp-7_smt.b
cp-7_smt.c","cp-7_odp_1, cp-7_odp_2",ASK,https://github.com/usnistgov/oscal-content/blob/v1.3.0/nist.gov/SP800-53/rev5/json/NIST_SP-800-53_rev5_catalog.json,9/23/20
30,What actions must be taken to ensure that system and user-level information is backed up and that backup data remains protected?,NIST SP 800-53,Revision 5,CP-9,"Conduct backups of user-level information contained in {{ insert: param, cp-9_odp_1 }} {{ insert: param, cp-9_odp_2 }}; conduct backups of system-level information contained in the system {{ insert: param, cp-9_odp_3 }}; conduct backups of system documentation, including security-related documentation and privacy-related documentation {{ insert: param, cp-9_odp_4 }} ; and protect the confidentiality, integrity, and availability of backup information. [NIST SP 800-53 Rev.5: CP-9]","Conduct backups of user-level information contained in {{ insert: param, cp-09_odp.01 }} {{ insert: param, cp-09_odp.02 }};
Conduct backups of system-level information contained in the system {{ insert: param, cp-09_odp.03 }};
Conduct backups of system documentation, including security- and privacy-related documentation {{ insert: param, cp-09_odp.04 }} ; and
Protect the confidentiality, integrity, and availability of backup information.","cp-9_smt.a
cp-9_smt.b
cp-9_smt.c
cp-9_smt.d","cp-9_odp_1, cp-9_odp_2, cp-9_odp_3, cp-9_odp_4",ASK,https://github.com/usnistgov/oscal-content/blob/v1.3.0/nist.gov/SP800-53/rev5/json/NIST_SP-800-53_rev5_catalog.json,9/23/20
31,How must organizations identify and authenticate users and associate them with processes acting on their behalf?,NIST SP 800-53,Revision 5,IA-2,Uniquely identify and authenticate organizational users and associate such users with processes acting on behalf of those users. [NIST SP 800-53 Rev.5: IA-2],Uniquely identify and authenticate organizational users and associate that unique identification with processes acting on behalf of those users.,ia-2_smt,N/A,N/A,https://github.com/usnistgov/oscal-content/blob/v1.3.0/nist.gov/SP800-53/rev5/json/NIST_SP-800-53_rev5_catalog.json,9/23/20
32,"What are the requirements for assigning, authorizing, and preventing reuse of system identifiers for individuals, groups, or devices?",NIST SP 800-53,Revision 5,IA-4,"Manage system identifiers by receiving authorization from {{ insert: param, ia-4_odp_1 }} to assign an individual, group, role, service, or device identifier; selecting an identifier that identifies an individual, group, role, service, or device; assigning the identifier to the intended individual, group, role, service, or device; and preventing reuse of identifiers for {{ insert: param, ia-4_odp_2 }}. [NIST SP 800-53 Rev.5: IA-4]","Manage system identifiers by:
Receiving authorization from {{ insert: param, ia-04_odp.01 }} to assign an individual, group, role, service, or device identifier;
Selecting an identifier that identifies an individual, group, role, service, or device;
Assigning the identifier to the intended individual, group, role, service, or device; and
Preventing reuse of identifiers for {{ insert: param, ia-04_odp.02 }}.","ia-4_smt
ia-4_smt.a
ia-4_smt.b
ia-4_smt.c
ia-4_smt.d","ia-4_odp_1, ia-4_odp_2",FILL_FROM_PROFILE,https://github.com/usnistgov/oscal-content/blob/v1.3.0/nist.gov/SP800-53/rev5/json/NIST_SP-800-53_rev5_catalog.json,9/23/20
33,"How should organizations manage authenticators, including their distribution, protection, and periodic updates?",NIST SP 800-53,Revision 5,IA-5,"Manage system authenticators by verifying, as part of the initial authenticator distribution, the identity of the individual, group, role, service, or device receiving the authenticator; establishing initial authenticator content for any authenticators issued by the organization; ensuring that authenticators have sufficient strength of mechanism for their intended use; establishing and implementing administrative procedures for initial authenticator distribution, for lost, compromised or damaged authenticators, and for revoking authenticators; changing default authenticators prior to first use; changing or refreshing authenticators {{ insert: param, ia-5_odp_1 }} or when {{ insert: param, ia-5_odp_2 }} occur; protecting authenticator content from unauthorized disclosure and modification; requiring individuals to take, and having devices implement, specific controls to protect authenticators; and changing authenticators for group or role accounts when membership to those accounts changes. [NIST SP 800-53 Rev.5: IA-5]","Manage system authenticators by:
Verifying, as part of the initial authenticator distribution, the identity of the individual, group, role, service, or device receiving the authenticator;
Establishing initial authenticator content for any authenticators issued by the organization;
Ensuring that authenticators have sufficient strength of mechanism for their intended use;
Establishing and implementing administrative procedures for initial authenticator distribution, for lost, compromised or damaged authenticators, and for revoking authenticators;
Changing default authenticators prior to first use;
Changing or refreshing authenticators {{ insert: param, ia-05_odp.01 }} or when {{ insert: param, ia-05_odp.02 }} occur;
Protecting authenticator content from unauthorized disclosure and modification;
Requiring individuals to take, and having devices implement, specific controls to protect authenticators; and
Changing authenticators for group or role accounts when membership to those accounts changes.","ia-5_smt
ia-5_smt.a
ia-5_smt.b
ia-5_smt.c
ia-5_smt.d
ia-5_smt.e
ia-5_smt.f
ia-5_smt.g
ia-5_smt.h
ia-5_smt.i","ia-5_odp_1, ia-5_odp_2",FILL_FROM_PROFILE,https://github.com/usnistgov/oscal-content/blob/v1.3.0/nist.gov/SP800-53/rev5/json/NIST_SP-800-53_rev5_catalog.json,9/23/20
34,What does NIST require to protect authentication information from disclosure during the authentication process?,NIST SP 800-53,Revision 5,IA-6,Obscure feedback of authentication information during the authentication process to protect the information from possible exploitation and use by unauthorized individuals. [NIST SP 800-53 Rev.5: IA-6],Obscure feedback of authentication information during the authentication process to protect the information from possible exploitation and use by unauthorized individuals.,ia-6_smt,N/A,N/A,https://github.com/usnistgov/oscal-content/blob/v1.3.0/nist.gov/SP800-53/rev5/json/NIST_SP-800-53_rev5_catalog.json,9/23/20
35,How should organizations handle identification and authentication of non-organizational users accessing federal systems?,NIST SP 800-53,Revision 5,IA-8,"Non-organizational users include system users other than organizational users explicitly covered by [IA-2](#ia-2) . Non-organizational users are uniquely identified and authenticated for accesses other than those explicitly identified and documented in [AC-14](#ac-14) . Identification and authentication of non-organizational users accessing federal systems may be required to protect federal, proprietary, or privacy-related information (with exceptions noted for national security systems). Organizations consider many factors—including security, privacy, scalability, and practicality—when balancing the need to ensure ease of use for access to federal information and systems with the need to protect and adequately mitigate risk. [NIST SP 800-53 Rev.5: IA-8]","Non-organizational users include system users other than organizational users explicitly covered by [IA-2](#ia-2) . Non-organizational users are uniquely identified and authenticated for accesses other than those explicitly identified and documented in [AC-14](#ac-14) . Identification and authentication of non-organizational users accessing federal systems may be required to protect federal, proprietary, or privacy-related information (with exceptions noted for national security systems). Organizations consider many factors—including security, privacy, scalability, and practicality—when balancing the need to ensure ease of use for access to federal information and systems with the need to protect and adequately mitigate risk.",ia-8_gdn,N/A,N/A,https://github.com/usnistgov/oscal-content/blob/v1.3.0/nist.gov/SP800-53/rev5/json/NIST_SP-800-53_rev5_catalog.json,9/23/20
36,"When should incident response training be provided, and how often should its content be reviewed and updated?",NIST SP 800-53,Revision 5,IR-2,"Provide incident response training to system users consistent with assigned roles and responsibilities within {{ insert: param, ir-2_odp_1 }} of assuming an incident response role or responsibility or acquiring system access; when required by system changes; and {{ insert: param, ir-2_odp_2 }} thereafter; and review and update incident response training content {{ insert: param, ir-2_odp_3 }} and following {{ insert: param, ir-2_odp_4 }}. [NIST SP 800-53 Rev.5: IR-2]","Provide incident response training to system users consistent with assigned roles and responsibilities:
Within {{ insert: param, ir-02_odp.01 }} of assuming an incident response role or responsibility or acquiring system access;
When required by system changes; and
{{ insert: param,ir-02_odp.02 }} thereafter; and
Review and update incident response training content {{ insert: param,ir-02_odp.03 }} and following {{ insert: param, ir-02_odp.04 }}.","ir-2_smt.a
ir-2_smt.a.1
ir-2_smt.a.2
ir-2_smt.a.3
ir-2_smt.b","ir-2_odp_1, ir-2_odp_2, ir-2_odp_3, ir-2_odp_4",FILL_FROM_PROFILE,https://github.com/usnistgov/oscal-content/blob/v1.3.0/nist.gov/SP800-53/rev5/json/NIST_SP-800-53_rev5_catalog.json,9/23/20
37,"How often should organizations test the effectiveness of their incident response capabilities, and what kinds of tests may be used?",NIST SP 800-53,Revision 5,IR-3,"Test the effectiveness of the incident response capability for the system {{ insert: param, ir-3_odp_1 }} using the following tests: {{ insert: param, ir-3_odp_2 }}. [NIST SP 800-53 Rev.5: IR-3]","Test the effectiveness of the incident response capability for the system {{ insert: param, ir-03_odp.01 }} using the following tests: {{ insert: param, ir-03_odp.02 }}.",ir-3_smt,"ir-3_odp_1, ir-3_odp_2",ASK,https://github.com/usnistgov/oscal-content/blob/v1.3.0/nist.gov/SP800-53/rev5/json/NIST_SP-800-53_rev5_catalog.json,9/23/20
38,"What are the key elements of implementing an effective incident handling capability, including coordination and lessons learned?",NIST SP 800-53,Revision 5,IR-4,"Implement an incident handling capability for incidents that is consistent with the incident response plan; coordinate incident handling activities with contingency planning activities; incorporate lessons learned from ongoing incident handling activities into incident response procedures, training, and testing, and implement the resulting changes accordingly; and ensure the rigor, intensity, scope, and results of incident handling activities are comparable and predictable across the organization. [NIST SP 800-53 Rev.5: IR-4]","Implement an incident handling capability for incidents that is consistent with the incident response plan and includes preparation, detection and analysis, containment, eradication, and recovery;
Coordinate incident handling activities with contingency planning activities;
Incorporate lessons learned from ongoing incident handling activities into incident response procedures, training, and testing, and implement the resulting changes accordingly; and
Ensure the rigor, intensity, scope, and results of incident handling activities are comparable and predictable across the organization.","ir-4_smt.a
ir-4_smt.b
ir-4_smt.c
ir-4_smt.d",N/A,N/A,https://github.com/usnistgov/oscal-content/blob/v1.3.0/nist.gov/SP800-53/rev5/json/NIST_SP-800-53_rev5_catalog.json,9/23/20
39,What information should organizations maintain and analyze when documenting and reviewing security incidents?,NIST SP 800-53,Revision 5,IR-5,"Documenting incidents includes maintaining records about each incident, the status of the incident, and other pertinent information necessary for forensics as well as evaluating incident details, trends, and handling. Incident information can be obtained from a variety of sources, including network monitoring, incident reports, incident response teams, user complaints, supply chain partners, audit monitoring, physical access monitoring, and user and administrator reports. [IR-4](#ir-4) provides information on the types of incidents that are appropriate for monitoring. [NIST SP 800-53 Rev.5: IR-5]","Documenting incidents includes maintaining records about each incident, the status of the incident, and other pertinent information necessary for forensics as well as evaluating incident details, trends, and handling. Incident information can be obtained from a variety of sources, including network monitoring, incident reports, incident response teams, user complaints, supply chain partners, audit monitoring, physical access monitoring, and user and administrator reports. [IR-4](#ir-4) provides information on the types of incidents that are appropriate for monitoring.",ir-5_gdn,N/A,N/A,https://github.com/usnistgov/oscal-content/blob/v1.3.0/nist.gov/SP800-53/rev5/json/NIST_SP-800-53_rev5_catalog.json,9/23/20
40,"What are the reporting requirements for suspected or confirmed incidents, including notification timeframes and recipients?",NIST SP 800-53,Revision 5,IR-6,"Require personnel to report suspected incidents to the organizational incident response capability within {{ insert: param, ir-6_odp_1 }}; and report incident information to {{ insert: param, ir-6_odp_2 }}. [NIST SP 800-53 Rev.5: IR-6]","Require personnel to report suspected incidents to the organizational incident response capability within {{ insert: param, ir-06_odp.01 }} ; and
Report incident information to {{ insert: param, ir-06_odp.02 }}.","ir-6_smt.a
ir-6_smt.b","ir-6_odp_1, ir-6_odp_2",ASK,https://github.com/usnistgov/oscal-content/blob/v1.3.0/nist.gov/SP800-53/rev5/json/NIST_SP-800-53_rev5_catalog.json,9/23/20
41,What are the key considerations for a controlled system maintenance program?,NIST SP 800-53,Revision 5,MA-2,"Controlling system maintenance addresses the information security aspects of the system maintenance program and applies to all types of maintenance to system components conducted by local or nonlocal entities. Maintenance includes peripherals such as scanners, copiers, and printers. Information necessary for creating effective maintenance records includes the date and time of maintenance, a description of the maintenance performed, names of the individuals or group performing the maintenance, name of the escort, and system components or equipment that are removed or replaced. Organizations consider supply chain-related risks associated with replacement components for systems. [NIST SP 800-53 Rev.5: MA-2]","Controlling system maintenance addresses the information security aspects of the system maintenance program and applies to all types of maintenance to system components conducted by local or nonlocal entities. Maintenance includes peripherals such as scanners, copiers, and printers. Information necessary for creating effective maintenance records includes the date and time of maintenance, a description of the maintenance performed, names of the individuals or group performing the maintenance, name of the escort, and system components or equipment that are removed or replaced. Organizations consider supply chain-related risks associated with replacement components for systems.",ma-2_gdn,N/A,N/A,https://github.com/usnistgov/oscal-content/blob/v1.3.0/nist.gov/SP800-53/rev5/json/NIST_SP-800-53_rev5_catalog.json,9/23/20
42,"How should organizations approve, control, and periodically review the use of system maintenance tools?",NIST SP 800-53,Revision 5,MA-3,"Approve, control, and monitor the use of system maintenance tools; and review previously approved system maintenance tools {{ insert: param, ma-3_odp }}. [NIST SP 800-53 Rev.5: MA-3]","Approve, control, and monitor the use of system maintenance tools; and
Review previously approved system maintenance tools {{ insert: param, ma-03_odp }}.","ma-3_smt.a
ma-3_smt.b",ma-3_odp,FILL_FROM_PROFILE,https://github.com/usnistgov/oscal-content/blob/v1.3.0/nist.gov/SP800-53/rev5/json/NIST_SP-800-53_rev5_catalog.json,9/23/20
43,"What must organizations do to authorize, secure, and record nonlocal maintenance and diagnostic activities?",NIST SP 800-53,Revision 5,MA-4,Approve and monitor nonlocal maintenance and diagnostic activities; allow the use of nonlocal maintenance and diagnostic tools only as consistent with organizational policy and documented in the security plan for the system; employ strong authentication in the establishment of nonlocal maintenance and diagnostic sessions; maintain records for nonlocal maintenance and diagnostic activities; and terminate session and network connections when nonlocal maintenance is completed. [NIST SP 800-53 Rev.5: MA-4],"Approve and monitor nonlocal maintenance and diagnostic activities;
Allow the use of nonlocal maintenance and diagnostic tools only as consistent with organizational policy and documented in the security plan for the system;
Employ strong authentication in the establishment of nonlocal maintenance and diagnostic sessions;
Maintain records for nonlocal maintenance and diagnostic activities; and
Terminate session and network connections when nonlocal maintenance is completed.","ma-4_smt.a
ma-4_smt.b
ma-4_smt.c
ma-4_smt.d
ma-4_smt.e",N/A,N/A,https://github.com/usnistgov/oscal-content/blob/v1.3.0/nist.gov/SP800-53/rev5/json/NIST_SP-800-53_rev5_catalog.json,9/23/20
44,What process should be established for authorizing maintenance personnel and ensuring appropriate escorting and access control during maintenance?,NIST SP 800-53,Revision 5,MA-5,"Establish a process for maintenance personnel authorization and maintain a list of authorized maintenance organizations or personnel;
Verify that non-escorted personnel performing maintenance on the system possess the required access authorizations; and
Designate organizational personnel with required access authorizations and technical competence to supervise the maintenance activities of personnel who do not possess the required access authorizations. [NIST SP 800-53 Rev.5: MA-5]","Establish a process for maintenance personnel authorization and maintain a list of authorized maintenance organizations or personnel;
Verify that non-escorted personnel performing maintenance on the system possess the required access authorizations; and
Designate organizational personnel with required access authorizations and technical competence to supervise the maintenance activities of personnel who do not possess the required access authorizations.","ma-5_smt.a
ma-5_smt.b
ma-5_smt.c",N/A,N/A,https://github.com/usnistgov/oscal-content/blob/v1.3.0/nist.gov/SP800-53/rev5/json/NIST_SP-800-53_rev5_catalog.json,9/23/20
45,How should organizations identify critical system components and obtain maintenance support to mitigate risk when those components fail?,NIST SP 800-53,Revision 5,MA-6,"Organizations specify the system components that result in increased risk to organizational operations and assets, individuals, other organizations, or the Nation when the functionality provided by those components is not operational. Organizational actions to obtain maintenance support include having appropriate contracts in place. [NIST SP 800-53 Rev.5: MA-6]","Organizations specify the system components that result in increased risk to organizational operations and assets, individuals, other organizations, or the Nation when the functionality provided by those components is not operational. Organizational actions to obtain maintenance support include having appropriate contracts in place.",ma-6_gdn,N/A,N/A,https://github.com/usnistgov/oscal-content/blob/v1.3.0/nist.gov/SP800-53/rev5/json/NIST_SP-800-53_rev5_catalog.json,9/23/20
46,How should access to both digital and non-digital system media be restricted to authorized individuals?,NIST SP 800-53,Revision 5,MP-2,"System media includes digital and non-digital media. Digital media includes flash drives, diskettes, magnetic tapes, external or removable hard disk drives (e.g., solid state, magnetic), compact discs, and digital versatile discs. Non-digital media includes paper and microfilm. Denying access to patient medical records in a community hospital unless the individuals seeking access to such records are authorized healthcare providers is an example of restricting access to non-digital media. Limiting access to the design specifications stored on compact discs in the media library to individuals on the system development team is an example of restricting access to digital media. [NIST SP 800-53 Rev.5: MP-2]","System media includes digital and non-digital media. Digital media includes flash drives, diskettes, magnetic tapes, external or removable hard disk drives (e.g., solid state, magnetic), compact discs, and digital versatile discs. Non-digital media includes paper and microfilm. Denying access to patient medical records in a community hospital unless the individuals seeking access to such records are authorized healthcare providers is an example of restricting access to non-digital media. Limiting access to the design specifications stored on compact discs in the media library to individuals on the system development team is an example of restricting access to digital media.",mp-2_gdn,N/A,N/A,https://github.com/usnistgov/oscal-content/blob/v1.3.0/nist.gov/SP800-53/rev5/json/NIST_SP-800-53_rev5_catalog.json,9/23/20
47,"What requirements apply to marking system media with handling or distribution limitations, and when may media be exempt from marking?",NIST SP 800-53,Revision 5,MP-3,"Mark system media indicating the distribution limitations, handling caveats, and applicable security markings (if any) of the information; and Exempt {{ insert: param, mp-3_odp_1 }} from marking if the media remain within {{ insert: param, mp-3_odp_2 }}. [NIST SP 800-53 Rev.5: MP-3]","Mark system media indicating the distribution limitations, handling caveats, and applicable security markings (if any) of the information; and
Exempt {{ insert: param, mp-03_odp.01 }} from marking if the media remain within {{ insert: param, mp-03_odp.02 }}.","mp-3_smt.a
mp-3_smt.b","mp-3_odp_1, mp-3_odp_2",ASK,https://github.com/usnistgov/oscal-content/blob/v1.3.0/nist.gov/SP800-53/rev5/json/NIST_SP-800-53_rev5_catalog.json,9/23/20
48,How must organizations physically control and securely store system media to prevent unauthorized access or tampering?,NIST SP 800-53,Revision 5,MP-4,"Physically control and securely store {{ insert: param, mp-4_prm_1 }} within {{ insert: param, mp-4_prm_2 }}; and Protect system media types defined in MP-4a until the media are destroyed or sanitized using approved equipment, techniques, and procedures. [NIST SP 800-53 Rev.5: MP-4]","Physically control and securely store {{ insert: param, mp-4_prm_1 }} within {{ insert: param, mp-4_prm_2 }} ; and
Protect system media types defined in MP-4a until the media are destroyed or sanitized using approved equipment, techniques, and procedures.","mp-4_smt.a
mp-4_smt.b","mp-4_prm_1, mp-4_prm_2",FILL_FROM_PROFILE,https://github.com/usnistgov/oscal-content/blob/v1.3.0/nist.gov/SP800-53/rev5/json/NIST_SP-800-53_rev5_catalog.json,9/23/20
49,"What safeguards should be in place for transporting system media outside controlled areas, including accountability and documentation requirements?",NIST SP 800-53,Revision 5,MP-5,"Protect and control {{ insert: param, mp-5_odp_1 }} during transport outside of controlled areas using {{ insert: param, mp-5_prm_2 }}; Maintain accountability for system media during transport outside of controlled areas; Document activities associated with the transport of system media; and Restrict the activities associated with the transport of system media to authorized personnel. [NIST SP 800-53 Rev.5: MP-5]","Protect and control {{ insert: param, mp-05_odp.01 }} during transport outside of controlled areas using {{ insert: param, mp-5_prm_2 }};
Maintain accountability for system media during transport outside of controlled areas;
Document activities associated with the transport of system media; and
Restrict the activities associated with the transport of system media to authorized personnel.","mp-5_smt.a
mp-5_smt.b
mp-5_smt.c
mp-5_smt.d","mp-5_odp_1, mp-5_prm_2",ASK,https://github.com/usnistgov/oscal-content/blob/v1.3.0/nist.gov/SP800-53/rev5/json/NIST_SP-800-53_rev5_catalog.json,9/23/20
50,"What are the requirements for sanitizing system media prior to disposal, reuse, or release from organizational control?",NIST SP 800-53,Revision 5,MP-6,"Sanitize {{ insert: param, mp-6_prm_1 }} prior to disposal, release out of organizational control, or release for reuse using {{ insert: param, mp-6_prm_2 }}; and Employ sanitization mechanisms with the strength and integrity commensurate with the security category or classification of the information. [NIST SP 800-53 Rev.5: MP-6]","Sanitize {{ insert: param, mp-6_prm_1 }} prior to disposal, release out of organizational control, or release for reuse using {{ insert: param, mp-6_prm_2 }} ; and
Employ sanitization mechanisms with the strength and integrity commensurate with the security category or classification of the information.","mp-6_smt.a
mp-6_smt.b","mp-6_prm_1, mp-6_prm_2",FILL_FROM_PROFILE,https://github.com/usnistgov/oscal-content/blob/v1.3.0/nist.gov/SP800-53/rev5/json/NIST_SP-800-53_rev5_catalog.json,9/23/20
51,"What are the requirements for managing facility access authorizations, credentials, and access lists for individuals entering secured areas?",NIST SP 800-53,Revision 5,PE-2,"Develop, approve, and maintain a list of individuals with authorized access to the facility where the system resides; Issue authorization credentials for facility access; Review the access list detailing authorized facility access by individuals {{ insert: param, pe-2_odp }}; and Remove individuals from the facility access list when access is no longer required. [NIST SP 800-53 Rev.5: PE-2]","Develop, approve, and maintain a list of individuals with authorized access to the facility where the system resides
Review the access list detailing authorized facility access by individuals {{ insert: param, pe-02_odp }} ; and
Remove individuals from the facility access list when access is no longer required.","pe-2_smt.a
pe-2_smt.b
pe-2_smt.c
pe-2_smt.d",pe-2_odp,FILL_FROM_PROFILE,https://github.com/usnistgov/oscal-content/blob/v1.3.0/nist.gov/SP800-53/rev5/json/NIST_SP-800-53_rev5_catalog.json,9/23/20
52,"What considerations, components, and types of controls are involved in implementing physical access control?",NIST SP 800-53,Revision 5,PE-3,"Physical access control applies to employees and visitors. Individuals with permanent physical access authorizations are not considered visitors. Physical access controls for publicly accessible areas may include physical access control logs/records, guards, or physical access devices and barriers to prevent movement from publicly accessible areas to non-public areas. Organizations determine the types of guards needed, including professional security staff, system users, or administrative staff. Physical access devices include keys, locks, combinations, biometric readers, and card readers. Physical access control systems comply with applicable laws, executive orders, directives, policies, regulations, standards, and guidelines. Organizations have flexibility in the types of audit logs employed. Audit logs can be procedural, automated, or some combination thereof. Physical access points can include facility access points, interior access points to systems that require supplemental access controls, or both. Components of systems may be in areas designated as publicly accessible with organizations controlling access to the components. [NIST SP 800-53 Rev.5: PE-3]","Physical access control applies to employees and visitors. Individuals with permanent physical access authorizations are not considered visitors. Physical access controls for publicly accessible areas may include physical access control logs/records, guards, or physical access devices and barriers to prevent movement from publicly accessible areas to non-public areas. Organizations determine the types of guards needed, including professional security staff, system users, or administrative staff. Physical access devices include keys, locks, combinations, biometric readers, and card readers. Physical access control systems comply with applicable laws, executive orders, directives, policies, regulations, standards, and guidelines. Organizations have flexibility in the types of audit logs employed. Audit logs can be procedural, automated, or some combination thereof. Physical access points can include facility access points, interior access points to systems that require supplemental access controls, or both. Components of systems may be in areas designated as publicly accessible with organizations controlling access to the components.",pe-3_gdn,N/A,N/A,https://github.com/usnistgov/oscal-content/blob/v1.3.0/nist.gov/SP800-53/rev5/json/NIST_SP-800-53_rev5_catalog.json,9/23/20
53,What controls should organizations use to protect system distribution and transmission lines from physical damage or interception?,NIST SP 800-53,Revision 5,PE-4,"Security controls applied to system distribution and transmission lines prevent accidental damage, disruption, and physical tampering. Such controls may also be necessary to prevent eavesdropping or modification of unencrypted transmissions. Security controls used to control physical access to system distribution and transmission lines include disconnected or locked spare jacks, locked wiring closets, protection of cabling by conduit or cable trays, and wiretapping sensors. [NIST SP 800-53 Rev.5: PE-4]","Security controls applied to system distribution and transmission lines prevent accidental damage, disruption, and physical tampering. Such controls may also be necessary to prevent eavesdropping or modification of unencrypted transmissions. Security controls used to control physical access to system distribution and transmission lines include disconnected or locked spare jacks, locked wiring closets, protection of cabling by conduit or cable trays, and wiretapping sensors.",pe-4_gdn,N/A,N/A,https://github.com/usnistgov/oscal-content/blob/v1.3.0/nist.gov/SP800-53/rev5/json/NIST_SP-800-53_rev5_catalog.json,9/23/20
54,"How should physical access to output devices such as monitors, printers, or copiers be restricted and monitored?",NIST SP 800-53,Revision 5,PE-5,"Controlling physical access to output devices includes placing output devices in locked rooms or other secured areas with keypad or card reader access controls and allowing access to authorized individuals only, placing output devices in locations that can be monitored by personnel, installing monitor or screen filters, and using headphones. Examples of output devices include monitors, printers, scanners, audio devices, facsimile machines, and copiers. [NIST SP 800-53 Rev.5: PE-5]","Controlling physical access to output devices includes placing output devices in locked rooms or other secured areas with keypad or card reader access controls and allowing access to authorized individuals only, placing output devices in locations that can be monitored by personnel, installing monitor or screen filters, and using headphones. Examples of output devices include monitors, printers, scanners, audio devices, facsimile machines, and copiers.",pe-5_gdn,N/A,N/A,https://github.com/usnistgov/oscal-content/blob/v1.3.0/nist.gov/SP800-53/rev5/json/NIST_SP-800-53_rev5_catalog.json,9/23/20
55,What measures should be implemented to monitor and review physical access logs and respond to security incidents in facilities housing systems?,NIST SP 800-53,Revision 5,PE-6,"Monitor physical access to the facility where the system resides to detect and respond to physical security incidents; Review physical access logs {{ insert: param, pe-6_odp_1 }} and upon occurrence of {{ insert: param, pe-6_odp_2 }}; and Coordinate results of reviews and investigations with the organizational incident response capability. [NIST SP 800-53 Rev.5: PE-6]","Monitor physical access to the facility where the system resides to detect and respond to physical security incidents;
Review physical access logs {{ insert: param, pe-06_odp.01 }} and upon occurrence of {{ insert: param, pe-06_odp.02 }} ; and
Coordinate results of reviews and investigations with the organizational incident response capability.","pe-6_smt.a
pe-6_smt.b
pe-6_smt.c","pe-6_odp_1, pe-6_odp_2",FILL_FROM_PROFILE,https://github.com/usnistgov/oscal-content/blob/v1.3.0/nist.gov/SP800-53/rev5/json/NIST_SP-800-53_rev5_catalog.json,9/23/20
56,What is the guidance of control PL-2?,NIST SP 800-53,Revision 5,PL-2,"System security and privacy plans are scoped to the system and system components within the defined authorization boundary and contain an overview of the security and privacy requirements for the system and the controls selected to satisfy the requirements. The plans describe the intended application of each selected control in the context of the system with a sufficient level of detail to correctly implement the control and to subsequently assess the effectiveness of the control. The control documentation describes how system-specific and hybrid controls are implemented and the plans and expectations regarding the functionality of the system. System security and privacy plans can also be used in the design and development of systems in support of life cycle-based security and privacy engineering processes. System security and privacy plans are living documents that are updated and adapted throughout the system development life cycle (e.g., during capability determination, analysis of alternatives, requests for proposal, and design reviews). [Section 2.1](#c3397cc9-83c6-4459-adb2-836739dc1b94) describes the different types of requirements that are relevant to organizations during the system development life cycle and the relationship between requirements and controls.\n\nOrganizations may develop a single, integrated security and privacy plan or maintain separate plans. Security and privacy plans relate security and privacy requirements to a set of controls and control enhancements. The plans describe how the controls and control enhancements meet the security and privacy requirements but do not provide detailed, technical descriptions of the design or implementation of the controls and control enhancements. Security and privacy plans contain sufficient information (including specifications of control parameter values for selection and assignment operations explicitly or by reference) to enable a design and implementation that is unambiguously compliant with the intent of the plans and subsequent determinations of risk to organizational operations and assets, individuals, other organizations, and the Nation if the plan is implemented.\n\nSecurity and privacy plans need not be single documents. The plans can be a collection of various documents, including documents that already exist. Effective security and privacy plans make extensive use of references to policies, procedures, and additional documents, including design and implementation specifications where more detailed information can be obtained. The use of references helps reduce the documentation associated with security and privacy programs and maintains the security- and privacy-related information in other established management and operational areas, including enterprise architecture, system development life cycle, systems engineering, and acquisition. Security and privacy plans need not contain detailed contingency plan or incident response plan information but can instead provide—explicitly or by reference—sufficient information to define what needs to be accomplished by those plans.\n\nSecurity- and privacy-related activities that may require coordination and planning with other individuals or groups within the organization include assessments, audits, inspections, hardware and software maintenance, acquisition and supply chain risk management, patch management, and contingency plan testing. Planning and coordination include emergency and nonemergency (i.e., planned or non-urgent unplanned) situations. The process defined by organizations to plan and coordinate security- and privacy-related activities can also be included in other documents, as appropriate. [NIST SP 800-53 Rev.5: PL-2]","System security and privacy plans are scoped to the system and system components within the defined authorization boundary and contain an overview of the security and privacy requirements for the system and the controls selected to satisfy the requirements. The plans describe the intended application of each selected control in the context of the system with a sufficient level of detail to correctly implement the control and to subsequently assess the effectiveness of the control. The control documentation describes how system-specific and hybrid controls are implemented and the plans and expectations regarding the functionality of the system. System security and privacy plans can also be used in the design and development of systems in support of life cycle-based security and privacy engineering processes. System security and privacy plans are living documents that are updated and adapted throughout the system development life cycle (e.g., during capability determination, analysis of alternatives, requests for proposal, and design reviews). [Section 2.1](#c3397cc9-83c6-4459-adb2-836739dc1b94) describes the different types of requirements that are relevant to organizations during the system development life cycle and the relationship between requirements and controls.\n\nOrganizations may develop a single, integrated security and privacy plan or maintain separate plans. Security and privacy plans relate security and privacy requirements to a set of controls and control enhancements. The plans describe how the controls and control enhancements meet the security and privacy requirements but do not provide detailed, technical descriptions of the design or implementation of the controls and control enhancements. Security and privacy plans contain sufficient information (including specifications of control parameter values for selection and assignment operations explicitly or by reference) to enable a design and implementation that is unambiguously compliant with the intent of the plans and subsequent determinations of risk to organizational operations and assets, individuals, other organizations, and the Nation if the plan is implemented.\n\nSecurity and privacy plans need not be single documents. The plans can be a collection of various documents, including documents that already exist. Effective security and privacy plans make extensive use of references to policies, procedures, and additional documents, including design and implementation specifications where more detailed information can be obtained. The use of references helps reduce the documentation associated with security and privacy programs and maintains the security- and privacy-related information in other established management and operational areas, including enterprise architecture, system development life cycle, systems engineering, and acquisition. Security and privacy plans need not contain detailed contingency plan or incident response plan information but can instead provide—explicitly or by reference—sufficient information to define what needs to be accomplished by those plans.\n\nSecurity- and privacy-related activities that may require coordination and planning with other individuals or groups within the organization include assessments, audits, inspections, hardware and software maintenance, acquisition and supply chain risk management, patch management, and contingency plan testing. Planning and coordination include emergency and nonemergency (i.e., planned or non-urgent unplanned) situations. The process defined by organizations to plan and coordinate security- and privacy-related activities can also be included in other documents, as appropriate.",pl-2_gdn,N/A,N/A,https://github.com/usnistgov/oscal-content/blob/v1.3.0/nist.gov/SP800-53/rev5/json/NIST_SP-800-53_rev5_catalog.json,9/23/20
57,What considerations are involved in establishing rules of behavior regarding their application to different user types and the methods for documenting acknowledgment?,NIST SP 800-53,Revision 5,PL-4,"Rules of behavior represent a type of access agreement for organizational users. Other types of access agreements include nondisclosure agreements, conflict-of-interest agreements, and acceptable use agreements (see [PS-6](#ps-6) ). Organizations consider rules of behavior based on individual user roles and responsibilities and differentiate between rules that apply to privileged users and rules that apply to general users. Establishing rules of behavior for some types of non-organizational users, including individuals who receive information from federal systems, is often not feasible given the large number of such users and the limited nature of their interactions with the systems. Rules of behavior for organizational and non-organizational users can also be established in [AC-8](#ac-8) . The related controls section provides a list of controls that are relevant to organizational rules of behavior. [PL-4b](#pl-4_smt.b) , the documented acknowledgment portion of the control, may be satisfied by the literacy training and awareness and role-based training programs conducted by organizations if such training includes rules of behavior. Documented acknowledgements for rules of behavior include electronic or physical signatures and electronic agreement check boxes or radio buttons. [NIST SP 800-53 Rev.5: PL-4]","Rules of behavior represent a type of access agreement for organizational users. Other types of access agreements include nondisclosure agreements, conflict-of-interest agreements, and acceptable use agreements (see [PS-6](#ps-6) ). Organizations consider rules of behavior based on individual user roles and responsibilities and differentiate between rules that apply to privileged users and rules that apply to general users. Establishing rules of behavior for some types of non-organizational users, including individuals who receive information from federal systems, is often not feasible given the large number of such users and the limited nature of their interactions with the systems. Rules of behavior for organizational and non-organizational users can also be established in [AC-8](#ac-8) . The related controls section provides a list of controls that are relevant to organizational rules of behavior. [PL-4b](#pl-4_smt.b) , the documented acknowledgment portion of the control, may be satisfied by the literacy training and awareness and role-based training programs conducted by organizations if such training includes rules of behavior. Documented acknowledgements for rules of behavior include electronic or physical signatures and electronic agreement check boxes or radio buttons.",pl-4_gdn,N/A,N/A,https://github.com/usnistgov/oscal-content/blob/v1.3.0/nist.gov/SP800-53/rev5/json/NIST_SP-800-53_rev5_catalog.json,9/23/20
58,"What is the purpose of a Concept of Operations, and how often should it be reviewed and updated?",NIST SP 800-53,Revision 5,PL-7,"Develop a Concept of Operations (CONOPS) for the system describing the characteristics of the system from the perspective of information security and privacy; and review and update the CONOPS {{ insert: param, pl-7_odp }}. [NIST SP 800-53 Rev.5: PL-7]","Develop a Concept of Operations (CONOPS) for the system describing how the organization intends to operate the system from the perspective of information security and privacy; and
Review and update the CONOPS {{ insert: param, pl-07_odp }}.","pl-7_smt.a
pl-7_smt.b",pl-7_odp,FILL_FROM_PROFILE,https://github.com/usnistgov/oscal-content/blob/v1.3.0/nist.gov/SP800-53/rev5/json/NIST_SP-800-53_rev5_catalog.json,9/23/20
59,What should security and privacy architectures describe to ensure protection of information and integration with the enterprise architecture?,NIST SP 800-53,Revision 5,PL-8,"Develop security and privacy architectures for the system that describe the requirements and approach to be taken for protecting the confidentiality, integrity, and availability of organizational information; describe the requirements and approach to be taken for processing personally identifiable information to minimize privacy risk to individuals; describe how the architectures are integrated into and support the enterprise architecture; describe any assumptions about, and dependencies on, external systems and services; and review and update the architectures {{ insert: param, pl-8_odp }} to reflect changes in the enterprise architecture ; and
Reflect planned architecture changes in security and privacy plans, Concept of Operations (CONOPS), criticality analysis, organizational procedures, and procurements and acquisitions. [NIST SP 800-53 Rev.5: PL-8]","Develop security and privacy architectures for the system that:
Describe the requirements and approach to be taken for protecting the confidentiality, integrity, and availability of organizational information;
Describe the requirements and approach to be taken for processing personally identifiable information to minimize privacy risk to individuals;
Describe how the architectures are integrated into and support the enterprise architecture; and
Describe any assumptions about, and dependencies on, external systems and services;
Review and update the architectures {{ insert: param, pl-08_odp }} to reflect changes in the enterprise architecture; and
Reflect planned architecture changes in security and privacy plans, Concept of Operations (CONOPS), criticality analysis, organizational procedures, and procurements and acquisitions.","pl-8_smt.a
pl-8_smt.a.1
pl-8_smt.a.2
pl-8_smt.a.3
pl-8_smt.a.4
pl-8_smt.b
pl-8_smt.c",pl-8_odp,FILL_FROM_PROFILE,https://github.com/usnistgov/oscal-content/blob/v1.3.0/nist.gov/SP800-53/rev5/json/NIST_SP-800-53_rev5_catalog.json,9/23/20
60,"How does the concept of tailoring allow organizations to customize control baselines to their mission, environment, and risk profile?",NIST SP 800-53,Revision 5,PL-10,"The concept of tailoring allows organizations to specialize or customize a set of baseline controls by applying a defined set of tailoring actions. Tailoring actions facilitate such specialization and customization by allowing organizations to develop security and privacy plans that reflect their specific mission and business functions, the environments where their systems operate, the threats and vulnerabilities that can affect their systems, and any other conditions or situations that can impact their mission or business success.  [NIST SP 800-53 Rev.5: PL-10]","The concept of tailoring allows organizations to specialize or customize a set of baseline controls by applying a defined set of tailoring actions. Tailoring actions facilitate such specialization and customization by allowing organizations to develop security and privacy plans that reflect their specific mission and business functions, the environments where their systems operate, the threats and vulnerabilities that can affect their systems, and any other conditions or situations that can impact their mission or business success. Tailoring guidance is provided in [SP 800-53B](#46d9e201-840e-440e-987c-2c773333c752) . Tailoring a control baseline is accomplished by identifying and designating common controls, applying scoping considerations, selecting compensating controls, assigning values to control parameters, supplementing the control baseline with additional controls as needed, and providing information for control implementation. The general tailoring actions in [SP 800-53B](#46d9e201-840e-440e-987c-2c773333c752) can be supplemented with additional actions based on the needs of organizations. Tailoring actions can be applied to the baselines in [SP 800-53B](#46d9e201-840e-440e-987c-2c773333c752) in accordance with the security and privacy requirements from [FISMA](#0c67b2a9-bede-43d2-b86d-5f35b8be36e9), [PRIVACT](#18e71fec-c6fd-475a-925a-5d8495cf8455) , and [OMB A-130](#27847491-5ce1-4f6a-a1e4-9e483782f0ef) . Alternatively, other communities of interest adopting different control baselines can apply the tailoring actions in [SP 800-53B](#46d9e201-840e-440e-987c-2c773333c752) to specialize or customize the controls that represent the specific needs and concerns of those entities.",pl-11_gdn,N/A,N/A,https://github.com/usnistgov/oscal-content/blob/v1.3.0/nist.gov/SP800-53/rev5/json/NIST_SP-800-53_rev5_catalog.json,9/23/20
61,"Who serves as the senior agency information security officer, and what is their role within federal agencies?",NIST SP 800-53,Revision 5,PM-2,"The senior agency information security officer is an organizational official. For federal agencies (as defined by applicable laws, executive orders, regulations, directives, policies, and standards), this official is the senior agency information security officer. Organizations may also refer to this official as the senior information security officer or chief information security officer. [NIST SP 800-53 Rev.5: PM-2]","The senior agency information security officer is an organizational official. For federal agencies (as defined by applicable laws, executive orders, regulations, directives, policies, and standards), this official is the senior agency information security officer. Organizations may also refer to this official as the senior information security officer or chief information security officer.",pm-2_gdn,N/A,N/A,https://github.com/usnistgov/oscal-content/blob/v1.3.0/nist.gov/SP800-53/rev5/json/NIST_SP-800-53_rev5_catalog.json,9/23/20
62,What is the purpose of a plan of action and milestones process within the organization's risk management strategy?,NIST SP 800-53,Revision 5,PM-4,"Implement a process to ensure that plans of action and milestones for the information security, privacy, and supply chain risk management programs and associated organizational systems are developed and maintained; document the remedial information security, privacy, and supply chain risk management actions to adequately respond to risk to organizational operations and assets, individuals, other organizations, and the Nation; are reported in accordance with established reporting requirements; and review plans of action and milestones for consistency with the enterprise architecture and organization-wide priorities for risk response actions. [NIST SP 800-53 Rev.5: PM-4]","Implement a process to ensure that plans of action and milestones for the information security, privacy, and supply chain risk management programs and associated organizational systems:
Are developed and maintained;
Document the remedial information security, privacy, and supply chain risk management actions to adequately respond to risk to organizational operations and assets, individuals, other organizations, and the Nation; and
Are reported in accordance with established reporting requirements.
Review plans of action and milestones for consistency with the organizational risk management strategy and organization-wide priorities for risk response actions.","pm-4_smt.a
pm-4_smt.a.1
pm-4_smt.a.2
pm-4_smt.a.3
pm-4_smt.b",N/A,N/A,https://github.com/usnistgov/oscal-content/blob/v1.3.0/nist.gov/SP800-53/rev5/json/NIST_SP-800-53_rev5_catalog.json,9/23/20
63,How are measures of performance used to evaluate the effectiveness of security and privacy programs?,NIST SP 800-53,Revision 5,PM-6,"Measures of performance are outcome-based metrics used by an organization to measure the effectiveness or efficiency of the information security and privacy programs and the controls employed in support of the program. To facilitate security and privacy risk management, organizations consider aligning measures of performance with the organizational risk tolerance as defined in the risk management strategy. [NIST SP 800-53 Rev.5: PM-6]","Measures of performance are outcome-based metrics used by an organization to measure the effectiveness or efficiency of the information security and privacy programs and the controls employed in support of the program. To facilitate security and privacy risk management, organizations consider aligning measures of performance with the organizational risk tolerance as defined in the risk management strategy.",pm-6_gdn,N/A,N/A,https://github.com/usnistgov/oscal-content/blob/v1.3.0/nist.gov/SP800-53/rev5/json/NIST_SP-800-53_rev5_catalog.json,9/23/20
64,"What considerations must be incorporated into the enterprise architecture to address security, privacy, and risk?",NIST SP 800-53,Revision 5,PM-7,"Develop and maintain an enterprise architecture with consideration to the security and privacy risk to organizational operations and assets, individuals, other organizations, and the Nation. [NIST SP 800-53 Rev.5: PM-7]","Develop and maintain an enterprise architecture with consideration for information security, privacy, and the resulting risk to organizational operations and assets, individuals, other organizations, and the Nation.",pm-7_smt,N/A,N/A,https://github.com/usnistgov/oscal-content/blob/v1.3.0/nist.gov/SP800-53/rev5/json/NIST_SP-800-53_rev5_catalog.json,9/23/20
65,"What are the key components of an organization's risk management strategy, and how should it be implemented and updated?",NIST SP 800-53,Revision 5,PM-9,"Develops a comprehensive strategy to manage security risk to organizational operations and assets, individuals, other organizations, and the Nation associated with the operation and use of organizational systems; and privacy risk to individuals resulting from the authorized processing of personally identifiable information; implement the risk management strategy consistently across the organization; and review and update the risk management strategy {{ insert: param, pm-9_odp }} or as required, to address organizational changes. [NIST SP 800-53 Rev.5: PM-9]","Develops a comprehensive strategy to manage:
Security risk to organizational operations and assets, individuals, other organizations, and the Nation associated with the operation and use of organizational systems; and
Privacy risk to individuals resulting from the authorized processing of personally identifiable information;
Implement the risk management strategy consistently across the organization; and
Review and update the risk management strategy {{ insert: param, pm-09_odp }} or as required, to address organizational changes.","pm-9_smt.a
pm-9_smt.a.1
pm-9_smt.a.2
pm-9_smt.b
pm-9_smt.c",pm-9_odp,FILL_FROM_PROFILE,https://github.com/usnistgov/oscal-content/blob/v1.3.0/nist.gov/SP800-53/rev5/json/NIST_SP-800-53_rev5_catalog.json,9/23/20
66,"What process should the organization use to assign, review, and update position risk designations and establish screening criteria for personnel?",NIST SP 800-53,Revision 5,PS-2,"Assign a risk designation to all organizational positions; Establish screening criteria for individuals filling those positions; and Review and update position risk designations {{ insert: param, ps-2_odp }}. [NIST SP 800-53 Rev.5: PS-2]","Assign a risk designation to all organizational positions;
Establish screening criteria for individuals filling those positions; and
Review and update position risk designations {{ insert: param, ps-02_odp }}.","ps-2_smt.a
ps-2_smt.b
ps-2_smt.c",ps-2_odp,FILL_FROM_PROFILE,https://github.com/usnistgov/oscal-content/blob/v1.3.0/nist.gov/SP800-53/rev5/json/NIST_SP-800-53_rev5_catalog.json,9/23/20
67,When and how must individuals be screened before authorizing or maintaining access to organizational systems?,NIST SP 800-53,Revision 5,PS-3,"Screen individuals prior to authorizing access to the system; and Rescreen individuals in accordance with {{ insert: param, ps-3_prm_1 }}. [NIST SP 800-53 Rev.5: PS-3]","Screen individuals prior to authorizing access to the system; and
Rescreen individuals in accordance with {{ insert: param, ps-3_prm_1 }}.","ps-3_smt.a
ps-3_smt.b",ps-3_prm_1,FILL_FROM_PROFILE,https://github.com/usnistgov/oscal-content/blob/v1.3.0/nist.gov/SP800-53/rev5/json/NIST_SP-800-53_rev5_catalog.json,9/23/20
68,What steps must be taken when an individual's employment or role is terminated?,NIST SP 800-53,Revision 5,PS-4,"Disable system access within {{ insert: param, ps-4_odp_1 }}; Terminate or revoke any authenticators and credentials associated with the individual; Conduct exit interviews that include a discussion of {{ insert: param, ps-4_odp_2 }}; Retrieve all security-related organizational system-related property; and Retain access to organizational information and systems formerly controlled by terminated individual. [NIST SP 800-53 Rev.5: PS-4]","Upon termination of individual employment:
Disable system access within {{ insert: param, ps-04_odp.01 }};
Terminate or revoke any authenticators and credentials associated with the individual;
Conduct exit interviews that include a discussion of {{ insert: param, ps-04_odp.02 }};
Retrieve all security-related organizational system-related property; and
Retain access to organizational information and systems formerly controlled by terminated individual.","ps-4_smt
ps-4_smt.a
ps-4_smt.b
ps-4_smt.c
ps-4_smt.d
ps-4_smt.e","ps-4_odp_1, ps-4_odp_2",ASK,https://github.com/usnistgov/oscal-content/blob/v1.3.0/nist.gov/SP800-53/rev5/json/NIST_SP-800-53_rev5_catalog.json,9/23/20
69,"What actions should the organization take to review, modify, and communicate access authorizations for reassigned or transferred personnel?",NIST SP 800-53,Revision 5,PS-5,"Review and confirm ongoing operational need for current logical and physical access authorizations for individuals who have been reassigned or transferred to other positions within the organization; Initiate {{ insert: param, ps-5_odp_1 }} within {{ insert: param, ps-5_odp_2 }}; Modify access authorization as needed to correspond with any changes in operational need due to reassignment or transfer; and Notify {{ insert: param, ps-5_odp_3 }} within {{ insert: param, ps-5_odp_4 }}. [NIST SP 800-53 Rev.5: PS-5]","Review and confirm ongoing operational need for current logical and physical access authorizations to systems and facilities when individuals are reassigned or transferred to other positions within the organization;
Initiate {{ insert: param, ps-05_odp.01 }} within {{ insert: param, ps-05_odp.02 }};
Modify access authorization as needed to correspond with any changes in operational need due to reassignment or transfer; and
Notify {{ insert: param, ps-05_odp.03 }} within {{ insert: param, ps-05_odp.04 }}.","ps-5_smt.a
ps-5_smt.b
ps-5_smt.c
ps-5_smt.d","ps-5_odp_1, ps-5_odp_2, ps-5_odp_3, ps-5_odp_4",ASK,https://github.com/usnistgov/oscal-content/blob/v1.3.0/nist.gov/SP800-53/rev5/json/NIST_SP-800-53_rev5_catalog.json,9/23/20
70,"What requirements apply to developing, reviewing, and signing access agreements for individuals requiring system access?",NIST SP 800-53,Revision 5,PS-6,"Develop and document access agreements for organizational systems; Review and update the access agreements {{ insert: param, ps-6_odp_1 }}; and Verify that individuals requiring access to organizational information and systems: Sign appropriate access agreements prior to being granted access; and Re-sign access agreements to maintain access to organizational information and systems when access agreements have been updated or {{ insert: param, ps-6_odp_2 }}. [NIST SP 800-53 Rev.5: PS-6]","Develop and document access agreements for organizational systems;
Review and update the access agreements {{ insert: param, ps-06_odp.01 }} ; and
Verify that individuals requiring access to organizational information and systems:
Sign appropriate access agreements prior to being granted access; and
Re-sign access agreements to maintain access to organizational systems when access agreements have been updated or {{ insert: param, ps-06_odp.02 }}.","ps-6_smt.a
ps-6_smt.b
ps-6_smt.c
ps-6_smt.c.1
ps-6_smt.c.2","ps-6_odp_1, ps-6_odp_2",FILL_FROM_PROFILE,https://github.com/usnistgov/oscal-content/blob/v1.3.0/nist.gov/SP800-53/rev5/json/NIST_SP-800-53_rev5_catalog.json,9/23/20
71,"How should organizations determine, document, and restrict the purposes and lawful basis for processing personally identifiable information?",NIST SP 800-53,Revision 5,PT-2,"Determine and document the {{ insert: param, pt-2_odp_1 }} that permits the {{ insert: param, pt-2_odp_2 }} of personally identifiable information; and Restrict the {{ insert: param, pt-2_odp_3 }} of personally identifiable information to only that which is authorized. [NIST SP 800-53 Rev.5: PT-2]","Determine and document the {{ insert: param, pt-02_odp.01 }} that permits the {{ insert: param, pt-02_odp.02 }} of personally identifiable information; and
Restrict the {{ insert: param, pt-02_odp.03 }} of personally identifiable information to only that which is authorized.","pt-2_smt.a
pt-2_smt.b","pt-2_odp_1, pt-2_odp_2, pt-2_odp_3",ASK,https://github.com/usnistgov/oscal-content/blob/v1.3.0/nist.gov/SP800-53/rev5/json/NIST_SP-800-53_rev5_catalog.json,9/23/20
72,"What must organizations identify and document about the purposes and conditions for collecting, using, and sharing PII, and how should they handle changes to those purposes?",NIST SP 800-53,Revision 5,PT-3,"Identify and document the {{ insert: param, pt-3_odp_1 }} for which personally identifiable information is collected, used, maintained, shared, and disclosed; and Restrict the processing of personally identifiable information to only those {{ insert: param, pt-3_odp_2 }} identified by the organization or for which the organization has provided notice or received consent, and ensure any changes to {{ insert: param, pt-3_odp_3 }} are made in accordance with {{ insert: param, pt-3_odp_4 }}. [NIST SP 800-53 Rev.5: PT-3]","Identify and document the {{ insert: param, pt-03_odp.01 }} for processing personally identifiable information;
Describe the purpose(s) in the public privacy notices and policies of the organization;
Restrict the {{ insert: param, pt-03_odp.02 }} of personally identifiable information to only that which is compatible with the identified purpose(s); and
Monitor changes in processing personally identifiable information and implement {{ insert: param, pt-03_odp.03 }} to ensure that any changes are made in accordance with {{ insert: param, pt-03_odp.04 }}.","pt-3_smt.a
pt-3_smt.b
pt-3_smt.c
pt-3_smt.d","pt-3_odp_1, pt-3_odp_2, pt-3_odp_3, pt-3_odp_4",ASK,https://github.com/usnistgov/oscal-content/blob/v1.3.0/nist.gov/SP800-53/rev5/json/NIST_SP-800-53_rev5_catalog.json,9/23/20
73,"How should organizations obtain and manage individual consent for processing PII, and what factors should be considered when determining the appropriate consent mechanism?",NIST SP 800-53,Revision 5,PT-4,"Consent allows individuals to participate in making decisions about the processing of their information and transfers some of the risk that arises from the processing of personally identifiable information from the organization to an individual. Consent may be required by applicable laws, executive orders, directives, regulations, policies, standards, or guidelines. Otherwise, when selecting consent as a control, organizations consider whether individuals can be reasonably expected to understand and accept the privacy risks that arise from their authorization. Organizations consider whether other controls may more effectively mitigate privacy risk either alone or in conjunction with consent. Organizations also consider any demographic or contextual factors that may influence the understanding or behavior of individuals with respect to the processing carried out by the system or organization. When soliciting consent from individuals, organizations consider the appropriate mechanism for obtaining consent, including the type of consent (e.g., opt-in, opt-out), how to properly authenticate and identity proof individuals and how to obtain consent through electronic means. In addition, organizations consider providing a mechanism for individuals to revoke consent once it has been provided, as appropriate. Finally, organizations consider usability factors to help individuals understand the risks being accepted when providing consent, including the use of plain language and avoiding technical jargon. [NIST SP 800-53 Rev.5: PT-4]","Consent allows individuals to participate in making decisions about the processing of their information and transfers some of the risk that arises from the processing of personally identifiable information from the organization to an individual. Consent may be required by applicable laws, executive orders, directives, regulations, policies, standards, or guidelines. Otherwise, when selecting consent as a control, organizations consider whether individuals can be reasonably expected to understand and accept the privacy risks that arise from their authorization. Organizations consider whether other controls may more effectively mitigate privacy risk either alone or in conjunction with consent. Organizations also consider any demographic or contextual factors that may influence the understanding or behavior of individuals with respect to the processing carried out by the system or organization. When soliciting consent from individuals, organizations consider the appropriate mechanism for obtaining consent, including the type of consent (e.g., opt-in, opt-out), how to properly authenticate and identity proof individuals and how to obtain consent through electronic means. In addition, organizations consider providing a mechanism for individuals to revoke consent once it has been provided, as appropriate. Finally, organizations consider usability factors to help individuals understand the risks being accepted when providing consent, including the use of plain language and avoiding technical jargon.",pt-4_gdn,N/A,N/A,https://github.com/usnistgov/oscal-content/blob/v1.3.0/nist.gov/SP800-53/rev5/json/NIST_SP-800-53_rev5_catalog.json,9/23/20
74,"What information should be included in privacy notices to individuals, and when must such notices be provided or updated?",NIST SP 800-53,Revision 5,PT-5,"Provide notice to individuals about the processing of personally identifiable information that is available to individuals upon first interacting with an organization, or when the organization changes its privacy practices or policies, or before such changes are implemented that affect how PII is processed; and Includes {{ insert: param, pt-5_odp_2 }}. [NIST SP 800-53 Rev.5: PT-5]","Provide notice to individuals about the processing of personally identifiable information that:
Is available to individuals upon first interacting with an organization, and subsequently at {{ insert: param, pt-05_odp.01 }};
Is clear and easy-to-understand, expressing information about personally identifiable information processing in plain language;
Identifies the authority that authorizes the processing of personally identifiable information;
Identifies the purposes for which personally identifiable information is to be processed; and
Includes {{ insert: param, pt-05_odp.02 }}.","pt-5_smt
pt-5_smt.a
pt-5_smt.b
pt-5_smt.c
pt-5_smt.d
pt-5_smt.e",pt-5_odp_2,ASK,https://github.com/usnistgov/oscal-content/blob/v1.3.0/nist.gov/SP800-53/rev5/json/NIST_SP-800-53_rev5_catalog.json,9/23/20
75,What must organizations do to publish and maintain accurate system of records Notices for systems that contain PII?,NIST SP 800-53,Revision 5,PT-6,"For systems that process information that will be maintained in a Privacy Act system of records:
Draft system of records notices in accordance with OMB guidance and submit new and significantly modified system of records notices to the OMB and appropriate congressional committees for advance review;
Publish system of records notices in the Federal Register; and
Keep system of records notices accurate, up-to-date, and scoped in accordance with policy. [NIST SP 800-53 Rev.5: PT-6]","For systems that process information that will be maintained in a Privacy Act system of records:
Draft system of records notices in accordance with OMB guidance and submit new and significantly modified system of records notices to the OMB and appropriate congressional committees for advance review;
Publish system of records notices in the Federal Register; and
Keep system of records notices accurate, up-to-date, and scoped in accordance with policy.","pt-6_smt
pt-6_smt.a
pt-6_smt.b
pt-6_smt.c",N/A,N/A,https://github.com/usnistgov/oscal-content/blob/v1.3.0/nist.gov/SP800-53/rev5/json/NIST_SP-800-53_rev5_catalog.json,9/23/20
76,"What steps are required to categorize a system and its information, and who must approve the decision?",NIST SP 800-53,Revision 5,RA-2,"Categorize the system and information it processes, stores, and transmits; Document the security categorization results, including supporting rationale, in the security plan for the system; and Verify that the authorizing official or authorizing official designated representative reviews and approves the security categorization decision. [NIST SP 800-53 Rev.5: RA-2]","Categorize the system and information it processes, stores, and transmits;
Document the security categorization results, including supporting rationale, in the security plan for the system; and
Verify that the authorizing official or authorizing official designated representative reviews and approves the security categorization decision.","ra-2_smt.a
ra-2_smt.b
ra-2_smt.c",N/A,N/A,https://github.com/usnistgov/oscal-content/blob/v1.3.0/nist.gov/SP800-53/rev5/json/NIST_SP-800-53_rev5_catalog.json,9/23/20
77,"How should organizations conduct and document risk assessments, and how often should the results be reviewed?",NIST SP 800-53,Revision 5,RA-3,"Conduct a risk assessment, including: Identifying threats to and vulnerabilities in the system and its environment of operation; Determining the likelihood and magnitude of harm; and Determining the risk to organizational operations and assets, individuals, other organizations, and the Nation; and Review risk assessment results in {{ insert: param, ra-3_odp_1 }}. [NIST SP 800-53 Rev.5: RA-3]","Conduct a risk assessment, including:
Identifying threats to and vulnerabilities in the system;
Determining the likelihood and magnitude of harm from unauthorized access, use, disclosure, disruption, modification, or destruction of the system, the information it processes, stores, or transmits, and any related information; and
Determining the likelihood and impact of adverse effects on individuals arising from the processing of personally identifiable information;
Integrate risk assessment results and risk management decisions from the organization and mission or business process perspectives with system-level risk assessments;
Document risk assessment results in {{ insert: param, ra-03_odp.01 }};
Review risk assessment results {{ insert: param, ra-03_odp.03 }};
Disseminate risk assessment results to {{ insert: param, ra-03_odp.04 }} ; and
Update the risk assessment {{ insert: param, ra-03_odp.05 }} or when there are significant changes to the system, its environment of operation, or other conditions that may impact the security or privacy state of the system.","ra-3_smt.a
ra-3_smt.a.1
ra-3_smt.a.2
ra-3_smt.a.3
ra-3_smt.b
ra-3_smt.c
ra-3_smt.d
ra-3_smt.e
ra-3_smt.f","ra-3_odp_1
ra-3_odp_2
ra-3_odp_3
ra-3_odp_4
ra-3_odp_5",FILL_FROM_PROFILE,https://github.com/usnistgov/oscal-content/blob/v1.3.0/nist.gov/SP800-53/rev5/json/NIST_SP-800-53_rev5_catalog.json,9/23/20
78,"What are the requirements for scanning systems for vulnerabilities, remediating identified risks, and sharing vulnerability information?",NIST SP 800-53,Revision 5,RA-5,"Monitor and scan for vulnerabilities in the system and hosted applications {{ insert: param, ra-5_prm_1 }} and when new vulnerabilities potentially affecting the system are identified and reported;
Employ vulnerability monitoring tools and techniques that facilitate interoperability among tools and automate parts of the vulnerability management process by using standards for:
Enumerating platforms, software flaws, and improper configurations;
Formatting checklists and test procedures; and
Measuring vulnerability impact;
Analyze vulnerability scan reports and results from vulnerability monitoring;
Remediate legitimate vulnerabilities {{ insert: param, ra-5_odp_3 }} in accordance with an organizational assessment of risk;
Share information obtained from the vulnerability monitoring process and control assessments with {{ insert: param, ra-5_odp_4 }} to help eliminate similar vulnerabilities in other systems; and
Employ vulnerability monitoring tools that include the capability to readily update the vulnerabilities to be scanned. [NIST SP 800-53 Rev.5: RA-5]","Monitor and scan for vulnerabilities in the system and hosted applications {{ insert: param, ra-5_prm_1 }} and when new vulnerabilities potentially affecting the system are identified and reported;
Employ vulnerability monitoring tools and techniques that facilitate interoperability among tools and automate parts of the vulnerability management process by using standards for:
Enumerating platforms, software flaws, and improper configurations;
Formatting checklists and test procedures; and
Measuring vulnerability impact;
Analyze vulnerability scan reports and results from vulnerability monitoring;
Remediate legitimate vulnerabilities {{ insert: param, ra-05_odp.03 }} in accordance with an organizational assessment of risk;
Share information obtained from the vulnerability monitoring process and control assessments with {{ insert: param, ra-05_odp.04 }} to help eliminate similar vulnerabilities in other systems; and
Employ vulnerability monitoring tools that include the capability to readily update the vulnerabilities to be scanned.","ra-5_smt
ra-5_smt.a
ra-5_smt.b
ra-5_smt.b.1
ra-5_smt.b.2
ra-5_smt.b.3
ra-5_smt.c
ra-5_smt.d
ra-5_smt.e
ra-5_smt.f"," ra-5_prm_1
 ra-5_odp_3
 ra-5_odp_4",ASK,https://github.com/usnistgov/oscal-content/blob/v1.3.0/nist.gov/SP800-53/rev5/json/NIST_SP-800-53_rev5_catalog.json,9/23/20
79,"What options may organizations consider when responding to identified risks, and how does risk tolerance affect these decisions?",NIST SP 800-53,Revision 5,RA-7,"Organizations have many options for responding to risk including mitigating risk by implementing new controls or strengthening existing controls, accepting risk with appropriate justification or rationale, sharing or transferring risk, or avoiding risk. The risk tolerance of the organization influences risk response decisions and actions. Risk response addresses the need to determine an appropriate response to risk before generating a plan of action and milestones entry. For example, the response may be to accept risk or reject risk, or it may be possible to mitigate the risk immediately so that a plan of action and milestones entry is not needed. However, if the risk response is to mitigate the risk, and the mitigation cannot be completed immediately, a plan of action and milestones entry is generated. [NIST SP 800-53 Rev.5: RA-7]","Organizations have many options for responding to risk including mitigating risk by implementing new controls or strengthening existing controls, accepting risk with appropriate justification or rationale, sharing or transferring risk, or avoiding risk. The risk tolerance of the organization influences risk response decisions and actions. Risk response addresses the need to determine an appropriate response to risk before generating a plan of action and milestones entry. For example, the response may be to accept risk or reject risk, or it may be possible to mitigate the risk immediately so that a plan of action and milestones entry is not needed. However, if the risk response is to mitigate the risk, and the mitigation cannot be completed immediately, a plan of action and milestones entry is generated.",ra-7_gdn,N/A,N/A,https://github.com/usnistgov/oscal-content/blob/v1.3.0/nist.gov/SP800-53/rev5/json/NIST_SP-800-53_rev5_catalog.json,9/23/20
80,"What is the purpose of performing a criticality analysis, and when should it be conducted?",NIST SP 800-53,Revision 5,RA-9,"Identify critical system components and functions by performing a criticality analysis {{ insert: param, ra-9_odp_1 }} at {{ insert: param, ra-9_odp_2 }}. [NIST SP 800-53 Rev.5: RA-9]","Identify critical system components and functions by performing a criticality analysis for {{ insert: param, ra-09_odp.01 }} at {{ insert: param, ra-09_odp.02 }}.",ra-9_smt,"ra-9_odp_1, ra-9_odp_2",ASK,https://github.com/usnistgov/oscal-content/blob/v1.3.0/nist.gov/SP800-53/rev5/json/NIST_SP-800-53_rev5_catalog.json,9/23/20
81,"In SA-5, what documentation should be obtained or developed?",NIST SP 800-53,Revision 5,SA-5,"Obtain or develop administrator documentation for the system, system component, or system service that describes:
Secure configuration, installation, and operation of the system, component, or service;
Effective use and maintenance of security and privacy functions and mechanisms; and
Known vulnerabilities regarding configuration and use of administrative or privileged functions;
Obtain or develop user documentation for the system, system component, or system service that describes:,
User-accessible security and privacy functions and mechanisms and how to effectively use those functions and mechanisms;
Methods for user interaction, which enables individuals to use the system, component, or service in a more secure manner and protect individual privacy; and
User responsibilities in maintaining the security of the system, component, or service and privacy of individuals;
Document attempts to obtain system, system component, or system service documentation when such documentation is either unavailable or nonexistent and take {{ insert: param, sa-5_odp_1 }} in response; and
Distribute documentation to {{ insert: param, sa-5_odp_2 }}. [NIST SP 800-53 Rev.5: SA-5]","Obtain or develop administrator documentation for the system, system component, or system service that describes:
Secure configuration, installation, and operation of the system, component, or service;
Effective use and maintenance of security and privacy functions and mechanisms; and
Known vulnerabilities regarding configuration and use of administrative or privileged functions;
Obtain or develop user documentation for the system, system component, or system service that describes:,
User-accessible security and privacy functions and mechanisms and how to effectively use those functions and mechanisms;
Methods for user interaction, which enables individuals to use the system, component, or service in a more secure manner and protect individual privacy; and
User responsibilities in maintaining the security of the system, component, or service and privacy of individuals;
Document attempts to obtain system, system component, or system service documentation when such documentation is either unavailable or nonexistent and take {{ insert: param, sa-05_odp.01 }} in response; and
Distribute documentation to {{ insert: param, sa-05_odp.02 }}.","sa-5_smt.a.1
sa-5_smt.a.2
sa-5_smt.a.3
sa-5_smt.b
sa-5_smt.b.1
sa-5_smt.b.2
sa-5_smt.b.3
sa-5_smt.c
sa-5_smt.d","sa-5_odp_1
sa-5_odp_2",ASK,https://github.com/usnistgov/oscal-content/blob/v1.3.0/nist.gov/SP800-53/rev5/json/NIST_SP-800-53_rev5_catalog.json,9/23/20
82,"In SA-8, which security and privacy engineering principles should be applied?",NIST SP 800-53,Revision 5,SA-8,"Apply the following systems security and privacy engineering principles in the specification, design, development, implementation, and modification of the system and system components: {{ insert: param, sa-8_prm_1 }}. [NIST SP 800-53 Rev.5: SA-8]","Apply the following systems security and privacy engineering principles in the specification, design, development, implementation, and modification of the system and system components: {{ insert: param, sa-8_prm_1 }}.",sa-8_smt,sa-8_prm_1,ASK,https://github.com/usnistgov/oscal-content/blob/v1.3.0/nist.gov/SP800-53/rev5/json/NIST_SP-800-53_rev5_catalog.json,9/23/20
83,What are the requirements for ensuring external service providers comply with organizational security and privacy expectations?,NIST SP 800-53,Revision 5,SA-9,"Require that providers of external system services comply with organizational security and privacy requirements and employ the following controls: {{ insert: param, sa-9_odp_1 }}; Define and document organizational oversight and user roles and responsibilities with regard to external system services; and Employ the following processes, methods, and techniques to monitor control compliance by external service providers on an ongoing basis: {{ insert: param, sa-9_odp_2 }}. [NIST SP 800-53 Rev.5: SA-9]","Require that providers of external system services comply with organizational security and privacy requirements and employ the following controls: {{ insert: param, sa-09_odp.01 }};
Define and document organizational oversight and user roles and responsibilities with regard to external system services; and
Employ the following processes, methods, and techniques to monitor control compliance by external service providers on an ongoing basis: {{ insert: param, sa-09_odp.02 }}.","sa-9_smt.a
sa-9_smt.b
sa-9_smt.c","sa-9_odp_1, sa-9_odp_2",ASK,https://github.com/usnistgov/oscal-content/blob/v1.3.0/nist.gov/SP800-53/rev5/json/NIST_SP-800-53_rev5_catalog.json,9/23/20
84,"What should be required from system developers regarding configuration management, approved changes, and flaw tracking?",NIST SP 800-53,Revision 5,SA-10,"Require the developer of the system, system component, or system service to: Perform configuration management during system, component, or service {{ insert: param, sa-10_odp_1 }}; Document, manage, and control the integrity of changes to {{ insert: param, sa-10_odp_2 }}; Implement only organization-approved changes to the system, component, or service; Document approved changes to the system, component, or service and the potential security and privacy impacts of such changes; and Track security flaws and flaw resolution within the system, component, or service and report findings to {{ insert: param, sa-10_odp_3 }}. [NIST SP 800-53 Rev.5: SA-10]","Require the developer of the system, system component, or system service to:
Perform configuration management during system, component, or service {{ insert: param, sa-10_odp_1 }};
Document, manage, and control the integrity of changes to {{ insert: param, sa-10_odp_2 }};
Implement only organization-approved changes to the system, component, or service;
Document approved changes to the system, component, or service and the potential security and privacy impacts of such changes; and
Track security flaws and flaw resolution within the system, component, or service and report findings to {{ insert: param, sa-10_odp_3 }}.","sa-10_smt
sa-10_smt.a
sa-10_smt.b
sa-10_smt.c
sa-10_smt.d
sa-10_smt.e","sa-10_odp_1, sa-10_odp_2, sa-10_odp_3",ASK,https://github.com/usnistgov/oscal-content/blob/v1.3.0/nist.gov/SP800-53/rev5/json/NIST_SP-800-53_rev5_catalog.json,9/23/20
85,What are developers required to produce and correct under a system's security and privacy assessment plan?,NIST SP 800-53,Revision 5,SA-11,"Require the developer of the system, system component, or system service, at all post-design stages of the system development life cycle, to:
Develop and implement a plan for ongoing security and privacy control assessments;
Perform {{ insert: param, sa-11_odp_1 }} testing/evaluation {{ insert: param, sa-11_odp_2 }} at {{ insert: param, sa-11_odp_3 }};
Produce evidence of the execution of the assessment plan and the results of the testing and evaluation;
Implement a verifiable flaw remediation process; and
Correct flaws identified during testing and evaluation. [NIST SP 800-53 Rev.5: SA-11]","Require the developer of the system, system component, or system service, at all post-design stages of the system development life cycle, to:
Develop and implement a plan for ongoing security and privacy control assessments;
Perform {{ insert: param, sa-11_odp.01 }} testing/evaluation {{ insert: param, sa-11_odp.02 }} at {{ insert: param, sa-11_odp.03 }};
Produce evidence of the execution of the assessment plan and the results of the testing and evaluation;
Implement a verifiable flaw remediation process; and
Correct flaws identified during testing and evaluation.","sa-11_smt
sa-11_smt.a
sa-11_smt.b
sa-11_smt.c
sa-11_smt.d
sa-11_smt.e","sa-11_odp_1
sa-11_odp_2
sa-11_odp_3",ASK,https://github.com/usnistgov/oscal-content/blob/v1.3.0/nist.gov/SP800-53/rev5/json/NIST_SP-800-53_rev5_catalog.json,9/23/20
86,"How should communications be monitored and controlled at system interfaces, and how must external connections be managed to protect organizational networks?",NIST SP 800-53,Revision 5,SC-7,Monitor and control communications at the external managed interfaces for the system and at key internal managed interfaces within the system; implement subnetworks for publicly accessible system components that are physically or logically separated from internal organizational networks; and connect to external networks or systems only through managed interfaces that are defined and implemented in accordance with an organizational security and privacy architecture. [NIST SP 800-53 Rev.5: SC-7],"Monitor and control communications at the external managed interfaces to the system and at key internal managed interfaces within the system;
Implement subnetworks for publicly accessible system components that are {{ insert: param, sc-07_odp }} separated from internal organizational networks; and
Connect to external networks or systems only through managed interfaces consisting of boundary protection devices arranged in accordance with an organizational security and privacy architecture.","sc-7_smt.a
sc-7_smt.b
sc-7_smt.c",sc-7_odp,FILL_FROM_PROFILE,https://github.com/usnistgov/oscal-content/blob/v1.3.0/nist.gov/SP800-53/rev5/json/NIST_SP-800-53_rev5_catalog.json,9/23/20
87,What measures should be implemented to protect the confidentiality and integrity of transmitted information across internal and external networks?,NIST SP 800-53,Revision 5,SC-8,"Protecting the confidentiality and integrity of transmitted information applies to internal and external networks as well as any system components that can transmit information, including servers, notebook computers, desktop computers, mobile devices, printers, copiers, scanners, facsimile machines, and radios. Unprotected communication paths are exposed to the possibility of interception and modification. Protecting the confidentiality and integrity of information can be accomplished by physical or logical means. Physical protection can be achieved by using protected distribution systems. A protected distribution system is a wireline or fiber-optics telecommunications system that includes terminals and adequate electromagnetic, acoustical, electrical, and physical controls to permit its use for the unencrypted transmission of classified information. Logical protection can be achieved by employing encryption techniques.\n\nOrganizations that rely on commercial providers who offer transmission services as commodity services rather than as fully dedicated services may find it difficult to obtain the necessary assurances regarding the implementation of needed controls for transmission confidentiality and integrity. In such situations, organizations determine what types of confidentiality or integrity services are available in standard, commercial telecommunications service packages. If it is not feasible to obtain the necessary controls and assurances of control effectiveness through appropriate contracting vehicles, organizations can implement appropriate compensating controls. [NIST SP 800-53 Rev.5: SC-8]","Protecting the confidentiality and integrity of transmitted information applies to internal and external networks as well as any system components that can transmit information, including servers, notebook computers, desktop computers, mobile devices, printers, copiers, scanners, facsimile machines, and radios. Unprotected communication paths are exposed to the possibility of interception and modification. Protecting the confidentiality and integrity of information can be accomplished by physical or logical means. Physical protection can be achieved by using protected distribution systems. A protected distribution system is a wireline or fiber-optics telecommunications system that includes terminals and adequate electromagnetic, acoustical, electrical, and physical controls to permit its use for the unencrypted transmission of classified information. Logical protection can be achieved by employing encryption techniques.\n\nOrganizations that rely on commercial providers who offer transmission services as commodity services rather than as fully dedicated services may find it difficult to obtain the necessary assurances regarding the implementation of needed controls for transmission confidentiality and integrity. In such situations, organizations determine what types of confidentiality or integrity services are available in standard, commercial telecommunications service packages. If it is not feasible to obtain the necessary controls and assurances of control effectiveness through appropriate contracting vehicles, organizations can implement appropriate compensating controls.",sc-8_gdn,N/A,N/A,https://github.com/usnistgov/oscal-content/blob/v1.3.0/nist.gov/SP800-53/rev5/json/NIST_SP-800-53_rev5_catalog.json,9/23/20
88,What requirements apply to establishing and managing cryptographic keys used within the system?,NIST SP 800-53,Revision 5,SC-12,"Establish and manage cryptographic keys when cryptography is required for the protection of the confidentiality, integrity, or availability of information; and address the following key management requirements: {{ insert: param, sc-12_odp }}. [NIST SP 800-53 Rev.5: SC-12]","Establish and manage cryptographic keys when cryptography is employed within the system in accordance with the following key management requirements: {{ insert: param, sc-12_odp }}.",sc-12_smt,sc-12_odp,FILL_FROM_PROFILE,https://github.com/usnistgov/oscal-content/blob/v1.3.0/nist.gov/SP800-53/rev5/json/NIST_SP-800-53_rev5_catalog.json,9/23/20
89,"How should cryptographic mechanisms be selected and implemented to comply with applicable laws, policies, and standards?",NIST SP 800-53,Revision 5,SC-13,"Cryptography can be employed to support a variety of security solutions, including the protection of classified information and controlled unclassified information, the provision and implementation of digital signatures, and the enforcement of information separation when authorized individuals have the necessary clearances but lack the necessary formal access approvals. Cryptography can also be used to support random number and hash generation. Generally applicable cryptographic standards include FIPS-validated cryptography and NSA-approved cryptography. For example, organizations that need to protect classified information may specify the use of NSA-approved cryptography. Organizations that need to provision and implement digital signatures may specify the use of FIPS-validated cryptography. Cryptography is implemented in accordance with applicable laws, executive orders, directives, regulations, policies, standards, and guidelines. [NIST SP 800-53 Rev.5: SC-13]","Cryptography can be employed to support a variety of security solutions, including the protection of classified information and controlled unclassified information, the provision and implementation of digital signatures, and the enforcement of information separation when authorized individuals have the necessary clearances but lack the necessary formal access approvals. Cryptography can also be used to support random number and hash generation. Generally applicable cryptographic standards include FIPS-validated cryptography and NSA-approved cryptography. For example, organizations that need to protect classified information may specify the use of NSA-approved cryptography. Organizations that need to provision and implement digital signatures may specify the use of FIPS-validated cryptography. Cryptography is implemented in accordance with applicable laws, executive orders, directives, regulations, policies, standards, and guidelines.",sc-13_gdn,N/A,N/A,https://github.com/usnistgov/oscal-content/blob/v1.3.0/nist.gov/SP800-53/rev5/json/NIST_SP-800-53_rev5_catalog.json,9/23/20
90,What protections must be applied to ensure the confidentiality and integrity of information at rest within system components?,NIST SP 800-53,Revision 5,SC-28,"Information at rest refers to the state of information when it is not in process or in transit and is located on system components. Such components include internal or external hard disk drives, storage area network devices, or databases. However, the focus of protecting information at rest is not on the type of storage device or frequency of access but rather on the state of the information. Information at rest addresses the confidentiality and integrity of information and covers user information and system information. System-related information that requires protection includes configurations or rule sets for firewalls, intrusion detection and prevention systems, filtering routers, and authentication information. Organizations may employ different mechanisms to achieve confidentiality and integrity protections, including the use of cryptographic mechanisms and file share scanning. Integrity protection can be achieved, for example, by implementing write-once-read-many (WORM) technologies. When adequate protection of information at rest cannot otherwise be achieved, organizations may employ other controls, including frequent scanning to identify malicious code at rest and secure offline storage in lieu of online storage. [NIST SP 800-53 Rev.5: SC-28]","Information at rest refers to the state of information when it is not in process or in transit and is located on system components. Such components include internal or external hard disk drives, storage area network devices, or databases. However, the focus of protecting information at rest is not on the type of storage device or frequency of access but rather on the state of the information. Information at rest addresses the confidentiality and integrity of information and covers user information and system information. System-related information that requires protection includes configurations or rule sets for firewalls, intrusion detection and prevention systems, filtering routers, and authentication information. Organizations may employ different mechanisms to achieve confidentiality and integrity protections, including the use of cryptographic mechanisms and file share scanning. Integrity protection can be achieved, for example, by implementing write-once-read-many (WORM) technologies. When adequate protection of information at rest cannot otherwise be achieved, organizations may employ other controls, including frequent scanning to identify malicious code at rest and secure offline storage in lieu of online storage.",sc-28_gdn,N/A,N/A,https://github.com/usnistgov/oscal-content/blob/v1.3.0/nist.gov/SP800-53/rev5/json/NIST_SP-800-53_rev5_catalog.json,9/23/20
91,"What actions must organizations take to identify, report, test, and install security-relevant software and firmware updates?",NIST SP 800-53,Revision 5,SI-2,"Identify, report, and correct system flaws; test software and firmware updates related to flaw remediation for effectiveness and potential side effects before installation; install security-relevant software and firmware updates within {{ insert: param, si-2_odp }} of the release of the updates; and incorporate flaw remediation into the organizational configuration management process. [NIST SP 800-53 Rev.5: SI-2]","Identify, report, and correct system flaws;
Test software and firmware updates related to flaw remediation for effectiveness and potential side effects before installation;
Install security-relevant software and firmware updates within {{ insert: param, si-02_odp }} of the release of the updates; and
Incorporate flaw remediation into the organizational configuration management process.","si-2_smt.a
si-2_smt.b
si-2_smt.c
si-2_smt.d",si-2_odp,FILL_FROM_PROFILE,https://github.com/usnistgov/oscal-content/blob/v1.3.0/nist.gov/SP800-53/rev5/json/NIST_SP-800-53_rev5_catalog.json,9/23/20
92,What are the requirements for implementing and managing malicious-code protection mechanisms across the system?,NIST SP 800-53,Revision 5,SI-3,"Implement {{ insert: param, si-3_odp_1 }} malicious code protection mechanisms at system entry and exit points to detect and eradicate malicious code;
Automatically update malicious code protection mechanisms as new releases are available in accordance with organizational configuration management policy and procedures;
Configure malicious code protection mechanisms to:
Perform periodic scans of the system {{ insert: param, si-3_odp_2 }} and real-time scans of files from external sources at {{ insert: param, si-3_odp_3 }} as the files are downloaded, opened, or executed in accordance with organizational policy; and
{{ insert: param, si-3_odp_4 }} ; and send alert to {{ insert: param, si-3_odp_6 }} in response to malicious code detection; and
Address the receipt of false positives during malicious code detection and eradication and the resulting potential impact on the availability of the system. [NIST SP 800-53 Rev.5: SI-3]","Implement {{ insert: param, si-03_odp.01 }} malicious code protection mechanisms at system entry and exit points to detect and eradicate malicious code;
Automatically update malicious code protection mechanisms as new releases are available in accordance with organizational configuration management policy and procedures;
Configure malicious code protection mechanisms to:,
Perform periodic scans of the system {{ insert: param, si-03_odp.02 }} and real-time scans of files from external sources at {{ insert: param, si-03_odp.03 }} as the files are downloaded, opened, or executed in accordance with organizational policy; and
{{ insert: param, si-03_odp.04 }} ; and send alert to {{ insert: param, si-03_odp.06 }} in response to malicious code detection; and
Address the receipt of false positives during malicious code detection and eradication and the resulting potential impact on the availability of the system.","si-3_smt.a
si-3_smt.b
si-3_smt.c
si-3_smt.c.1
si-3_smt.c.2
si-3_smt.d","si-3_odp_1, si-3_odp_2, si-3_odp_3, si-3_odp_4, si-3_odp_6",ASK,https://github.com/usnistgov/oscal-content/blob/v1.3.0/nist.gov/SP800-53/rev5/json/NIST_SP-800-53_rev5_catalog.json,9/23/20
93,"How should systems be monitored to detect attacks, unauthorized connections, and anomalous activities, and how should such events be analyzed and reported?",NIST SP 800-53,Revision 5,SI-4,"Monitor the system to detect attacks and indicators of potential attacks in accordance with organization-defined monitoring objectives: {{ insert: param, si-4_odp_1 }}; and unauthorized local, network, and remote connections; identify unauthorized use of the system through the following techniques and methods: {{ insert: param, si-4_odp_2 }}; invoke internal monitoring capabilities or deploy monitoring devices strategically within the system to collect organization-determined essential information and at ad hoc locations within the system to track specific types of transactions of interest to the organization; analyze detected events and anomalies; adjust the level of system monitoring activity when there is an indication of increased risk to organizational operations and assets, individuals, other organizations, or the Nation; obtain legal opinion regarding system monitoring activities; and provide {{ insert: param, si-4_odp_3 }} to {{ insert: param, si-4_odp_4 }} {{ insert: param, si-4_odp_5 }}. [NIST SP 800-53 Rev.5: SI-4]","Monitor the system to detect:
Attacks and indicators of potential attacks in accordance with the following monitoring objectives: {{ insert: param, si-4_odp_1 }} ; and
Unauthorized local, network, and remote connections;
Identify unauthorized use of the system through the following techniques and methods: {{ insert: param, si-4_odp_2 }};
Invoke internal monitoring capabilities or deploy monitoring devices:
Strategically within the system to collect organization-determined essential information; and
At ad hoc locations within the system to track specific types of transactions of interest to the organization;
Analyze detected events and anomalies;
Adjust the level of system monitoring activity when there is a change in risk to organizational operations and assets, individuals, other organizations, or the Nation;
Obtain legal opinion regarding system monitoring activities; and
Provide {{ insert: param, si-4_odp_3 }} to {{ insert: param, si-4_odp_4 }} {{ insert: param, si-4_odp_5 }}.","si-4_smt.a
si-4_smt.a.1
si-4_smt.a.2
si-4_smt.b
si-4_smt.c
si-4_smt.c.1
si-4_smt.c.2
si-4_smt.d
si-4_smt.e
si-4_smt.f
si-4_smt.g","si-4_odp_1, si-4_odp_2, si-4_odp_3, si-4_odp_4, si-4_odp_5",ASK,https://github.com/usnistgov/oscal-content/blob/v1.3.0/nist.gov/SP800-53/rev5/json/NIST_SP-800-53_rev5_catalog.json,9/23/20
94,"What integrity-verification mechanisms should be employed to detect unauthorized changes to software, firmware, or data?",NIST SP 800-53,Revision 5,SI-7,"Employ integrity verification tools to detect unauthorized changes to software, firmware, and information: {{ insert: param, si-7_prm_1 }}; and take the following actions when unauthorized changes to the software, firmware, and information are detected: {{ insert: param, si-7_prm_2 }}. [NIST SP 800-53 Rev.5: SI-7]","Employ integrity verification tools to detect unauthorized changes to the following software, firmware, and information: {{ insert: param, si-7_prm_1 }} ; and
Take the following actions when unauthorized changes to the software, firmware, and information are detected: {{ insert: param, si-7_prm_2 }}.","si-7_smt.a
si-7_smt.b","si-7_prm_1, si-7_prm_2",ASK,https://github.com/usnistgov/oscal-content/blob/v1.3.0/nist.gov/SP800-53/rev5/json/NIST_SP-800-53_rev5_catalog.json,9/23/20
95,How should organizations validate system inputs to prevent injection or cross-site scripting attacks?,NIST SP 800-53,Revision 5,SI-10,"Checking the valid syntax and semantics of system inputs—including character set, length, numerical range, and acceptable values—verifies that inputs match specified definitions for format and content. For example, if the organization specifies that numerical values between 1-100 are the only acceptable inputs for a field in a given application, inputs of \""387,\"" \""abc,\"" or \""%K%\"" are invalid inputs and are not accepted as input to the system. Valid inputs are likely to vary from field to field within a software application. Applications typically follow well-defined protocols that use structured messages (i.e., commands or queries) to communicate between software modules or system components. Structured messages can contain raw or unstructured data interspersed with metadata or control information. If software applications use attacker-supplied inputs to construct structured messages without properly encoding such messages, then the attacker could insert malicious commands or special characters that can cause the data to be interpreted as control information or metadata. Consequently, the module or component that receives the corrupted output will perform the wrong operations or otherwise interpret the data incorrectly. Prescreening inputs prior to passing them to interpreters prevents the content from being unintentionally interpreted as commands. Input validation ensures accurate and correct inputs and prevents attacks such as cross-site scripting and a variety of injection attacks. [NIST SP 800-53 Rev.5: SI-10]","Checking the valid syntax and semantics of system inputs—including character set, length, numerical range, and acceptable values—verifies that inputs match specified definitions for format and content. For example, if the organization specifies that numerical values between 1-100 are the only acceptable inputs for a field in a given application, inputs of \""387,\"" \""abc,\"" or \""%K%\"" are invalid inputs and are not accepted as input to the system. Valid inputs are likely to vary from field to field within a software application. Applications typically follow well-defined protocols that use structured messages (i.e., commands or queries) to communicate between software modules or system components. Structured messages can contain raw or unstructured data interspersed with metadata or control information. If software applications use attacker-supplied inputs to construct structured messages without properly encoding such messages, then the attacker could insert malicious commands or special characters that can cause the data to be interpreted as control information or metadata. Consequently, the module or component that receives the corrupted output will perform the wrong operations or otherwise interpret the data incorrectly. Prescreening inputs prior to passing them to interpreters prevents the content from being unintentionally interpreted as commands. Input validation ensures accurate and correct inputs and prevents attacks such as cross-site scripting and a variety of injection attacks.",si-10_gdn,N/A,N/A,https://github.com/usnistgov/oscal-content/blob/v1.3.0/nist.gov/SP800-53/rev5/json/NIST_SP-800-53_rev5_catalog.json,9/23/20
96,"What elements must be included in a supply-chain risk management plan, and how often should it be reviewed and protected from unauthorized disclosure?",NIST SP 800-53,Revision 5,SR-2,"Develop a plan for managing supply chain risks associated with the development, acquisition, maintenance, and disposal of the system, system components or system services: {{ insert: param, sr-2_odp_1 }}; review and update the supply chain risk management plan {{ insert: param, sr-2_odp_2 }} to address threat, organizational or environmental changes; and protect the supply chain risk management plan from unauthorized disclosure and modification. [NIST SP 800-53 Rev.5: SR-2]","Develop a plan for managing supply chain risks associated with the research and development, design, manufacturing, acquisition, delivery, integration, operations and maintenance, and disposal of the following systems, system components or system services: {{ insert: param, sr-02_odp.01 }};
Review and update the supply chain risk management plan {{ insert: param, sr-02_odp.02 }} or as required, to address threat, organizational or environmental changes; and
Protect the supply chain risk management plan from unauthorized disclosure and modification.","sr-2_smt.a
sr-2_smt.b
sr-2_smt.c","sr-2_odp_1, sr-2_odp_2",FILL_FROM_PROFILE,https://github.com/usnistgov/oscal-content/blob/v1.3.0/nist.gov/SP800-53/rev5/json/NIST_SP-800-53_rev5_catalog.json,9/23/20
97,How should organizations identify and address weaknesses in supply-chain elements and document protective controls and processes?,NIST SP 800-53,Revision 5,SR-3,"Establish a process or processes to identify and address weaknesses or deficiencies in the supply chain elements and processes of {{ insert: param, sr-3_odp_1 }} in coordination with {{ insert: param, sr-3_odp_2 }};
Employ the following controls to protect against supply chain risks to the system, system component, or system service and to limit the harm or consequences from supply chain-related events: {{ insert: param, sr-3_odp_3 }} ; and
Document the selected and implemented supply chain processes and controls in {{ insert: param, sr-3_odp_4 }}. [NIST SP 800-53 Rev.5: SR-3]","Establish a process or processes to identify and address weaknesses or deficiencies in the supply chain elements and processes of {{ insert: param, sr-03_odp.01 }} in coordination with {{ insert: param, sr-03_odp.02 }};
Employ the following controls to protect against supply chain risks to the system, system component, or system service and to limit the harm or consequences from supply chain-related events: {{ insert: param, sr-03_odp.03 }} ; and
Document the selected and implemented supply chain processes and controls in {{ insert: param, sr-03_odp.04 }}.","sr-3_smt.a
sr-3_smt.b
sr-3_smt.c","sr-3_odp_1, sr-3_odp_2, sr-3_odp_3, sr-3_odp_4",ASK,https://github.com/usnistgov/oscal-content/blob/v1.3.0/nist.gov/SP800-53/rev5/json/NIST_SP-800-53_rev5_catalog.json,9/23/20
98,"What acquisition and contracting practices should be employed to protect the supply chain from counterfeit, tampered, or malicious components?",NIST SP 800-53,Revision 5,SR-5,"The use of the acquisition process provides an important vehicle to protect the supply chain. There are many useful tools and techniques available, including obscuring the end use of a system or system component, using blind or filtered buys, requiring tamper-evident packaging, or using trusted or controlled distribution. The results from a supply chain risk assessment can guide and inform the strategies, tools, and methods that are most applicable to the situation. Tools and techniques may provide protections against unauthorized production, theft, tampering, insertion of counterfeits, insertion of malicious software or backdoors, and poor development practices throughout the system development life cycle. Organizations also consider providing incentives for suppliers who implement controls, promote transparency into their processes and security and privacy practices, provide contract language that addresses the prohibition of tainted or counterfeit components, and restrict purchases from untrustworthy suppliers. Organizations consider providing training, education, and awareness programs for personnel regarding supply chain risk, available mitigation strategies, and when the programs should be employed. Methods for reviewing and protecting development plans, documentation, and evidence are commensurate with the security and privacy requirements of the organization. Contracts may specify documentation protection requirements. [NIST SP 800-53 Rev.5: SR-5]","The use of the acquisition process provides an important vehicle to protect the supply chain. There are many useful tools and techniques available, including obscuring the end use of a system or system component, using blind or filtered buys, requiring tamper-evident packaging, or using trusted or controlled distribution. The results from a supply chain risk assessment can guide and inform the strategies, tools, and methods that are most applicable to the situation. Tools and techniques may provide protections against unauthorized production, theft, tampering, insertion of counterfeits, insertion of malicious software or backdoors, and poor development practices throughout the system development life cycle. Organizations also consider providing incentives for suppliers who implement controls, promote transparency into their processes and security and privacy practices, provide contract language that addresses the prohibition of tainted or counterfeit components, and restrict purchases from untrustworthy suppliers. Organizations consider providing training, education, and awareness programs for personnel regarding supply chain risk, available mitigation strategies, and when the programs should be employed. Methods for reviewing and protecting development plans, documentation, and evidence are commensurate with the security and privacy requirements of the organization. Contracts may specify documentation protection requirements.",sr-5_gdn,N/A,N/A,https://github.com/usnistgov/oscal-content/blob/v1.3.0/nist.gov/SP800-53/rev5/json/NIST_SP-800-53_rev5_catalog.json,9/23/20
99,How frequently should supply-chain-related risks be assessed and reviewed for suppliers and contractors?,NIST SP 800-53,Revision 5,SR-6,"Assess and review the supply chain-related risks associated with suppliers or contractors and the system, system component, or system service they provide {{ insert: param, sr-6_odp }}. [NIST SP 800-53 Rev.5: SR-6]","Assess and review the supply chain-related risks associated with suppliers or contractors and the system, system component, or system service they provide {{ insert: param, sr-06_odp }}.",sr-6_smt,sr-6_odp,FILL_FROM_PROFILE,https://github.com/usnistgov/oscal-content/blob/v1.3.0/nist.gov/SP800-53/rev5/json/NIST_SP-800-53_rev5_catalog.json,9/23/20
100,"What policies and procedures should be developed to detect, prevent, and report counterfeit components within the system?",NIST SP 800-53,Revision 5,SR-11,"Develop and implement anti-counterfeit policy and procedures to prevent counterfeit components from entering the system; and report counterfeit system components to {{ insert: param, sr-11_odp_1 }}. [NIST SP 800-53 Rev.5: SR-11]","Develop and implement anti-counterfeit policy and procedures that include the means to detect and prevent counterfeit components from entering the system; and
Report counterfeit system components to {{ insert: param, sr-11_odp.01 }}.","sr-11_smt.a
sr-11_smt.b",sr-11_odp_1,ASK,https://github.com/usnistgov/oscal-content/blob/v1.3.0/nist.gov/SP800-53/rev5/json/NIST_SP-800-53_rev5_catalog.json,9/23/20