param_id,clause_id,version,raw_marker,friendly_label,data_type,cardinality,ask_prompt,examples,oscal_path
ac-1_prm_1,AC-1,rev5,"{{ insert: param, ac-1_prm_1 }}",Develop document and disseminate to,free-text,single,What value does your organization use for: Develop document and disseminate to?,,
ac-01_odp.03,AC-1,rev5,"{{ insert: param, ac-01_odp.03 }}",access control policy that,role,single,What value does your organization use for: access control policy that? (answer with a job title or role),System Administrator | Security Officer,
ac-01_odp.04,AC-1,rev5,"{{ insert: param, ac-01_odp.04 }}",Designate an to manage the development documentation and,free-text,single,What value does your organization use for: Designate an to manage the development documentation and?,,
ac-01_odp.05,AC-1,rev5,"{{ insert: param, ac-01_odp.05 }}",Policy and following insert param odp,free-text,single,What value does your organization use for: Policy and following insert param odp?,,
ac-01_odp.06,AC-01,rev5,"{{ insert: param, ac-01_odp.06 }}",Policy insert param odp and following and,free-text,single,What value does your organization use for: Policy insert param odp and following and?,,
ac-01_odp.07,AC-1,rev5,"{{ insert: param, ac-01_odp.07 }}",Procedures and following insert param odp,free-text,single,What value does your organization use for: Procedures and following insert param odp?,,
ac-01_odp.08,AC-01,rev5,"{{ insert: param, ac-01_odp.08 }}",Procedures insert param odp and following,duration,single,"What value does your organization use for: Procedures insert param odp and following? (answer with a duration, e.g., 30/60/90 days)",30 days | 60 days | 90 days,
ac-01_odp.01,AC-01,rev5,"{{ insert: param, ac-01_odp.01 }}",control policy is disseminated to links href rel,free-text,single,What value does your organization use for: control policy is disseminated to links href rel?,,
ac-01_odp.02,AC-01,rev5,"{{ insert: param, ac-01_odp.02 }}",control procedures are disseminated to links href rel,free-text,single,What value does your organization use for: control procedures are disseminated to links href rel?,,
ac-01_odp.03,AC-01,rev5,"{{ insert: param, ac-01_odp.03 }}",sp800-53a the access control policy addresses purpose links,free-text,single,What value does your organization use for: sp800-53a the access control policy addresses purpose links?,,
ac-01_odp.03,AC-01,rev5,"{{ insert: param, ac-01_odp.03 }}",sp800-53a the access control policy addresses scope links,free-text,single,What value does your organization use for: sp800-53a the access control policy addresses scope links?,,
ac-01_odp.03,AC-01,rev5,"{{ insert: param, ac-01_odp.03 }}",sp800-53a the access control policy addresses roles links,role,single,What value does your organization use for: sp800-53a the access control policy addresses roles links? (answer with a job title or role),System Administrator | Security Officer,
ac-01_odp.03,AC-01,rev5,"{{ insert: param, ac-01_odp.03 }}",sp800-53a the access control policy addresses responsibilities links,free-text,single,What value does your organization use for: sp800-53a the access control policy addresses responsibilities links?,,
ac-01_odp.03,AC-01,rev5,"{{ insert: param, ac-01_odp.03 }}",sp800-53a the access control policy addresses management commitment,free-text,single,What value does your organization use for: sp800-53a the access control policy addresses management commitment?,,
ac-01_odp.03,AC-01,rev5,"{{ insert: param, ac-01_odp.03 }}",sp800-53a the access control policy addresses coordination among,org list,single,What value does your organization use for: sp800-53a the access control policy addresses coordination among? (answer with a comma-separated list of org units),Security | HR | Finance,
ac-01_odp.03,AC-01,rev5,"{{ insert: param, ac-01_odp.03 }}",sp800-53a the access control policy addresses compliance links,free-text,single,What value does your organization use for: sp800-53a the access control policy addresses compliance links?,,
ac-01_odp.03,AC-01,rev5,"{{ insert: param, ac-01_odp.03 }}",sp800-53a the access control policy is consistent with,free-text,single,What value does your organization use for: sp800-53a the access control policy is consistent with?,,
ac-01_odp.04,AC-01,rev5,"{{ insert: param, ac-01_odp.04 }}",sp800-53a the is designated to manage the development,free-text,single,What value does your organization use for: sp800-53a the is designated to manage the development?,,
ac-01_odp.05,AC-01,rev5,"{{ insert: param, ac-01_odp.05 }}",control policy is reviewed and updated links href,free-text,single,What value does your organization use for: control policy is reviewed and updated links href?,,
ac-01_odp.06,AC-01,rev5,"{{ insert: param, ac-01_odp.06 }}",policy is reviewed and updated following links href,free-text,single,What value does your organization use for: policy is reviewed and updated following links href?,,
ac-01_odp.07,AC-01,rev5,"{{ insert: param, ac-01_odp.07 }}",control procedures are reviewed and updated links href,free-text,single,What value does your organization use for: control procedures are reviewed and updated links href?,,
ac-01_odp.08,AC-01,rev5,"{{ insert: param, ac-01_odp.08 }}",procedures are reviewed and updated following links href,free-text,single,What value does your organization use for: procedures are reviewed and updated following links href?,,
ac-02_odp.01,AC-2,rev5,"{{ insert: param, ac-02_odp.01 }}",Require for group and role membership,role,single,What value does your organization use for: Require for group and role membership? (answer with a job title or role),System Administrator | Security Officer,
ac-02_odp.02,AC-2,rev5,"{{ insert: param, ac-02_odp.02 }}",Access authorizations privileges and for each account,role,single,What value does your organization use for: Access authorizations privileges and for each account? (answer with a job title or role),System Administrator | Security Officer,
ac-02_odp.03,AC-2,rev5,"{{ insert: param, ac-02_odp.03 }}",Require approvals by for requests to create accounts,free-text,single,What value does your organization use for: Require approvals by for requests to create accounts?,,
ac-02_odp.04,AC-2,rev5,"{{ insert: param, ac-02_odp.04 }}",modify disable and remove accounts in accordance with,free-text,single,What value does your organization use for: modify disable and remove accounts in accordance with?,,
ac-02_odp.05,AC-2,rev5,"{{ insert: param, ac-02_odp.05 }}",Notify account managers and within,duration,single,"What value does your organization use for: Notify account managers and within? (answer with a duration, e.g., 30/60/90 days)",30 days | 60 days | 90 days,
ac-02_odp.06,AC-2,rev5,"{{ insert: param, ac-02_odp.06 }}",when accounts are no longer required,duration,single,"What value does your organization use for: when accounts are no longer required? (answer with a duration, e.g., 30/60/90 days)",30 days | 60 days | 90 days,
ac-02_odp.07,AC-2,rev5,"{{ insert: param, ac-02_odp.07 }}",when users are terminated or transferred,free-text,single,What value does your organization use for: when users are terminated or transferred?,,
ac-02_odp.08,AC-2,rev5,"{{ insert: param, ac-02_odp.08 }}",when system usage or need-to-know changes,free-text,single,What value does your organization use for: when system usage or need-to-know changes?,,
ac-02_odp.09,AC-2,rev5,"{{ insert: param, ac-02_odp.09 }}",organization-defined value,free-text,single,What value does your organization use for: organization-defined?,,
ac-02_odp.10,AC-2,rev5,"{{ insert: param, ac-02_odp.10 }}",Review accounts for compliance with account management requirements,free-text,single,What value does your organization use for: Review accounts for compliance with account management requirements?,,
ac-02_odp.01,AC-02,rev5,"{{ insert: param, ac-02_odp.01 }}",class sp800-53a for group and role membership are,role,single,What value does your organization use for: class sp800-53a for group and role membership are? (answer with a job title or role),System Administrator | Security Officer,
ac-02_odp.02,AC-02,rev5,"{{ insert: param, ac-02_odp.02 }}",class sp800-53a are specified for each account links,free-text,single,What value does your organization use for: class sp800-53a are specified for each account links?,,
ac-02_odp.03,AC-02,rev5,"{{ insert: param, ac-02_odp.03 }}",required by for requests to create accounts links,free-text,single,What value does your organization use for: required by for requests to create accounts links?,,
ac-02_odp.04,AC-02,rev5,"{{ insert: param, ac-02_odp.04 }}",are created in accordance with links href rel,free-text,single,What value does your organization use for: are created in accordance with links href rel?,,
ac-02_odp.04,AC-02,rev5,"{{ insert: param, ac-02_odp.04 }}",are enabled in accordance with links href rel,free-text,single,What value does your organization use for: are enabled in accordance with links href rel?,,
ac-02_odp.04,AC-02,rev5,"{{ insert: param, ac-02_odp.04 }}",are modified in accordance with links href rel,free-text,single,What value does your organization use for: are modified in accordance with links href rel?,,
ac-02_odp.04,AC-02,rev5,"{{ insert: param, ac-02_odp.04 }}",are disabled in accordance with links href rel,free-text,single,What value does your organization use for: are disabled in accordance with links href rel?,,
ac-02_odp.04,AC-02,rev5,"{{ insert: param, ac-02_odp.04 }}",are removed in accordance with links href rel,free-text,single,What value does your organization use for: are removed in accordance with links href rel?,,
ac-02_odp.05,AC-02,rev5,"{{ insert: param, ac-02_odp.05 }}",account managers and are notified within insert param,duration,single,"What value does your organization use for: account managers and are notified within insert param? (answer with a duration, e.g., 30/60/90 days)",30 days | 60 days | 90 days,
ac-02_odp.06,AC-02,rev5,"{{ insert: param, ac-02_odp.06 }}",notified within when accounts are no longer required,duration,single,"What value does your organization use for: notified within when accounts are no longer required? (answer with a duration, e.g., 30/60/90 days)",30 days | 60 days | 90 days,
ac-02_odp.05,AC-02,rev5,"{{ insert: param, ac-02_odp.05 }}",account managers and are notified within insert param,duration,single,"What value does your organization use for: account managers and are notified within insert param? (answer with a duration, e.g., 30/60/90 days)",30 days | 60 days | 90 days,
ac-02_odp.07,AC-02,rev5,"{{ insert: param, ac-02_odp.07 }}",notified within when users are terminated or transferred,duration,single,"What value does your organization use for: notified within when users are terminated or transferred? (answer with a duration, e.g., 30/60/90 days)",30 days | 60 days | 90 days,
ac-02_odp.05,AC-02,rev5,"{{ insert: param, ac-02_odp.05 }}",account managers and are notified within insert param,duration,single,"What value does your organization use for: account managers and are notified within insert param? (answer with a duration, e.g., 30/60/90 days)",30 days | 60 days | 90 days,
ac-02_odp.08,AC-02,rev5,"{{ insert: param, ac-02_odp.08 }}",notified within when system usage or the need,duration,single,"What value does your organization use for: notified within when system usage or the need? (answer with a duration, e.g., 30/60/90 days)",30 days | 60 days | 90 days,
ac-02_odp.09,AC-02,rev5,"{{ insert: param, ac-02_odp.09 }}",the system is authorized based on links href,free-text,single,What value does your organization use for: the system is authorized based on links href?,,
ac-02_odp.10,AC-02,rev5,"{{ insert: param, ac-02_odp.10 }}",compliance with account management requirements links href rel,free-text,single,What value does your organization use for: compliance with account management requirements links href rel?,,
ac-02.01_odp,AC-2,rev5,"{{ insert: param, ac-02.01_odp }}",Support the management of system accounts using,free-text,single,What value does your organization use for: Support the management of system accounts using?,,
ac-02.01_odp,AC-02(01),rev5,"{{ insert: param, ac-02.01_odp }}",system accounts is supported using links href rel,free-text,single,What value does your organization use for: system accounts is supported using links href rel?,,
ac-02.02_odp.01,AC-2,rev5,"{{ insert: param, ac-02.02_odp.01 }}",Automatically temporary and emergency accounts after insert,free-text,single,What value does your organization use for: Automatically temporary and emergency accounts after insert?,,
ac-02.02_odp.02,AC-02,rev5,"{{ insert: param, ac-02.02_odp.02 }}",odp temporary and emergency accounts after,free-text,single,What value does your organization use for: odp temporary and emergency accounts after?,,
ac-02.02_odp.01,AC-02(02),rev5,"{{ insert: param, ac-02.02_odp.01 }}",emergency accounts are automatically after insert param odp,free-text,single,What value does your organization use for: emergency accounts are automatically after insert param odp?,,
ac-02.02_odp.02,AC-02,rev5,"{{ insert: param, ac-02.02_odp.02 }}",insert param odp after links href rel,free-text,single,What value does your organization use for: insert param odp after links href rel?,,
ac-02.03_odp.01,AC-2,rev5,"{{ insert: param, ac-02.03_odp.01 }}",Disable accounts within when the accounts,duration,single,"What value does your organization use for: Disable accounts within when the accounts? (answer with a duration, e.g., 30/60/90 days)",30 days | 60 days | 90 days,
ac-02.03_odp.02,AC-2,rev5,"{{ insert: param, ac-02.03_odp.02 }}",Have been inactive for,free-text,single,What value does your organization use for: Have been inactive for?,,
ac-02.03_odp.01,AC-02(03),rev5,"{{ insert: param, ac-02.03_odp.01 }}",disabled within when the accounts have expired links,duration,single,"What value does your organization use for: disabled within when the accounts have expired links? (answer with a duration, e.g., 30/60/90 days)",30 days | 60 days | 90 days,
ac-02.03_odp.01,AC-02(03),rev5,"{{ insert: param, ac-02.03_odp.01 }}",disabled within when the accounts are no longer,duration,single,"What value does your organization use for: disabled within when the accounts are no longer? (answer with a duration, e.g., 30/60/90 days)",30 days | 60 days | 90 days,
ac-02.03_odp.01,AC-02(03),rev5,"{{ insert: param, ac-02.03_odp.01 }}",disabled within when the accounts are in violation,duration,single,"What value does your organization use for: disabled within when the accounts are in violation? (answer with a duration, e.g., 30/60/90 days)",30 days | 60 days | 90 days,
ac-02.03_odp.01,AC-02(03),rev5,"{{ insert: param, ac-02.03_odp.01 }}",disabled within when the accounts have been inactive,duration,single,"What value does your organization use for: disabled within when the accounts have been inactive? (answer with a duration, e.g., 30/60/90 days)",30 days | 60 days | 90 days,
ac-02.03_odp.02,AC-02,rev5,"{{ insert: param, ac-02.03_odp.02 }}",the accounts have been inactive for links href,duration,single,"What value does your organization use for: the accounts have been inactive for links href? (answer with a duration, e.g., 30/60/90 days)",30 days | 60 days | 90 days,
ac-02.05_odp,AC-2,rev5,"{{ insert: param, ac-02.05_odp }}",Require that users log out when,free-text,single,What value does your organization use for: Require that users log out when?,,
ac-02.05_odp,AC-02(05),rev5,"{{ insert: param, ac-02.05_odp }}",required to log out when links href rel,free-text,single,What value does your organization use for: required to log out when links href rel?,,
ac-02.06_odp,AC-2,rev5,"{{ insert: param, ac-02.06_odp }}",related Implement,free-text,single,What value does your organization use for: related Implement?,,
ac-02.06_odp,AC-02(06),rev5,"{{ insert: param, ac-02.06_odp }}",assessment-objective class sp800-53a are implemented links href,free-text,single,What value does your organization use for: assessment-objective class sp800-53a are implemented links href?,,
ac-02.07_odp,AC-2,rev5,"{{ insert: param, ac-02.07_odp }}",Access scheme for privileged user accounts,free-text,single,Which scheme does your organization use to establish and administer privileged user accounts? Select one: a role-based access scheme; an attribute-based access scheme.,a role-based access scheme | an attribute-based access scheme,
ac-02.07_odp,AC-02(07),rev5,"{{ insert: param, ac-02.07_odp }}",Access scheme for privileged user accounts,free-text,single,Which scheme does your organization use to establish and administer privileged user accounts? Select one: a role-based access scheme; an attribute-based access scheme.,a role-based access scheme | an attribute-based access scheme,
ac-02.08_odp,AC-2,rev5,"{{ insert: param, ac-02.08_odp }}",Create activate manage and deactivate dynamically,free-text,single,What value does your organization use for: Create activate manage and deactivate dynamically?,,
ac-02.08_odp,AC-02(08),rev5,"{{ insert: param, ac-02.08_odp }}",class sp800-53a are created dynamically links href,free-text,single,What value does your organization use for: class sp800-53a are created dynamically links href?,,
ac-02.08_odp,AC-02(08),rev5,"{{ insert: param, ac-02.08_odp }}",class sp800-53a are activated dynamically links href,free-text,single,What value does your organization use for: class sp800-53a are activated dynamically links href?,,
ac-02.08_odp,AC-02(08),rev5,"{{ insert: param, ac-02.08_odp }}",class sp800-53a are managed dynamically links href,free-text,single,What value does your organization use for: class sp800-53a are managed dynamically links href?,,
ac-02.08_odp,AC-02(08),rev5,"{{ insert: param, ac-02.08_odp }}",class sp800-53a are deactivated dynamically links href,free-text,single,What value does your organization use for: class sp800-53a are deactivated dynamically links href?,,
ac-02.09_odp,AC-2,rev5,"{{ insert: param, ac-02.09_odp }}",of shared and group accounts that meet,free-text,single,What value does your organization use for: of shared and group accounts that meet?,,
ac-02.09_odp,AC-02(09),rev5,"{{ insert: param, ac-02.09_odp }}",is only permitted if are met links href,free-text,single,What value does your organization use for: is only permitted if are met links href?,,
ac-02.11_odp.01,AC-2,rev5,"{{ insert: param, ac-02.11_odp.01 }}",required Enforce for insert param odp,free-text,single,What value does your organization use for: required Enforce for insert param odp?,,
ac-02.11_odp.02,AC-02,rev5,"{{ insert: param, ac-02.11_odp.02 }}",Enforce insert param odp for,free-text,single,What value does your organization use for: Enforce insert param odp for?,,
ac-02.11_odp.01,AC-02(11),rev5,"{{ insert: param, ac-02.11_odp.01 }}",assessment-objective class sp800-53a for insert param odp,duration,single,"What value does your organization use for: assessment-objective class sp800-53a for insert param odp? (answer with a duration, e.g., 30/60/90 days)",30 days | 60 days | 90 days,
ac-02.11_odp.02,AC-02,rev5,"{{ insert: param, ac-02.11_odp.02 }}",param odp for are enforced links href,free-text,single,What value does your organization use for: param odp for are enforced links href?,,
ac-02.12_odp.01,AC-2,rev5,"{{ insert: param, ac-02.12_odp.01 }}",Monitor system accounts for and,free-text,single,What value does your organization use for: Monitor system accounts for and?,,
ac-02.12_odp.02,AC-2,rev5,"{{ insert: param, ac-02.12_odp.02 }}",Report atypical usage of system accounts to,duration,single,"What value does your organization use for: Report atypical usage of system accounts to? (answer with a duration, e.g., 30/60/90 days)",30 days | 60 days | 90 days,
ac-02.12_odp.01,AC-02(12),rev5,"{{ insert: param, ac-02.12_odp.01 }}",sp800-53a system accounts are monitored for links href,free-text,single,What value does your organization use for: sp800-53a system accounts are monitored for links href?,,
ac-02.12_odp.02,AC-02(12),rev5,"{{ insert: param, ac-02.12_odp.02 }}",of system accounts is reported to links href,free-text,single,What value does your organization use for: of system accounts is reported to links href?,,
ac-02.13_odp.01,AC-2,rev5,"{{ insert: param, ac-02.13_odp.01 }}",of individuals within of discovery of insert param,duration,single,"What value does your organization use for: of individuals within of discovery of insert param? (answer with a duration, e.g., 30/60/90 days)",30 days | 60 days | 90 days,
ac-02.13_odp.02,AC-02,rev5,"{{ insert: param, ac-02.13_odp.02 }}",param odp of discovery of,duration,single,"What value does your organization use for: param odp of discovery of? (answer with a duration, e.g., 30/60/90 days)",30 days | 60 days | 90 days,
ac-02.13_odp.01,AC-02(13),rev5,"{{ insert: param, ac-02.13_odp.01 }}",are disabled within of discovery of insert param,duration,single,"What value does your organization use for: are disabled within of discovery of insert param? (answer with a duration, e.g., 30/60/90 days)",30 days | 60 days | 90 days,
ac-02.13_odp.02,AC-02,rev5,"{{ insert: param, ac-02.13_odp.02 }}",odp of discovery of links href rel,duration,single,"What value does your organization use for: odp of discovery of links href rel? (answer with a duration, e.g., 30/60/90 days)",30 days | 60 days | 90 days,
ac-03.02_odp,AC-3,rev5,"{{ insert: param, ac-03.02_odp }}",Enforce dual authorization for,free-text,single,What value does your organization use for: Enforce dual authorization for?,,
ac-03.02_odp,AC-03(02),rev5,"{{ insert: param, ac-03.02_odp }}",dual authorization is enforced for links href rel,free-text,single,What value does your organization use for: dual authorization is enforced for links href rel?,,
ac-3.3_prm_1,AC-3,rev5,"{{ insert: param, ac-3.3_prm_1 }}",Enforce over the set of covered subjects,free-text,single,What value does your organization use for: Enforce over the set of covered subjects?,,
ac-03.03_odp.03,AC-3,rev5,"{{ insert: param, ac-03.03_odp.03 }}",Specifies that may explicitly be granted insert param,free-text,single,What value does your organization use for: Specifies that may explicitly be granted insert param?,,
ac-03.03_odp.04,AC-03,rev5,"{{ insert: param, ac-03.03_odp.04 }}",be granted such that they are not limited,free-text,single,What value does your organization use for: be granted such that they are not limited?,,
ac-03.03_odp.01,AC-03(03),rev5,"{{ insert: param, ac-03.03_odp.01 }}",class sp800-53a is enforced over the set of,free-text,single,What value does your organization use for: class sp800-53a is enforced over the set of?,,
ac-03.03_odp.02,AC-03(03),rev5,"{{ insert: param, ac-03.03_odp.02 }}",class sp800-53a is enforced over the set of,free-text,single,What value does your organization use for: class sp800-53a is enforced over the set of?,,
ac-03.03_odp.01,AC-03(03),rev5,"{{ insert: param, ac-03.03_odp.01 }}",class sp800-53a is uniformly enforced across the covered,duration,single,"What value does your organization use for: class sp800-53a is uniformly enforced across the covered? (answer with a duration, e.g., 30/60/90 days)",30 days | 60 days | 90 days,
ac-03.03_odp.02,AC-03(03),rev5,"{{ insert: param, ac-03.03_odp.02 }}",class sp800-53a is uniformly enforced across the covered,duration,single,"What value does your organization use for: class sp800-53a is uniformly enforced across the covered? (answer with a duration, e.g., 30/60/90 days)",30 days | 60 days | 90 days,
ac-03.03_odp.01,AC-03(03),rev5,"{{ insert: param, ac-03.03_odp.01 }}",class sp800-53a and insert param odp,free-text,single,What value does your organization use for: class sp800-53a and insert param odp?,,
ac-03.03_odp.02,AC-03,rev5,"{{ insert: param, ac-03.03_odp.02 }}",param odp and specifying that subject that has,free-text,single,What value does your organization use for: param odp and specifying that subject that has?,,
ac-03.03_odp.01,AC-03(03),rev5,"{{ insert: param, ac-03.03_odp.01 }}",class sp800-53a and insert param odp,free-text,single,What value does your organization use for: class sp800-53a and insert param odp?,,
ac-03.03_odp.02,AC-03,rev5,"{{ insert: param, ac-03.03_odp.02 }}",param odp and specifying that subject that has,free-text,single,What value does your organization use for: param odp and specifying that subject that has?,,
ac-03.03_odp.01,AC-03(03),rev5,"{{ insert: param, ac-03.03_odp.01 }}",class sp800-53a and insert param odp,free-text,single,What value does your organization use for: class sp800-53a and insert param odp?,,
ac-03.03_odp.02,AC-03,rev5,"{{ insert: param, ac-03.03_odp.02 }}",param odp and specifying that subject that has,free-text,single,What value does your organization use for: param odp and specifying that subject that has?,,
ac-03.03_odp.01,AC-03(03),rev5,"{{ insert: param, ac-03.03_odp.01 }}",class sp800-53a and insert param odp,free-text,single,What value does your organization use for: class sp800-53a and insert param odp?,,
ac-03.03_odp.02,AC-03,rev5,"{{ insert: param, ac-03.03_odp.02 }}",param odp and specifying that subject that has,free-text,single,What value does your organization use for: param odp and specifying that subject that has?,,
ac-03.03_odp.01,AC-03(03),rev5,"{{ insert: param, ac-03.03_odp.01 }}",class sp800-53a and insert param odp,free-text,single,What value does your organization use for: class sp800-53a and insert param odp?,,
ac-03.03_odp.02,AC-03,rev5,"{{ insert: param, ac-03.03_odp.02 }}",param odp and specifying that subject that has,free-text,single,What value does your organization use for: param odp and specifying that subject that has?,,
ac-03.03_odp.01,AC-03(03),rev5,"{{ insert: param, ac-03.03_odp.01 }}",class sp800-53a and insert param odp,free-text,single,What value does your organization use for: class sp800-53a and insert param odp?,,
ac-03.03_odp.02,AC-03,rev5,"{{ insert: param, ac-03.03_odp.02 }}",param odp and specifying that insert param,free-text,single,What value does your organization use for: param odp and specifying that insert param?,,
ac-03.03_odp.03,AC-03,rev5,"{{ insert: param, ac-03.03_odp.03 }}",specifying that may explicitly be granted insert param,free-text,single,What value does your organization use for: specifying that may explicitly be granted insert param?,,
ac-03.03_odp.04,AC-03,rev5,"{{ insert: param, ac-03.03_odp.04 }}",be granted such that they are not limited,free-text,single,What value does your organization use for: be granted such that they are not limited?,,
ac-3.4_prm_1,AC-3,rev5,"{{ insert: param, ac-3.4_prm_1 }}",Enforce over the set of covered subjects,free-text,single,What value does your organization use for: Enforce over the set of covered subjects?,,
ac-03.04_odp.01,AC-03(04),rev5,"{{ insert: param, ac-03.04_odp.01 }}",class sp800-53a is enforced over the set of,free-text,single,What value does your organization use for: class sp800-53a is enforced over the set of?,,
ac-03.04_odp.02,AC-03(04),rev5,"{{ insert: param, ac-03.04_odp.02 }}",class sp800-53a is enforced over the set of,free-text,single,What value does your organization use for: class sp800-53a is enforced over the set of?,,
ac-03.04_odp.01,AC-03(04),rev5,"{{ insert: param, ac-03.04_odp.01 }}",class sp800-53a and insert param odp,free-text,single,What value does your organization use for: class sp800-53a and insert param odp?,,
ac-03.04_odp.02,AC-03,rev5,"{{ insert: param, ac-03.04_odp.02 }}",odp and are enforced where the policy specifies,free-text,single,What value does your organization use for: odp and are enforced where the policy specifies?,,
ac-03.04_odp.01,AC-03(04),rev5,"{{ insert: param, ac-03.04_odp.01 }}",class sp800-53a and insert param odp,free-text,single,What value does your organization use for: class sp800-53a and insert param odp?,,
ac-03.04_odp.02,AC-03,rev5,"{{ insert: param, ac-03.04_odp.02 }}",odp and are enforced where the policy specifies,free-text,single,What value does your organization use for: odp and are enforced where the policy specifies?,,
ac-03.04_odp.01,AC-03(04),rev5,"{{ insert: param, ac-03.04_odp.01 }}",class sp800-53a and insert param odp,free-text,single,What value does your organization use for: class sp800-53a and insert param odp?,,
ac-03.04_odp.02,AC-03,rev5,"{{ insert: param, ac-03.04_odp.02 }}",odp and are enforced where the policy specifies,free-text,single,What value does your organization use for: odp and are enforced where the policy specifies?,,
ac-03.04_odp.01,AC-03(04),rev5,"{{ insert: param, ac-03.04_odp.01 }}",class sp800-53a and insert param odp,free-text,single,What value does your organization use for: class sp800-53a and insert param odp?,,
ac-03.04_odp.02,AC-03,rev5,"{{ insert: param, ac-03.04_odp.02 }}",odp and are enforced where the policy specifies,free-text,single,What value does your organization use for: odp and are enforced where the policy specifies?,,
ac-03.04_odp.01,AC-03(04),rev5,"{{ insert: param, ac-03.04_odp.01 }}",class sp800-53a and insert param odp,free-text,single,What value does your organization use for: class sp800-53a and insert param odp?,,
ac-03.04_odp.02,AC-03,rev5,"{{ insert: param, ac-03.04_odp.02 }}",odp and are enforced where the policy specifies,free-text,single,What value does your organization use for: odp and are enforced where the policy specifies?,,
ac-03.05_odp,AC-3,rev5,"{{ insert: param, ac-03.05_odp }}",access to except during secure non-operable system states,duration,single,"What value does your organization use for: access to except during secure non-operable system states? (answer with a duration, e.g., 30/60/90 days)",30 days | 60 days | 90 days,
ac-03.05_odp,AC-03(05),rev5,"{{ insert: param, ac-03.05_odp }}",access to is prevented except during secure non-operable,free-text,single,What value does your organization use for: access to is prevented except during secure non-operable?,,
ac-3.7_prm_1,AC-3,rev5,"{{ insert: param, ac-3.7_prm_1 }}",and objects and control access based upon,role,single,What value does your organization use for: and objects and control access based upon? (answer with a job title or role),System Administrator | Security Officer,
ac-03.07_odp.01,AC-03(07),rev5,"{{ insert: param, ac-03.07_odp.01 }}",is controlled based on and insert param odp,free-text,single,What value does your organization use for: is controlled based on and insert param odp?,,
ac-03.07_odp.02,AC-03,rev5,"{{ insert: param, ac-03.07_odp.02 }}",insert param odp and links href rel,free-text,single,What value does your organization use for: insert param odp and links href rel?,,
ac-03.08_odp,AC-3,rev5,"{{ insert: param, ac-03.08_odp }}",attributes of subjects and objects based on,free-text,single,What value does your organization use for: attributes of subjects and objects based on?,,
ac-03.08_odp,AC-03(08),rev5,"{{ insert: param, ac-03.08_odp }}",attributes of subjects based on links href rel,free-text,single,What value does your organization use for: attributes of subjects based on links href rel?,,
ac-03.08_odp,AC-03(08),rev5,"{{ insert: param, ac-03.08_odp }}",attributes of objects based on links href rel,free-text,single,What value does your organization use for: attributes of objects based on links href rel?,,
ac-03.09_odp.01,AC-3,rev5,"{{ insert: param, ac-03.09_odp.01 }}",The receiving provides insert param odp,free-text,single,What value does your organization use for: The receiving provides insert param odp?,,
ac-03.09_odp.02,AC-03,rev5,"{{ insert: param, ac-03.09_odp.02 }}",The receiving insert param odp provides and,free-text,single,What value does your organization use for: The receiving insert param odp provides and?,,
ac-03.09_odp.03,AC-3,rev5,"{{ insert: param, ac-03.09_odp.03 }}",are used to validate the appropriateness,free-text,single,What value does your organization use for: are used to validate the appropriateness?,,
ac-03.09_odp.01,AC-03(09),rev5,"{{ insert: param, ac-03.09_odp.01 }}",only if the receiving provides insert param odp,free-text,single,What value does your organization use for: only if the receiving provides insert param odp?,,
ac-03.09_odp.02,AC-03,rev5,"{{ insert: param, ac-03.09_odp.02 }}",receiving insert param odp provides links href,free-text,single,What value does your organization use for: receiving insert param odp provides links href?,,
ac-03.09_odp.03,AC-03(09),rev5,"{{ insert: param, ac-03.09_odp.03 }}",only if are used to validate the appropriateness,free-text,single,What value does your organization use for: only if are used to validate the appropriateness?,,
ac-03.10_odp.01,AC-3,rev5,"{{ insert: param, ac-03.10_odp.01 }}",access control mechanisms under by insert param odp,free-text,single,What value does your organization use for: access control mechanisms under by insert param odp?,,
ac-03.10_odp.02,AC-03,rev5,"{{ insert: param, ac-03.10_odp.02 }}",under insert param odp by,free-text,single,What value does your organization use for: under insert param odp by?,,
ac-03.10_odp.01,AC-03(10),rev5,"{{ insert: param, ac-03.10_odp.01 }}",mechanisms is employed under by insert param odp,free-text,single,What value does your organization use for: mechanisms is employed under by insert param odp?,,
ac-03.10_odp.02,AC-03,rev5,"{{ insert: param, ac-03.10_odp.02 }}",insert param odp by links href rel,free-text,single,What value does your organization use for: insert param odp by links href rel?,,
ac-03.11_odp,AC-3,rev5,"{{ insert: param, ac-03.11_odp }}",Restrict access to data repositories containing,free-text,single,What value does your organization use for: Restrict access to data repositories containing?,,
ac-03.11_odp,AC-03(11),rev5,"{{ insert: param, ac-03.11_odp }}",to data repositories containing is restricted links href,free-text,single,What value does your organization use for: to data repositories containing is restricted links href?,,
ac-03.12_odp,AC-3,rev5,"{{ insert: param, ac-03.12_odp }}",needed to the following system applications and functions,free-text,single,What value does your organization use for: needed to the following system applications and functions?,,
ac-03.12_odp,AC-03(12),rev5,"{{ insert: param, ac-03.12_odp }}",the following system applications and functions links href,free-text,single,What value does your organization use for: the following system applications and functions links href?,,
ac-03.13_odp,AC-3,rev5,"{{ insert: param, ac-03.13_odp }}",and objects and control access based upon,free-text,single,What value does your organization use for: and objects and control access based upon?,,
ac-03.13_odp,AC-03(13),rev5,"{{ insert: param, ac-03.13_odp }}",access is controlled based on links href rel,free-text,single,What value does your organization use for: access is controlled based on links href rel?,,
ac-03.14_odp.01,AC-3,rev5,"{{ insert: param, ac-03.14_odp.01 }}",Provide to enable individuals to have access,free-text,single,What value does your organization use for: Provide to enable individuals to have access?,,
ac-03.14_odp.02,AC-03,rev5,"{{ insert: param, ac-03.14_odp.02 }}",following elements of their personally identifiable information,free-text,single,What value does your organization use for: following elements of their personally identifiable information?,,
ac-03.14_odp.01,AC-03(14),rev5,"{{ insert: param, ac-03.14_odp.01 }}",class sp800-53a are provided to enable individuals to,free-text,single,What value does your organization use for: class sp800-53a are provided to enable individuals to?,,
ac-03.14_odp.02,AC-03,rev5,"{{ insert: param, ac-03.14_odp.02 }}",access to of their personally identifiable information links,free-text,single,What value does your organization use for: access to of their personally identifiable information links?,,
ac-3.15_prm_1,AC-3,rev5,"{{ insert: param, ac-3.15_prm_1 }}",Enforce over the set of covered subjects,free-text,single,What value does your organization use for: Enforce over the set of covered subjects?,,
ac-3.15_prm_2,AC-3,rev5,"{{ insert: param, ac-3.15_prm_2 }}",Enforce over the set of covered subjects,free-text,single,What value does your organization use for: Enforce over the set of covered subjects?,,
ac-03.15_odp.01,AC-03(15),rev5,"{{ insert: param, ac-03.15_odp.01 }}",class sp800-53a is enforced over the set of,free-text,single,What value does your organization use for: class sp800-53a is enforced over the set of?,,
ac-03.15_odp.02,AC-03(15),rev5,"{{ insert: param, ac-03.15_odp.02 }}",class sp800-53a is enforced over the set of,free-text,single,What value does your organization use for: class sp800-53a is enforced over the set of?,,
ac-03.15_odp.03,AC-03(15),rev5,"{{ insert: param, ac-03.15_odp.03 }}",class sp800-53a is enforced over the set of,free-text,single,What value does your organization use for: class sp800-53a is enforced over the set of?,,
ac-03.15_odp.04,AC-03(15),rev5,"{{ insert: param, ac-03.15_odp.04 }}",class sp800-53a is enforced over the set of,free-text,single,What value does your organization use for: class sp800-53a is enforced over the set of?,,
ac-04_odp,AC-4,rev5,"{{ insert: param, ac-04_odp }}",the system and between connected systems based on,duration,single,"What value does your organization use for: the system and between connected systems based on? (answer with a duration, e.g., 30/60/90 days)",30 days | 60 days | 90 days,
ac-04_odp,AC-04,rev5,"{{ insert: param, ac-04_odp }}",connected systems based on links href rel assessment-for,duration,single,"What value does your organization use for: connected systems based on links href rel assessment-for? (answer with a duration, e.g., 30/60/90 days)",30 days | 60 days | 90 days,
ac-4.1_prm_1,AC-4,rev5,"{{ insert: param, ac-4.1_prm_1 }}",required Use associated with insert param,free-text,single,What value does your organization use for: required Use associated with insert param?,,
ac-4.1_prm_2,AC-4,rev5,"{{ insert: param, ac-4.1_prm_2 }}",prm associated with to enforce insert param,free-text,single,What value does your organization use for: prm associated with to enforce insert param?,,
ac-04.01_odp.09,AC-4,rev5,"{{ insert: param, ac-04.01_odp.09 }}",prm to enforce as basis for flow control,free-text,single,What value does your organization use for: prm to enforce as basis for flow control?,,
ac-04.01_odp.01,AC-04(01),rev5,"{{ insert: param, ac-04.01_odp.01 }}",class sp800-53a associated with insert param,free-text,single,What value does your organization use for: class sp800-53a associated with insert param?,,
ac-04.01_odp.03,AC-04,rev5,"{{ insert: param, ac-04.01_odp.03 }}",odp associated with insert param odp,free-text,single,What value does your organization use for: odp associated with insert param odp?,,
ac-04.01_odp.05,AC-04,rev5,"{{ insert: param, ac-04.01_odp.05 }}",insert param odp and insert param odp,free-text,single,What value does your organization use for: insert param odp and insert param odp?,,
ac-04.01_odp.07,AC-04,rev5,"{{ insert: param, ac-04.01_odp.07 }}",odp and are used to enforce insert param,free-text,single,What value does your organization use for: odp and are used to enforce insert param?,,
ac-04.01_odp.09,AC-04,rev5,"{{ insert: param, ac-04.01_odp.09 }}",used to enforce as basis for flow control,free-text,single,What value does your organization use for: used to enforce as basis for flow control?,,
ac-04.01_odp.02,AC-04(01),rev5,"{{ insert: param, ac-04.01_odp.02 }}",class sp800-53a associated with insert param,free-text,single,What value does your organization use for: class sp800-53a associated with insert param?,,
ac-04.01_odp.04,AC-04,rev5,"{{ insert: param, ac-04.01_odp.04 }}",odp associated with insert param odp,free-text,single,What value does your organization use for: odp associated with insert param odp?,,
ac-04.01_odp.06,AC-04,rev5,"{{ insert: param, ac-04.01_odp.06 }}",insert param odp and insert param odp,free-text,single,What value does your organization use for: insert param odp and insert param odp?,,
ac-04.01_odp.08,AC-04,rev5,"{{ insert: param, ac-04.01_odp.08 }}",odp and are used to enforce insert param,free-text,single,What value does your organization use for: odp and are used to enforce insert param?,,
ac-04.01_odp.09,AC-04,rev5,"{{ insert: param, ac-04.01_odp.09 }}",used to enforce as basis for flow control,free-text,single,What value does your organization use for: used to enforce as basis for flow control?,,
ac-04.02_odp,AC-4,rev5,"{{ insert: param, ac-04.02_odp }}",domains to enforce as basis for flow control,duration,single,"What value does your organization use for: domains to enforce as basis for flow control? (answer with a duration, e.g., 30/60/90 days)",30 days | 60 days | 90 days,
ac-04.02_odp,AC-04(02),rev5,"{{ insert: param, ac-04.02_odp }}",used to enforce as basis for flow control,free-text,single,What value does your organization use for: used to enforce as basis for flow control?,,
ac-04.03_odp,AC-4,rev5,"{{ insert: param, ac-04.03_odp }}",related Enforce,free-text,single,What value does your organization use for: related Enforce?,,
ac-04.03_odp,AC-04(03),rev5,"{{ insert: param, ac-04.03_odp }}",assessment-objective class sp800-53a are enforced links href,free-text,single,What value does your organization use for: assessment-objective class sp800-53a are enforced links href?,,
ac-04.04_odp.03,AC-04(04),rev5,"{{ insert: param, ac-04.04_odp.03 }}",communications sessions attempting to pass encrypted information odp,free-text,single,What value does your organization use for: communications sessions attempting to pass encrypted information odp?,,
ac-04.04_odp.01,AC-4,rev5,"{{ insert: param, ac-04.04_odp.01 }}",encrypted information from bypassing by insert param odp,free-text,single,What value does your organization use for: encrypted information from bypassing by insert param odp?,,
ac-04.04_odp.02,AC-04,rev5,"{{ insert: param, ac-04.04_odp.02 }}",bypassing insert param odp by,free-text,single,What value does your organization use for: bypassing insert param odp by?,,
ac-04.04_odp.01,AC-04(04),rev5,"{{ insert: param, ac-04.04_odp.01 }}",is prevented from bypassing by insert param odp,free-text,single,What value does your organization use for: is prevented from bypassing by insert param odp?,,
ac-04.04_odp.02,AC-04,rev5,"{{ insert: param, ac-04.04_odp.02 }}",insert param odp by links href rel,free-text,single,What value does your organization use for: insert param odp by links href rel?,,
ac-04.05_odp,AC-4,rev5,"{{ insert: param, ac-04.05_odp }}",Enforce on embedding data types within other,duration,single,"What value does your organization use for: Enforce on embedding data types within other? (answer with a duration, e.g., 30/60/90 days)",30 days | 60 days | 90 days,
ac-04.05_odp,AC-04(05),rev5,"{{ insert: param, ac-04.05_odp }}",class sp800-53a are enforced on embedding data types,duration,single,"What value does your organization use for: class sp800-53a are enforced on embedding data types? (answer with a duration, e.g., 30/60/90 days)",30 days | 60 days | 90 days,
ac-04.06_odp,AC-4,rev5,"{{ insert: param, ac-04.06_odp }}",Enforce information flow control based on,free-text,single,What value does your organization use for: Enforce information flow control based on?,,
ac-04.06_odp,AC-04(06),rev5,"{{ insert: param, ac-04.06_odp }}",control enforcement is based on links href rel,free-text,single,What value does your organization use for: control enforcement is based on links href rel?,,
ac-4.8_prm_1,AC-4,rev5,"{{ insert: param, ac-4.8_prm_1 }}",flow control using as basis for flow control,free-text,single,What value does your organization use for: flow control using as basis for flow control?,,
ac-4.8_prm_2,AC-4,rev5,"{{ insert: param, ac-4.8_prm_2 }}",as basis for flow control decisions for and,free-text,single,What value does your organization use for: as basis for flow control decisions for and?,,
ac-04.08_odp.05,AC-4,rev5,"{{ insert: param, ac-04.08_odp.05 }}",data after filter processing failure,free-text,single,What value does your organization use for: data after filter processing failure?,,
ac-4.8_prm_4,AC-04,rev5,"{{ insert: param, ac-4.8_prm_4 }}",after filter processing failure in accordance with,free-text,single,What value does your organization use for: after filter processing failure in accordance with?,,
ac-04.08_odp.01,AC-04(08),rev5,"{{ insert: param, ac-04.08_odp.01 }}",is enforced using as basis for flow control,free-text,single,What value does your organization use for: is enforced using as basis for flow control?,,
ac-04.08_odp.03,AC-04,rev5,"{{ insert: param, ac-04.08_odp.03 }}",basis for flow control decisions for links href,free-text,single,What value does your organization use for: basis for flow control decisions for links href?,,
ac-04.08_odp.02,AC-04(08),rev5,"{{ insert: param, ac-04.08_odp.02 }}",is enforced using as basis for flow control,free-text,single,What value does your organization use for: is enforced using as basis for flow control?,,
ac-04.08_odp.04,AC-04,rev5,"{{ insert: param, ac-04.08_odp.04 }}",basis for flow control decisions for links href,free-text,single,What value does your organization use for: basis for flow control decisions for links href?,,
ac-04.08_odp.05,AC-04(08),rev5,"{{ insert: param, ac-04.08_odp.05 }}",class sp800-53a data after filter processing failure,free-text,single,What value does your organization use for: class sp800-53a data after filter processing failure?,,
ac-04.08_odp.06,AC-04,rev5,"{{ insert: param, ac-04.08_odp.06 }}",filter processing failure in accordance with insert param,free-text,single,What value does your organization use for: filter processing failure in accordance with insert param?,,
ac-04.08_odp.05,AC-04,rev5,"{{ insert: param, ac-04.08_odp.05 }}",sp800-53a data after filter processing failure,free-text,single,What value does your organization use for: sp800-53a data after filter processing failure?,,
ac-04.08_odp.07,AC-04,rev5,"{{ insert: param, ac-04.08_odp.07 }}",filter processing failure in accordance with links href,free-text,single,What value does your organization use for: filter processing failure in accordance with links href?,,
ac-04.09_odp.01,AC-4,rev5,"{{ insert: param, ac-04.09_odp.01 }}",reviews for under the following conditions insert param,free-text,single,What value does your organization use for: reviews for under the following conditions insert param?,,
ac-04.09_odp.02,AC-04,rev5,"{{ insert: param, ac-04.09_odp.02 }}",odp under the following conditions,free-text,single,What value does your organization use for: odp under the following conditions?,,
ac-04.09_odp.01,AC-04(09),rev5,"{{ insert: param, ac-04.09_odp.01 }}",reviews are used for under insert param odp,free-text,single,What value does your organization use for: reviews are used for under insert param odp?,,
ac-04.09_odp.02,AC-04,rev5,"{{ insert: param, ac-04.09_odp.02 }}",insert param odp under links href rel,free-text,single,What value does your organization use for: insert param odp under links href rel?,,
ac-4.10_prm_1,AC-4,rev5,"{{ insert: param, ac-4.10_prm_1 }}",and disable under the following conditions insert param,free-text,single,What value does your organization use for: and disable under the following conditions insert param?,,
ac-4.10_prm_2,AC-4,rev5,"{{ insert: param, ac-4.10_prm_2 }}",prm under the following conditions,free-text,single,What value does your organization use for: prm under the following conditions?,,
ac-04.10_odp.01,AC-04(10),rev5,"{{ insert: param, ac-04.10_odp.01 }}",to enable and disable under insert param odp,free-text,single,What value does your organization use for: to enable and disable under insert param odp?,,
ac-04.10_odp.03,AC-04,rev5,"{{ insert: param, ac-04.10_odp.03 }}",insert param odp under links href rel,free-text,single,What value does your organization use for: insert param odp under links href rel?,,
ac-04.10_odp.02,AC-04(10),rev5,"{{ insert: param, ac-04.10_odp.02 }}",to enable and disable under insert param odp,free-text,single,What value does your organization use for: to enable and disable under insert param odp?,,
ac-04.10_odp.04,AC-04,rev5,"{{ insert: param, ac-04.10_odp.04 }}",insert param odp under links href rel,free-text,single,What value does your organization use for: insert param odp under links href rel?,,
ac-4.11_prm_1,AC-4,rev5,"{{ insert: param, ac-4.11_prm_1 }}",to configure to support different security or privacy,free-text,single,What value does your organization use for: to configure to support different security or privacy?,,
ac-04.11_odp.01,AC-04(11),rev5,"{{ insert: param, ac-04.11_odp.01 }}",to configure to support different security or privacy,free-text,single,What value does your organization use for: to configure to support different security or privacy?,,
ac-04.11_odp.02,AC-04(11),rev5,"{{ insert: param, ac-04.11_odp.02 }}",to configure to support different security or privacy,free-text,single,What value does your organization use for: to configure to support different security or privacy?,,
ac-04.12_odp,AC-4,rev5,"{{ insert: param, ac-04.12_odp }}",domains use to validate data essential for information,free-text,single,What value does your organization use for: domains use to validate data essential for information?,,
ac-04.12_odp,AC-04(12),rev5,"{{ insert: param, ac-04.12_odp }}",security domains are used to validate data essential,free-text,single,What value does your organization use for: security domains are used to validate data essential?,,
ac-04.13_odp,AC-4,rev5,"{{ insert: param, ac-04.13_odp }}",information into for submission to policy enforcement mechanisms,free-text,single,What value does your organization use for: information into for submission to policy enforcement mechanisms?,,
ac-04.13_odp,AC-04(13),rev5,"{{ insert: param, ac-04.13_odp }}",decomposed into for submission to policy enforcement mechanisms,free-text,single,What value does your organization use for: decomposed into for submission to policy enforcement mechanisms?,,
ac-4.14_prm_1,AC-4,rev5,"{{ insert: param, ac-4.14_prm_1 }}",domains implement requiring fully enumerated formats that restrict,free-text,single,What value does your organization use for: domains implement requiring fully enumerated formats that restrict?,,
ac-04.14_odp.01,AC-04(14),rev5,"{{ insert: param, ac-04.14_odp.01 }}",domains implemented require fully enumerated formats that restrict,free-text,single,What value does your organization use for: domains implemented require fully enumerated formats that restrict?,,
ac-04.14_odp.02,AC-04(14),rev5,"{{ insert: param, ac-04.14_odp.02 }}",domains implemented require fully enumerated formats that restrict,free-text,single,What value does your organization use for: domains implemented require fully enumerated formats that restrict?,,
ac-04.15_odp.01,AC-4,rev5,"{{ insert: param, ac-04.15_odp.01 }}",presence of and prohibit the transfer of such,free-text,single,What value does your organization use for: presence of and prohibit the transfer of such?,,
ac-4.15_prm_2,AC-04,rev5,"{{ insert: param, ac-4.15_prm_2 }}",of such information in accordance with the,free-text,single,What value does your organization use for: of such information in accordance with the?,,
ac-04.15_odp.01,AC-04(15),rev5,"{{ insert: param, ac-04.15_odp.01 }}",examined for the presence of links href rel,free-text,single,What value does your organization use for: examined for the presence of links href rel?,,
ac-04.15_odp.01,AC-04(15),rev5,"{{ insert: param, ac-04.15_odp.01 }}",transfer of is prohibited in accordance with the,free-text,single,What value does your organization use for: transfer of is prohibited in accordance with the?,,
ac-04.15_odp.02,AC-04,rev5,"{{ insert: param, ac-04.15_odp.02 }}",prohibited in accordance with the links href rel,free-text,single,What value does your organization use for: prohibited in accordance with the links href rel?,,
ac-04.15_odp.01,AC-04(15),rev5,"{{ insert: param, ac-04.15_odp.01 }}",transfer of is prohibited in accordance with the,free-text,single,What value does your organization use for: transfer of is prohibited in accordance with the?,,
ac-04.15_odp.03,AC-04,rev5,"{{ insert: param, ac-04.15_odp.03 }}",prohibited in accordance with the links href rel,free-text,single,What value does your organization use for: prohibited in accordance with the links href rel?,,
ac-04.17_odp,AC-4,rev5,"{{ insert: param, ac-04.17_odp }}",source and destination points by for information transfer,free-text,single,What value does your organization use for: source and destination points by for information transfer?,,
ac-04.17_odp,AC-04(17),rev5,"{{ insert: param, ac-04.17_odp }}",and authenticated by for information transfer links href,free-text,single,What value does your organization use for: and authenticated by for information transfer links href?,,
ac-4.19_prm_1,AC-4,rev5,"{{ insert: param, ac-4.19_prm_1 }}",information between different security domains implement on metadata,free-text,single,What value does your organization use for: information between different security domains implement on metadata?,,
ac-04.19_odp.01,AC-04(19),rev5,"{{ insert: param, ac-04.19_odp.01 }}",security domains are implemented on metadata links href,free-text,single,What value does your organization use for: security domains are implemented on metadata links href?,,
ac-04.19_odp.02,AC-04(19),rev5,"{{ insert: param, ac-04.19_odp.02 }}",security domains are implemented on metadata links href,free-text,single,What value does your organization use for: security domains are implemented on metadata links href?,,
ac-04.20_odp.01,AC-4,rev5,"{{ insert: param, ac-04.20_odp.01 }}",Employ to control the flow of insert,free-text,single,What value does your organization use for: Employ to control the flow of insert?,,
ac-04.20_odp.02,AC-04,rev5,"{{ insert: param, ac-04.20_odp.02 }}",to control the flow of across security domains,free-text,single,What value does your organization use for: to control the flow of across security domains?,,
ac-04.20_odp.01,AC-04(20),rev5,"{{ insert: param, ac-04.20_odp.01 }}",class sp800-53a are employed to control the flow,free-text,single,What value does your organization use for: class sp800-53a are employed to control the flow?,,
ac-04.20_odp.02,AC-04,rev5,"{{ insert: param, ac-04.20_odp.02 }}",the flow of across security domains links href,free-text,single,What value does your organization use for: the flow of across security domains links href?,,
ac-4.21_prm_1,AC-4,rev5,"{{ insert: param, ac-4.21_prm_1 }}",logically or physically using to accomplish insert param,free-text,single,What value does your organization use for: logically or physically using to accomplish insert param?,,
ac-04.21_odp.03,AC-4,rev5,"{{ insert: param, ac-04.21_odp.03 }}",insert param prm to accomplish,free-text,single,What value does your organization use for: insert param prm to accomplish?,,
ac-04.21_odp.01,AC-04(21),rev5,"{{ insert: param, ac-04.21_odp.01 }}",are separated logically using to accomplish insert param,free-text,single,What value does your organization use for: are separated logically using to accomplish insert param?,,
ac-04.21_odp.03,AC-04,rev5,"{{ insert: param, ac-04.21_odp.03 }}",param odp to accomplish links href rel,free-text,single,What value does your organization use for: param odp to accomplish links href rel?,,
ac-04.21_odp.02,AC-04(21),rev5,"{{ insert: param, ac-04.21_odp.02 }}",are separated physically using to accomplish insert param,free-text,single,What value does your organization use for: are separated physically using to accomplish insert param?,,
ac-04.21_odp.03,AC-04,rev5,"{{ insert: param, ac-04.21_odp.03 }}",param odp to accomplish links href rel,free-text,single,What value does your organization use for: param odp to accomplish links href rel?,,
ac-04.23_odp,AC-4,rev5,"{{ insert: param, ac-04.23_odp }}",security domains modify non-releasable information by implementing,free-text,single,What value does your organization use for: security domains modify non-releasable information by implementing?,,
ac-04.23_odp,AC-04(23),rev5,"{{ insert: param, ac-04.23_odp }}",information is modified by implementing links href rel,free-text,single,What value does your organization use for: information is modified by implementing links href rel?,,
ac-04.25_odp.01,AC-4,rev5,"{{ insert: param, ac-04.25_odp.01 }}",data to minimize in accordance with insert param,free-text,single,What value does your organization use for: data to minimize in accordance with insert param?,,
ac-04.25_odp.02,AC-04,rev5,"{{ insert: param, ac-04.25_odp.02 }}",param odp in accordance with,free-text,single,What value does your organization use for: param odp in accordance with?,,
ac-04.25_odp.01,AC-04(25),rev5,"{{ insert: param, ac-04.25_odp.01 }}",sanitized to minimize in accordance with insert param,free-text,single,What value does your organization use for: sanitized to minimize in accordance with insert param?,,
ac-04.25_odp.02,AC-04,rev5,"{{ insert: param, ac-04.25_odp.02 }}",odp in accordance with links href rel,free-text,single,What value does your organization use for: odp in accordance with links href rel?,,
ac-04.29_odp,AC-4,rev5,"{{ insert: param, ac-04.29_odp }}",in the correct order and comply with,free-text,single,What value does your organization use for: in the correct order and comply with?,,
ac-04.29_odp,AC-04(29),rev5,"{{ insert: param, ac-04.29_odp }}",ensure that content-filtering actions comply with links href,free-text,single,What value does your organization use for: ensure that content-filtering actions comply with links href?,,
ac-05_odp,AC-5,rev5,"{{ insert: param, ac-05_odp }}",Identify and document and,free-text,single,What value does your organization use for: Identify and document and?,,
ac-05_odp,AC-05,rev5,"{{ insert: param, ac-05_odp }}",class sp800-53a are identified and documented links href,free-text,single,What value does your organization use for: class sp800-53a are identified and documented links href?,,
ac-06.01_odp.01,AC-6,rev5,"{{ insert: param, ac-06.01_odp.01 }}",Authorize access for to,free-text,single,What value does your organization use for: Authorize access for to?,,
ac-6.1_prm_2,AC-6,rev5,"{{ insert: param, ac-6.1_prm_2 }}",and,free-text,single,What value does your organization use for: and?,,
ac-06.01_odp.05,AC-6,rev5,"{{ insert: param, ac-06.01_odp.05 }}",organization-defined value,free-text,single,What value does your organization use for: organization-defined?,,
ac-06.01_odp.01,AC-06(01),rev5,"{{ insert: param, ac-06.01_odp.01 }}",access is authorized for to insert param odp,free-text,single,What value does your organization use for: access is authorized for to insert param odp?,,
ac-06.01_odp.02,AC-06,rev5,"{{ insert: param, ac-06.01_odp.02 }}",for insert param odp to links href,free-text,single,What value does your organization use for: for insert param odp to links href?,,
ac-06.01_odp.01,AC-06(01),rev5,"{{ insert: param, ac-06.01_odp.01 }}",access is authorized for to insert param odp,free-text,single,What value does your organization use for: access is authorized for to insert param odp?,,
ac-06.01_odp.03,AC-06,rev5,"{{ insert: param, ac-06.01_odp.03 }}",for insert param odp to links href,free-text,single,What value does your organization use for: for insert param odp to links href?,,
ac-06.01_odp.01,AC-06(01),rev5,"{{ insert: param, ac-06.01_odp.01 }}",access is authorized for to insert param odp,free-text,single,What value does your organization use for: access is authorized for to insert param odp?,,
ac-06.01_odp.04,AC-06,rev5,"{{ insert: param, ac-06.01_odp.04 }}",for insert param odp to links href,free-text,single,What value does your organization use for: for insert param odp to links href?,,
ac-06.01_odp.01,AC-06(01),rev5,"{{ insert: param, ac-06.01_odp.01 }}",access is authorized for to insert param odp,free-text,single,What value does your organization use for: access is authorized for to insert param odp?,,
ac-06.01_odp.05,AC-06,rev5,"{{ insert: param, ac-06.01_odp.05 }}",for insert param odp to links href,free-text,single,What value does your organization use for: for insert param odp to links href?,,
ac-06.02_odp,AC-6,rev5,"{{ insert: param, ac-06.02_odp }}",access to use non-privileged accounts or roles when,role,single,What value does your organization use for: access to use non-privileged accounts or roles when? (answer with a job title or role),System Administrator | Security Officer,
ac-06.02_odp,AC-06(02),rev5,"{{ insert: param, ac-06.02_odp }}",access to are required to use non-privileged accounts,role,single,What value does your organization use for: access to are required to use non-privileged accounts? (answer with a job title or role),System Administrator | Security Officer,
ac-06.03_odp.01,AC-6,rev5,"{{ insert: param, ac-06.03_odp.01 }}",Authorize network access to only for insert param,free-text,single,What value does your organization use for: Authorize network access to only for insert param?,,
ac-06.03_odp.02,AC-06,rev5,"{{ insert: param, ac-06.03_odp.02 }}",only for and document the rationale for such,free-text,single,What value does your organization use for: only for and document the rationale for such?,,
ac-06.03_odp.01,AC-06(03),rev5,"{{ insert: param, ac-06.03_odp.01 }}",access to is authorized only for insert param,free-text,single,What value does your organization use for: access to is authorized only for insert param?,,
ac-06.03_odp.02,AC-06,rev5,"{{ insert: param, ac-06.03_odp.02 }}",odp is authorized only for links href rel,free-text,single,What value does your organization use for: odp is authorized only for links href rel?,,
ac-06.05_odp,AC-6,rev5,"{{ insert: param, ac-06.05_odp }}",Personnel or roles permitted privileged accounts,free-text,single,To which personnel or roles does your organization restrict privileged accounts on the system?,,
ac-06.05_odp,AC-06(05),rev5,"{{ insert: param, ac-06.05_odp }}",Personnel or roles permitted privileged accounts,free-text,single,To which personnel or roles does your organization restrict privileged accounts on the system?,,
ac-06.07_odp.01,AC-6,rev5,"{{ insert: param, ac-06.07_odp.01 }}",Review the privileges assigned to insert param,free-text,single,What value does your organization use for: Review the privileges assigned to insert param?,,
ac-06.07_odp.02,AC-06,rev5,"{{ insert: param, ac-06.07_odp.02 }}",assigned to to validate the need for such,free-text,single,What value does your organization use for: assigned to to validate the need for such?,,
ac-06.07_odp.02,AC-06(07),rev5,"{{ insert: param, ac-06.07_odp.02 }}",sp800-53a privileges assigned to are reviewed insert param,free-text,single,What value does your organization use for: sp800-53a privileges assigned to are reviewed insert param?,,
ac-06.07_odp.01,AC-06,rev5,"{{ insert: param, ac-06.07_odp.01 }}",are reviewed to validate the need for such,free-text,single,What value does your organization use for: are reviewed to validate the need for such?,,
ac-06.08_odp,AC-6,rev5,"{{ insert: param, ac-06.08_odp }}",privilege levels than users executing the software,free-text,single,What value does your organization use for: privilege levels than users executing the software?,,
ac-06.08_odp,AC-06(08),rev5,"{{ insert: param, ac-06.08_odp }}",class sp800-53a is prevented from executing at higher,free-text,single,What value does your organization use for: class sp800-53a is prevented from executing at higher?,,
ac-07_odp.04,AC-07,rev5,"{{ insert: param, ac-07_odp.04 }}",node for lock the account or node until,frequency,single,"What value does your organization use for: node for lock the account or node until? (answer with a frequency, e.g., daily/weekly/monthly)",daily | weekly | monthly | quarterly,
ac-07_odp.05,AC-07,rev5,"{{ insert: param, ac-07_odp.05 }}",prompt per notify system administrator take other insert,frequency,single,"What value does your organization use for: prompt per notify system administrator take other insert? (answer with a frequency, e.g., daily/weekly/monthly)",daily | weekly | monthly | quarterly,
ac-07_odp.06,AC-07,rev5,"{{ insert: param, ac-07_odp.06 }}",param odp notify system administrator take other odp,frequency,single,"What value does your organization use for: param odp notify system administrator take other odp? (answer with a frequency, e.g., daily/weekly/monthly)",daily | weekly | monthly | quarterly,
ac-07_odp.01,AC-7,rev5,"{{ insert: param, ac-07_odp.01 }}",Enforce limit of consecutive invalid logon attempts by,free-text,single,What value does your organization use for: Enforce limit of consecutive invalid logon attempts by?,,
ac-07_odp.02,AC-07,rev5,"{{ insert: param, ac-07_odp.02 }}",consecutive invalid logon attempts by user during and,free-text,single,What value does your organization use for: consecutive invalid logon attempts by user during and?,,
ac-07_odp.03,AC-7,rev5,"{{ insert: param, ac-07_odp.03 }}",Automatically when the maximum number of unsuccessful,threshold,single,"What value does your organization use for: Automatically when the maximum number of unsuccessful? (answer with a threshold, e.g., count/percent/time)",5 failed login attempts | 24 hours | 90%,
ac-07_odp.01,AC-07,rev5,"{{ insert: param, ac-07_odp.01 }}",sp800-53a limit of consecutive invalid logon attempts by,free-text,single,What value does your organization use for: sp800-53a limit of consecutive invalid logon attempts by?,,
ac-07_odp.02,AC-07,rev5,"{{ insert: param, ac-07_odp.02 }}",attempts by user during is enforced links href,free-text,single,What value does your organization use for: attempts by user during is enforced links href?,,
ac-07_odp.03,AC-07,rev5,"{{ insert: param, ac-07_odp.03 }}",sp800-53a automatically when the maximum number of unsuccessful,threshold,single,"What value does your organization use for: sp800-53a automatically when the maximum number of unsuccessful? (answer with a threshold, e.g., count/percent/time)",5 failed login attempts | 24 hours | 90%,
ac-07.02_odp.01,AC-7,rev5,"{{ insert: param, ac-07.02_odp.01 }}",or wipe information from based on insert param,free-text,single,What value does your organization use for: or wipe information from based on insert param?,,
ac-07.02_odp.02,AC-07,rev5,"{{ insert: param, ac-07.02_odp.02 }}",odp based on after insert param odp,free-text,single,What value does your organization use for: odp based on after insert param odp?,,
ac-07.02_odp.03,AC-07,rev5,"{{ insert: param, ac-07.02_odp.03 }}",param odp after consecutive unsuccessful device logon attempts,free-text,single,What value does your organization use for: param odp after consecutive unsuccessful device logon attempts?,,
ac-07.02_odp.01,AC-07(02),rev5,"{{ insert: param, ac-07.02_odp.01 }}",purged or wiped from based on insert param,free-text,single,What value does your organization use for: purged or wiped from based on insert param?,,
ac-07.02_odp.02,AC-07,rev5,"{{ insert: param, ac-07.02_odp.02 }}",odp based on after insert param odp,free-text,single,What value does your organization use for: odp based on after insert param odp?,,
ac-07.02_odp.03,AC-07,rev5,"{{ insert: param, ac-07.02_odp.03 }}",odp after consecutive unsuccessful device logon attempts links,free-text,single,What value does your organization use for: odp after consecutive unsuccessful device logon attempts links?,,
ac-07.03_odp,AC-7,rev5,"{{ insert: param, ac-07.03_odp }}",number of unsuccessful biometric logon attempts to,threshold,list,"What value does your organization use for: number of unsuccessful biometric logon attempts to? (answer with a threshold, e.g., count/percent/time)",5 failed login attempts | 24 hours | 90%,
ac-07.03_odp,AC-07(03),rev5,"{{ insert: param, ac-07.03_odp }}",logon attempts are limited to links href rel,free-text,single,What value does your organization use for: logon attempts are limited to links href rel?,,
ac-07.04_odp.01,AC-7,rev5,"{{ insert: param, ac-07.04_odp.01 }}",use of that are different from the primary,threshold,single,"What value does your organization use for: use of that are different from the primary? (answer with a threshold, e.g., count/percent/time)",5 failed login attempts | 24 hours | 90%,
ac-07.04_odp.02,AC-7,rev5,"{{ insert: param, ac-07.04_odp.02 }}",limit of consecutive invalid logon attempts through use,free-text,single,What value does your organization use for: limit of consecutive invalid logon attempts through use?,,
ac-07.04_odp.03,AC-07,rev5,"{{ insert: param, ac-07.04_odp.03 }}",of the alternative factors by user during,free-text,single,What value does your organization use for: of the alternative factors by user during?,,
ac-07.04_odp.01,AC-07(04),rev5,"{{ insert: param, ac-07.04_odp.01 }}",class sp800-53a that are different from the primary,threshold,single,"What value does your organization use for: class sp800-53a that are different from the primary? (answer with a threshold, e.g., count/percent/time)",5 failed login attempts | 24 hours | 90%,
ac-07.04_odp.02,AC-07(04),rev5,"{{ insert: param, ac-07.04_odp.02 }}",limit of consecutive invalid logon attempts through the,free-text,single,What value does your organization use for: limit of consecutive invalid logon attempts through the?,,
ac-07.04_odp.03,AC-07,rev5,"{{ insert: param, ac-07.04_odp.03 }}",by the user during is enforced links href,free-text,single,What value does your organization use for: by the user during is enforced links href?,,
ac-08_odp.01,AC-8,rev5,"{{ insert: param, ac-08_odp.01 }}",Display to users before granting access to,free-text,single,What value does your organization use for: Display to users before granting access to?,,
ac-08_odp.02,AC-8,rev5,"{{ insert: param, ac-08_odp.02 }}",use information before granting further access to the,free-text,single,What value does your organization use for: use information before granting further access to the?,,
ac-08_odp.01,AC-08,rev5,"{{ insert: param, ac-08_odp.01 }}",class sp800-53a is displayed to users before granting,free-text,single,What value does your organization use for: class sp800-53a is displayed to users before granting?,,
ac-08_odp.02,AC-08,rev5,"{{ insert: param, ac-08_odp.02 }}",use information is displayed before granting further access,free-text,single,What value does your organization use for: use information is displayed before granting further access?,,
ac-09.02_odp.01,AC-9,rev5,"{{ insert: param, ac-09.02_odp.01 }}",of the number of during insert param odp,threshold,single,"What value does your organization use for: of the number of during insert param odp? (answer with a threshold, e.g., count/percent/time)",5 failed login attempts | 24 hours | 90%,
ac-09.02_odp.02,AC-09,rev5,"{{ insert: param, ac-09.02_odp.02 }}",of insert param odp during,duration,single,"What value does your organization use for: of insert param odp during? (answer with a duration, e.g., 30/60/90 days)",30 days | 60 days | 90 days,
ac-09.02_odp.01,AC-09(02),rev5,"{{ insert: param, ac-09.02_odp.01 }}",of the number of during insert param odp,threshold,single,"What value does your organization use for: of the number of during insert param odp? (answer with a threshold, e.g., count/percent/time)",5 failed login attempts | 24 hours | 90%,
ac-09.02_odp.02,AC-09,rev5,"{{ insert: param, ac-09.02_odp.02 }}",insert param odp during links href rel,threshold,single,"What value does your organization use for: insert param odp during links href rel? (answer with a threshold, e.g., count/percent/time)",5 failed login attempts | 24 hours | 90%,
ac-09.03_odp.01,AC-9,rev5,"{{ insert: param, ac-09.03_odp.01 }}",logon of changes to during insert param odp,free-text,single,What value does your organization use for: logon of changes to during insert param odp?,,
ac-09.03_odp.02,AC-09,rev5,"{{ insert: param, ac-09.03_odp.02 }}",to insert param odp during,duration,single,"What value does your organization use for: to insert param odp during? (answer with a duration, e.g., 30/60/90 days)",30 days | 60 days | 90 days,
ac-09.03_odp.01,AC-09(03),rev5,"{{ insert: param, ac-09.03_odp.01 }}",logon of changes to during insert param odp,free-text,single,What value does your organization use for: logon of changes to during insert param odp?,,
ac-09.03_odp.02,AC-09,rev5,"{{ insert: param, ac-09.03_odp.02 }}",insert param odp during links href rel,free-text,single,What value does your organization use for: insert param odp during links href rel?,,
ac-09.04_odp,AC-9,rev5,"{{ insert: param, ac-09.04_odp }}",successful logon of the following additional information,free-text,single,What value does your organization use for: successful logon of the following additional information?,,
ac-09.04_odp,AC-09(04),rev5,"{{ insert: param, ac-09.04_odp }}",notified upon successful logon of links href rel,free-text,single,What value does your organization use for: notified upon successful logon of links href rel?,,
ac-10_odp.01,AC-10,rev5,"{{ insert: param, ac-10_odp.01 }}",concurrent sessions for each to insert param odp,threshold,single,"What value does your organization use for: concurrent sessions for each to insert param odp? (answer with a threshold, e.g., count/percent/time)",5 failed login attempts | 24 hours | 90%,
ac-10_odp.02,AC-10,rev5,"{{ insert: param, ac-10_odp.02 }}",sessions for each insert param odp to,threshold,single,"What value does your organization use for: sessions for each insert param odp to? (answer with a threshold, e.g., count/percent/time)",5 failed login attempts | 24 hours | 90%,
ac-10_odp.01,AC-10,rev5,"{{ insert: param, ac-10_odp.01 }}",sessions for each is limited to insert param,threshold,single,"What value does your organization use for: sessions for each is limited to insert param? (answer with a threshold, e.g., count/percent/time)",5 failed login attempts | 24 hours | 90%,
ac-10_odp.02,AC-10,rev5,"{{ insert: param, ac-10_odp.02 }}",odp is limited to links href rel assessment-for,threshold,single,"What value does your organization use for: odp is limited to links href rel assessment-for? (answer with a threshold, e.g., count/percent/time)",5 failed login attempts | 24 hours | 90%,
ac-11_odp.02,AC-11,rev5,"{{ insert: param, ac-11_odp.02 }}",lock after of inactivity requiring the user to,free-text,single,What value does your organization use for: lock after of inactivity requiring the user to?,,
ac-11_odp.01,AC-11,rev5,"{{ insert: param, ac-11_odp.01 }}",Prevent further access to the system by and,free-text,single,What value does your organization use for: Prevent further access to the system by and?,,
ac-11_odp.01,AC-11,rev5,"{{ insert: param, ac-11_odp.01 }}",the system is prevented by links href rel,free-text,single,What value does your organization use for: the system is prevented by links href rel?,,
ac-12_odp,AC-12,rev5,"{{ insert: param, ac-12_odp }}",Automatically terminate user session after,free-text,single,What value does your organization use for: Automatically terminate user session after?,,
ac-12_odp,AC-12,rev5,"{{ insert: param, ac-12_odp }}",is automatically terminated after links href rel assessment-for,free-text,single,What value does your organization use for: is automatically terminated after links href rel assessment-for?,,
ac-12.01_odp,AC-12,rev5,"{{ insert: param, ac-12.01_odp }}",authentication is used to gain access to,free-text,single,What value does your organization use for: authentication is used to gain access to?,,
ac-12.01_odp,AC-12(01),rev5,"{{ insert: param, ac-12.01_odp }}",used to gain access to links href rel,free-text,single,What value does your organization use for: used to gain access to links href rel?,,
ac-12.03_odp,AC-12,rev5,"{{ insert: param, ac-12.03_odp }}",indicating that the session will end in,free-text,single,What value does your organization use for: indicating that the session will end in?,,
ac-12.03_odp,AC-12(03),rev5,"{{ insert: param, ac-12.03_odp }}",the session will end in links href rel,free-text,single,What value does your organization use for: the session will end in links href rel?,,
ac-14_odp,AC-14,rev5,"{{ insert: param, ac-14_odp }}",Identify that can be performed on the,free-text,single,What value does your organization use for: Identify that can be performed on the?,,
ac-14_odp,AC-14,rev5,"{{ insert: param, ac-14_odp }}",class sp800-53a that can be performed on the,free-text,single,What value does your organization use for: class sp800-53a that can be performed on the?,,
ac-16_prm_1,AC-16,rev5,"{{ insert: param, ac-16_prm_1 }}",the means to associate with insert param prm,free-text,single,What value does your organization use for: the means to associate with insert param prm?,,
ac-16_prm_2,AC-16,rev5,"{{ insert: param, ac-16_prm_2 }}",prm with for information in storage in process,free-text,single,What value does your organization use for: prm with for information in storage in process?,,
ac-16_prm_3,AC-16,rev5,"{{ insert: param, ac-16_prm_3 }}",attributes defined in AC-16a for insert param prm,free-text,single,What value does your organization use for: attributes defined in AC-16a for insert param prm?,,
ac-16_prm_4,AC-16,rev5,"{{ insert: param, ac-16_prm_4 }}",AC-16a for insert param prm,free-text,single,What value does your organization use for: AC-16a for insert param prm?,,
ac-16_odp.09,AC-16,rev5,"{{ insert: param, ac-16_odp.09 }}",or ranges for each of the established attributes,free-text,single,What value does your organization use for: or ranges for each of the established attributes?,,
ac-16_prm_6,AC-16,rev5,"{{ insert: param, ac-16_prm_6 }}",Review for applicability insert param prm,duration,single,"What value does your organization use for: Review for applicability insert param prm? (answer with a duration, e.g., 30/60/90 days)",30 days | 60 days | 90 days,
ac-16_prm_7,AC-16,rev5,"{{ insert: param, ac-16_prm_7 }}",Review insert param prm for applicability,duration,single,"What value does your organization use for: Review insert param prm for applicability? (answer with a duration, e.g., 30/60/90 days)",30 days | 60 days | 90 days,
ac-16_odp.01,AC-16,rev5,"{{ insert: param, ac-16_odp.01 }}",the means to associate with insert param odp,free-text,single,What value does your organization use for: the means to associate with insert param odp?,,
ac-16_odp.03,AC-16,rev5,"{{ insert: param, ac-16_odp.03 }}",odp with for information in storage in process,free-text,single,What value does your organization use for: odp with for information in storage in process?,,
ac-16_odp.02,AC-16,rev5,"{{ insert: param, ac-16_odp.02 }}",the means to associate with insert param odp,free-text,single,What value does your organization use for: the means to associate with insert param odp?,,
ac-16_odp.04,AC-16,rev5,"{{ insert: param, ac-16_odp.04 }}",odp with for information in storage in process,free-text,single,What value does your organization use for: odp with for information in storage in process?,,
ac-16_odp.05,AC-16,rev5,"{{ insert: param, ac-16_odp.05 }}",defined in ODP for insert param odp links,free-text,single,What value does your organization use for: defined in ODP for insert param odp links?,,
ac-16_odp.07,AC-16,rev5,"{{ insert: param, ac-16_odp.07 }}",ODP for insert param odp links href rel,free-text,single,What value does your organization use for: ODP for insert param odp links href rel?,,
ac-16_odp.06,AC-16,rev5,"{{ insert: param, ac-16_odp.06 }}",defined in ODP for insert param odp links,free-text,single,What value does your organization use for: defined in ODP for insert param odp links?,,
ac-16_odp.08,AC-16,rev5,"{{ insert: param, ac-16_odp.08 }}",ODP for insert param odp links href rel,free-text,single,What value does your organization use for: ODP for insert param odp links href rel?,,
ac-16_odp.09,AC-16,rev5,"{{ insert: param, ac-16_odp.09 }}",the established attributes are determined links href rel,free-text,single,What value does your organization use for: the established attributes are determined links href rel?,,
ac-16_odp.07,AC-16,rev5,"{{ insert: param, ac-16_odp.07 }}",class sp800-53a are reviewed for applicability insert param,free-text,single,What value does your organization use for: class sp800-53a are reviewed for applicability insert param?,,
ac-16_odp.10,AC-16,rev5,"{{ insert: param, ac-16_odp.10 }}",odp are reviewed for applicability links href rel,free-text,single,What value does your organization use for: odp are reviewed for applicability links href rel?,,
ac-16_odp.08,AC-16,rev5,"{{ insert: param, ac-16_odp.08 }}",class sp800-53a are reviewed for applicability insert param,free-text,single,What value does your organization use for: class sp800-53a are reviewed for applicability insert param?,,
ac-16_odp.11,AC-16,rev5,"{{ insert: param, ac-16_odp.11 }}",odp are reviewed for applicability links href rel,free-text,single,What value does your organization use for: odp are reviewed for applicability links href rel?,,
ac-16.1_prm_1,AC-16,rev5,"{{ insert: param, ac-16.1_prm_1 }}",attributes with in accordance with the following security,free-text,single,What value does your organization use for: attributes with in accordance with the following security?,,
ac-16.1_prm_2,AC-16,rev5,"{{ insert: param, ac-16.1_prm_2 }}",policies as information is created and combined,free-text,single,What value does your organization use for: policies as information is created and combined?,,
ac-16.01_odp.01,AC-16(01),rev5,"{{ insert: param, ac-16.01_odp.01 }}",associated with in accordance with the following security,free-text,single,What value does your organization use for: associated with in accordance with the following security?,,
ac-16.01_odp.05,AC-16,rev5,"{{ insert: param, ac-16.01_odp.05 }}",information is created and combined links href rel,free-text,single,What value does your organization use for: information is created and combined links href rel?,,
ac-16.01_odp.02,AC-16(01),rev5,"{{ insert: param, ac-16.01_odp.02 }}",associated with in accordance with the following security,free-text,single,What value does your organization use for: associated with in accordance with the following security?,,
ac-16.01_odp.05,AC-16,rev5,"{{ insert: param, ac-16.01_odp.05 }}",information is created and combined links href rel,free-text,single,What value does your organization use for: information is created and combined links href rel?,,
ac-16.01_odp.03,AC-16(01),rev5,"{{ insert: param, ac-16.01_odp.03 }}",associated with in accordance with the following privacy,free-text,single,What value does your organization use for: associated with in accordance with the following privacy?,,
ac-16.01_odp.06,AC-16,rev5,"{{ insert: param, ac-16.01_odp.06 }}",information is created and combined links href rel,free-text,single,What value does your organization use for: information is created and combined links href rel?,,
ac-16.01_odp.04,AC-16(01),rev5,"{{ insert: param, ac-16.01_odp.04 }}",associated with in accordance with the following privacy,free-text,single,What value does your organization use for: associated with in accordance with the following privacy?,,
ac-16.01_odp.06,AC-16,rev5,"{{ insert: param, ac-16.01_odp.06 }}",information is created and combined links href rel,free-text,single,What value does your organization use for: information is created and combined links href rel?,,
ac-16.3_prm_1,AC-16,rev5,"{{ insert: param, ac-16.3_prm_1 }}",association and integrity of to insert param prm,free-text,single,What value does your organization use for: association and integrity of to insert param prm?,,
ac-16.3_prm_2,AC-16,rev5,"{{ insert: param, ac-16.3_prm_2 }}",of insert param prm to,free-text,single,What value does your organization use for: of insert param prm to?,,
ac-16.03_odp.01,AC-16(03),rev5,"{{ insert: param, ac-16.03_odp.01 }}",association and integrity of to insert param odp,free-text,single,What value does your organization use for: association and integrity of to insert param odp?,,
ac-16.03_odp.03,AC-16,rev5,"{{ insert: param, ac-16.03_odp.03 }}",param odp to is maintained links href,free-text,single,What value does your organization use for: param odp to is maintained links href?,,
ac-16.03_odp.01,AC-16(03),rev5,"{{ insert: param, ac-16.03_odp.01 }}",association and integrity of to insert param odp,free-text,single,What value does your organization use for: association and integrity of to insert param odp?,,
ac-16.03_odp.04,AC-16,rev5,"{{ insert: param, ac-16.03_odp.04 }}",param odp to is maintained links href,free-text,single,What value does your organization use for: param odp to is maintained links href?,,
ac-16.03_odp.02,AC-16(03),rev5,"{{ insert: param, ac-16.03_odp.02 }}",association and integrity of to insert param odp,free-text,single,What value does your organization use for: association and integrity of to insert param odp?,,
ac-16.03_odp.05,AC-16,rev5,"{{ insert: param, ac-16.03_odp.05 }}",param odp to is maintained links href,free-text,single,What value does your organization use for: param odp to is maintained links href?,,
ac-16.03_odp.02,AC-16(03),rev5,"{{ insert: param, ac-16.03_odp.02 }}",association and integrity of to insert param odp,free-text,single,What value does your organization use for: association and integrity of to insert param odp?,,
ac-16.03_odp.06,AC-16,rev5,"{{ insert: param, ac-16.03_odp.06 }}",param odp to is maintained links href,free-text,single,What value does your organization use for: param odp to is maintained links href?,,
ac-16.4_prm_1,AC-16,rev5,"{{ insert: param, ac-16.4_prm_1 }}",the capability to associate with insert param prm,free-text,single,What value does your organization use for: the capability to associate with insert param prm?,,
ac-16.4_prm_2,AC-16,rev5,"{{ insert: param, ac-16.4_prm_2 }}",prm with by authorized individuals or processes acting,free-text,single,What value does your organization use for: prm with by authorized individuals or processes acting?,,
ac-16.04_odp.01,AC-16(04),rev5,"{{ insert: param, ac-16.04_odp.01 }}",the capability to associate with insert param odp,free-text,single,What value does your organization use for: the capability to associate with insert param odp?,,
ac-16.04_odp.05,AC-16,rev5,"{{ insert: param, ac-16.04_odp.05 }}",insert param odp with links href rel,free-text,single,What value does your organization use for: insert param odp with links href rel?,,
ac-16.04_odp.02,AC-16(04),rev5,"{{ insert: param, ac-16.04_odp.02 }}",the capability to associate with insert param odp,free-text,single,What value does your organization use for: the capability to associate with insert param odp?,,
ac-16.04_odp.06,AC-16,rev5,"{{ insert: param, ac-16.04_odp.06 }}",insert param odp with links href rel,free-text,single,What value does your organization use for: insert param odp with links href rel?,,
ac-16.04_odp.03,AC-16(04),rev5,"{{ insert: param, ac-16.04_odp.03 }}",the capability to associate with insert param odp,free-text,single,What value does your organization use for: the capability to associate with insert param odp?,,
ac-16.04_odp.07,AC-16,rev5,"{{ insert: param, ac-16.04_odp.07 }}",insert param odp with links href rel,free-text,single,What value does your organization use for: insert param odp with links href rel?,,
ac-16.04_odp.04,AC-16(04),rev5,"{{ insert: param, ac-16.04_odp.04 }}",the capability to associate with insert param odp,free-text,single,What value does your organization use for: the capability to associate with insert param odp?,,
ac-16.04_odp.08,AC-16,rev5,"{{ insert: param, ac-16.04_odp.08 }}",insert param odp with links href rel,free-text,single,What value does your organization use for: insert param odp with links href rel?,,
ac-16.05_odp.01,AC-16,rev5,"{{ insert: param, ac-16.05_odp.01 }}",output devices to identify using insert param odp,free-text,single,What value does your organization use for: output devices to identify using insert param odp?,,
ac-16.05_odp.02,AC-16,rev5,"{{ insert: param, ac-16.05_odp.02 }}",identify insert param odp using,free-text,single,What value does your organization use for: identify insert param odp using?,,
ac-16.05_odp.01,AC-16(05),rev5,"{{ insert: param, ac-16.05_odp.01 }}",output devices to identify using insert param odp,free-text,single,What value does your organization use for: output devices to identify using insert param odp?,,
ac-16.05_odp.02,AC-16,rev5,"{{ insert: param, ac-16.05_odp.02 }}",insert param odp using links href rel,free-text,single,What value does your organization use for: insert param odp using links href rel?,,
ac-16.05_odp.01,AC-16(05),rev5,"{{ insert: param, ac-16.05_odp.01 }}",output devices to identify using insert param odp,free-text,single,What value does your organization use for: output devices to identify using insert param odp?,,
ac-16.05_odp.02,AC-16,rev5,"{{ insert: param, ac-16.05_odp.02 }}",insert param odp using links href rel,free-text,single,What value does your organization use for: insert param odp using links href rel?,,
ac-16.6_prm_1,AC-16,rev5,"{{ insert: param, ac-16.6_prm_1 }}",maintain the association of with insert param prm,free-text,single,What value does your organization use for: maintain the association of with insert param prm?,,
ac-16.6_prm_2,AC-16,rev5,"{{ insert: param, ac-16.6_prm_2 }}",param prm with in accordance with insert param,free-text,single,What value does your organization use for: param prm with in accordance with insert param?,,
ac-16.6_prm_3,AC-16,rev5,"{{ insert: param, ac-16.6_prm_3 }}",param prm in accordance with,free-text,single,What value does your organization use for: param prm in accordance with?,,
ac-16.06_odp.01,AC-16(06),rev5,"{{ insert: param, ac-16.06_odp.01 }}",maintain the association of with insert param odp,free-text,single,What value does your organization use for: maintain the association of with insert param odp?,,
ac-16.06_odp.05,AC-16,rev5,"{{ insert: param, ac-16.06_odp.05 }}",param odp with in accordance with insert param,free-text,single,What value does your organization use for: param odp with in accordance with insert param?,,
ac-16.06_odp.09,AC-16,rev5,"{{ insert: param, ac-16.06_odp.09 }}",odp in accordance with links href rel,free-text,single,What value does your organization use for: odp in accordance with links href rel?,,
ac-16.06_odp.02,AC-16(06),rev5,"{{ insert: param, ac-16.06_odp.02 }}",maintain the association of with insert param odp,free-text,single,What value does your organization use for: maintain the association of with insert param odp?,,
ac-16.06_odp.06,AC-16,rev5,"{{ insert: param, ac-16.06_odp.06 }}",param odp with in accordance with insert param,free-text,single,What value does your organization use for: param odp with in accordance with insert param?,,
ac-16.06_odp.09,AC-16,rev5,"{{ insert: param, ac-16.06_odp.09 }}",odp in accordance with links href rel,free-text,single,What value does your organization use for: odp in accordance with links href rel?,,
ac-16.06_odp.03,AC-16(06),rev5,"{{ insert: param, ac-16.06_odp.03 }}",maintain the association of with insert param odp,free-text,single,What value does your organization use for: maintain the association of with insert param odp?,,
ac-16.06_odp.07,AC-16,rev5,"{{ insert: param, ac-16.06_odp.07 }}",param odp with in accordance with insert param,free-text,single,What value does your organization use for: param odp with in accordance with insert param?,,
ac-16.06_odp.10,AC-16,rev5,"{{ insert: param, ac-16.06_odp.10 }}",odp in accordance with links href rel,free-text,single,What value does your organization use for: odp in accordance with links href rel?,,
ac-16.06_odp.04,AC-16(06),rev5,"{{ insert: param, ac-16.06_odp.04 }}",maintain the association of with insert param odp,free-text,single,What value does your organization use for: maintain the association of with insert param odp?,,
ac-16.06_odp.08,AC-16,rev5,"{{ insert: param, ac-16.06_odp.08 }}",param odp with in accordance with insert param,free-text,single,What value does your organization use for: param odp with in accordance with insert param?,,
ac-16.06_odp.10,AC-16,rev5,"{{ insert: param, ac-16.06_odp.10 }}",odp in accordance with links href rel,free-text,single,What value does your organization use for: odp in accordance with links href rel?,,
ac-16.8_prm_1,AC-16,rev5,"{{ insert: param, ac-16.8_prm_1 }}",Implement in associating security and privacy attributes,free-text,single,What value does your organization use for: Implement in associating security and privacy attributes?,,
ac-16.08_odp.01,AC-16(08),rev5,"{{ insert: param, ac-16.08_odp.01 }}",class sp800-53a are implemented in associating security attributes,free-text,single,What value does your organization use for: class sp800-53a are implemented in associating security attributes?,,
ac-16.08_odp.02,AC-16(08),rev5,"{{ insert: param, ac-16.08_odp.02 }}",class sp800-53a are implemented in associating privacy attributes,free-text,single,What value does your organization use for: class sp800-53a are implemented in associating privacy attributes?,,
ac-16.9_prm_1,AC-16,rev5,"{{ insert: param, ac-16.9_prm_1 }}",information only via regrading mechanisms validated using,free-text,single,What value does your organization use for: information only via regrading mechanisms validated using?,,
ac-16.09_odp.01,AC-16(09),rev5,"{{ insert: param, ac-16.09_odp.01 }}",via regrading mechanisms validated using links href rel,free-text,single,What value does your organization use for: via regrading mechanisms validated using links href rel?,,
ac-16.09_odp.02,AC-16(09),rev5,"{{ insert: param, ac-16.09_odp.02 }}",via regrading mechanisms validated using links href rel,free-text,single,What value does your organization use for: via regrading mechanisms validated using links href rel?,,
ac-17.4_prm_1,AC-17,rev5,"{{ insert: param, ac-17.4_prm_1 }}",assessable evidence and for the following needs and,free-text,single,What value does your organization use for: assessable evidence and for the following needs and?,,
ac-17.04_odp.01,AC-17(04),rev5,"{{ insert: param, ac-17.04_odp.01 }}",authorized only for the following needs links href,free-text,single,What value does your organization use for: authorized only for the following needs links href?,,
ac-17.04_odp.02,AC-17(04),rev5,"{{ insert: param, ac-17.04_odp.02 }}",authorized only for the following needs links href,free-text,single,What value does your organization use for: authorized only for the following needs links href?,,
ac-17.09_odp,AC-17,rev5,"{{ insert: param, ac-17.09_odp }}",disable remote access to the system within,duration,single,"What value does your organization use for: disable remote access to the system within? (answer with a duration, e.g., 30/60/90 days)",30 days | 60 days | 90 days,
ac-17.09_odp,AC-17(09),rev5,"{{ insert: param, ac-17.09_odp }}",to the system within is provided links href,duration,single,"What value does your organization use for: to the system within is provided links href? (answer with a duration, e.g., 30/60/90 days)",30 days | 60 days | 90 days,
ac-17.10_odp.01,AC-17,rev5,"{{ insert: param, ac-17.10_odp.01 }}",related Implement to authenticate insert param,free-text,single,What value does your organization use for: related Implement to authenticate insert param?,,
ac-17.10_odp.02,AC-17,rev5,"{{ insert: param, ac-17.10_odp.02 }}",insert param odp to authenticate,free-text,single,What value does your organization use for: insert param odp to authenticate?,,
ac-17.10_odp.01,AC-17(10),rev5,"{{ insert: param, ac-17.10_odp.01 }}",class sp800-53a are implemented to authenticate insert param,free-text,single,What value does your organization use for: class sp800-53a are implemented to authenticate insert param?,,
ac-17.10_odp.02,AC-17,rev5,"{{ insert: param, ac-17.10_odp.02 }}",odp are implemented to authenticate links href rel,free-text,single,What value does your organization use for: odp are implemented to authenticate links href rel?,,
ac-18.01_odp,AC-18,rev5,"{{ insert: param, ac-18.01_odp }}",to the system using authentication of and encryption,free-text,single,What value does your organization use for: to the system using authentication of and encryption?,,
ac-18.01_odp,AC-18(01),rev5,"{{ insert: param, ac-18.01_odp }}",is protected using authentication of links href rel,free-text,single,What value does your organization use for: is protected using authentication of links href rel?,,
ac-19.04_odp.01,AC-19,rev5,"{{ insert: param, ac-19.04_odp.01 }}",inspections by and if classified information is found,free-text,single,What value does your organization use for: inspections by and if classified information is found?,,
ac-19.04_odp.02,AC-19,rev5,"{{ insert: param, ac-19.04_odp.02 }}",devices to classified systems in accordance with,free-text,single,What value does your organization use for: devices to classified systems in accordance with?,,
ac-19.04_odp.01,AC-19(04),rev5,"{{ insert: param, ac-19.04_odp.01 }}",on those devices by are enforced links href,free-text,single,What value does your organization use for: on those devices by are enforced links href?,,
ac-19.04_odp.02,AC-19(04),rev5,"{{ insert: param, ac-19.04_odp.02 }}",systems is restricted in accordance with links href,free-text,single,What value does your organization use for: systems is restricted in accordance with links href?,,
ac-19.05_odp.01,AC-19,rev5,"{{ insert: param, ac-19.05_odp.01 }}",Employ to protect the confidentiality and integrity,free-text,single,What value does your organization use for: Employ to protect the confidentiality and integrity?,,
ac-19.05_odp.02,AC-19,rev5,"{{ insert: param, ac-19.05_odp.02 }}",the confidentiality and integrity of information on,free-text,single,What value does your organization use for: the confidentiality and integrity of information on?,,
ac-19.05_odp.01,AC-19(05),rev5,"{{ insert: param, ac-19.05_odp.01 }}",class sp800-53a is employed to protect the confidentiality,free-text,single,What value does your organization use for: class sp800-53a is employed to protect the confidentiality?,,
ac-19.05_odp.02,AC-19,rev5,"{{ insert: param, ac-19.05_odp.02 }}",and integrity of information on links href rel,free-text,single,What value does your organization use for: and integrity of information on links href rel?,,
ac-20_odp.02,AC-20,rev5,"{{ insert: param, ac-20_odp.02 }}",how-many one-or-more choice establish identify insert param odp,free-text,single,What value does your organization use for: how-many one-or-more choice establish identify insert param odp?,,
ac-20_odp.03,AC-20,rev5,"{{ insert: param, ac-20_odp.03 }}",one-or-more choice establish insert param odp identify odp,free-text,single,What value does your organization use for: one-or-more choice establish insert param odp identify odp?,,
ac-20_odp.01,AC-20,rev5,"{{ insert: param, ac-20_odp.01 }}",consistent with the trust relationships established,free-text,single,What value does your organization use for: consistent with the trust relationships established?,,
ac-20_odp.04,AC-20,rev5,"{{ insert: param, ac-20_odp.04 }}",Prohibit the use of,free-text,single,What value does your organization use for: Prohibit the use of?,,
ac-20_odp.01,AC-20,rev5,"{{ insert: param, ac-20_odp.01 }}",class sp800-53a is are consistent with the trust,free-text,single,What value does your organization use for: class sp800-53a is are consistent with the trust?,,
ac-20_odp.01,AC-20,rev5,"{{ insert: param, ac-20_odp.01 }}",class sp800-53a is are consistent with the trust,free-text,single,What value does your organization use for: class sp800-53a is are consistent with the trust?,,
ac-20_odp.04,AC-20,rev5,"{{ insert: param, ac-20_odp.04 }}",use of is prohibited if applicable links href,free-text,single,What value does your organization use for: use of is prohibited if applicable links href?,,
ac-20.02_odp,AC-20,rev5,"{{ insert: param, ac-20.02_odp }}",by authorized individuals on external systems using,free-text,single,What value does your organization use for: by authorized individuals on external systems using?,,
ac-20.02_odp,AC-20(02),rev5,"{{ insert: param, ac-20.02_odp }}",restricted on external systems using links href rel,free-text,single,What value does your organization use for: restricted on external systems using links href rel?,,
ac-20.03_odp,AC-20,rev5,"{{ insert: param, ac-20.03_odp }}",process store or transmit organizational information using,free-text,single,What value does your organization use for: process store or transmit organizational information using?,,
ac-20.03_odp,AC-20(03),rev5,"{{ insert: param, ac-20.03_odp }}",organizational information is restricted using links href rel,free-text,single,What value does your organization use for: organizational information is restricted using links href rel?,,
ac-20.04_odp,AC-20,rev5,"{{ insert: param, ac-20.04_odp }}",Prohibit the use of in external systems,free-text,single,What value does your organization use for: Prohibit the use of in external systems?,,
ac-20.04_odp,AC-20(04),rev5,"{{ insert: param, ac-20.04_odp }}",use of is prohibited in external systems links,free-text,single,What value does your organization use for: use of is prohibited in external systems links?,,
ac-21_odp.01,AC-21,rev5,"{{ insert: param, ac-21_odp.01 }}",the information access and use restrictions for and,free-text,single,What value does your organization use for: the information access and use restrictions for and?,,
ac-21_odp.02,AC-21,rev5,"{{ insert: param, ac-21_odp.02 }}",Employ to assist users in making information,free-text,single,What value does your organization use for: Employ to assist users in making information?,,
ac-21_odp.01,AC-21,rev5,"{{ insert: param, ac-21_odp.01 }}",access and use restrictions for links href rel,free-text,single,What value does your organization use for: access and use restrictions for links href rel?,,
ac-21_odp.02,AC-21,rev5,"{{ insert: param, ac-21_odp.02 }}",class sp800-53a are employed to assist users in,free-text,single,What value does your organization use for: class sp800-53a are employed to assist users in?,,
ac-21.01_odp,AC-21,rev5,"{{ insert: param, ac-21.01_odp }}",Employ to enforce information-sharing decisions by authorized,free-text,single,What value does your organization use for: Employ to enforce information-sharing decisions by authorized?,,
ac-21.01_odp,AC-21(01),rev5,"{{ insert: param, ac-21.01_odp }}",class sp800-53a are employed to enforce information-sharing decisions,free-text,single,What value does your organization use for: class sp800-53a are employed to enforce information-sharing decisions?,,
ac-21.02_odp,AC-21,rev5,"{{ insert: param, ac-21.02_odp }}",information search and retrieval services that enforce,free-text,single,What value does your organization use for: information search and retrieval services that enforce?,,
ac-21.02_odp,AC-21(02),rev5,"{{ insert: param, ac-21.02_odp }}",retrieval services that enforce are implemented links href,free-text,single,What value does your organization use for: retrieval services that enforce are implemented links href?,,
ac-22_odp,AC-22,rev5,"{{ insert: param, ac-22_odp }}",nonpublic information and remove such information if discovered,free-text,single,What value does your organization use for: nonpublic information and remove such information if discovered?,,
ac-22_odp,AC-22,rev5,"{{ insert: param, ac-22_odp }}",is reviewed for non-public information links href rel,free-text,single,What value does your organization use for: is reviewed for non-public information links href rel?,,
ac-23_odp.01,AC-23,rev5,"{{ insert: param, ac-23_odp.01 }}",rel related Employ for insert param odp,free-text,single,What value does your organization use for: rel related Employ for insert param odp?,,
ac-23_odp.02,AC-23,rev5,"{{ insert: param, ac-23_odp.02 }}",odp for to detect and protect against unauthorized,free-text,single,What value does your organization use for: odp for to detect and protect against unauthorized?,,
ac-23_odp.01,AC-23,rev5,"{{ insert: param, ac-23_odp.01 }}",assessment-objective class sp800-53a are employed for insert param,free-text,single,What value does your organization use for: assessment-objective class sp800-53a are employed for insert param?,,
ac-23_odp.02,AC-23,rev5,"{{ insert: param, ac-23_odp.02 }}",employed for to detect and protect against unauthorized,free-text,single,What value does your organization use for: employed for to detect and protect against unauthorized?,,
ac-24_odp.01,AC-24,rev5,"{{ insert: param, ac-24_odp.01 }}",rel related to ensure insert param odp,free-text,single,What value does your organization use for: rel related to ensure insert param odp?,,
ac-24_odp.02,AC-24,rev5,"{{ insert: param, ac-24_odp.02 }}",to ensure are applied to each access request,free-text,single,What value does your organization use for: to ensure are applied to each access request?,,
ac-24_odp.01,AC-24,rev5,"{{ insert: param, ac-24_odp.01 }}",class sp800-53a are taken to ensure that insert,free-text,single,What value does your organization use for: class sp800-53a are taken to ensure that insert?,,
ac-24_odp.02,AC-24,rev5,"{{ insert: param, ac-24_odp.02 }}",ensure that are applied to each access request,free-text,single,What value does your organization use for: ensure that are applied to each access request?,,
ac-24.01_odp.01,AC-24,rev5,"{{ insert: param, ac-24.01_odp.01 }}",related Transmit using insert param odp,free-text,single,What value does your organization use for: related Transmit using insert param odp?,,
ac-24.01_odp.02,AC-24,rev5,"{{ insert: param, ac-24.01_odp.02 }}",param odp using to insert param odp,free-text,single,What value does your organization use for: param odp using to insert param odp?,,
ac-24.01_odp.03,AC-24,rev5,"{{ insert: param, ac-24.01_odp.03 }}",param odp to that enforce access control decisions,free-text,single,What value does your organization use for: param odp to that enforce access control decisions?,,
ac-24.01_odp.01,AC-24(01),rev5,"{{ insert: param, ac-24.01_odp.01 }}",assessment-objective class sp800-53a is transmitted using insert param,free-text,single,What value does your organization use for: assessment-objective class sp800-53a is transmitted using insert param?,,
ac-24.01_odp.02,AC-24,rev5,"{{ insert: param, ac-24.01_odp.02 }}",odp is transmitted using to insert param odp,free-text,single,What value does your organization use for: odp is transmitted using to insert param odp?,,
ac-24.01_odp.03,AC-24,rev5,"{{ insert: param, ac-24.01_odp.03 }}",odp to that enforce access control decisions links,free-text,single,What value does your organization use for: odp to that enforce access control decisions links?,,
ac-24.2_prm_1,AC-24,rev5,"{{ insert: param, ac-24.2_prm_1 }}",based on that do not include the identity,free-text,single,What value does your organization use for: based on that do not include the identity?,,
ac-24.02_odp.01,AC-24(02),rev5,"{{ insert: param, ac-24.02_odp.01 }}",based on that do not include the identity,free-text,single,What value does your organization use for: based on that do not include the identity?,,
ac-24.02_odp.02,AC-24(02),rev5,"{{ insert: param, ac-24.02_odp.02 }}",based on that do not include the identity,free-text,single,What value does your organization use for: based on that do not include the identity?,,
ac-25_odp,AC-25,rev5,"{{ insert: param, ac-25_odp }}",monitor for that is tamperproof always invoked and,free-text,single,What value does your organization use for: monitor for that is tamperproof always invoked and?,,
ac-25_odp,AC-25,rev5,"{{ insert: param, ac-25_odp }}",implemented for that is tamper-proof always invoked and,free-text,single,What value does your organization use for: implemented for that is tamper-proof always invoked and?,,
at-1_prm_1,AT-1,rev5,"{{ insert: param, at-1_prm_1 }}",Develop document and disseminate to,free-text,single,What value does your organization use for: Develop document and disseminate to?,,
at-01_odp.03,AT-1,rev5,"{{ insert: param, at-01_odp.03 }}",awareness and training policy that,free-text,single,What value does your organization use for: awareness and training policy that?,,
at-01_odp.04,AT-1,rev5,"{{ insert: param, at-01_odp.04 }}",Designate an to manage the development documentation and,free-text,single,What value does your organization use for: Designate an to manage the development documentation and?,,
at-01_odp.05,AT-1,rev5,"{{ insert: param, at-01_odp.05 }}",Policy and following insert param odp,free-text,single,What value does your organization use for: Policy and following insert param odp?,,
at-01_odp.06,AT-01,rev5,"{{ insert: param, at-01_odp.06 }}",Policy insert param odp and following and,free-text,single,What value does your organization use for: Policy insert param odp and following and?,,
at-01_odp.07,AT-1,rev5,"{{ insert: param, at-01_odp.07 }}",Procedures and following insert param odp,free-text,single,What value does your organization use for: Procedures and following insert param odp?,,
at-01_odp.08,AT-01,rev5,"{{ insert: param, at-01_odp.08 }}",Procedures insert param odp and following,free-text,single,What value does your organization use for: Procedures insert param odp and following?,,
at-01_odp.01,AT-01,rev5,"{{ insert: param, at-01_odp.01 }}",training policy is disseminated to links href rel,free-text,single,What value does your organization use for: training policy is disseminated to links href rel?,,
at-01_odp.02,AT-01,rev5,"{{ insert: param, at-01_odp.02 }}",training procedures are disseminated to links href rel,free-text,single,What value does your organization use for: training procedures are disseminated to links href rel?,,
at-01_odp.03,AT-01,rev5,"{{ insert: param, at-01_odp.03 }}",sp800-53a the awareness and training policy addresses purpose,free-text,single,What value does your organization use for: sp800-53a the awareness and training policy addresses purpose?,,
at-01_odp.03,AT-01,rev5,"{{ insert: param, at-01_odp.03 }}",sp800-53a the awareness and training policy addresses scope,free-text,single,What value does your organization use for: sp800-53a the awareness and training policy addresses scope?,,
at-01_odp.03,AT-01,rev5,"{{ insert: param, at-01_odp.03 }}",sp800-53a the awareness and training policy addresses roles,role,single,What value does your organization use for: sp800-53a the awareness and training policy addresses roles? (answer with a job title or role),System Administrator | Security Officer,
at-01_odp.03,AT-01,rev5,"{{ insert: param, at-01_odp.03 }}",sp800-53a the awareness and training policy addresses responsibilities,free-text,single,What value does your organization use for: sp800-53a the awareness and training policy addresses responsibilities?,,
at-01_odp.03,AT-01,rev5,"{{ insert: param, at-01_odp.03 }}",sp800-53a the awareness and training policy addresses management,free-text,single,What value does your organization use for: sp800-53a the awareness and training policy addresses management?,,
at-01_odp.03,AT-01,rev5,"{{ insert: param, at-01_odp.03 }}",sp800-53a the awareness and training policy addresses coordination,org list,single,What value does your organization use for: sp800-53a the awareness and training policy addresses coordination? (answer with a comma-separated list of org units),Security | HR | Finance,
at-01_odp.03,AT-01,rev5,"{{ insert: param, at-01_odp.03 }}",sp800-53a the awareness and training policy addresses compliance,free-text,single,What value does your organization use for: sp800-53a the awareness and training policy addresses compliance?,,
at-01_odp.03,AT-01,rev5,"{{ insert: param, at-01_odp.03 }}",sp800-53a the awareness and training policy is consistent,free-text,single,What value does your organization use for: sp800-53a the awareness and training policy is consistent?,,
at-01_odp.04,AT-01,rev5,"{{ insert: param, at-01_odp.04 }}",sp800-53a the is designated to manage the development,free-text,single,What value does your organization use for: sp800-53a the is designated to manage the development?,,
at-01_odp.05,AT-01,rev5,"{{ insert: param, at-01_odp.05 }}",training policy is reviewed and updated links href,free-text,single,What value does your organization use for: training policy is reviewed and updated links href?,,
at-01_odp.06,AT-01,rev5,"{{ insert: param, at-01_odp.06 }}",policy is reviewed and updated following links href,free-text,single,What value does your organization use for: policy is reviewed and updated following links href?,,
at-01_odp.07,AT-01,rev5,"{{ insert: param, at-01_odp.07 }}",training procedures are reviewed and updated links href,free-text,single,What value does your organization use for: training procedures are reviewed and updated links href?,,
at-01_odp.08,AT-01,rev5,"{{ insert: param, at-01_odp.08 }}",procedures are reviewed and updated following links href,free-text,single,What value does your organization use for: procedures are reviewed and updated following links href?,,
at-2_prm_1,AT-2,rev5,"{{ insert: param, at-2_prm_1 }}",initial training for new users and thereafter and,free-text,single,What value does your organization use for: initial training for new users and thereafter and?,,
at-2_prm_2,AT-2,rev5,"{{ insert: param, at-2_prm_2 }}",When required by system changes or following,free-text,single,What value does your organization use for: When required by system changes or following?,,
at-02_odp.05,AT-2,rev5,"{{ insert: param, at-02_odp.05 }}",the security and privacy awareness of system users,free-text,single,What value does your organization use for: the security and privacy awareness of system users?,,
at-02_odp.06,AT-2,rev5,"{{ insert: param, at-02_odp.06 }}",and awareness content and following insert param odp,free-text,single,What value does your organization use for: and awareness content and following insert param odp?,,
at-02_odp.07,AT-02,rev5,"{{ insert: param, at-02_odp.07 }}",awareness content insert param odp and following and,free-text,single,What value does your organization use for: awareness content insert param odp and following and?,,
at-02_odp.01,AT-02,rev5,"{{ insert: param, at-02_odp.01 }}",managers senior executives and contractors thereafter links href,free-text,single,What value does your organization use for: managers senior executives and contractors thereafter links href?,,
at-02_odp.02,AT-02,rev5,"{{ insert: param, at-02_odp.02 }}",managers senior executives and contractors thereafter links href,free-text,single,What value does your organization use for: managers senior executives and contractors thereafter links href?,,
at-02_odp.03,AT-02,rev5,"{{ insert: param, at-02_odp.03 }}",required by system changes or following links href,free-text,single,What value does your organization use for: required by system changes or following links href?,,
at-02_odp.04,AT-02,rev5,"{{ insert: param, at-02_odp.04 }}",required by system changes or following links href,free-text,single,What value does your organization use for: required by system changes or following links href?,,
at-02_odp.05,AT-02,rev5,"{{ insert: param, at-02_odp.05 }}",class sp800-53a are employed to increase the security,free-text,single,What value does your organization use for: class sp800-53a are employed to increase the security?,,
at-02_odp.06,AT-02,rev5,"{{ insert: param, at-02_odp.06 }}",and awareness content is updated links href rel,free-text,single,What value does your organization use for: and awareness content is updated links href rel?,,
at-02_odp.07,AT-02,rev5,"{{ insert: param, at-02_odp.07 }}",awareness content is updated following links href rel,free-text,single,What value does your organization use for: awareness content is updated following links href rel?,,
at-02.04_odp,AT-2,rev5,"{{ insert: param, at-02.04_odp }}",and anomalous behavior in organizational systems using,free-text,single,What value does your organization use for: and anomalous behavior in organizational systems using?,,
at-02.04_odp,AT-02(04),rev5,"{{ insert: param, at-02.04_odp }}",in organizational systems using is provided links href,free-text,single,What value does your organization use for: in organizational systems using is provided links href?,,
at-3_prm_1,AT-3,rev5,"{{ insert: param, at-3_prm_1 }}",to personnel with the following roles and responsibilities,role,single,What value does your organization use for: to personnel with the following roles and responsibilities? (answer with a job title or role),System Administrator | Security Officer,
at-03_odp.03,AT-3,rev5,"{{ insert: param, at-03_odp.03 }}",information or performing assigned duties and thereafter and,free-text,single,What value does your organization use for: information or performing assigned duties and thereafter and?,,
at-03_odp.04,AT-3,rev5,"{{ insert: param, at-03_odp.04 }}",role-based training content and following insert param odp,role,single,What value does your organization use for: role-based training content and following insert param odp? (answer with a job title or role),System Administrator | Security Officer,
at-03_odp.05,AT-03,rev5,"{{ insert: param, at-03_odp.05 }}",training content insert param odp and following and,role,single,What value does your organization use for: training content insert param odp and following and? (answer with a job title or role),System Administrator | Security Officer,
at-03_odp.01,AT-03,rev5,"{{ insert: param, at-03_odp.01 }}",provided to before authorizing access to the system,role,single,What value does your organization use for: provided to before authorizing access to the system? (answer with a job title or role),System Administrator | Security Officer,
at-03_odp.02,AT-03,rev5,"{{ insert: param, at-03_odp.02 }}",provided to before authorizing access to the system,role,single,What value does your organization use for: provided to before authorizing access to the system? (answer with a job title or role),System Administrator | Security Officer,
at-03_odp.01,AT-03,rev5,"{{ insert: param, at-03_odp.01 }}",training is provided to insert param odp thereafter,role,single,What value does your organization use for: training is provided to insert param odp thereafter? (answer with a job title or role),System Administrator | Security Officer,
at-03_odp.03,AT-03,rev5,"{{ insert: param, at-03_odp.03 }}",provided to insert param odp thereafter links href,role,single,What value does your organization use for: provided to insert param odp thereafter links href? (answer with a job title or role),System Administrator | Security Officer,
at-03_odp.02,AT-03,rev5,"{{ insert: param, at-03_odp.02 }}",training is provided to insert param odp thereafter,role,single,What value does your organization use for: training is provided to insert param odp thereafter? (answer with a job title or role),System Administrator | Security Officer,
at-03_odp.03,AT-03,rev5,"{{ insert: param, at-03_odp.03 }}",provided to insert param odp thereafter links href,role,single,What value does your organization use for: provided to insert param odp thereafter links href? (answer with a job title or role),System Administrator | Security Officer,
at-03_odp.04,AT-03,rev5,"{{ insert: param, at-03_odp.04 }}",role-based training content is updated links href rel,role,single,What value does your organization use for: role-based training content is updated links href rel? (answer with a job title or role),System Administrator | Security Officer,
at-03_odp.05,AT-03,rev5,"{{ insert: param, at-03_odp.05 }}",training content is updated following links href rel,role,single,What value does your organization use for: training content is updated following links href rel? (answer with a job title or role),System Administrator | Security Officer,
at-03.01_odp.01,AT-3,rev5,"{{ insert: param, at-03.01_odp.01 }}",related Provide with initial and insert param,free-text,single,What value does your organization use for: related Provide with initial and insert param?,,
at-03.01_odp.02,AT-03,rev5,"{{ insert: param, at-03.01_odp.02 }}",initial and training in the employment and operation,free-text,single,What value does your organization use for: initial and training in the employment and operation?,,
at-03.01_odp.01,AT-03(01),rev5,"{{ insert: param, at-03.01_odp.01 }}",class sp800-53a are provided with initial and refresher,duration,single,"What value does your organization use for: class sp800-53a are provided with initial and refresher? (answer with a duration, e.g., 30/60/90 days)",30 days | 60 days | 90 days,
at-03.01_odp.02,AT-03,rev5,"{{ insert: param, at-03.01_odp.02 }}",refresher training in the employment and operation of,free-text,single,What value does your organization use for: refresher training in the employment and operation of?,,
at-03.02_odp.01,AT-3,rev5,"{{ insert: param, at-03.02_odp.01 }}",related Provide with initial and insert param,free-text,single,What value does your organization use for: related Provide with initial and insert param?,,
at-03.02_odp.02,AT-03,rev5,"{{ insert: param, at-03.02_odp.02 }}",initial and training in the employment and operation,free-text,single,What value does your organization use for: initial and training in the employment and operation?,,
at-03.02_odp.01,AT-03(02),rev5,"{{ insert: param, at-03.02_odp.01 }}",class sp800-53a is are provided with initial and,free-text,single,What value does your organization use for: class sp800-53a is are provided with initial and?,,
at-03.02_odp.02,AT-03,rev5,"{{ insert: param, at-03.02_odp.02 }}",refresher training in the employment and operation of,free-text,single,What value does your organization use for: refresher training in the employment and operation of?,,
at-03.05_odp.01,AT-3,rev5,"{{ insert: param, at-03.05_odp.01 }}",related Provide with initial and insert param,free-text,single,What value does your organization use for: related Provide with initial and insert param?,,
at-03.05_odp.02,AT-03,rev5,"{{ insert: param, at-03.05_odp.02 }}",initial and training in the employment and operation,free-text,single,What value does your organization use for: initial and training in the employment and operation?,,
at-03.05_odp.01,AT-03(05),rev5,"{{ insert: param, at-03.05_odp.01 }}",class sp800-53a are provided with initial and refresher,free-text,single,What value does your organization use for: class sp800-53a are provided with initial and refresher?,,
at-03.05_odp.02,AT-03,rev5,"{{ insert: param, at-03.05_odp.02 }}",refresher training in the employment and operation of,free-text,single,What value does your organization use for: refresher training in the employment and operation of?,,
at-04_odp,AT-4,rev5,"{{ insert: param, at-04_odp }}",Retain individual training records for,free-text,single,What value does your organization use for: Retain individual training records for?,,
at-04_odp,AT-04,rev5,"{{ insert: param, at-04_odp }}",training records are retained for links href rel,free-text,single,What value does your organization use for: training records are retained for links href rel?,,
at-06_odp.01,AT-6,rev5,"{{ insert: param, at-06_odp.01 }}",results to the following personnel insert param odp,role,single,What value does your organization use for: results to the following personnel insert param odp? (answer with a job title or role),System Administrator | Security Officer,
at-06_odp.02,AT-06,rev5,"{{ insert: param, at-06_odp.02 }}",to the following personnel insert param odp,role,single,What value does your organization use for: to the following personnel insert param odp? (answer with a job title or role),System Administrator | Security Officer,
at-06_odp.01,AT-06,rev5,"{{ insert: param, at-06_odp.01 }}",training results is provided to insert param odp,free-text,single,What value does your organization use for: training results is provided to insert param odp?,,
at-06_odp.02,AT-06,rev5,"{{ insert: param, at-06_odp.02 }}",insert param odp to links href rel assessment-for,free-text,single,What value does your organization use for: insert param odp to links href rel assessment-for?,,
au-1_prm_1,AU-1,rev5,"{{ insert: param, au-1_prm_1 }}",Develop document and disseminate to,free-text,single,What value does your organization use for: Develop document and disseminate to?,,
au-01_odp.03,AU-1,rev5,"{{ insert: param, au-01_odp.03 }}",audit and accountability policy that,free-text,single,What value does your organization use for: audit and accountability policy that?,,
au-01_odp.04,AU-1,rev5,"{{ insert: param, au-01_odp.04 }}",Designate an to manage the development documentation and,free-text,single,What value does your organization use for: Designate an to manage the development documentation and?,,
au-01_odp.05,AU-1,rev5,"{{ insert: param, au-01_odp.05 }}",Policy and following insert param odp,free-text,single,What value does your organization use for: Policy and following insert param odp?,,
au-01_odp.06,AU-01,rev5,"{{ insert: param, au-01_odp.06 }}",Policy insert param odp and following and,free-text,single,What value does your organization use for: Policy insert param odp and following and?,,
au-01_odp.07,AU-1,rev5,"{{ insert: param, au-01_odp.07 }}",Procedures and following insert param odp,free-text,single,What value does your organization use for: Procedures and following insert param odp?,,
au-01_odp.08,AU-01,rev5,"{{ insert: param, au-01_odp.08 }}",Procedures insert param odp and following,free-text,single,What value does your organization use for: Procedures insert param odp and following?,,
au-01_odp.01,AU-01,rev5,"{{ insert: param, au-01_odp.01 }}",accountability policy is disseminated to links href rel,free-text,single,What value does your organization use for: accountability policy is disseminated to links href rel?,,
au-01_odp.02,AU-01,rev5,"{{ insert: param, au-01_odp.02 }}",accountability procedures are disseminated to links href rel,free-text,single,What value does your organization use for: accountability procedures are disseminated to links href rel?,,
au-01_odp.03,AU-01,rev5,"{{ insert: param, au-01_odp.03 }}",sp800-53a the of the audit and accountability policy,free-text,single,What value does your organization use for: sp800-53a the of the audit and accountability policy?,,
au-01_odp.03,AU-01,rev5,"{{ insert: param, au-01_odp.03 }}",sp800-53a the of the audit and accountability policy,free-text,single,What value does your organization use for: sp800-53a the of the audit and accountability policy?,,
au-01_odp.03,AU-01,rev5,"{{ insert: param, au-01_odp.03 }}",sp800-53a the of the audit and accountability policy,role,single,What value does your organization use for: sp800-53a the of the audit and accountability policy? (answer with a job title or role),System Administrator | Security Officer,
au-01_odp.03,AU-01,rev5,"{{ insert: param, au-01_odp.03 }}",sp800-53a the of the audit and accountability policy,free-text,single,What value does your organization use for: sp800-53a the of the audit and accountability policy?,,
au-01_odp.03,AU-01,rev5,"{{ insert: param, au-01_odp.03 }}",sp800-53a the of the audit and accountability policy,free-text,single,What value does your organization use for: sp800-53a the of the audit and accountability policy?,,
au-01_odp.03,AU-01,rev5,"{{ insert: param, au-01_odp.03 }}",sp800-53a the of the audit and accountability policy,org list,single,What value does your organization use for: sp800-53a the of the audit and accountability policy? (answer with a comma-separated list of org units),Security | HR | Finance,
au-01_odp.03,AU-01,rev5,"{{ insert: param, au-01_odp.03 }}",sp800-53a the of the audit and accountability policy,free-text,single,What value does your organization use for: sp800-53a the of the audit and accountability policy?,,
au-01_odp.03,AU-01,rev5,"{{ insert: param, au-01_odp.03 }}",sp800-53a the of the audit and accountability policy,free-text,single,What value does your organization use for: sp800-53a the of the audit and accountability policy?,,
au-01_odp.04,AU-01,rev5,"{{ insert: param, au-01_odp.04 }}",sp800-53a the is designated to manage the development,free-text,single,What value does your organization use for: sp800-53a the is designated to manage the development?,,
au-01_odp.05,AU-01,rev5,"{{ insert: param, au-01_odp.05 }}",accountability policy is reviewed and updated links href,free-text,single,What value does your organization use for: accountability policy is reviewed and updated links href?,,
au-01_odp.06,AU-01,rev5,"{{ insert: param, au-01_odp.06 }}",policy is reviewed and updated following links href,free-text,single,What value does your organization use for: policy is reviewed and updated following links href?,,
au-01_odp.07,AU-01,rev5,"{{ insert: param, au-01_odp.07 }}",accountability procedures are reviewed and updated links href,free-text,single,What value does your organization use for: accountability procedures are reviewed and updated links href?,,
au-01_odp.08,AU-01,rev5,"{{ insert: param, au-01_odp.08 }}",procedures are reviewed and updated following links href,free-text,single,What value does your organization use for: procedures are reviewed and updated following links href?,,
au-02_odp.01,AU-2,rev5,"{{ insert: param, au-02_odp.01 }}",Event types the system can log,free-text,single,Which event types does your organization identify as those the system can log to support the audit function?,,
au-2_prm_2,AU-2,rev5,"{{ insert: param, au-2_prm_2 }}",Selected event types and their logging frequencies or conditions,free-text,single,"Which event types does your organization select from those identified in AU-2(a)? For each type, specify the logging frequency or situation that requires logging.",,
au-02_odp.04,AU-2,rev5,"{{ insert: param, au-02_odp.04 }}",Frequency of reviewing and updating selected event types,frequency,single,How often does your organization review and update the event types selected for logging?,,
au-02_odp.01,AU-02,rev5,"{{ insert: param, au-02_odp.01 }}",Event types the system can log,free-text,single,Which event types does your organization identify as those the system can log to support the audit function?,,
au-02_odp.02,AU-02,rev5,"{{ insert: param, au-02_odp.02 }}",class sp800-53a are specified for logging within the,duration,single,"What value does your organization use for: class sp800-53a are specified for logging within the? (answer with a duration, e.g., 30/60/90 days)",30 days | 60 days | 90 days,
au-02_odp.03,AU-02,rev5,"{{ insert: param, au-02_odp.03 }}",are logged within the system links href rel,duration,single,"What value does your organization use for: are logged within the system links href rel? (answer with a duration, e.g., 30/60/90 days)",30 days | 60 days | 90 days,
au-02_odp.04,AU-02,rev5,"{{ insert: param, au-02_odp.04 }}",Frequency of reviewing and updating selected event types,frequency,single,How often does your organization review and update the event types selected for logging?,,
au-03.01_odp,AU-3,rev5,"{{ insert: param, au-03.01_odp }}",audit records containing the following additional information,free-text,single,What value does your organization use for: audit records containing the following additional information?,,
au-03.01_odp,AU-03(01),rev5,"{{ insert: param, au-03.01_odp }}",audit records contain the following links href rel,free-text,single,What value does your organization use for: audit records contain the following links href rel?,,
au-03.03_odp,AU-3,rev5,"{{ insert: param, au-03.03_odp }}",elements identified in the privacy risk assessment,free-text,single,What value does your organization use for: elements identified in the privacy risk assessment?,,
au-03.03_odp,AU-03(03),rev5,"{{ insert: param, au-03.03_odp }}",limited to identified in the privacy risk assessment,free-text,single,What value does your organization use for: limited to identified in the privacy risk assessment?,,
au-04_odp,AU-4,rev5,"{{ insert: param, au-04_odp }}",Audit log retention requirements,free-text,single,What audit log retention requirements does your organization use when allocating audit log storage capacity?,,
au-04_odp,AU-04,rev5,"{{ insert: param, au-04_odp }}",Audit log retention requirements,free-text,single,What audit log retention requirements does your organization use when allocating audit log storage capacity?,,
au-04.01_odp,AU-4,rev5,"{{ insert: param, au-04.01_odp }}",Transfer audit logs to different system system component,free-text,single,What value does your organization use for: Transfer audit logs to different system system component?,,
au-04.01_odp,AU-04(01),rev5,"{{ insert: param, au-04.01_odp }}",logs are transferred to different system system component,free-text,single,What value does your organization use for: logs are transferred to different system system component?,,
au-05_odp.01,AU-5,rev5,"{{ insert: param, au-05_odp.01 }}",Personnel or roles receiving audit logging failure alerts,free-text,single,Which personnel or roles must receive alerts when an audit logging process fails in your organization?,,
au-05_odp.02,AU-05,rev5,"{{ insert: param, au-05_odp.02 }}",odp within in the event of an audit,duration,single,"What value does your organization use for: odp within in the event of an audit? (answer with a duration, e.g., 30/60/90 days)",30 days | 60 days | 90 days,
au-05_odp.03,AU-5,rev5,"{{ insert: param, au-05_odp.03 }}",Take the following additional actions,free-text,single,What value does your organization use for: Take the following additional actions?,,
au-05_odp.01,AU-05,rev5,"{{ insert: param, au-05_odp.01 }}",Personnel or roles receiving audit logging failure alerts,free-text,single,Which personnel or roles must receive alerts when an audit logging process fails in your organization?,,
au-05_odp.02,AU-05,rev5,"{{ insert: param, au-05_odp.02 }}",audit logging process failure within links href rel,duration,single,"What value does your organization use for: audit logging process failure within links href rel? (answer with a duration, e.g., 30/60/90 days)",30 days | 60 days | 90 days,
au-05_odp.03,AU-05,rev5,"{{ insert: param, au-05_odp.03 }}",class sp800-53a are taken in the event of,free-text,single,What value does your organization use for: class sp800-53a are taken in the event of?,,
au-05.01_odp.01,AU-5,rev5,"{{ insert: param, au-05.01_odp.01 }}",Provide warning to within insert param odp,duration,single,"What value does your organization use for: Provide warning to within insert param odp? (answer with a duration, e.g., 30/60/90 days)",30 days | 60 days | 90 days,
au-05.01_odp.02,AU-05,rev5,"{{ insert: param, au-05.01_odp.02 }}",odp within when allocated audit log storage volume,duration,single,"What value does your organization use for: odp within when allocated audit log storage volume? (answer with a duration, e.g., 30/60/90 days)",30 days | 60 days | 90 days,
au-05.01_odp.03,AU-05,rev5,"{{ insert: param, au-05.01_odp.03 }}",volume reaches of repository maximum audit log storage,duration,list,"What value does your organization use for: volume reaches of repository maximum audit log storage? (answer with a duration, e.g., 30/60/90 days)",30 days | 60 days | 90 days,
au-05.01_odp.01,AU-05(01),rev5,"{{ insert: param, au-05.01_odp.01 }}",warning is provided to within insert param odp,duration,single,"What value does your organization use for: warning is provided to within insert param odp? (answer with a duration, e.g., 30/60/90 days)",30 days | 60 days | 90 days,
au-05.01_odp.02,AU-05,rev5,"{{ insert: param, au-05.01_odp.02 }}",odp within when allocated audit log storage volume,duration,single,"What value does your organization use for: odp within when allocated audit log storage volume? (answer with a duration, e.g., 30/60/90 days)",30 days | 60 days | 90 days,
au-05.01_odp.03,AU-05,rev5,"{{ insert: param, au-05.01_odp.03 }}",volume reaches of repository maximum audit log storage,duration,single,"What value does your organization use for: volume reaches of repository maximum audit log storage? (answer with a duration, e.g., 30/60/90 days)",30 days | 60 days | 90 days,
au-05.02_odp.01,AU-5,rev5,"{{ insert: param, au-05.02_odp.01 }}",Provide an alert within to insert param odp,duration,single,"What value does your organization use for: Provide an alert within to insert param odp? (answer with a duration, e.g., 30/60/90 days)",30 days | 60 days | 90 days,
au-05.02_odp.02,AU-05,rev5,"{{ insert: param, au-05.02_odp.02 }}",odp to when the following audit failure events,duration,single,"What value does your organization use for: odp to when the following audit failure events? (answer with a duration, e.g., 30/60/90 days)",30 days | 60 days | 90 days,
au-05.02_odp.03,AU-05,rev5,"{{ insert: param, au-05.02_odp.03 }}",when the following audit failure events occur,duration,single,"What value does your organization use for: when the following audit failure events occur? (answer with a duration, e.g., 30/60/90 days)",30 days | 60 days | 90 days,
au-05.02_odp.01,AU-05(02),rev5,"{{ insert: param, au-05.02_odp.01 }}",alert is provided within to insert param odp,duration,single,"What value does your organization use for: alert is provided within to insert param odp? (answer with a duration, e.g., 30/60/90 days)",30 days | 60 days | 90 days,
au-05.02_odp.02,AU-05,rev5,"{{ insert: param, au-05.02_odp.02 }}",param odp to when insert param odp,duration,single,"What value does your organization use for: param odp to when insert param odp? (answer with a duration, e.g., 30/60/90 days)",30 days | 60 days | 90 days,
au-05.02_odp.03,AU-05,rev5,"{{ insert: param, au-05.02_odp.03 }}",insert param odp when occur links href,duration,single,"What value does your organization use for: insert param odp when occur links href? (answer with a duration, e.g., 30/60/90 days)",30 days | 60 days | 90 days,
au-05.03_odp,AU-5,rev5,"{{ insert: param, au-05.03_odp }}",storage capacity and network traffic above those thresholds,threshold,single,"What value does your organization use for: storage capacity and network traffic above those thresholds? (answer with a threshold, e.g., count/percent/time)",5 failed login attempts | 24 hours | 90%,
au-05.03_odp,AU-05(03),rev5,"{{ insert: param, au-05.03_odp }}",traffic is if network traffic volume is above,threshold,single,"What value does your organization use for: traffic is if network traffic volume is above? (answer with a threshold, e.g., count/percent/time)",5 failed login attempts | 24 hours | 90%,
au-05.04_odp.01,AU-5,rev5,"{{ insert: param, au-05.04_odp.01 }}",Invoke in the event of insert param,free-text,single,What value does your organization use for: Invoke in the event of insert param?,,
au-05.04_odp.02,AU-05,rev5,"{{ insert: param, au-05.04_odp.02 }}",event of unless an alternate audit logging capability,free-text,single,What value does your organization use for: event of unless an alternate audit logging capability?,,
au-05.04_odp.01,AU-05(04),rev5,"{{ insert: param, au-05.04_odp.01 }}",class sp800-53a is are invoked in the event,free-text,single,What value does your organization use for: class sp800-53a is are invoked in the event?,,
au-05.04_odp.02,AU-05,rev5,"{{ insert: param, au-05.04_odp.02 }}",event of unless an alternate audit logging capability,free-text,single,What value does your organization use for: event of unless an alternate audit logging capability?,,
au-05.05_odp,AU-5,rev5,"{{ insert: param, au-05.05_odp }}",in primary audit logging capability that implements,free-text,single,What value does your organization use for: in primary audit logging capability that implements?,,
au-05.05_odp,AU-05(05),rev5,"{{ insert: param, au-05.05_odp }}",audit logging capability that implements links href rel,free-text,single,What value does your organization use for: audit logging capability that implements links href rel?,,
au-06_odp.01,AU-6,rev5,"{{ insert: param, au-06_odp.01 }}",system audit records for indications of insert param,free-text,single,What value does your organization use for: system audit records for indications of insert param?,,
au-06_odp.02,AU-06,rev5,"{{ insert: param, au-06_odp.02 }}",indications of and the potential impact of the,free-text,single,What value does your organization use for: indications of and the potential impact of the?,,
au-06_odp.03,AU-6,rev5,"{{ insert: param, au-06_odp.03 }}",Report findings to and,free-text,single,What value does your organization use for: Report findings to and?,,
au-06_odp.01,AU-06,rev5,"{{ insert: param, au-06_odp.01 }}",reviewed and analyzed for indications of insert param,free-text,single,What value does your organization use for: reviewed and analyzed for indications of insert param?,,
au-06_odp.02,AU-06,rev5,"{{ insert: param, au-06_odp.02 }}",indications of and the potential impact of the,free-text,single,What value does your organization use for: indications of and the potential impact of the?,,
au-06_odp.03,AU-06,rev5,"{{ insert: param, au-06_odp.03 }}",sp800-53a findings are reported to links href rel,free-text,single,What value does your organization use for: sp800-53a findings are reported to links href rel?,,
au-06.01_odp,AU-6,rev5,"{{ insert: param, au-06.01_odp }}",record review analysis and reporting processes using,free-text,single,What value does your organization use for: record review analysis and reporting processes using?,,
au-06.01_odp,AU-06(01),rev5,"{{ insert: param, au-06.01_odp }}",reporting processes are integrated using links href rel,free-text,single,What value does your organization use for: reporting processes are integrated using links href rel?,,
au-06.05_odp.02,AU-06(05),rev5,"{{ insert: param, au-06.05_odp.02 }}",scanning information performance data system monitoring information odp,free-text,single,What value does your organization use for: scanning information performance data system monitoring information odp?,,
au-06.05_odp.01,AU-6,rev5,"{{ insert: param, au-06.05_odp.01 }}",analysis of to further enhance the ability to,free-text,single,What value does your organization use for: analysis of to further enhance the ability to?,,
au-06.05_odp.01,AU-06(05),rev5,"{{ insert: param, au-06.05_odp.01 }}",analysis of to further enhance the ability to,free-text,single,What value does your organization use for: analysis of to further enhance the ability to?,,
au-06.07_odp,AU-6,rev5,"{{ insert: param, au-06.07_odp }}",for each associated with the review analysis and,free-text,single,What value does your organization use for: for each associated with the review analysis and?,,
au-06.07_odp,AU-06(07),rev5,"{{ insert: param, au-06.07_odp }}",for each associated with the review analysis and,free-text,single,What value does your organization use for: for each associated with the review analysis and?,,
au-07.01_odp,AU-7,rev5,"{{ insert: param, au-07.01_odp }}",of interest based on the following content,free-text,single,What value does your organization use for: of interest based on the following content?,,
au-07.01_odp,AU-07(01),rev5,"{{ insert: param, au-07.01_odp }}",of interest based on are provided links href,free-text,single,What value does your organization use for: of interest based on are provided links href?,,
au-07.01_odp,AU-07(01),rev5,"{{ insert: param, au-07.01_odp }}",of interest based on are implemented links href,free-text,single,What value does your organization use for: of interest based on are implemented links href?,,
au-08_odp,AU-8,rev5,"{{ insert: param, au-08_odp }}",that meet and that use Coordinated Universal Time,free-text,single,What value does your organization use for: that meet and that use Coordinated Universal Time?,,
au-08_odp,AU-08,rev5,"{{ insert: param, au-08_odp }}",that meet and that use Coordinated Universal Time,free-text,single,What value does your organization use for: that meet and that use Coordinated Universal Time?,,
au-09_odp,AU-9,rev5,"{{ insert: param, au-09_odp }}",Alert upon detection of unauthorized access modification,free-text,single,What value does your organization use for: Alert upon detection of unauthorized access modification?,,
au-09_odp,AU-09,rev5,"{{ insert: param, au-09_odp }}",class sp800-53a are alerted upon detection of unauthorized,free-text,single,What value does your organization use for: class sp800-53a are alerted upon detection of unauthorized?,,
au-09.02_odp,AU-9,rev5,"{{ insert: param, au-09.02_odp }}",Store audit records in repository that is,free-text,single,What value does your organization use for: Store audit records in repository that is?,,
au-09.02_odp,AU-09(02),rev5,"{{ insert: param, au-09.02_odp }}",audit records are stored in repository that is,free-text,single,What value does your organization use for: audit records are stored in repository that is?,,
au-09.04_odp,AU-9,rev5,"{{ insert: param, au-09.04_odp }}",management of audit logging functionality to only,role,single,What value does your organization use for: management of audit logging functionality to only? (answer with a job title or role),System Administrator | Security Officer,
au-09.04_odp,AU-09(04),rev5,"{{ insert: param, au-09.04_odp }}",functionality is authorized only to links href rel,free-text,single,What value does your organization use for: functionality is authorized only to links href rel?,,
au-09.05_odp.01,AU-9,rev5,"{{ insert: param, au-09.05_odp.01 }}",Enforce dual authorization for of insert param odp,free-text,single,What value does your organization use for: Enforce dual authorization for of insert param odp?,,
au-09.05_odp.02,AU-09,rev5,"{{ insert: param, au-09.05_odp.02 }}",for insert param odp of,free-text,single,What value does your organization use for: for insert param odp of?,,
au-09.05_odp.01,AU-09(05),rev5,"{{ insert: param, au-09.05_odp.01 }}",is enforced for the of insert param odp,free-text,single,What value does your organization use for: is enforced for the of insert param odp?,,
au-09.05_odp.02,AU-09,rev5,"{{ insert: param, au-09.05_odp.02 }}",insert param odp of links href rel,free-text,single,What value does your organization use for: insert param odp of links href rel?,,
au-09.06_odp,AU-9,rev5,"{{ insert: param, au-09.06_odp }}",Authorize read-only access to audit information to,role,single,What value does your organization use for: Authorize read-only access to audit information to? (answer with a job title or role),System Administrator | Security Officer,
au-09.06_odp,AU-09(06),rev5,"{{ insert: param, au-09.06_odp }}",audit information is authorized to links href rel,free-text,single,What value does your organization use for: audit information is authorized to links href rel?,,
au-10_odp,AU-10,rev5,"{{ insert: param, au-10_odp }}",acting on behalf of an individual has performed,free-text,single,What value does your organization use for: acting on behalf of an individual has performed?,,
au-10_odp,AU-10,rev5,"{{ insert: param, au-10_odp }}",an individual has performed links href rel assessment-for,free-text,single,What value does your organization use for: an individual has performed links href rel assessment-for?,,
au-10.01_odp,AU-10,rev5,"{{ insert: param, au-10.01_odp }}",the information producer with the information to and,free-text,single,What value does your organization use for: the information producer with the information to and?,,
au-10.01_odp,AU-10(01),rev5,"{{ insert: param, au-10.01_odp }}",is bound with the information to links href,free-text,single,What value does your organization use for: is bound with the information to links href?,,
au-10.02_odp.01,AU-10,rev5,"{{ insert: param, au-10.02_odp.01 }}",information producer identity to the information at and,free-text,single,What value does your organization use for: information producer identity to the information at and?,,
au-10.02_odp.02,AU-10,rev5,"{{ insert: param, au-10.02_odp.02 }}",Perform in the event of validation,free-text,single,What value does your organization use for: Perform in the event of validation?,,
au-10.02_odp.01,AU-10(02),rev5,"{{ insert: param, au-10.02_odp.01 }}",to the information is validated at links href,free-text,single,What value does your organization use for: to the information is validated at links href?,,
au-10.02_odp.02,AU-10(02),rev5,"{{ insert: param, au-10.02_odp.02 }}",class sp800-53a in the event of validation,free-text,single,What value does your organization use for: class sp800-53a in the event of validation?,,
au-10.04_odp.01,AU-10,rev5,"{{ insert: param, au-10.04_odp.01 }}",points prior to release or transfer between and,free-text,single,What value does your organization use for: points prior to release or transfer between and?,,
au-10.04_odp.02,AU-10,rev5,"{{ insert: param, au-10.04_odp.02 }}",Perform in the event of validation,free-text,single,What value does your organization use for: Perform in the event of validation?,,
au-10.04_odp.01,AU-10(04),rev5,"{{ insert: param, au-10.04_odp.01 }}",release or transfer between is validated links href,free-text,single,What value does your organization use for: release or transfer between is validated links href?,,
au-10.04_odp.02,AU-10(04),rev5,"{{ insert: param, au-10.04_odp.02 }}",class sp800-53a are performed in the event of,free-text,single,What value does your organization use for: class sp800-53a are performed in the event of?,,
au-11_odp,AU-11,rev5,"{{ insert: param, au-11_odp }}",records for to provide support for after-the-fact investigations,free-text,single,What value does your organization use for: records for to provide support for after-the-fact investigations?,,
au-11_odp,AU-11,rev5,"{{ insert: param, au-11_odp }}",retained for to provide support for after-the-fact investigations,free-text,single,What value does your organization use for: retained for to provide support for after-the-fact investigations?,,
au-11.01_odp,AU-11,rev5,"{{ insert: param, au-11.01_odp }}",Employ to ensure that long-term audit records,free-text,single,What value does your organization use for: Employ to ensure that long-term audit records?,,
au-11.01_odp,AU-11(01),rev5,"{{ insert: param, au-11.01_odp }}",class sp800-53a are employed to ensure that long-term,free-text,single,What value does your organization use for: class sp800-53a are employed to ensure that long-term?,,
au-12_odp.01,AU-2,rev5,"{{ insert: param, au-12_odp.01 }}",of auditing as defined in AU-2a on,free-text,single,What value does your organization use for: of auditing as defined in AU-2a on?,,
au-12_odp.02,AU-12,rev5,"{{ insert: param, au-12_odp.02 }}",Allow to select the event types that,free-text,single,What value does your organization use for: Allow to select the event types that?,,
au-12_odp.01,AU-02,rev5,"{{ insert: param, au-12_odp.01 }}",in ODP is provided by links href rel,free-text,single,What value does your organization use for: in ODP is provided by links href rel?,,
au-12_odp.02,AU-12,rev5,"{{ insert: param, au-12_odp.02 }}",class sp800-53a is are allowed to select the,free-text,single,What value does your organization use for: class sp800-53a is are allowed to select the?,,
au-12.01_odp.01,AU-12,rev5,"{{ insert: param, au-12.01_odp.01 }}",audit records from into system-wide logical or physical,duration,single,"What value does your organization use for: audit records from into system-wide logical or physical? (answer with a duration, e.g., 30/60/90 days)",30 days | 60 days | 90 days,
au-12.01_odp.02,AU-12,rev5,"{{ insert: param, au-12.01_odp.02 }}",audit trail that is time-correlated to within,duration,single,"What value does your organization use for: audit trail that is time-correlated to within? (answer with a duration, e.g., 30/60/90 days)",30 days | 60 days | 90 days,
au-12.01_odp.01,AU-12(01),rev5,"{{ insert: param, au-12.01_odp.01 }}",audit records from are compiled into system-wide logical,duration,single,"What value does your organization use for: audit records from are compiled into system-wide logical? (answer with a duration, e.g., 30/60/90 days)",30 days | 60 days | 90 days,
au-12.01_odp.02,AU-12,rev5,"{{ insert: param, au-12.01_odp.02 }}",that is time-correlated to within links href rel,duration,single,"What value does your organization use for: that is time-correlated to within links href rel? (answer with a duration, e.g., 30/60/90 days)",30 days | 60 days | 90 days,
au-12.03_odp.01,AU-12,rev5,"{{ insert: param, au-12.03_odp.01 }}",capability for to change the logging to be,duration,single,"What value does your organization use for: capability for to change the logging to be? (answer with a duration, e.g., 30/60/90 days)",30 days | 60 days | 90 days,
au-12.03_odp.02,AU-12,rev5,"{{ insert: param, au-12.03_odp.02 }}",to be performed on based on insert param,duration,single,"What value does your organization use for: to be performed on based on insert param? (answer with a duration, e.g., 30/60/90 days)",30 days | 60 days | 90 days,
au-12.03_odp.03,AU-12,rev5,"{{ insert: param, au-12.03_odp.03 }}",odp based on within insert param odp,duration,single,"What value does your organization use for: odp based on within insert param odp? (answer with a duration, e.g., 30/60/90 days)",30 days | 60 days | 90 days,
au-12.03_odp.04,AU-12,rev5,"{{ insert: param, au-12.03_odp.04 }}",on insert param odp within,duration,single,"What value does your organization use for: on insert param odp within? (answer with a duration, e.g., 30/60/90 days)",30 days | 60 days | 90 days,
au-12.03_odp.01,AU-12(03),rev5,"{{ insert: param, au-12.03_odp.01 }}",capability for to change the logging to be,duration,single,"What value does your organization use for: capability for to change the logging to be? (answer with a duration, e.g., 30/60/90 days)",30 days | 60 days | 90 days,
au-12.03_odp.02,AU-12,rev5,"{{ insert: param, au-12.03_odp.02 }}",to be performed on based on insert param,duration,single,"What value does your organization use for: to be performed on based on insert param? (answer with a duration, e.g., 30/60/90 days)",30 days | 60 days | 90 days,
au-12.03_odp.03,AU-12,rev5,"{{ insert: param, au-12.03_odp.03 }}",odp based on within insert param odp,duration,single,"What value does your organization use for: odp based on within insert param odp? (answer with a duration, e.g., 30/60/90 days)",30 days | 60 days | 90 days,
au-12.03_odp.04,AU-12,rev5,"{{ insert: param, au-12.03_odp.04 }}",param odp within is provided links href,duration,single,"What value does your organization use for: param odp within is provided links href? (answer with a duration, e.g., 30/60/90 days)",30 days | 60 days | 90 days,
au-12.03_odp.01,AU-12(03),rev5,"{{ insert: param, au-12.03_odp.01 }}",capability for to change the logging to be,duration,single,"What value does your organization use for: capability for to change the logging to be? (answer with a duration, e.g., 30/60/90 days)",30 days | 60 days | 90 days,
au-12.03_odp.02,AU-12,rev5,"{{ insert: param, au-12.03_odp.02 }}",to be performed on based on insert param,duration,single,"What value does your organization use for: to be performed on based on insert param? (answer with a duration, e.g., 30/60/90 days)",30 days | 60 days | 90 days,
au-12.03_odp.03,AU-12,rev5,"{{ insert: param, au-12.03_odp.03 }}",odp based on within insert param odp,duration,single,"What value does your organization use for: odp based on within insert param odp? (answer with a duration, e.g., 30/60/90 days)",30 days | 60 days | 90 days,
au-12.03_odp.04,AU-12,rev5,"{{ insert: param, au-12.03_odp.04 }}",param odp within is implemented links href,duration,single,"What value does your organization use for: param odp within is implemented links href? (answer with a duration, e.g., 30/60/90 days)",30 days | 60 days | 90 days,
au-13_odp.01,AU-13,rev5,"{{ insert: param, au-13_odp.01 }}",Monitor insert param odp for,free-text,single,What value does your organization use for: Monitor insert param odp for?,,
au-13_odp.02,AU-13,rev5,"{{ insert: param, au-13_odp.02 }}",param odp for evidence of unauthorized disclosure of,free-text,single,What value does your organization use for: param odp for evidence of unauthorized disclosure of?,,
au-13_odp.03,AU-13,rev5,"{{ insert: param, au-13_odp.03 }}",Notify and,free-text,single,What value does your organization use for: Notify and?,,
au-13_odp.04,AU-13,rev5,"{{ insert: param, au-13_odp.04 }}",Take the following additional actions,free-text,single,What value does your organization use for: Take the following additional actions?,,
au-13_odp.01,AU-13,rev5,"{{ insert: param, au-13_odp.01 }}",AU-13a class sp800-53a is are monitored insert param,free-text,single,What value does your organization use for: AU-13a class sp800-53a is are monitored insert param?,,
au-13_odp.02,AU-13,rev5,"{{ insert: param, au-13_odp.02 }}",are monitored for evidence of unauthorized disclosure of,free-text,single,What value does your organization use for: are monitored for evidence of unauthorized disclosure of?,,
au-13_odp.03,AU-13,rev5,"{{ insert: param, au-13_odp.03 }}",class sp800-53a are notified if an information disclosure,free-text,single,What value does your organization use for: class sp800-53a are notified if an information disclosure?,,
au-13_odp.04,AU-13,rev5,"{{ insert: param, au-13_odp.04 }}",class sp800-53a are taken if an information disclosure,free-text,single,What value does your organization use for: class sp800-53a are taken if an information disclosure?,,
au-13.01_odp,AU-13,rev5,"{{ insert: param, au-13.01_odp }}",Monitor open-source information and information sites using,free-text,single,What value does your organization use for: Monitor open-source information and information sites using?,,
au-13.01_odp,AU-13(01),rev5,"{{ insert: param, au-13.01_odp }}",information sites are monitored using links href rel,free-text,single,What value does your organization use for: information sites are monitored using links href rel?,,
au-13.02_odp,AU-13,rev5,"{{ insert: param, au-13.02_odp }}",list of open-source information sites being monitored,free-text,list,What value does your organization use for: list of open-source information sites being monitored?,,
au-13.02_odp,AU-13(02),rev5,"{{ insert: param, au-13.02_odp }}",sites being monitored is reviewed links href rel,free-text,list,What value does your organization use for: sites being monitored is reviewed links href rel?,,
au-14_odp.01,AU-14,rev5,"{{ insert: param, au-14_odp.01 }}",implement the capability for to insert param odp,free-text,single,What value does your organization use for: implement the capability for to insert param odp?,,
au-14_odp.02,AU-14,rev5,"{{ insert: param, au-14_odp.02 }}",param odp to the content of user session,free-text,single,What value does your organization use for: param odp to the content of user session?,,
au-14_odp.03,AU-14,rev5,"{{ insert: param, au-14_odp.03 }}",odp the content of user session under and,free-text,single,What value does your organization use for: odp the content of user session under and?,,
au-14_odp.01,AU-14,rev5,"{{ insert: param, au-14_odp.01 }}",class sp800-53a are provided with the capability to,free-text,single,What value does your organization use for: class sp800-53a are provided with the capability to?,,
au-14_odp.02,AU-14,rev5,"{{ insert: param, au-14_odp.02 }}",the capability to the content of user session,free-text,single,What value does your organization use for: the capability to the content of user session?,,
au-14_odp.03,AU-14,rev5,"{{ insert: param, au-14_odp.03 }}",content of user session under links href rel,free-text,single,What value does your organization use for: content of user session under links href rel?,,
au-14_odp.01,AU-14,rev5,"{{ insert: param, au-14_odp.01 }}",sp800-53a the capability for to insert param odp,free-text,single,What value does your organization use for: sp800-53a the capability for to insert param odp?,,
au-14_odp.02,AU-14,rev5,"{{ insert: param, au-14_odp.02 }}",param odp to the content of user session,free-text,single,What value does your organization use for: param odp to the content of user session?,,
au-14_odp.03,AU-14,rev5,"{{ insert: param, au-14_odp.03 }}",of user session under is implemented links href,free-text,single,What value does your organization use for: of user session under is implemented links href?,,
au-16_odp.01,AU-16,rev5,"{{ insert: param, au-16_odp.01 }}",rel related Employ for coordinating insert param odp,free-text,single,What value does your organization use for: rel related Employ for coordinating insert param odp?,,
au-16_odp.02,AU-16,rev5,"{{ insert: param, au-16_odp.02 }}",for coordinating among external organizations when audit information,free-text,single,What value does your organization use for: for coordinating among external organizations when audit information?,,
au-16_odp.01,AU-16,rev5,"{{ insert: param, au-16_odp.01 }}",assessment-objective class sp800-53a for coordinating insert param odp,free-text,single,What value does your organization use for: assessment-objective class sp800-53a for coordinating insert param odp?,,
au-16_odp.02,AU-16,rev5,"{{ insert: param, au-16_odp.02 }}",for coordinating among external organizations when audit information,free-text,single,What value does your organization use for: for coordinating among external organizations when audit information?,,
au-16.02_odp.01,AU-16,rev5,"{{ insert: param, au-16.02_odp.01 }}",cross-organizational audit information to based on insert param,free-text,single,What value does your organization use for: cross-organizational audit information to based on insert param?,,
au-16.02_odp.02,AU-16,rev5,"{{ insert: param, au-16.02_odp.02 }}",insert param odp based on,free-text,single,What value does your organization use for: insert param odp based on?,,
au-16.02_odp.01,AU-16(02),rev5,"{{ insert: param, au-16.02_odp.01 }}",information is provided to based on insert param,free-text,single,What value does your organization use for: information is provided to based on insert param?,,
au-16.02_odp.02,AU-16,rev5,"{{ insert: param, au-16.02_odp.02 }}",param odp based on links href rel,free-text,single,What value does your organization use for: param odp based on links href rel?,,
au-16.03_odp,AU-16,rev5,"{{ insert: param, au-16.03_odp }}",Implement to disassociate individuals from audit information,free-text,single,What value does your organization use for: Implement to disassociate individuals from audit information?,,
au-16.03_odp,AU-16(03),rev5,"{{ insert: param, au-16.03_odp }}",class sp800-53a are implemented to disassociate individuals from,free-text,single,What value does your organization use for: class sp800-53a are implemented to disassociate individuals from?,,
ca-1_prm_1,CA-1,rev5,"{{ insert: param, ca-1_prm_1 }}",Develop document and disseminate to,free-text,single,What value does your organization use for: Develop document and disseminate to?,,
ca-01_odp.03,CA-1,rev5,"{{ insert: param, ca-01_odp.03 }}",assessment authorization and monitoring policy that,free-text,single,What value does your organization use for: assessment authorization and monitoring policy that?,,
ca-01_odp.04,CA-1,rev5,"{{ insert: param, ca-01_odp.04 }}",Designate an to manage the development documentation and,free-text,single,What value does your organization use for: Designate an to manage the development documentation and?,,
ca-01_odp.05,CA-1,rev5,"{{ insert: param, ca-01_odp.05 }}",Policy and following insert param odp,free-text,single,What value does your organization use for: Policy and following insert param odp?,,
ca-01_odp.06,CA-01,rev5,"{{ insert: param, ca-01_odp.06 }}",Policy insert param odp and following and,free-text,single,What value does your organization use for: Policy insert param odp and following and?,,
ca-01_odp.07,CA-1,rev5,"{{ insert: param, ca-01_odp.07 }}",Procedures and following insert param odp,free-text,single,What value does your organization use for: Procedures and following insert param odp?,,
ca-01_odp.08,CA-01,rev5,"{{ insert: param, ca-01_odp.08 }}",Procedures insert param odp and following,free-text,single,What value does your organization use for: Procedures insert param odp and following?,,
ca-01_odp.01,CA-01,rev5,"{{ insert: param, ca-01_odp.01 }}",monitoring policy is disseminated to links href rel,free-text,single,What value does your organization use for: monitoring policy is disseminated to links href rel?,,
ca-01_odp.02,CA-01,rev5,"{{ insert: param, ca-01_odp.02 }}",monitoring procedures are disseminated to links href rel,free-text,single,What value does your organization use for: monitoring procedures are disseminated to links href rel?,,
ca-01_odp.03,CA-01,rev5,"{{ insert: param, ca-01_odp.03 }}",sp800-53a the assessment authorization and monitoring policy addresses,free-text,single,What value does your organization use for: sp800-53a the assessment authorization and monitoring policy addresses?,,
ca-01_odp.03,CA-01,rev5,"{{ insert: param, ca-01_odp.03 }}",sp800-53a the assessment authorization and monitoring policy addresses,free-text,single,What value does your organization use for: sp800-53a the assessment authorization and monitoring policy addresses?,,
ca-01_odp.03,CA-01,rev5,"{{ insert: param, ca-01_odp.03 }}",sp800-53a the assessment authorization and monitoring policy addresses,role,single,What value does your organization use for: sp800-53a the assessment authorization and monitoring policy addresses? (answer with a job title or role),System Administrator | Security Officer,
ca-01_odp.03,CA-01,rev5,"{{ insert: param, ca-01_odp.03 }}",sp800-53a the assessment authorization and monitoring policy addresses,free-text,single,What value does your organization use for: sp800-53a the assessment authorization and monitoring policy addresses?,,
ca-01_odp.03,CA-01,rev5,"{{ insert: param, ca-01_odp.03 }}",sp800-53a the assessment authorization and monitoring policy addresses,free-text,single,What value does your organization use for: sp800-53a the assessment authorization and monitoring policy addresses?,,
ca-01_odp.03,CA-01,rev5,"{{ insert: param, ca-01_odp.03 }}",sp800-53a the assessment authorization and monitoring policy addresses,org list,single,What value does your organization use for: sp800-53a the assessment authorization and monitoring policy addresses? (answer with a comma-separated list of org units),Security | HR | Finance,
ca-01_odp.03,CA-01,rev5,"{{ insert: param, ca-01_odp.03 }}",sp800-53a the assessment authorization and monitoring policy addresses,free-text,single,What value does your organization use for: sp800-53a the assessment authorization and monitoring policy addresses?,,
ca-01_odp.03,CA-01,rev5,"{{ insert: param, ca-01_odp.03 }}",sp800-53a the assessment authorization and monitoring policy is,free-text,single,What value does your organization use for: sp800-53a the assessment authorization and monitoring policy is?,,
ca-01_odp.04,CA-01,rev5,"{{ insert: param, ca-01_odp.04 }}",sp800-53a the is designated to manage the development,free-text,single,What value does your organization use for: sp800-53a the is designated to manage the development?,,
ca-01_odp.05,CA-01,rev5,"{{ insert: param, ca-01_odp.05 }}",monitoring policy is reviewed and updated links href,free-text,single,What value does your organization use for: monitoring policy is reviewed and updated links href?,,
ca-01_odp.06,CA-01,rev5,"{{ insert: param, ca-01_odp.06 }}",policy is reviewed and updated following links href,free-text,single,What value does your organization use for: policy is reviewed and updated following links href?,,
ca-01_odp.07,CA-01,rev5,"{{ insert: param, ca-01_odp.07 }}",monitoring procedures are reviewed and updated links href,free-text,single,What value does your organization use for: monitoring procedures are reviewed and updated links href?,,
ca-01_odp.08,CA-01,rev5,"{{ insert: param, ca-01_odp.08 }}",procedures are reviewed and updated following links href,free-text,single,What value does your organization use for: procedures are reviewed and updated following links href?,,
ca-02_odp.01,CA-2,rev5,"{{ insert: param, ca-02_odp.01 }}",of operation to determine the extent to which,free-text,single,What value does your organization use for: of operation to determine the extent to which?,,
ca-02_odp.02,CA-2,rev5,"{{ insert: param, ca-02_odp.02 }}",Provide the results of the control assessment to,free-text,single,What value does your organization use for: Provide the results of the control assessment to?,,
ca-02_odp.01,CA-02,rev5,"{{ insert: param, ca-02_odp.01 }}",of operation to determine the extent to which,free-text,single,What value does your organization use for: of operation to determine the extent to which?,,
ca-02_odp.01,CA-02,rev5,"{{ insert: param, ca-02_odp.01 }}",of operation to determine the extent to which,free-text,single,What value does your organization use for: of operation to determine the extent to which?,,
ca-02_odp.02,CA-02,rev5,"{{ insert: param, ca-02_odp.02 }}",control assessment are provided to links href rel,free-text,single,What value does your organization use for: control assessment are provided to links href rel?,,
ca-02.02_odp.04,CA-02(02),rev5,"{{ insert: param, ca-02.02_odp.04 }}",testing data leakage or data loss assessment odp,free-text,single,What value does your organization use for: testing data leakage or data loss assessment odp?,,
ca-02.02_odp.01,CA-2,rev5,"{{ insert: param, ca-02.02_odp.01 }}",as of control assessments insert param odp,free-text,single,What value does your organization use for: as of control assessments insert param odp?,,
ca-02.02_odp.02,CA-02,rev5,"{{ insert: param, ca-02.02_odp.02 }}",insert param odp insert param odp,free-text,single,What value does your organization use for: insert param odp insert param odp?,,
ca-02.02_odp.03,CA-02,rev5,"{{ insert: param, ca-02.02_odp.03 }}",odp insert param odp,free-text,single,What value does your organization use for: odp insert param odp?,,
ca-02.02_odp.01,CA-02(02),rev5,"{{ insert: param, ca-02.02_odp.01 }}",assessment-objective class sp800-53a insert param odp,free-text,single,What value does your organization use for: assessment-objective class sp800-53a insert param odp?,,
ca-02.02_odp.02,CA-02,rev5,"{{ insert: param, ca-02.02_odp.02 }}",insert param odp insert param odp,free-text,single,What value does your organization use for: insert param odp insert param odp?,,
ca-02.02_odp.03,CA-02,rev5,"{{ insert: param, ca-02.02_odp.03 }}",param odp are included as of control,free-text,single,What value does your organization use for: param odp are included as of control?,,
ca-02.03_odp.01,CA-2,rev5,"{{ insert: param, ca-02.03_odp.01 }}",control assessments performed by on insert param odp,free-text,single,What value does your organization use for: control assessments performed by on insert param odp?,,
ca-02.03_odp.02,CA-02,rev5,"{{ insert: param, ca-02.03_odp.02 }}",odp on when the assessment meets insert param,free-text,single,What value does your organization use for: odp on when the assessment meets insert param?,,
ca-02.03_odp.03,CA-02,rev5,"{{ insert: param, ca-02.03_odp.03 }}",odp when the assessment meets,free-text,single,What value does your organization use for: odp when the assessment meets?,,
ca-02.03_odp.01,CA-02(03),rev5,"{{ insert: param, ca-02.03_odp.01 }}",control assessments performed by on insert param odp,free-text,single,What value does your organization use for: control assessments performed by on insert param odp?,,
ca-02.03_odp.02,CA-02,rev5,"{{ insert: param, ca-02.03_odp.02 }}",odp on are leveraged when the assessment meets,free-text,single,What value does your organization use for: odp on are leveraged when the assessment meets?,,
ca-02.03_odp.03,CA-02,rev5,"{{ insert: param, ca-02.03_odp.03 }}",leveraged when the assessment meets links href rel,free-text,single,What value does your organization use for: leveraged when the assessment meets links href rel?,,
ca-03_odp.02,CA-03,rev5,"{{ insert: param, ca-03_odp.02 }}",service level agreements user agreements non-disclosure agreements odp,free-text,single,What value does your organization use for: service level agreements user agreements non-disclosure agreements odp?,,
ca-03_odp.01,CA-3,rev5,"{{ insert: param, ca-03_odp.01 }}",information between the system and other systems using,free-text,single,What value does your organization use for: information between the system and other systems using?,,
ca-03_odp.03,CA-3,rev5,"{{ insert: param, ca-03_odp.03 }}",Review and update the agreements,free-text,single,What value does your organization use for: Review and update the agreements?,,
ca-03_odp.01,CA-03,rev5,"{{ insert: param, ca-03_odp.01 }}",is approved and managed using links href rel,free-text,single,What value does your organization use for: is approved and managed using links href rel?,,
ca-03_odp.03,CA-03,rev5,"{{ insert: param, ca-03_odp.03 }}",agreements are reviewed and updated links href rel,free-text,single,What value does your organization use for: agreements are reviewed and updated links href rel?,,
ca-05_odp,CA-5,rev5,"{{ insert: param, ca-05_odp }}",and milestones based on the findings from control,free-text,single,What value does your organization use for: and milestones based on the findings from control?,,
ca-05_odp,CA-05,rev5,"{{ insert: param, ca-05_odp }}",are updated based on the findings from control,free-text,single,What value does your organization use for: are updated based on the findings from control?,,
ca-05.01_odp,CA-5,rev5,"{{ insert: param, ca-05.01_odp }}",action and milestones for the system using,free-text,single,What value does your organization use for: action and milestones for the system using?,,
ca-05.01_odp,CA-05(01),rev5,"{{ insert: param, ca-05.01_odp }}",class sp800-53a are used to ensure the accuracy,free-text,single,What value does your organization use for: class sp800-53a are used to ensure the accuracy?,,
ca-06_odp,CA-6,rev5,"{{ insert: param, ca-06_odp }}",Update the authorizations,free-text,single,What value does your organization use for: Update the authorizations?,,
ca-06_odp,CA-06,rev5,"{{ insert: param, ca-06_odp }}",sp800-53a the authorizations are updated links href rel,free-text,single,What value does your organization use for: sp800-53a the authorizations are updated links href rel?,,
ca-07_odp.01,CA-7,rev5,"{{ insert: param, ca-07_odp.01 }}",Establishing the following system-level metrics to be monitored,free-text,single,What value does your organization use for: Establishing the following system-level metrics to be monitored?,,
ca-07_odp.02,CA-7,rev5,"{{ insert: param, ca-07_odp.02 }}",Establishing for monitoring and insert param,free-text,single,What value does your organization use for: Establishing for monitoring and insert param?,,
ca-07_odp.03,CA-07,rev5,"{{ insert: param, ca-07_odp.03 }}",for monitoring and for assessment of control effectiveness,free-text,single,What value does your organization use for: for monitoring and for assessment of control effectiveness?,,
ca-7_prm_4,CA-7,rev5,"{{ insert: param, ca-7_prm_4 }}",status of the system to insert param prm,free-text,single,What value does your organization use for: status of the system to insert param prm?,,
ca-7_prm_5,CA-7,rev5,"{{ insert: param, ca-7_prm_5 }}",of the system to insert param prm,free-text,single,What value does your organization use for: of the system to insert param prm?,,
ca-07_odp.01,CA-07,rev5,"{{ insert: param, ca-07_odp.01 }}",system-level metrics to be monitored links href rel,free-text,single,What value does your organization use for: system-level metrics to be monitored links href rel?,,
ca-07_odp.02,CA-07,rev5,"{{ insert: param, ca-07_odp.02 }}",continuous monitoring includes established for monitoring links href,free-text,single,What value does your organization use for: continuous monitoring includes established for monitoring links href?,,
ca-07_odp.03,CA-07,rev5,"{{ insert: param, ca-07_odp.03 }}",includes established for assessment of control effectiveness links,free-text,single,What value does your organization use for: includes established for assessment of control effectiveness links?,,
ca-07_odp.04,CA-07,rev5,"{{ insert: param, ca-07_odp.04 }}",of the system to insert param odp links,free-text,single,What value does your organization use for: of the system to insert param odp links?,,
ca-07_odp.05,CA-07,rev5,"{{ insert: param, ca-07_odp.05 }}",system to insert param odp links href rel,free-text,single,What value does your organization use for: system to insert param odp links href rel?,,
ca-07_odp.06,CA-07,rev5,"{{ insert: param, ca-07_odp.06 }}",of the system to insert param odp links,free-text,single,What value does your organization use for: of the system to insert param odp links?,,
ca-07_odp.07,CA-07,rev5,"{{ insert: param, ca-07_odp.07 }}",system to insert param odp links href rel,free-text,single,What value does your organization use for: system to insert param odp links href rel?,,
ca-7.5_prm_1,CA-7,rev5,"{{ insert: param, ca-7.5_prm_1 }}",implemented controls are operating in consistent manner,free-text,single,What value does your organization use for: implemented controls are operating in consistent manner?,,
ca-07.05_odp.01,CA-07(05),rev5,"{{ insert: param, ca-07.05_odp.01 }}",class sp800-53a are employed to validate that policies,free-text,single,What value does your organization use for: class sp800-53a are employed to validate that policies?,,
ca-07.05_odp.02,CA-07(05),rev5,"{{ insert: param, ca-07.05_odp.02 }}",class sp800-53a are employed to validate that implemented,free-text,single,What value does your organization use for: class sp800-53a are employed to validate that implemented?,,
ca-07.06_odp,CA-7,rev5,"{{ insert: param, ca-07.06_odp }}",of monitoring results for the system using,free-text,single,What value does your organization use for: of monitoring results for the system using?,,
ca-07.06_odp,CA-07(06),rev5,"{{ insert: param, ca-07.06_odp }}",class sp800-53a are used to ensure the accuracy,free-text,single,What value does your organization use for: class sp800-53a are used to ensure the accuracy?,,
ca-08_odp.01,CA-8,rev5,"{{ insert: param, ca-08_odp.01 }}",Conduct penetration testing on insert param odp,free-text,single,What value does your organization use for: Conduct penetration testing on insert param odp?,,
ca-08_odp.02,CA-08,rev5,"{{ insert: param, ca-08_odp.02 }}",Conduct penetration testing insert param odp on,free-text,single,What value does your organization use for: Conduct penetration testing insert param odp on?,,
ca-08_odp.01,CA-08,rev5,"{{ insert: param, ca-08_odp.01 }}",penetration testing is conducted on insert param odp,free-text,single,What value does your organization use for: penetration testing is conducted on insert param odp?,,
ca-08_odp.02,CA-08,rev5,"{{ insert: param, ca-08_odp.02 }}",insert param odp on links href rel assessment-for,free-text,single,What value does your organization use for: insert param odp on links href rel assessment-for?,,
ca-08.02_odp,CA-8,rev5,"{{ insert: param, ca-08.02_odp }}",in accordance with applicable rules of engagement,free-text,single,What value does your organization use for: in accordance with applicable rules of engagement?,,
ca-08.02_odp,CA-08(02),rev5,"{{ insert: param, ca-08.02_odp }}",class sp800-53a are employed to simulate attempts by,free-text,single,What value does your organization use for: class sp800-53a are employed to simulate attempts by?,,
ca-08.03_odp.01,CA-8,rev5,"{{ insert: param, ca-08.03_odp.01 }}",penetration testing process that includes insert param odp,free-text,single,What value does your organization use for: penetration testing process that includes insert param odp?,,
ca-08.03_odp.02,CA-08,rev5,"{{ insert: param, ca-08.03_odp.02 }}",param odp attempts to bypass or circumvent controls,free-text,single,What value does your organization use for: param odp attempts to bypass or circumvent controls?,,
ca-08.03_odp.01,CA-08(03),rev5,"{{ insert: param, ca-08.03_odp.01 }}",the penetration testing process includes insert param odp,free-text,single,What value does your organization use for: the penetration testing process includes insert param odp?,,
ca-08.03_odp.02,CA-08,rev5,"{{ insert: param, ca-08.03_odp.02 }}",param odp attempts to bypass or circumvent controls,free-text,single,What value does your organization use for: param odp attempts to bypass or circumvent controls?,,
ca-09_odp.01,CA-9,rev5,"{{ insert: param, ca-09_odp.01 }}",Authorize internal connections of to the system,free-text,single,What value does your organization use for: Authorize internal connections of to the system?,,
ca-09_odp.02,CA-9,rev5,"{{ insert: param, ca-09_odp.02 }}",Terminate internal system connections after and,free-text,single,What value does your organization use for: Terminate internal system connections after and?,,
ca-09_odp.03,CA-9,rev5,"{{ insert: param, ca-09_odp.03 }}",Review the continued need for each internal,free-text,single,What value does your organization use for: Review the continued need for each internal?,,
ca-09_odp.01,CA-09,rev5,"{{ insert: param, ca-09_odp.01 }}",connections of to the system are authorized links,free-text,single,What value does your organization use for: connections of to the system are authorized links?,,
ca-09_odp.02,CA-09,rev5,"{{ insert: param, ca-09_odp.02 }}",system connections are terminated after links href rel,free-text,single,What value does your organization use for: system connections are terminated after links href rel?,,
ca-09_odp.03,CA-09,rev5,"{{ insert: param, ca-09_odp.03 }}",each internal connection is reviewed links href rel,free-text,single,What value does your organization use for: each internal connection is reviewed links href rel?,,
cm-1_prm_1,CM-1,rev5,"{{ insert: param, cm-1_prm_1 }}",Develop document and disseminate to,free-text,single,What value does your organization use for: Develop document and disseminate to?,,
cm-01_odp.03,CM-1,rev5,"{{ insert: param, cm-01_odp.03 }}",configuration management policy that,free-text,single,What value does your organization use for: configuration management policy that?,,
cm-01_odp.04,CM-1,rev5,"{{ insert: param, cm-01_odp.04 }}",Designate an to manage the development documentation and,free-text,single,What value does your organization use for: Designate an to manage the development documentation and?,,
cm-01_odp.05,CM-1,rev5,"{{ insert: param, cm-01_odp.05 }}",Policy and following insert param odp,free-text,single,What value does your organization use for: Policy and following insert param odp?,,
cm-01_odp.06,CM-01,rev5,"{{ insert: param, cm-01_odp.06 }}",Policy insert param odp and following and,free-text,single,What value does your organization use for: Policy insert param odp and following and?,,
cm-01_odp.07,CM-1,rev5,"{{ insert: param, cm-01_odp.07 }}",Procedures and following insert param odp,free-text,single,What value does your organization use for: Procedures and following insert param odp?,,
cm-01_odp.08,CM-01,rev5,"{{ insert: param, cm-01_odp.08 }}",Procedures insert param odp and following,free-text,single,What value does your organization use for: Procedures insert param odp and following?,,
cm-01_odp.01,CM-01,rev5,"{{ insert: param, cm-01_odp.01 }}",management policy is disseminated to links href rel,free-text,single,What value does your organization use for: management policy is disseminated to links href rel?,,
cm-01_odp.02,CM-01,rev5,"{{ insert: param, cm-01_odp.02 }}",management procedures are disseminated to links href rel,free-text,single,What value does your organization use for: management procedures are disseminated to links href rel?,,
cm-01_odp.03,CM-01,rev5,"{{ insert: param, cm-01_odp.03 }}",sp800-53a the of the configuration management policy addresses,free-text,single,What value does your organization use for: sp800-53a the of the configuration management policy addresses?,,
cm-01_odp.03,CM-01,rev5,"{{ insert: param, cm-01_odp.03 }}",sp800-53a the of the configuration management policy addresses,free-text,single,What value does your organization use for: sp800-53a the of the configuration management policy addresses?,,
cm-01_odp.03,CM-01,rev5,"{{ insert: param, cm-01_odp.03 }}",sp800-53a the of the configuration management policy addresses,role,single,What value does your organization use for: sp800-53a the of the configuration management policy addresses? (answer with a job title or role),System Administrator | Security Officer,
cm-01_odp.03,CM-01,rev5,"{{ insert: param, cm-01_odp.03 }}",sp800-53a the of the configuration management policy addresses,free-text,single,What value does your organization use for: sp800-53a the of the configuration management policy addresses?,,
cm-01_odp.03,CM-01,rev5,"{{ insert: param, cm-01_odp.03 }}",sp800-53a the of the configuration management policy addresses,free-text,single,What value does your organization use for: sp800-53a the of the configuration management policy addresses?,,
cm-01_odp.03,CM-01,rev5,"{{ insert: param, cm-01_odp.03 }}",sp800-53a the of the configuration management policy addresses,org list,single,What value does your organization use for: sp800-53a the of the configuration management policy addresses? (answer with a comma-separated list of org units),Security | HR | Finance,
cm-01_odp.03,CM-01,rev5,"{{ insert: param, cm-01_odp.03 }}",sp800-53a the of the configuration management policy addresses,free-text,single,What value does your organization use for: sp800-53a the of the configuration management policy addresses?,,
cm-01_odp.04,CM-01,rev5,"{{ insert: param, cm-01_odp.04 }}",sp800-53a the is designated to manage the development,free-text,single,What value does your organization use for: sp800-53a the is designated to manage the development?,,
cm-01_odp.05,CM-01,rev5,"{{ insert: param, cm-01_odp.05 }}",management policy is reviewed and updated links href,free-text,single,What value does your organization use for: management policy is reviewed and updated links href?,,
cm-01_odp.06,CM-01,rev5,"{{ insert: param, cm-01_odp.06 }}",policy is reviewed and updated following links href,free-text,single,What value does your organization use for: policy is reviewed and updated following links href?,,
cm-01_odp.07,CM-01,rev5,"{{ insert: param, cm-01_odp.07 }}",management procedures are reviewed and updated links href,free-text,single,What value does your organization use for: management procedures are reviewed and updated links href?,,
cm-01_odp.08,CM-01,rev5,"{{ insert: param, cm-01_odp.08 }}",procedures are reviewed and updated following links href,free-text,single,What value does your organization use for: procedures are reviewed and updated following links href?,,
cm-02_odp.01,CM-2,rev5,"{{ insert: param, cm-02_odp.01 }}",organization-defined value,free-text,single,What value does your organization use for: organization-defined?,,
cm-02_odp.02,CM-2,rev5,"{{ insert: param, cm-02_odp.02 }}",When required due to and,free-text,single,What value does your organization use for: When required due to and?,,
cm-02_odp.01,CM-02,rev5,"{{ insert: param, cm-02_odp.01 }}",the system is reviewed and updated links href,free-text,single,What value does your organization use for: the system is reviewed and updated links href?,,
cm-02_odp.02,CM-02,rev5,"{{ insert: param, cm-02_odp.02 }}",and updated when required due to links href,free-text,single,What value does your organization use for: and updated when required due to links href?,,
cm-02.02_odp,CM-2,rev5,"{{ insert: param, cm-02.02_odp }}",the baseline configuration of the system using,free-text,single,What value does your organization use for: the baseline configuration of the system using?,,
cm-02.02_odp,CM-02(02),rev5,"{{ insert: param, cm-02.02_odp }}",the system is maintained using links href rel,free-text,single,What value does your organization use for: the system is maintained using links href rel?,,
cm-02.02_odp,CM-02(02),rev5,"{{ insert: param, cm-02.02_odp }}",the system is maintained using links href rel,free-text,single,What value does your organization use for: the system is maintained using links href rel?,,
cm-02.02_odp,CM-02(02),rev5,"{{ insert: param, cm-02.02_odp }}",the system is maintained using links href rel,free-text,single,What value does your organization use for: the system is maintained using links href rel?,,
cm-02.02_odp,CM-02(02),rev5,"{{ insert: param, cm-02.02_odp }}",the system is maintained using links href rel,free-text,single,What value does your organization use for: the system is maintained using links href rel?,,
cm-02.03_odp,CM-2,rev5,"{{ insert: param, cm-02.03_odp }}",Retain of previous versions of baseline configurations,free-text,single,What value does your organization use for: Retain of previous versions of baseline configurations?,,
cm-02.03_odp,CM-02(03),rev5,"{{ insert: param, cm-02.03_odp }}",assessment-objective class sp800-53a of previous baseline configuration version,free-text,single,What value does your organization use for: assessment-objective class sp800-53a of previous baseline configuration version?,,
cm-02.07_odp.01,CM-2,rev5,"{{ insert: param, cm-02.07_odp.01 }}",Issue with insert param odp,free-text,single,What value does your organization use for: Issue with insert param odp?,,
cm-02.07_odp.02,CM-02,rev5,"{{ insert: param, cm-02.07_odp.02 }}",odp with to individuals traveling to locations that,free-text,single,What value does your organization use for: odp with to individuals traveling to locations that?,,
cm-02.07_odp.03,CM-2,rev5,"{{ insert: param, cm-02.07_odp.03 }}",components when the individuals return from travel,free-text,single,What value does your organization use for: components when the individuals return from travel?,,
cm-02.07_odp.01,CM-02(07),rev5,"{{ insert: param, cm-02.07_odp.01 }}",class sp800-53a with insert param odp,free-text,single,What value does your organization use for: class sp800-53a with insert param odp?,,
cm-02.07_odp.02,CM-02,rev5,"{{ insert: param, cm-02.07_odp.02 }}",odp with are issued to individuals traveling to,free-text,single,What value does your organization use for: odp with are issued to individuals traveling to?,,
cm-02.07_odp.03,CM-02(07),rev5,"{{ insert: param, cm-02.07_odp.03 }}",class sp800-53a are applied to the systems or,free-text,single,What value does your organization use for: class sp800-53a are applied to the systems or?,,
cm-03_odp.04,CM-03,rev5,"{{ insert: param, cm-03_odp.04 }}",select how-many one-or-more choice when insert param odp,free-text,single,What value does your organization use for: select how-many one-or-more choice when insert param odp?,,
cm-03_odp.05,CM-03,rev5,"{{ insert: param, cm-03_odp.05 }}",how-many one-or-more choice insert param odp when odp,free-text,single,What value does your organization use for: how-many one-or-more choice insert param odp when odp?,,
cm-03_odp.01,CM-3,rev5,"{{ insert: param, cm-03_odp.01 }}",records of configuration-controlled changes to the system for,free-text,single,What value does your organization use for: records of configuration-controlled changes to the system for?,,
cm-03_odp.02,CM-3,rev5,"{{ insert: param, cm-03_odp.02 }}",control activities through that convenes insert param odp,free-text,single,What value does your organization use for: control activities through that convenes insert param odp?,,
cm-03_odp.03,CM-03,rev5,"{{ insert: param, cm-03_odp.03 }}",activities through insert param odp that convenes,free-text,single,What value does your organization use for: activities through insert param odp that convenes?,,
cm-03_odp.01,CM-03,rev5,"{{ insert: param, cm-03_odp.01 }}",the system are retained for links href rel,free-text,single,What value does your organization use for: the system are retained for links href rel?,,
cm-03_odp.02,CM-03,rev5,"{{ insert: param, cm-03_odp.02 }}",are coordinated and overseen by links href rel,free-text,single,What value does your organization use for: are coordinated and overseen by links href rel?,,
cm-03_odp.03,CM-03,rev5,"{{ insert: param, cm-03_odp.03 }}",the configuration control element convenes links href rel,free-text,single,What value does your organization use for: the configuration control element convenes links href rel?,,
cm-03.01_odp.01,CM-3,rev5,"{{ insert: param, cm-03.01_odp.01 }}",required Use to,free-text,single,What value does your organization use for: required Use to?,,
cm-03.01_odp.02,CM-3,rev5,"{{ insert: param, cm-03.01_odp.02 }}",Notify of proposed changes to the system,free-text,single,What value does your organization use for: Notify of proposed changes to the system?,,
cm-03.01_odp.03,CM-3,rev5,"{{ insert: param, cm-03.01_odp.03 }}",that have not been approved or disapproved within,duration,single,"What value does your organization use for: that have not been approved or disapproved within? (answer with a duration, e.g., 30/60/90 days)",30 days | 60 days | 90 days,
cm-03.01_odp.04,CM-3,rev5,"{{ insert: param, cm-03.01_odp.04 }}",Notify when approved changes to the system,free-text,single,What value does your organization use for: Notify when approved changes to the system?,,
cm-03.01_odp.01,CM-03(01),rev5,"{{ insert: param, cm-03.01_odp.01 }}",class sp800-53a are used to document proposed changes,free-text,single,What value does your organization use for: class sp800-53a are used to document proposed changes?,,
cm-03.01_odp.01,CM-03(01),rev5,"{{ insert: param, cm-03.01_odp.01 }}",class sp800-53a are used to notify insert param,free-text,single,What value does your organization use for: class sp800-53a are used to notify insert param?,,
cm-03.01_odp.02,CM-03,rev5,"{{ insert: param, cm-03.01_odp.02 }}",to notify of proposed changes to the system,free-text,single,What value does your organization use for: to notify of proposed changes to the system?,,
cm-03.01_odp.01,CM-03(01),rev5,"{{ insert: param, cm-03.01_odp.01 }}",class sp800-53a are used to highlight proposed changes,duration,single,"What value does your organization use for: class sp800-53a are used to highlight proposed changes? (answer with a duration, e.g., 30/60/90 days)",30 days | 60 days | 90 days,
cm-03.01_odp.03,CM-03,rev5,"{{ insert: param, cm-03.01_odp.03 }}",not been approved or disapproved within links href,duration,single,"What value does your organization use for: not been approved or disapproved within links href? (answer with a duration, e.g., 30/60/90 days)",30 days | 60 days | 90 days,
cm-03.01_odp.01,CM-03(01),rev5,"{{ insert: param, cm-03.01_odp.01 }}",class sp800-53a are used to prohibit changes to,free-text,single,What value does your organization use for: class sp800-53a are used to prohibit changes to?,,
cm-03.01_odp.01,CM-03(01),rev5,"{{ insert: param, cm-03.01_odp.01 }}",class sp800-53a are used to document all changes,free-text,single,What value does your organization use for: class sp800-53a are used to document all changes?,,
cm-03.01_odp.01,CM-03(01),rev5,"{{ insert: param, cm-03.01_odp.01 }}",class sp800-53a are used to notify insert param,free-text,single,What value does your organization use for: class sp800-53a are used to notify insert param?,,
cm-03.01_odp.04,CM-03,rev5,"{{ insert: param, cm-03.01_odp.04 }}",to notify when approved changes to the system,free-text,single,What value does your organization use for: to notify when approved changes to the system?,,
cm-03.03_odp,CM-3,rev5,"{{ insert: param, cm-03.03_odp }}",updated baseline across the installed base using,free-text,single,What value does your organization use for: updated baseline across the installed base using?,,
cm-03.03_odp,CM-03(03),rev5,"{{ insert: param, cm-03.03_odp }}",system baseline are implemented using links href rel,free-text,single,What value does your organization use for: system baseline are implemented using links href rel?,,
cm-03.03_odp,CM-03(03),rev5,"{{ insert: param, cm-03.03_odp }}",across the installed base using links href rel,free-text,single,What value does your organization use for: across the installed base using links href rel?,,
cm-3.4_prm_1,CM-3,rev5,"{{ insert: param, cm-3.4_prm_1 }}",Require to be members of the insert,free-text,single,What value does your organization use for: Require to be members of the insert?,,
cm-03.04_odp.03,CM-3,rev5,"{{ insert: param, cm-03.04_odp.03 }}",prm to be members of the,free-text,single,What value does your organization use for: prm to be members of the?,,
cm-03.04_odp.01,CM-03(04),rev5,"{{ insert: param, cm-03.04_odp.01 }}",class sp800-53a are required to be members of,free-text,single,What value does your organization use for: class sp800-53a are required to be members of?,,
cm-03.04_odp.03,CM-03,rev5,"{{ insert: param, cm-03.04_odp.03 }}",to be members of the links href rel,free-text,single,What value does your organization use for: to be members of the links href rel?,,
cm-03.04_odp.02,CM-03(04),rev5,"{{ insert: param, cm-03.04_odp.02 }}",class sp800-53a are required to be members of,free-text,single,What value does your organization use for: class sp800-53a are required to be members of?,,
cm-03.04_odp.03,CM-03,rev5,"{{ insert: param, cm-03.04_odp.03 }}",to be members of the links href rel,free-text,single,What value does your organization use for: to be members of the links href rel?,,
cm-03.05_odp,CM-3,rev5,"{{ insert: param, cm-03.05_odp }}",configurations are changed in an unauthorized manner,free-text,single,What value does your organization use for: configurations are changed in an unauthorized manner?,,
cm-03.05_odp,CM-03(05),rev5,"{{ insert: param, cm-03.05_odp }}",class sp800-53a are automatically implemented if baseline configurations,free-text,single,What value does your organization use for: class sp800-53a are automatically implemented if baseline configurations?,,
cm-03.06_odp,CM-3,rev5,"{{ insert: param, cm-03.06_odp }}",the following controls are under configuration management,free-text,single,What value does your organization use for: the following controls are under configuration management?,,
cm-03.06_odp,CM-03(06),rev5,"{{ insert: param, cm-03.06_odp }}",to provide are under configuration management links href,free-text,single,What value does your organization use for: to provide are under configuration management links href?,,
cm-03.07_odp.01,CM-3,rev5,"{{ insert: param, cm-03.07_odp.01 }}",changes to the system or when insert param,free-text,single,What value does your organization use for: changes to the system or when insert param?,,
cm-03.07_odp.02,CM-03,rev5,"{{ insert: param, cm-03.07_odp.02 }}",or when to determine whether unauthorized changes have,free-text,single,What value does your organization use for: or when to determine whether unauthorized changes have?,,
cm-03.07_odp.01,CM-03(07),rev5,"{{ insert: param, cm-03.07_odp.01 }}",the system are reviewed or when insert param,free-text,single,What value does your organization use for: the system are reviewed or when insert param?,,
cm-03.07_odp.02,CM-03,rev5,"{{ insert: param, cm-03.07_odp.02 }}",or when to determine whether unauthorized changes have,free-text,single,What value does your organization use for: or when to determine whether unauthorized changes have?,,
cm-03.08_odp,CM-3,rev5,"{{ insert: param, cm-03.08_odp }}",of the system under the following circumstances,free-text,single,What value does your organization use for: of the system under the following circumstances?,,
cm-03.08_odp,CM-03(08),rev5,"{{ insert: param, cm-03.08_odp }}",are prevented or restricted under links href rel,free-text,single,What value does your organization use for: are prevented or restricted under links href rel?,,
cm-05.01_odp,CM-5,rev5,"{{ insert: param, cm-05.01_odp }}",Enforce access restrictions using and,free-text,single,What value does your organization use for: Enforce access restrictions using and?,,
cm-05.01_odp,CM-05(01),rev5,"{{ insert: param, cm-05.01_odp }}",restrictions for change are enforced using links href,free-text,single,What value does your organization use for: restrictions for change are enforced using links href?,,
cm-5.4_prm_1,CM-5,rev5,"{{ insert: param, cm-5.4_prm_1 }}",Enforce dual authorization for implementing changes to,free-text,single,What value does your organization use for: Enforce dual authorization for implementing changes to?,,
cm-05.04_odp.01,CM-05(04),rev5,"{{ insert: param, cm-05.04_odp.01 }}",for implementing changes to is enforced links href,free-text,single,What value does your organization use for: for implementing changes to is enforced links href?,,
cm-05.04_odp.02,CM-05(04),rev5,"{{ insert: param, cm-05.04_odp.02 }}",for implementing changes to is enforced links href,free-text,single,What value does your organization use for: for implementing changes to is enforced links href?,,
cm-5.5_prm_1,CM-5,rev5,"{{ insert: param, cm-5.5_prm_1 }}",Review and reevaluate privileges,free-text,list,What value does your organization use for: Review and reevaluate privileges?,,
cm-05.05_odp.01,CM-05(05),rev5,"{{ insert: param, cm-05.05_odp.01 }}",class sp800-53a privileges are reviewed links href,free-text,single,What value does your organization use for: class sp800-53a privileges are reviewed links href?,,
cm-05.05_odp.02,CM-05(05),rev5,"{{ insert: param, cm-05.05_odp.02 }}",class sp800-53a privileges are reevaluated links href,free-text,single,What value does your organization use for: class sp800-53a privileges are reevaluated links href?,,
cm-06_odp.01,CM-6,rev5,"{{ insert: param, cm-06_odp.01 }}",most restrictive mode consistent with operational requirements using,duration,single,"What value does your organization use for: most restrictive mode consistent with operational requirements using? (answer with a duration, e.g., 30/60/90 days)",30 days | 60 days | 90 days,
cm-06_odp.02,CM-6,rev5,"{{ insert: param, cm-06_odp.02 }}",configuration settings for based on insert param odp,free-text,single,What value does your organization use for: configuration settings for based on insert param odp?,,
cm-06_odp.03,CM-06,rev5,"{{ insert: param, cm-06_odp.03 }}",settings for insert param odp based on and,free-text,single,What value does your organization use for: settings for insert param odp based on and?,,
cm-06_odp.01,CM-06,rev5,"{{ insert: param, cm-06_odp.01 }}",employed within the system using links href rel,duration,single,"What value does your organization use for: employed within the system using links href rel? (answer with a duration, e.g., 30/60/90 days)",30 days | 60 days | 90 days,
cm-06_odp.02,CM-06,rev5,"{{ insert: param, cm-06_odp.02 }}",settings for are identified and documented based on,free-text,single,What value does your organization use for: settings for are identified and documented based on?,,
cm-06_odp.03,CM-06,rev5,"{{ insert: param, cm-06_odp.03 }}",identified and documented based on links href rel,free-text,single,What value does your organization use for: identified and documented based on links href rel?,,
cm-06_odp.02,CM-06,rev5,"{{ insert: param, cm-06_odp.02 }}",established configuration settings for are approved links href,free-text,single,What value does your organization use for: established configuration settings for are approved links href?,,
cm-06.01_odp.01,CM-6,rev5,"{{ insert: param, cm-06.01_odp.01 }}",verify configuration settings for using insert param prm,free-text,single,What value does your organization use for: verify configuration settings for using insert param prm?,,
cm-6.1_prm_2,CM-06,rev5,"{{ insert: param, cm-6.1_prm_2 }}",for insert param odp using,free-text,single,What value does your organization use for: for insert param odp using?,,
cm-06.01_odp.01,CM-06(01),rev5,"{{ insert: param, cm-06.01_odp.01 }}",configuration settings for are managed using insert param,free-text,single,What value does your organization use for: configuration settings for are managed using insert param?,,
cm-06.01_odp.02,CM-06,rev5,"{{ insert: param, cm-06.01_odp.02 }}",odp are managed using links href rel,free-text,single,What value does your organization use for: odp are managed using links href rel?,,
cm-06.01_odp.01,CM-06(01),rev5,"{{ insert: param, cm-06.01_odp.01 }}",configuration settings for are applied using insert param,free-text,single,What value does your organization use for: configuration settings for are applied using insert param?,,
cm-06.01_odp.03,CM-06,rev5,"{{ insert: param, cm-06.01_odp.03 }}",odp are applied using links href rel,free-text,single,What value does your organization use for: odp are applied using links href rel?,,
cm-06.01_odp.01,CM-06(01),rev5,"{{ insert: param, cm-06.01_odp.01 }}",configuration settings for are verified using insert param,free-text,single,What value does your organization use for: configuration settings for are verified using insert param?,,
cm-06.01_odp.04,CM-06,rev5,"{{ insert: param, cm-06.01_odp.04 }}",odp are verified using links href rel,free-text,single,What value does your organization use for: odp are verified using links href rel?,,
cm-06.02_odp.02,CM-6,rev5,"{{ insert: param, cm-06.02_odp.02 }}",response to unauthorized changes to insert param odp,free-text,single,What value does your organization use for: response to unauthorized changes to insert param odp?,,
cm-06.02_odp.01,CM-06,rev5,"{{ insert: param, cm-06.02_odp.01 }}",changes to insert param odp,free-text,single,What value does your organization use for: changes to insert param odp?,,
cm-06.02_odp.01,CM-06(02),rev5,"{{ insert: param, cm-06.02_odp.01 }}",class sp800-53a are taken in response to unauthorized,free-text,single,What value does your organization use for: class sp800-53a are taken in response to unauthorized?,,
cm-06.02_odp.02,CM-06,rev5,"{{ insert: param, cm-06.02_odp.02 }}",response to unauthorized changes to links href rel,free-text,single,What value does your organization use for: response to unauthorized changes to links href rel?,,
cm-07_odp.01,CM-7,rev5,"{{ insert: param, cm-07_odp.01 }}",Configure the system to provide only and,free-text,single,What value does your organization use for: Configure the system to provide only and?,,
cm-7_prm_2,CM-7,rev5,"{{ insert: param, cm-7_prm_2 }}",following functions ports protocols software and or services,free-text,single,What value does your organization use for: following functions ports protocols software and or services?,,
cm-07_odp.01,CM-07,rev5,"{{ insert: param, cm-07_odp.01 }}",is configured to provide only links href rel,free-text,single,What value does your organization use for: is configured to provide only links href rel?,,
cm-07_odp.02,CM-07,rev5,"{{ insert: param, cm-07_odp.02 }}",use of is prohibited or restricted links href,free-text,single,What value does your organization use for: use of is prohibited or restricted links href?,,
cm-07_odp.03,CM-07,rev5,"{{ insert: param, cm-07_odp.03 }}",use of is prohibited or restricted links href,free-text,single,What value does your organization use for: use of is prohibited or restricted links href?,,
cm-07_odp.04,CM-07,rev5,"{{ insert: param, cm-07_odp.04 }}",use of is prohibited or restricted links href,free-text,single,What value does your organization use for: use of is prohibited or restricted links href?,,
cm-07_odp.05,CM-07,rev5,"{{ insert: param, cm-07_odp.05 }}",use of is prohibited or restricted links href,free-text,single,What value does your organization use for: use of is prohibited or restricted links href?,,
cm-07_odp.06,CM-07,rev5,"{{ insert: param, cm-07_odp.06 }}",use of is prohibited or restricted links href,free-text,single,What value does your organization use for: use of is prohibited or restricted links href?,,
cm-07.01_odp.01,CM-7,rev5,"{{ insert: param, cm-07.01_odp.01 }}",the system to identify unnecessary and or nonsecure,free-text,single,What value does your organization use for: the system to identify unnecessary and or nonsecure?,,
cm-7.1_prm_2,CM-7,rev5,"{{ insert: param, cm-7.1_prm_2 }}",Disable or remove,free-text,single,What value does your organization use for: Disable or remove?,,
cm-07.01_odp.01,CM-07(01),rev5,"{{ insert: param, cm-07.01_odp.01 }}",is reviewed to identify unnecessary and or non-secure,free-text,single,What value does your organization use for: is reviewed to identify unnecessary and or non-secure?,,
cm-07.01_odp.02,CM-07(01),rev5,"{{ insert: param, cm-07.01_odp.02 }}",class sp800-53a deemed to be unnecessary and or,free-text,single,What value does your organization use for: class sp800-53a deemed to be unnecessary and or?,,
cm-07.01_odp.03,CM-07(01),rev5,"{{ insert: param, cm-07.01_odp.03 }}",class sp800-53a deemed to be unnecessary and or,free-text,single,What value does your organization use for: class sp800-53a deemed to be unnecessary and or?,,
cm-07.01_odp.04,CM-07(01),rev5,"{{ insert: param, cm-07.01_odp.04 }}",class sp800-53a deemed to be unnecessary and or,free-text,single,What value does your organization use for: class sp800-53a deemed to be unnecessary and or?,,
cm-07.01_odp.05,CM-07(01),rev5,"{{ insert: param, cm-07.01_odp.05 }}",class sp800-53a deemed to be unnecessary and or,free-text,single,What value does your organization use for: class sp800-53a deemed to be unnecessary and or?,,
cm-07.01_odp.06,CM-07(01),rev5,"{{ insert: param, cm-07.01_odp.06 }}",class sp800-53a deemed to be unnecessary and or,free-text,single,What value does your organization use for: class sp800-53a deemed to be unnecessary and or?,,
cm-07.02_odp.02,CM-07(02),rev5,"{{ insert: param, cm-07.02_odp.02 }}",one-or-more choice rules authorizing the terms and conditions,free-text,single,What value does your organization use for: one-or-more choice rules authorizing the terms and conditions?,,
cm-07.02_odp.01,CM-7,rev5,"{{ insert: param, cm-07.02_odp.01 }}",Prevent program execution in accordance with,free-text,single,What value does your organization use for: Prevent program execution in accordance with?,,
cm-07.02_odp.01,CM-07(02),rev5,"{{ insert: param, cm-07.02_odp.01 }}",is prevented in accordance with links href rel,free-text,single,What value does your organization use for: is prevented in accordance with links href rel?,,
cm-07.03_odp,CM-7,rev5,"{{ insert: param, cm-07.03_odp }}",Ensure compliance with,free-text,single,What value does your organization use for: Ensure compliance with?,,
cm-07.03_odp,CM-07(03),rev5,"{{ insert: param, cm-07.03_odp }}",assessment-objective class sp800-53a are complied with links href,free-text,single,What value does your organization use for: assessment-objective class sp800-53a are complied with links href?,,
cm-07.04_odp.01,CM-7,rev5,"{{ insert: param, cm-07.04_odp.01 }}",Identify,free-text,single,What value does your organization use for: Identify?,,
cm-07.04_odp.02,CM-7,rev5,"{{ insert: param, cm-07.04_odp.02 }}",update the list of unauthorized software programs,free-text,list,What value does your organization use for: update the list of unauthorized software programs?,,
cm-07.04_odp.01,CM-07(04),rev5,"{{ insert: param, cm-07.04_odp.01 }}",class sp800-53a are identified links href,free-text,single,What value does your organization use for: class sp800-53a are identified links href?,,
cm-07.04_odp.02,CM-07(04),rev5,"{{ insert: param, cm-07.04_odp.02 }}",software programs is reviewed and updated links href,free-text,list,What value does your organization use for: software programs is reviewed and updated links href?,,
cm-07.05_odp.01,CM-7,rev5,"{{ insert: param, cm-07.05_odp.01 }}",Identify,free-text,single,What value does your organization use for: Identify?,,
cm-07.05_odp.02,CM-7,rev5,"{{ insert: param, cm-07.05_odp.02 }}",update the list of authorized software programs,free-text,list,What value does your organization use for: update the list of authorized software programs?,,
cm-07.05_odp.01,CM-07(05),rev5,"{{ insert: param, cm-07.05_odp.01 }}",class sp800-53a are identified links href,free-text,single,What value does your organization use for: class sp800-53a are identified links href?,,
cm-07.05_odp.02,CM-07(05),rev5,"{{ insert: param, cm-07.05_odp.02 }}",software programs is reviewed and updated links href,free-text,list,What value does your organization use for: software programs is reviewed and updated links href?,,
cm-07.06_odp,CM-7,rev5,"{{ insert: param, cm-07.06_odp }}",or virtual machine environment with limited privileges,free-text,single,What value does your organization use for: or virtual machine environment with limited privileges?,,
cm-07.06_odp,CM-07(06),rev5,"{{ insert: param, cm-07.06_odp }}",class sp800-53a is required to be executed in,free-text,single,What value does your organization use for: class sp800-53a is required to be executed in?,,
cm-07.07_odp,CM-7,rev5,"{{ insert: param, cm-07.07_odp }}",the explicit approval of when such code is,free-text,single,What value does your organization use for: the explicit approval of when such code is?,,
cm-07.07_odp,CM-07(07),rev5,"{{ insert: param, cm-07.07_odp }}",allowed with the explicit approval of links href,free-text,single,What value does your organization use for: allowed with the explicit approval of links href?,,
cm-07.07_odp,CM-07(07),rev5,"{{ insert: param, cm-07.07_odp }}",allowed with the explicit approval of links href,free-text,single,What value does your organization use for: allowed with the explicit approval of links href?,,
cm-07.09_odp.01,CM-7,rev5,"{{ insert: param, cm-07.09_odp.01 }}",Identify,free-text,single,What value does your organization use for: Identify?,,
cm-07.09_odp.02,CM-7,rev5,"{{ insert: param, cm-07.09_odp.02 }}",update the list of authorized hardware components,free-text,list,What value does your organization use for: update the list of authorized hardware components?,,
cm-07.09_odp.01,CM-07(09),rev5,"{{ insert: param, cm-07.09_odp.01 }}",class sp800-53a are identified links href,free-text,single,What value does your organization use for: class sp800-53a are identified links href?,,
cm-07.09_odp.02,CM-07(09),rev5,"{{ insert: param, cm-07.09_odp.02 }}",hardware components is reviewed and updated links href,free-text,list,What value does your organization use for: hardware components is reviewed and updated links href?,,
cm-08_odp.01,CM-8,rev5,"{{ insert: param, cm-08_odp.01 }}",following information to achieve system component accountability and,free-text,single,What value does your organization use for: following information to achieve system component accountability and?,,
cm-08_odp.02,CM-8,rev5,"{{ insert: param, cm-08_odp.02 }}",Review and update the system component inventory,free-text,single,What value does your organization use for: Review and update the system component inventory?,,
cm-08_odp.01,CM-08,rev5,"{{ insert: param, cm-08_odp.01 }}",that includes is developed and documented links href,free-text,single,What value does your organization use for: that includes is developed and documented links href?,,
cm-08_odp.02,CM-08,rev5,"{{ insert: param, cm-08_odp.02 }}",inventory is reviewed and updated links href rel,free-text,single,What value does your organization use for: inventory is reviewed and updated links href rel?,,
cm-8.2_prm_1,CM-8,rev5,"{{ insert: param, cm-8.2_prm_1 }}",of the inventory of system components using,free-text,single,What value does your organization use for: of the inventory of system components using?,,
cm-08.02_odp.01,CM-08(02),rev5,"{{ insert: param, cm-08.02_odp.01 }}",class sp800-53a are used to maintain the currency,free-text,single,What value does your organization use for: class sp800-53a are used to maintain the currency?,,
cm-08.02_odp.02,CM-08(02),rev5,"{{ insert: param, cm-08.02_odp.02 }}",class sp800-53a are used to maintain the completeness,free-text,single,What value does your organization use for: class sp800-53a are used to maintain the completeness?,,
cm-08.02_odp.03,CM-08(02),rev5,"{{ insert: param, cm-08.02_odp.03 }}",class sp800-53a are used to maintain the accuracy,free-text,single,What value does your organization use for: class sp800-53a are used to maintain the accuracy?,,
cm-08.02_odp.04,CM-08(02),rev5,"{{ insert: param, cm-08.02_odp.04 }}",class sp800-53a are used to maintain the availability,free-text,single,What value does your organization use for: class sp800-53a are used to maintain the availability?,,
cm-08.03_odp.06,CM-08(03),rev5,"{{ insert: param, cm-08.03_odp.06 }}",by unauthorized components isolate unauthorized components notify odp,free-text,single,What value does your organization use for: by unauthorized components isolate unauthorized components notify odp?,,
cm-8.3_prm_1,CM-8,rev5,"{{ insert: param, cm-8.3_prm_1 }}",components within the system using insert param odp,duration,single,"What value does your organization use for: components within the system using insert param odp? (answer with a duration, e.g., 30/60/90 days)",30 days | 60 days | 90 days,
cm-08.03_odp.04,CM-8,rev5,"{{ insert: param, cm-08.03_odp.04 }}",the system using insert param prm and,duration,single,"What value does your organization use for: the system using insert param prm and? (answer with a duration, e.g., 30/60/90 days)",30 days | 60 days | 90 days,
cm-08.03_odp.05,CM-8,rev5,"{{ insert: param, cm-08.03_odp.05 }}",following actions when unauthorized components are detected,free-text,single,What value does your organization use for: following actions when unauthorized components are detected?,,
cm-08.03_odp.01,CM-08(03),rev5,"{{ insert: param, cm-08.03_odp.01 }}",the system is detected using insert param odp,duration,single,"What value does your organization use for: the system is detected using insert param odp? (answer with a duration, e.g., 30/60/90 days)",30 days | 60 days | 90 days,
cm-08.03_odp.04,CM-08,rev5,"{{ insert: param, cm-08.03_odp.04 }}",detected using insert param odp links href,duration,single,"What value does your organization use for: detected using insert param odp links href? (answer with a duration, e.g., 30/60/90 days)",30 days | 60 days | 90 days,
cm-08.03_odp.02,CM-08(03),rev5,"{{ insert: param, cm-08.03_odp.02 }}",the system is detected using insert param odp,duration,single,"What value does your organization use for: the system is detected using insert param odp? (answer with a duration, e.g., 30/60/90 days)",30 days | 60 days | 90 days,
cm-08.03_odp.04,CM-08,rev5,"{{ insert: param, cm-08.03_odp.04 }}",detected using insert param odp links href,duration,single,"What value does your organization use for: detected using insert param odp links href? (answer with a duration, e.g., 30/60/90 days)",30 days | 60 days | 90 days,
cm-08.03_odp.03,CM-08(03),rev5,"{{ insert: param, cm-08.03_odp.03 }}",the system is detected using insert param odp,duration,single,"What value does your organization use for: the system is detected using insert param odp? (answer with a duration, e.g., 30/60/90 days)",30 days | 60 days | 90 days,
cm-08.03_odp.04,CM-08,rev5,"{{ insert: param, cm-08.03_odp.04 }}",detected using insert param odp links href,duration,single,"What value does your organization use for: detected using insert param odp links href? (answer with a duration, e.g., 30/60/90 days)",30 days | 60 days | 90 days,
cm-08.03_odp.05,CM-08(03),rev5,"{{ insert: param, cm-08.03_odp.05 }}",class sp800-53a are taken when unauthorized hardware is,free-text,single,What value does your organization use for: class sp800-53a are taken when unauthorized hardware is?,,
cm-08.03_odp.05,CM-08(03),rev5,"{{ insert: param, cm-08.03_odp.05 }}",class sp800-53a are taken when unauthorized software is,free-text,single,What value does your organization use for: class sp800-53a are taken when unauthorized software is?,,
cm-08.03_odp.05,CM-08(03),rev5,"{{ insert: param, cm-08.03_odp.05 }}",class sp800-53a are taken when unauthorized firmware is,free-text,single,What value does your organization use for: class sp800-53a are taken when unauthorized firmware is?,,
cm-08.04_odp,CM-8,rev5,"{{ insert: param, cm-08.04_odp }}",identifying by individuals responsible and accountable for administering,free-text,single,What value does your organization use for: identifying by individuals responsible and accountable for administering?,,
cm-08.04_odp,CM-08(04),rev5,"{{ insert: param, cm-08.04_odp }}",identified by in the system component inventory links,free-text,single,What value does your organization use for: identified by in the system component inventory links?,,
cm-08.08_odp,CM-8,rev5,"{{ insert: param, cm-08.08_odp }}",of system components by geographic location using,free-text,single,What value does your organization use for: of system components by geographic location using?,,
cm-08.08_odp,CM-08(08),rev5,"{{ insert: param, cm-08.08_odp }}",class sp800-53a are used to support the tracking,free-text,single,What value does your organization use for: class sp800-53a are used to support the tracking?,,
cm-08.09_odp,CM-8,rev5,"{{ insert: param, cm-08.09_odp }}",Receive an acknowledgement from of this assignment,free-text,single,What value does your organization use for: Receive an acknowledgement from of this assignment?,,
cm-08.09_odp,CM-08(09),rev5,"{{ insert: param, cm-08.09_odp }}",the component assignment is received from links href,free-text,single,What value does your organization use for: the component assignment is received from links href?,,
cm-09_odp,CM-9,rev5,"{{ insert: param, cm-09_odp }}",Is reviewed and approved by and,free-text,single,What value does your organization use for: Is reviewed and approved by and?,,
cm-09_odp,CM-09,rev5,"{{ insert: param, cm-09_odp }}",is reviewed and approved by links href rel,free-text,single,What value does your organization use for: is reviewed and approved by links href rel?,,
cm-10.01_odp,CM-10,rev5,"{{ insert: param, cm-10.01_odp }}",restrictions on the use of open-source software,free-text,single,What value does your organization use for: restrictions on the use of open-source software?,,
cm-10.01_odp,CM-10(01),rev5,"{{ insert: param, cm-10.01_odp }}",class sp800-53a are established for the use of,free-text,single,What value does your organization use for: class sp800-53a are established for the use of?,,
cm-11_odp.01,CM-11,rev5,"{{ insert: param, cm-11_odp.01 }}",Establish governing the installation of software by,free-text,single,What value does your organization use for: Establish governing the installation of software by?,,
cm-11_odp.02,CM-11,rev5,"{{ insert: param, cm-11_odp.02 }}",software installation policies through the following methods and,free-text,single,What value does your organization use for: software installation policies through the following methods and?,,
cm-11_odp.03,CM-11,rev5,"{{ insert: param, cm-11_odp.03 }}",Monitor policy compliance,free-text,single,What value does your organization use for: Monitor policy compliance?,,
cm-11_odp.01,CM-11,rev5,"{{ insert: param, cm-11_odp.01 }}",class sp800-53a governing the installation of software by,free-text,single,What value does your organization use for: class sp800-53a governing the installation of software by?,,
cm-11_odp.02,CM-11,rev5,"{{ insert: param, cm-11_odp.02 }}",installation policies are enforced through links href rel,free-text,single,What value does your organization use for: installation policies are enforced through links href rel?,,
cm-11_odp.01,CM-11,rev5,"{{ insert: param, cm-11_odp.01 }}",sp800-53a compliance with is monitored insert param odp,free-text,single,What value does your organization use for: sp800-53a compliance with is monitored insert param odp?,,
cm-11_odp.03,CM-11,rev5,"{{ insert: param, cm-11_odp.03 }}",insert param odp is monitored links href rel,free-text,single,What value does your organization use for: insert param odp is monitored links href rel?,,
cm-11.3_prm_1,CM-11,rev5,"{{ insert: param, cm-11.3_prm_1 }}",monitor compliance with software installation policies using,free-text,single,What value does your organization use for: monitor compliance with software installation policies using?,,
cm-11.03_odp.01,CM-11(03),rev5,"{{ insert: param, cm-11.03_odp.01 }}",installation policies is enforced using links href rel,free-text,single,What value does your organization use for: installation policies is enforced using links href rel?,,
cm-11.03_odp.02,CM-11(03),rev5,"{{ insert: param, cm-11.03_odp.02 }}",installation policies is monitored using links href rel,free-text,single,What value does your organization use for: installation policies is monitored using links href rel?,,
cm-12_odp,CM-12,rev5,"{{ insert: param, cm-12_odp }}",location of and the specific system components on,free-text,single,What value does your organization use for: location of and the specific system components on?,,
cm-12_odp,CM-12,rev5,"{{ insert: param, cm-12_odp }}",location of is identified and documented links href,free-text,single,What value does your organization use for: location of is identified and documented links href?,,
cm-12_odp,CM-12,rev5,"{{ insert: param, cm-12_odp }}",on which is processed are identified and documented,free-text,single,What value does your organization use for: on which is processed are identified and documented?,,
cm-12_odp,CM-12,rev5,"{{ insert: param, cm-12_odp }}",on which is stored are identified and documented,free-text,single,What value does your organization use for: on which is stored are identified and documented?,,
cm-12_odp,CM-12,rev5,"{{ insert: param, cm-12_odp }}",components where is processed are identified and documented,free-text,single,What value does your organization use for: components where is processed are identified and documented?,,
cm-12_odp,CM-12,rev5,"{{ insert: param, cm-12_odp }}",components where is stored are identified and documented,free-text,single,What value does your organization use for: components where is stored are identified and documented?,,
cm-12_odp,CM-12,rev5,"{{ insert: param, cm-12_odp }}",components where is processed are documented links href,free-text,single,What value does your organization use for: components where is processed are documented links href?,,
cm-12_odp,CM-12,rev5,"{{ insert: param, cm-12_odp }}",components where is stored are documented links href,free-text,single,What value does your organization use for: components where is stored are documented links href?,,
cm-12.01_odp.01,CM-12,rev5,"{{ insert: param, cm-12.01_odp.01 }}",automated tools to identify on insert param odp,free-text,single,What value does your organization use for: automated tools to identify on insert param odp?,,
cm-12.01_odp.02,CM-12,rev5,"{{ insert: param, cm-12.01_odp.02 }}",odp on to ensure controls are in place,free-text,single,What value does your organization use for: odp on to ensure controls are in place?,,
cm-12.01_odp.01,CM-12(01),rev5,"{{ insert: param, cm-12.01_odp.01 }}",are used to identify on insert param odp,free-text,single,What value does your organization use for: are used to identify on insert param odp?,,
cm-12.01_odp.02,CM-12,rev5,"{{ insert: param, cm-12.01_odp.02 }}",odp on to ensure that controls are in,free-text,single,What value does your organization use for: odp on to ensure that controls are in?,,
cm-14_prm_1,CM-14,rev5,"{{ insert: param, cm-14_prm_1 }}",installation of without verification that the component has,free-text,single,What value does your organization use for: installation of without verification that the component has?,,
cm-14_odp.01,CM-14,rev5,"{{ insert: param, cm-14_odp.01 }}",installation of is prevented unless it is verified,free-text,single,What value does your organization use for: installation of is prevented unless it is verified?,,
cm-14_odp.02,CM-14,rev5,"{{ insert: param, cm-14_odp.02 }}",installation of is prevented unless it is verified,free-text,single,What value does your organization use for: installation of is prevented unless it is verified?,,
cp-1_prm_1,CP-1,rev5,"{{ insert: param, cp-1_prm_1 }}",Develop document and disseminate to,free-text,single,What value does your organization use for: Develop document and disseminate to?,,
cp-01_odp.03,CP-1,rev5,"{{ insert: param, cp-01_odp.03 }}",contingency planning policy that,free-text,single,What value does your organization use for: contingency planning policy that?,,
cp-01_odp.04,CP-1,rev5,"{{ insert: param, cp-01_odp.04 }}",Designate an to manage the development documentation and,free-text,single,What value does your organization use for: Designate an to manage the development documentation and?,,
cp-01_odp.05,CP-1,rev5,"{{ insert: param, cp-01_odp.05 }}",Policy and following insert param odp,free-text,single,What value does your organization use for: Policy and following insert param odp?,,
cp-01_odp.06,CP-01,rev5,"{{ insert: param, cp-01_odp.06 }}",Policy insert param odp and following and,free-text,single,What value does your organization use for: Policy insert param odp and following and?,,
cp-01_odp.07,CP-1,rev5,"{{ insert: param, cp-01_odp.07 }}",Procedures and following insert param odp,free-text,single,What value does your organization use for: Procedures and following insert param odp?,,
cp-01_odp.08,CP-01,rev5,"{{ insert: param, cp-01_odp.08 }}",Procedures insert param odp and following,duration,single,"What value does your organization use for: Procedures insert param odp and following? (answer with a duration, e.g., 30/60/90 days)",30 days | 60 days | 90 days,
cp-01_odp.01,CP-01,rev5,"{{ insert: param, cp-01_odp.01 }}",planning policy is disseminated to links href rel,free-text,single,What value does your organization use for: planning policy is disseminated to links href rel?,,
cp-01_odp.02,CP-01,rev5,"{{ insert: param, cp-01_odp.02 }}",planning procedures are disseminated to links href rel,free-text,single,What value does your organization use for: planning procedures are disseminated to links href rel?,,
cp-01_odp.03,CP-01,rev5,"{{ insert: param, cp-01_odp.03 }}",sp800-53a the contingency planning policy addresses purpose links,free-text,single,What value does your organization use for: sp800-53a the contingency planning policy addresses purpose links?,,
cp-01_odp.03,CP-01,rev5,"{{ insert: param, cp-01_odp.03 }}",sp800-53a the contingency planning policy addresses scope links,free-text,single,What value does your organization use for: sp800-53a the contingency planning policy addresses scope links?,,
cp-01_odp.03,CP-01,rev5,"{{ insert: param, cp-01_odp.03 }}",sp800-53a the contingency planning policy addresses roles links,role,single,What value does your organization use for: sp800-53a the contingency planning policy addresses roles links? (answer with a job title or role),System Administrator | Security Officer,
cp-01_odp.03,CP-01,rev5,"{{ insert: param, cp-01_odp.03 }}",sp800-53a the contingency planning policy addresses responsibilities links,free-text,single,What value does your organization use for: sp800-53a the contingency planning policy addresses responsibilities links?,,
cp-01_odp.03,CP-01,rev5,"{{ insert: param, cp-01_odp.03 }}",sp800-53a the contingency planning policy addresses management commitment,free-text,single,What value does your organization use for: sp800-53a the contingency planning policy addresses management commitment?,,
cp-01_odp.03,CP-01,rev5,"{{ insert: param, cp-01_odp.03 }}",sp800-53a the contingency planning policy addresses coordination among,org list,single,What value does your organization use for: sp800-53a the contingency planning policy addresses coordination among? (answer with a comma-separated list of org units),Security | HR | Finance,
cp-01_odp.03,CP-01,rev5,"{{ insert: param, cp-01_odp.03 }}",sp800-53a the contingency planning policy addresses compliance links,free-text,single,What value does your organization use for: sp800-53a the contingency planning policy addresses compliance links?,,
cp-01_odp.03,CP-01,rev5,"{{ insert: param, cp-01_odp.03 }}",sp800-53a the contingency planning policy is consistent with,free-text,single,What value does your organization use for: sp800-53a the contingency planning policy is consistent with?,,
cp-01_odp.04,CP-01,rev5,"{{ insert: param, cp-01_odp.04 }}",sp800-53a the is designated to manage the development,free-text,single,What value does your organization use for: sp800-53a the is designated to manage the development?,,
cp-01_odp.05,CP-01,rev5,"{{ insert: param, cp-01_odp.05 }}",planning policy is reviewed and updated links href,free-text,single,What value does your organization use for: planning policy is reviewed and updated links href?,,
cp-01_odp.06,CP-01,rev5,"{{ insert: param, cp-01_odp.06 }}",policy is reviewed and updated following links href,free-text,single,What value does your organization use for: policy is reviewed and updated following links href?,,
cp-01_odp.07,CP-01,rev5,"{{ insert: param, cp-01_odp.07 }}",planning procedures are reviewed and updated links href,free-text,single,What value does your organization use for: planning procedures are reviewed and updated links href?,,
cp-01_odp.08,CP-01,rev5,"{{ insert: param, cp-01_odp.08 }}",procedures are reviewed and updated following links href,free-text,single,What value does your organization use for: procedures are reviewed and updated following links href?,,
cp-2_prm_1,CP-2,rev5,"{{ insert: param, cp-2_prm_1 }}",Is reviewed and approved by,free-text,single,What value does your organization use for: Is reviewed and approved by?,,
cp-2_prm_2,CP-2,rev5,"{{ insert: param, cp-2_prm_2 }}",Distribute copies of the contingency plan to,free-text,single,What value does your organization use for: Distribute copies of the contingency plan to?,,
cp-02_odp.05,CP-2,rev5,"{{ insert: param, cp-02_odp.05 }}",Review the contingency plan for the system,free-text,single,What value does your organization use for: Review the contingency plan for the system?,,
cp-2_prm_4,CP-2,rev5,"{{ insert: param, cp-2_prm_4 }}",Communicate contingency plan changes to,free-text,single,What value does your organization use for: Communicate contingency plan changes to?,,
cp-02_odp.01,CP-02,rev5,"{{ insert: param, cp-02_odp.01 }}",is developed that is reviewed by links href,free-text,single,What value does your organization use for: is developed that is reviewed by links href?,,
cp-02_odp.02,CP-02,rev5,"{{ insert: param, cp-02_odp.02 }}",is developed that is approved by links href,free-text,single,What value does your organization use for: is developed that is approved by links href?,,
cp-02_odp.03,CP-02,rev5,"{{ insert: param, cp-02_odp.03 }}",contingency plan are distributed to links href rel,free-text,single,What value does your organization use for: contingency plan are distributed to links href rel?,,
cp-02_odp.04,CP-02,rev5,"{{ insert: param, cp-02_odp.04 }}",contingency plan are distributed to links href rel,free-text,single,What value does your organization use for: contingency plan are distributed to links href rel?,,
cp-02_odp.05,CP-02,rev5,"{{ insert: param, cp-02_odp.05 }}",for the system is reviewed links href rel,free-text,single,What value does your organization use for: for the system is reviewed links href rel?,,
cp-02_odp.06,CP-02,rev5,"{{ insert: param, cp-02_odp.06 }}",plan changes are communicated to links href rel,free-text,single,What value does your organization use for: plan changes are communicated to links href rel?,,
cp-02_odp.07,CP-02,rev5,"{{ insert: param, cp-02_odp.07 }}",plan changes are communicated to links href rel,free-text,single,What value does your organization use for: plan changes are communicated to links href rel?,,
cp-02.03_odp.01,CP-2,rev5,"{{ insert: param, cp-02.03_odp.01 }}",resumption of mission and business functions within insert,duration,single,"What value does your organization use for: resumption of mission and business functions within insert? (answer with a duration, e.g., 30/60/90 days)",30 days | 60 days | 90 days,
cp-02.03_odp.02,CP-02,rev5,"{{ insert: param, cp-02.03_odp.02 }}",and business functions within of contingency plan activation,duration,single,"What value does your organization use for: and business functions within of contingency plan activation? (answer with a duration, e.g., 30/60/90 days)",30 days | 60 days | 90 days,
cp-02.03_odp.01,CP-02(03),rev5,"{{ insert: param, cp-02.03_odp.01 }}",resumption of mission and business functions are planned,duration,single,"What value does your organization use for: resumption of mission and business functions are planned? (answer with a duration, e.g., 30/60/90 days)",30 days | 60 days | 90 days,
cp-02.03_odp.02,CP-02,rev5,"{{ insert: param, cp-02.03_odp.02 }}",for within of contingency plan activation links href,duration,single,"What value does your organization use for: for within of contingency plan activation links href? (answer with a duration, e.g., 30/60/90 days)",30 days | 60 days | 90 days,
cp-02.05_odp,CP-2,rev5,"{{ insert: param, cp-02.05_odp }}",continuance of mission and business functions with minimal,free-text,single,What value does your organization use for: continuance of mission and business functions with minimal?,,
cp-02.05_odp,CP-02(05),rev5,"{{ insert: param, cp-02.05_odp }}",continuance of mission and business functions with minimal,free-text,single,What value does your organization use for: continuance of mission and business functions with minimal?,,
cp-02.06_odp,CP-2,rev5,"{{ insert: param, cp-02.06_odp }}",transfer of mission and business functions to alternate,free-text,single,What value does your organization use for: transfer of mission and business functions to alternate?,,
cp-02.06_odp,CP-02(06),rev5,"{{ insert: param, cp-02.06_odp }}",transfer of mission and business functions to alternate,free-text,single,What value does your organization use for: transfer of mission and business functions to alternate?,,
cp-02.08_odp,CP-2,rev5,"{{ insert: param, cp-02.08_odp }}",critical system assets supporting mission and business functions,free-text,single,What value does your organization use for: critical system assets supporting mission and business functions?,,
cp-02.08_odp,CP-02(08),rev5,"{{ insert: param, cp-02.08_odp }}",assets supporting mission and business functions are identified,free-text,single,What value does your organization use for: assets supporting mission and business functions are identified?,,
cp-03_odp.01,CP-3,rev5,"{{ insert: param, cp-03_odp.01 }}",Within of assuming contingency role or,duration,single,"What value does your organization use for: Within of assuming contingency role or? (answer with a duration, e.g., 30/60/90 days)",30 days | 60 days | 90 days,
cp-03_odp.02,CP-3,rev5,"{{ insert: param, cp-03_odp.02 }}",thereafter and,free-text,single,What value does your organization use for: thereafter and?,,
cp-03_odp.03,CP-3,rev5,"{{ insert: param, cp-03_odp.03 }}",contingency training content and following insert param odp,free-text,single,What value does your organization use for: contingency training content and following insert param odp?,,
cp-03_odp.04,CP-03,rev5,"{{ insert: param, cp-03_odp.04 }}",training content insert param odp and following,role,single,What value does your organization use for: training content insert param odp and following? (answer with a job title or role),System Administrator | Security Officer,
cp-03_odp.01,CP-03,rev5,"{{ insert: param, cp-03_odp.01 }}",and responsibilities within of assuming contingency role or,duration,single,"What value does your organization use for: and responsibilities within of assuming contingency role or? (answer with a duration, e.g., 30/60/90 days)",30 days | 60 days | 90 days,
cp-03_odp.02,CP-03,rev5,"{{ insert: param, cp-03_odp.02 }}",with assigned roles and responsibilities thereafter links href,role,single,What value does your organization use for: with assigned roles and responsibilities thereafter links href? (answer with a job title or role),System Administrator | Security Officer,
cp-03_odp.03,CP-03,rev5,"{{ insert: param, cp-03_odp.03 }}",content is reviewed and updated links href rel,free-text,single,What value does your organization use for: content is reviewed and updated links href rel?,,
cp-03_odp.04,CP-03,rev5,"{{ insert: param, cp-03_odp.04 }}",is reviewed and updated following links href rel,free-text,single,What value does your organization use for: is reviewed and updated following links href rel?,,
cp-04_odp.01,CP-4,rev5,"{{ insert: param, cp-04_odp.01 }}",the system using the following tests to determine,free-text,single,What value does your organization use for: the system using the following tests to determine?,,
cp-4_prm_2,CP-04,rev5,"{{ insert: param, cp-4_prm_2 }}",plan and the readiness to execute the plan,free-text,single,What value does your organization use for: plan and the readiness to execute the plan?,,
cp-04_odp.01,CP-04,rev5,"{{ insert: param, cp-04_odp.01 }}",for the system is tested links href rel,free-text,single,What value does your organization use for: for the system is tested links href rel?,,
cp-04_odp.02,CP-04,rev5,"{{ insert: param, cp-04_odp.02 }}",class sp800-53a are used to determine the effectiveness,free-text,single,What value does your organization use for: class sp800-53a are used to determine the effectiveness?,,
cp-04_odp.03,CP-04,rev5,"{{ insert: param, cp-04_odp.03 }}",class sp800-53a are used to determine the readiness,free-text,single,What value does your organization use for: class sp800-53a are used to determine the readiness?,,
cp-04.03_odp,CP-4,rev5,"{{ insert: param, cp-04.03_odp }}",Test the contingency plan using,free-text,single,What value does your organization use for: Test the contingency plan using?,,
cp-04.03_odp,CP-04(03),rev5,"{{ insert: param, cp-04.03_odp }}",contingency plan is tested using links href rel,free-text,single,What value does your organization use for: contingency plan is tested using links href rel?,,
cp-04.05_odp.01,CP-4,rev5,"{{ insert: param, cp-04.05_odp.01 }}",required Employ to insert param odp,free-text,single,What value does your organization use for: required Employ to insert param odp?,,
cp-04.05_odp.02,CP-04,rev5,"{{ insert: param, cp-04.05_odp.02 }}",odp to to disrupt and adversely affect the,free-text,single,What value does your organization use for: odp to to disrupt and adversely affect the?,,
cp-04.05_odp.01,CP-04(05),rev5,"{{ insert: param, cp-04.05_odp.01 }}",class sp800-53a are employed to disrupt and adversely,free-text,single,What value does your organization use for: class sp800-53a are employed to disrupt and adversely?,,
cp-04.05_odp.02,CP-04,rev5,"{{ insert: param, cp-04.05_odp.02 }}",disrupt and adversely affect the links href rel,free-text,single,What value does your organization use for: disrupt and adversely affect the links href rel?,,
cp-07_odp.01,CP-7,rev5,"{{ insert: param, cp-07_odp.01 }}",System operations for essential mission and business functions,free-text,single,Which system operations must your alternate processing site support to transfer and resume essential mission and business functions?,,
cp-07_odp.02,CP-07,rev5,"{{ insert: param, cp-07_odp.02 }}",functions within when the primary processing capabilities are,duration,single,"What value does your organization use for: functions within when the primary processing capabilities are? (answer with a duration, e.g., 30/60/90 days)",30 days | 60 days | 90 days,
cp-07_odp.01,CP-07,rev5,"{{ insert: param, cp-07_odp.01 }}",System operations for essential mission and business functions,free-text,single,Which system operations must your alternate processing site support to transfer and resume essential mission and business functions?,,
cp-07_odp.02,CP-07,rev5,"{{ insert: param, cp-07_odp.02 }}",established within when the primary processing capabilities are,duration,single,"What value does your organization use for: established within when the primary processing capabilities are? (answer with a duration, e.g., 30/60/90 days)",30 days | 60 days | 90 days,
cp-07_odp.02,CP-07,rev5,"{{ insert: param, cp-07_odp.02 }}",to the site within for transfer links href,duration,single,"What value does your organization use for: to the site within for transfer links href? (answer with a duration, e.g., 30/60/90 days)",30 days | 60 days | 90 days,
cp-07_odp.02,CP-07,rev5,"{{ insert: param, cp-07_odp.02 }}",to the site within for resumption links href,duration,single,"What value does your organization use for: to the site within for resumption links href? (answer with a duration, e.g., 30/60/90 days)",30 days | 60 days | 90 days,
cp-08_odp.01,CP-8,rev5,"{{ insert: param, cp-08_odp.01 }}",resumption of for essential mission and business functions,duration,single,"What value does your organization use for: resumption of for essential mission and business functions? (answer with a duration, e.g., 30/60/90 days)",30 days | 60 days | 90 days,
cp-08_odp.02,CP-08,rev5,"{{ insert: param, cp-08_odp.02 }}",functions within when the primary telecommunications capabilities are,duration,single,"What value does your organization use for: functions within when the primary telecommunications capabilities are? (answer with a duration, e.g., 30/60/90 days)",30 days | 60 days | 90 days,
cp-08_odp.01,CP-08,rev5,"{{ insert: param, cp-08_odp.01 }}",resumption of are established for essential mission and,duration,single,"What value does your organization use for: resumption of are established for essential mission and? (answer with a duration, e.g., 30/60/90 days)",30 days | 60 days | 90 days,
cp-08_odp.02,CP-08,rev5,"{{ insert: param, cp-08_odp.02 }}",functions within when the primary telecommunications capabilities are,duration,single,"What value does your organization use for: functions within when the primary telecommunications capabilities are? (answer with a duration, e.g., 30/60/90 days)",30 days | 60 days | 90 days,
cp-8.4_prm_1,CP-8,rev5,"{{ insert: param, cp-8.4_prm_1 }}",of contingency testing and training by providers,free-text,single,What value does your organization use for: of contingency testing and training by providers?,,
cp-08.04_odp.01,CP-08(04),rev5,"{{ insert: param, cp-08.04_odp.01 }}",contingency testing by providers is obtained links href,free-text,single,What value does your organization use for: contingency testing by providers is obtained links href?,,
cp-08.04_odp.02,CP-08(04),rev5,"{{ insert: param, cp-08.04_odp.02 }}",contingency training by providers is obtained links href,free-text,single,What value does your organization use for: contingency training by providers is obtained links href?,,
cp-08.05_odp,CP-8,rev5,"{{ insert: param, cp-08.05_odp }}",Test alternate telecommunication services,free-text,single,What value does your organization use for: Test alternate telecommunication services?,,
cp-08.05_odp,CP-08(05),rev5,"{{ insert: param, cp-08.05_odp }}",alternate telecommunications services are tested links href rel,free-text,single,What value does your organization use for: alternate telecommunications services are tested links href rel?,,
cp-09_odp.01,CP-9,rev5,"{{ insert: param, cp-09_odp.01 }}",of user-level information contained in insert param odp,free-text,single,What value does your organization use for: of user-level information contained in insert param odp?,,
cp-09_odp.02,CP-09,rev5,"{{ insert: param, cp-09_odp.02 }}",of user-level information contained in insert param odp,free-text,single,What value does your organization use for: of user-level information contained in insert param odp?,,
cp-09_odp.03,CP-9,rev5,"{{ insert: param, cp-09_odp.03 }}",backups of system-level information contained in the system,free-text,single,What value does your organization use for: backups of system-level information contained in the system?,,
cp-09_odp.04,CP-9,rev5,"{{ insert: param, cp-09_odp.04 }}",system documentation including security- and privacy-related documentation and,free-text,single,What value does your organization use for: system documentation including security- and privacy-related documentation and?,,
cp-09_odp.01,CP-09,rev5,"{{ insert: param, cp-09_odp.01 }}",information contained in are conducted insert param odp,free-text,single,What value does your organization use for: information contained in are conducted insert param odp?,,
cp-09_odp.02,CP-09,rev5,"{{ insert: param, cp-09_odp.02 }}",insert param odp are conducted links href rel,free-text,single,What value does your organization use for: insert param odp are conducted links href rel?,,
cp-09_odp.03,CP-09,rev5,"{{ insert: param, cp-09_odp.03 }}",in the system are conducted links href rel,free-text,single,What value does your organization use for: in the system are conducted links href rel?,,
cp-09_odp.04,CP-09,rev5,"{{ insert: param, cp-09_odp.04 }}",and privacy-related documentation are conducted links href rel,free-text,single,What value does your organization use for: and privacy-related documentation are conducted links href rel?,,
cp-9.1_prm_1,CP-9,rev5,"{{ insert: param, cp-9.1_prm_1 }}",backup information to verify media reliability and information,free-text,single,What value does your organization use for: backup information to verify media reliability and information?,,
cp-09.01_odp.01,CP-09(01),rev5,"{{ insert: param, cp-09.01_odp.01 }}",is tested to verify media reliability links href,free-text,single,What value does your organization use for: is tested to verify media reliability links href?,,
cp-09.01_odp.02,CP-09(01),rev5,"{{ insert: param, cp-09.01_odp.02 }}",is tested to verify information integrity links href,free-text,single,What value does your organization use for: is tested to verify information integrity links href?,,
cp-09.03_odp,CP-9,rev5,"{{ insert: param, cp-09.03_odp }}",backup copies of in separate facility or in,free-text,single,What value does your organization use for: backup copies of in separate facility or in?,,
cp-09.03_odp,CP-09(03),rev5,"{{ insert: param, cp-09.03_odp }}",backup copies of are stored in separate facility,free-text,single,What value does your organization use for: backup copies of are stored in separate facility?,,
cp-9.5_prm_1,CP-9,rev5,"{{ insert: param, cp-9.5_prm_1 }}",backup information to the alternate storage site,free-text,single,What value does your organization use for: backup information to the alternate storage site?,,
cp-09.05_odp.01,CP-09(05),rev5,"{{ insert: param, cp-09.05_odp.01 }}",the alternate storage site for links href rel,free-text,single,What value does your organization use for: the alternate storage site for links href rel?,,
cp-09.05_odp.02,CP-09(05),rev5,"{{ insert: param, cp-09.05_odp.02 }}",to the alternate storage site links href rel,free-text,single,What value does your organization use for: to the alternate storage site links href rel?,,
cp-09.07_odp,CP-9,rev5,"{{ insert: param, cp-09.07_odp }}",authorization for the deletion or destruction of,free-text,single,What value does your organization use for: authorization for the deletion or destruction of?,,
cp-09.07_odp,CP-09(07),rev5,"{{ insert: param, cp-09.07_odp }}",deletion or destruction of is enforced links href,free-text,single,What value does your organization use for: deletion or destruction of is enforced links href?,,
cp-09.08_odp,CP-9,rev5,"{{ insert: param, cp-09.08_odp }}",to prevent unauthorized disclosure and modification of,free-text,single,What value does your organization use for: to prevent unauthorized disclosure and modification of?,,
cp-09.08_odp,CP-09(08),rev5,"{{ insert: param, cp-09.08_odp }}",unauthorized disclosure and modification of links href rel,free-text,single,What value does your organization use for: unauthorized disclosure and modification of links href rel?,,
cp-10_prm_1,CP-10,rev5,"{{ insert: param, cp-10_prm_1 }}",known state within after disruption compromise or failure,duration,single,"What value does your organization use for: known state within after disruption compromise or failure? (answer with a duration, e.g., 30/60/90 days)",30 days | 60 days | 90 days,
cp-10_odp.01,CP-10,rev5,"{{ insert: param, cp-10_odp.01 }}",is provided within after disruption compromise or failure,duration,single,"What value does your organization use for: is provided within after disruption compromise or failure? (answer with a duration, e.g., 30/60/90 days)",30 days | 60 days | 90 days,
cp-10_odp.02,CP-10,rev5,"{{ insert: param, cp-10_odp.02 }}",is provided within after disruption compromise or failure,duration,single,"What value does your organization use for: is provided within after disruption compromise or failure? (answer with a duration, e.g., 30/60/90 days)",30 days | 60 days | 90 days,
cp-10.04_odp,CP-10,rev5,"{{ insert: param, cp-10.04_odp }}",components within from configuration-controlled and integrity-protected information representing,duration,single,"What value does your organization use for: components within from configuration-controlled and integrity-protected information representing? (answer with a duration, e.g., 30/60/90 days)",30 days | 60 days | 90 days,
cp-10.04_odp,CP-10(04),rev5,"{{ insert: param, cp-10.04_odp }}",components within from configuration-controlled and integrity-protected information representing,duration,single,"What value does your organization use for: components within from configuration-controlled and integrity-protected information representing? (answer with a duration, e.g., 30/60/90 days)",30 days | 60 days | 90 days,
cp-11_odp,CP-11,rev5,"{{ insert: param, cp-11_odp }}",to employ in support of maintaining continuity of,free-text,single,What value does your organization use for: to employ in support of maintaining continuity of?,,
cp-11_odp,CP-11,rev5,"{{ insert: param, cp-11_odp }}",to employ are provided in support of maintaining,free-text,single,What value does your organization use for: to employ are provided in support of maintaining?,,
cp-12_odp.02,CP-12,rev5,"{{ insert: param, cp-12_odp.02 }}",rel related When are detected enter safe mode,free-text,single,What value does your organization use for: rel related When are detected enter safe mode?,,
cp-12_odp.01,CP-12,rev5,"{{ insert: param, cp-12_odp.01 }}",are detected enter safe mode of operation with,free-text,single,What value does your organization use for: are detected enter safe mode of operation with?,,
cp-12_odp.01,CP-12,rev5,"{{ insert: param, cp-12_odp.01 }}",operation is entered with when insert param odp,free-text,single,What value does your organization use for: operation is entered with when insert param odp?,,
cp-12_odp.02,CP-12,rev5,"{{ insert: param, cp-12_odp.02 }}",insert param odp when are detected links href,free-text,single,What value does your organization use for: insert param odp when are detected links href?,,
cp-13_odp.01,CP-13,rev5,"{{ insert: param, cp-13_odp.01 }}",rel related Employ for satisfying insert param odp,free-text,single,What value does your organization use for: rel related Employ for satisfying insert param odp?,,
cp-13_odp.02,CP-13,rev5,"{{ insert: param, cp-13_odp.02 }}",for satisfying when the primary means of implementing,free-text,single,What value does your organization use for: for satisfying when the primary means of implementing?,,
cp-13_odp.01,CP-13,rev5,"{{ insert: param, cp-13_odp.01 }}",class sp800-53a are employed for satisfying insert param,free-text,single,What value does your organization use for: class sp800-53a are employed for satisfying insert param?,,
cp-13_odp.02,CP-13,rev5,"{{ insert: param, cp-13_odp.02 }}",for satisfying when the primary means of implementing,free-text,single,What value does your organization use for: for satisfying when the primary means of implementing?,,
ia-1_prm_1,IA-1,rev5,"{{ insert: param, ia-1_prm_1 }}",Develop document and disseminate to,free-text,single,What value does your organization use for: Develop document and disseminate to?,,
ia-01_odp.03,IA-1,rev5,"{{ insert: param, ia-01_odp.03 }}",identification and authentication policy that,free-text,single,What value does your organization use for: identification and authentication policy that?,,
ia-01_odp.04,IA-1,rev5,"{{ insert: param, ia-01_odp.04 }}",Designate an to manage the development documentation and,free-text,single,What value does your organization use for: Designate an to manage the development documentation and?,,
ia-01_odp.05,IA-1,rev5,"{{ insert: param, ia-01_odp.05 }}",Policy and following insert param odp,free-text,single,What value does your organization use for: Policy and following insert param odp?,,
ia-01_odp.06,IA-01,rev5,"{{ insert: param, ia-01_odp.06 }}",Policy insert param odp and following and,free-text,single,What value does your organization use for: Policy insert param odp and following and?,,
ia-01_odp.07,IA-1,rev5,"{{ insert: param, ia-01_odp.07 }}",Procedures and following insert param odp,free-text,single,What value does your organization use for: Procedures and following insert param odp?,,
ia-01_odp.08,IA-01,rev5,"{{ insert: param, ia-01_odp.08 }}",Procedures insert param odp and following,free-text,single,What value does your organization use for: Procedures insert param odp and following?,,
ia-01_odp.01,IA-01,rev5,"{{ insert: param, ia-01_odp.01 }}",authentication policy is disseminated to links href rel,free-text,single,What value does your organization use for: authentication policy is disseminated to links href rel?,,
ia-01_odp.02,IA-01,rev5,"{{ insert: param, ia-01_odp.02 }}",authentication procedures are disseminated to links href rel,free-text,single,What value does your organization use for: authentication procedures are disseminated to links href rel?,,
ia-01_odp.03,IA-01,rev5,"{{ insert: param, ia-01_odp.03 }}",sp800-53a the identification and authentication policy addresses purpose,free-text,single,What value does your organization use for: sp800-53a the identification and authentication policy addresses purpose?,,
ia-01_odp.03,IA-01,rev5,"{{ insert: param, ia-01_odp.03 }}",sp800-53a the identification and authentication policy addresses scope,free-text,single,What value does your organization use for: sp800-53a the identification and authentication policy addresses scope?,,
ia-01_odp.03,IA-01,rev5,"{{ insert: param, ia-01_odp.03 }}",sp800-53a the identification and authentication policy addresses roles,role,single,What value does your organization use for: sp800-53a the identification and authentication policy addresses roles? (answer with a job title or role),System Administrator | Security Officer,
ia-01_odp.03,IA-01,rev5,"{{ insert: param, ia-01_odp.03 }}",sp800-53a the identification and authentication policy addresses responsibilities,free-text,single,What value does your organization use for: sp800-53a the identification and authentication policy addresses responsibilities?,,
ia-01_odp.03,IA-01,rev5,"{{ insert: param, ia-01_odp.03 }}",sp800-53a the identification and authentication policy addresses management,free-text,single,What value does your organization use for: sp800-53a the identification and authentication policy addresses management?,,
ia-01_odp.03,IA-01,rev5,"{{ insert: param, ia-01_odp.03 }}",sp800-53a the identification and authentication policy addresses coordination,org list,single,What value does your organization use for: sp800-53a the identification and authentication policy addresses coordination? (answer with a comma-separated list of org units),Security | HR | Finance,
ia-01_odp.03,IA-01,rev5,"{{ insert: param, ia-01_odp.03 }}",sp800-53a the identification and authentication policy addresses compliance,free-text,single,What value does your organization use for: sp800-53a the identification and authentication policy addresses compliance?,,
ia-01_odp.03,IA-01,rev5,"{{ insert: param, ia-01_odp.03 }}",sp800-53a the identification and authentication policy is consistent,free-text,single,What value does your organization use for: sp800-53a the identification and authentication policy is consistent?,,
ia-01_odp.04,IA-01,rev5,"{{ insert: param, ia-01_odp.04 }}",sp800-53a the is designated to manage the development,free-text,single,What value does your organization use for: sp800-53a the is designated to manage the development?,,
ia-01_odp.05,IA-01,rev5,"{{ insert: param, ia-01_odp.05 }}",authentication policy is reviewed and updated links href,free-text,single,What value does your organization use for: authentication policy is reviewed and updated links href?,,
ia-01_odp.06,IA-01,rev5,"{{ insert: param, ia-01_odp.06 }}",policy is reviewed and updated following links href,free-text,single,What value does your organization use for: policy is reviewed and updated following links href?,,
ia-01_odp.07,IA-01,rev5,"{{ insert: param, ia-01_odp.07 }}",authentication procedures are reviewed and updated links href,free-text,single,What value does your organization use for: authentication procedures are reviewed and updated links href?,,
ia-01_odp.08,IA-01,rev5,"{{ insert: param, ia-01_odp.08 }}",procedures are reviewed and updated following links href,free-text,single,What value does your organization use for: procedures are reviewed and updated following links href?,,
ia-02.06_odp.01,IA-2,rev5,"{{ insert: param, ia-02.06_odp.01 }}",Implement multi-factor authentication for access to insert param,free-text,single,What value does your organization use for: Implement multi-factor authentication for access to insert param?,,
ia-02.06_odp.02,IA-02,rev5,"{{ insert: param, ia-02.06_odp.02 }}",param odp access to such that,free-text,single,What value does your organization use for: param odp access to such that?,,
ia-02.06_odp.03,IA-2,rev5,"{{ insert: param, ia-02.06_odp.03 }}",The device meets,free-text,single,What value does your organization use for: The device meets?,,
ia-02.06_odp.01,IA-02(06),rev5,"{{ insert: param, ia-02.06_odp.01 }}",authentication is implemented for access to insert param,free-text,single,What value does your organization use for: authentication is implemented for access to insert param?,,
ia-02.06_odp.02,IA-02,rev5,"{{ insert: param, ia-02.06_odp.02 }}",access to such that one of the factors,free-text,single,What value does your organization use for: access to such that one of the factors?,,
ia-02.06_odp.01,IA-02(06),rev5,"{{ insert: param, ia-02.06_odp.01 }}",authentication is implemented for access to insert param,free-text,single,What value does your organization use for: authentication is implemented for access to insert param?,,
ia-02.06_odp.02,IA-02,rev5,"{{ insert: param, ia-02.06_odp.02 }}",access to such that the device meets insert,free-text,single,What value does your organization use for: access to such that the device meets insert?,,
ia-02.06_odp.03,IA-02,rev5,"{{ insert: param, ia-02.06_odp.03 }}",odp such that the device meets links href,free-text,single,What value does your organization use for: odp such that the device meets links href?,,
ia-02.08_odp,IA-2,rev5,"{{ insert: param, ia-02.08_odp }}",Implement replay-resistant authentication mechanisms for access to,free-text,single,What value does your organization use for: Implement replay-resistant authentication mechanisms for access to?,,
ia-02.08_odp,IA-02(08),rev5,"{{ insert: param, ia-02.08_odp }}",mechanisms for access to are implemented links href,free-text,single,What value does your organization use for: mechanisms for access to are implemented links href?,,
ia-02.10_odp,IA-2,rev5,"{{ insert: param, ia-02.10_odp }}",Provide single sign-on capability for,free-text,list,What value does your organization use for: Provide single sign-on capability for?,,
ia-02.10_odp,IA-02(10),rev5,"{{ insert: param, ia-02.10_odp }}",sign-on capability is provided for links href rel,free-text,single,What value does your organization use for: sign-on capability is provided for links href rel?,,
ia-02.13_odp.02,IA-2,rev5,"{{ insert: param, ia-02.13_odp.02 }}",following out-of-band authentication mechanisms under insert param odp,free-text,single,What value does your organization use for: following out-of-band authentication mechanisms under insert param odp?,,
ia-02.13_odp.01,IA-02,rev5,"{{ insert: param, ia-02.13_odp.01 }}",mechanisms under insert param odp,free-text,single,What value does your organization use for: mechanisms under insert param odp?,,
ia-02.13_odp.01,IA-02(13),rev5,"{{ insert: param, ia-02.13_odp.01 }}",class sp800-53a mechanisms are implemented under insert param,free-text,single,What value does your organization use for: class sp800-53a mechanisms are implemented under insert param?,,
ia-02.13_odp.02,IA-02,rev5,"{{ insert: param, ia-02.13_odp.02 }}",odp mechanisms are implemented under links href rel,free-text,single,What value does your organization use for: odp mechanisms are implemented under links href rel?,,
ia-03_odp.01,IA-3,rev5,"{{ insert: param, ia-03_odp.01 }}",Uniquely identify and authenticate before establishing insert param,free-text,single,What value does your organization use for: Uniquely identify and authenticate before establishing insert param?,,
ia-03_odp.02,IA-03,rev5,"{{ insert: param, ia-03_odp.02 }}",authenticate insert param odp before establishing connection,free-text,single,What value does your organization use for: authenticate insert param odp before establishing connection?,,
ia-03_odp.01,IA-03,rev5,"{{ insert: param, ia-03_odp.01 }}",class sp800-53a are uniquely identified and authenticated before,free-text,single,What value does your organization use for: class sp800-53a are uniquely identified and authenticated before?,,
ia-03_odp.02,IA-03,rev5,"{{ insert: param, ia-03_odp.02 }}",and authenticated before establishing connection links href rel,free-text,single,What value does your organization use for: and authenticated before establishing connection links href rel?,,
ia-03.01_odp.01,IA-3,rev5,"{{ insert: param, ia-03.01_odp.01 }}",related Authenticate before establishing insert param,free-text,single,What value does your organization use for: related Authenticate before establishing insert param?,,
ia-03.01_odp.02,IA-03,rev5,"{{ insert: param, ia-03.01_odp.02 }}",before establishing connection using bidirectional authentication that is,free-text,single,What value does your organization use for: before establishing connection using bidirectional authentication that is?,,
ia-03.01_odp.01,IA-03(01),rev5,"{{ insert: param, ia-03.01_odp.01 }}",class sp800-53a are authenticated before establishing insert param,free-text,single,What value does your organization use for: class sp800-53a are authenticated before establishing insert param?,,
ia-03.01_odp.02,IA-03,rev5,"{{ insert: param, ia-03.01_odp.02 }}",before establishing connection using bidirectional authentication that is,free-text,single,What value does your organization use for: before establishing connection using bidirectional authentication that is?,,
ia-3.3_prm_1,IA-3,rev5,"{{ insert: param, ia-3.3_prm_1 }}",duration assigned to devices in accordance with and,duration,single,"What value does your organization use for: duration assigned to devices in accordance with and? (answer with a duration, e.g., 30/60/90 days)",30 days | 60 days | 90 days,
ia-03.03_odp.01,IA-03(03),rev5,"{{ insert: param, ia-03.03_odp.01 }}",dynamically are standardized in accordance with links href,free-text,single,What value does your organization use for: dynamically are standardized in accordance with links href?,,
ia-03.03_odp.02,IA-03(03),rev5,"{{ insert: param, ia-03.03_odp.02 }}",dynamically are standardized in accordance with links href,duration,single,"What value does your organization use for: dynamically are standardized in accordance with links href? (answer with a duration, e.g., 30/60/90 days)",30 days | 60 days | 90 days,
ia-03.04_odp,IA-3,rev5,"{{ insert: param, ia-03.04_odp }}",identification and authentication based on attestation by,free-text,single,What value does your organization use for: identification and authentication based on attestation by?,,
ia-03.04_odp,IA-03(04),rev5,"{{ insert: param, ia-03.04_odp }}",handled based on attestation by links href rel,free-text,single,What value does your organization use for: handled based on attestation by links href rel?,,
ia-04_odp.01,IA-4,rev5,"{{ insert: param, ia-04_odp.01 }}",authorization from to assign an individual group role,role,single,What value does your organization use for: authorization from to assign an individual group role? (answer with a job title or role),System Administrator | Security Officer,
ia-04_odp.02,IA-4,rev5,"{{ insert: param, ia-04_odp.02 }}",Preventing reuse of identifiers for,role,single,What value does your organization use for: Preventing reuse of identifiers for? (answer with a job title or role),System Administrator | Security Officer,
ia-04_odp.01,IA-04,rev5,"{{ insert: param, ia-04_odp.01 }}",authorization from to assign to an individual group,role,single,What value does your organization use for: authorization from to assign to an individual group? (answer with a job title or role),System Administrator | Security Officer,
ia-04_odp.02,IA-04,rev5,"{{ insert: param, ia-04_odp.02 }}",preventing reuse of identifiers for links href rel,free-text,single,What value does your organization use for: preventing reuse of identifiers for links href rel?,,
ia-04.04_odp,IA-4,rev5,"{{ insert: param, ia-04.04_odp }}",identifiers by uniquely identifying each individual as,free-text,single,What value does your organization use for: identifiers by uniquely identifying each individual as?,,
ia-04.04_odp,IA-04(04),rev5,"{{ insert: param, ia-04.04_odp }}",uniquely identifying each individual as links href rel,free-text,single,What value does your organization use for: uniquely identifying each individual as links href rel?,,
ia-04.05_odp,IA-4,rev5,"{{ insert: param, ia-04.05_odp }}",Manage individual identifiers dynamically in accordance with,free-text,single,What value does your organization use for: Manage individual identifiers dynamically in accordance with?,,
ia-04.05_odp,IA-04(05),rev5,"{{ insert: param, ia-04.05_odp }}",dynamically managed in accordance with links href rel,free-text,single,What value does your organization use for: dynamically managed in accordance with links href rel?,,
ia-04.06_odp,IA-4,rev5,"{{ insert: param, ia-04.06_odp }}",external organizations for cross-organization management of identifiers,role,single,What value does your organization use for: external organizations for cross-organization management of identifiers? (answer with a job title or role),System Administrator | Security Officer,
ia-04.06_odp,IA-04(06),rev5,"{{ insert: param, ia-04.06_odp }}",of identifiers is coordinated with links href rel,free-text,single,What value does your organization use for: of identifiers is coordinated with links href rel?,,
ia-04.09_odp,IA-4,rev5,"{{ insert: param, ia-04.09_odp }}",uniquely identified individual device or service in,free-text,single,What value does your organization use for: uniquely identified individual device or service in?,,
ia-04.09_odp,IA-04(09),rev5,"{{ insert: param, ia-04.09_odp }}",or service are maintained in links href rel,free-text,single,What value does your organization use for: or service are maintained in links href rel?,,
ia-05_odp.01,IA-5,rev5,"{{ insert: param, ia-05_odp.01 }}",or refreshing authenticators or when insert param odp,free-text,single,What value does your organization use for: or refreshing authenticators or when insert param odp?,,
ia-05_odp.02,IA-05,rev5,"{{ insert: param, ia-05_odp.02 }}",refreshing authenticators insert param odp or when occur,free-text,single,What value does your organization use for: refreshing authenticators insert param odp or when occur?,,
ia-05_odp.01,IA-05,rev5,"{{ insert: param, ia-05_odp.01 }}",refreshment of authenticators or when insert param odp,free-text,single,What value does your organization use for: refreshment of authenticators or when insert param odp?,,
ia-05_odp.02,IA-05,rev5,"{{ insert: param, ia-05_odp.02 }}",insert param odp or when occur links href,free-text,single,What value does your organization use for: insert param odp or when occur links href?,,
ia-05.01_odp.01,IA-5,rev5,"{{ insert: param, ia-05.01_odp.01 }}",the list and when organizational passwords are suspected,free-text,list,What value does your organization use for: the list and when organizational passwords are suspected?,,
ia-05.01_odp.02,IA-5,rev5,"{{ insert: param, ia-05.01_odp.02 }}",Enforce the following composition and complexity rules,role,single,What value does your organization use for: Enforce the following composition and complexity rules? (answer with a job title or role),System Administrator | Security Officer,
ia-05.01_odp.01,IA-05(01),rev5,"{{ insert: param, ia-05.01_odp.01 }}",and updated and when organizational passwords are suspected,free-text,list,What value does your organization use for: and updated and when organizational passwords are suspected?,,
ia-05.01_odp.02,IA-05(01),rev5,"{{ insert: param, ia-05.01_odp.02 }}",sp800-53a for password-based authentication are enforced links href,free-text,single,What value does your organization use for: sp800-53a for password-based authentication are enforced links href?,,
ia-05.08_odp,IA-5,rev5,"{{ insert: param, ia-05.08_odp }}",Implement to manage the risk of compromise,free-text,list,What value does your organization use for: Implement to manage the risk of compromise?,,
ia-05.08_odp,IA-05(08),rev5,"{{ insert: param, ia-05.08_odp }}",class sp800-53a are implemented to manage the risk,free-text,list,What value does your organization use for: class sp800-53a are implemented to manage the risk?,,
ia-05.09_odp,IA-5,rev5,"{{ insert: param, ia-05.09_odp }}",the following external organizations to federate credentials,free-text,single,What value does your organization use for: the following external organizations to federate credentials?,,
ia-05.09_odp,IA-05(09),rev5,"{{ insert: param, ia-05.09_odp }}",class sp800-53a are used to federate credentials links,free-text,single,What value does your organization use for: class sp800-53a are used to federate credentials links?,,
ia-05.10_odp,IA-5,rev5,"{{ insert: param, ia-05.10_odp }}",and authenticators dynamically using the following rules,free-text,single,What value does your organization use for: and authenticators dynamically using the following rules?,,
ia-05.10_odp,IA-05(10),rev5,"{{ insert: param, ia-05.10_odp }}",authenticators are dynamically bound using links href rel,free-text,single,What value does your organization use for: authenticators are dynamically bound using links href rel?,,
ia-05.12_odp,IA-5,rev5,"{{ insert: param, ia-05.12_odp }}",that satisfy the following biometric quality requirements,free-text,single,What value does your organization use for: that satisfy the following biometric quality requirements?,,
ia-05.12_odp,IA-05(12),rev5,"{{ insert: param, ia-05.12_odp }}",that satisfy are employed for biometric-based authentication links,free-text,single,What value does your organization use for: that satisfy are employed for biometric-based authentication links?,,
ia-05.13_odp,IA-5,rev5,"{{ insert: param, ia-05.13_odp }}",Prohibit the use of cached authenticators after,free-text,single,What value does your organization use for: Prohibit the use of cached authenticators after?,,
ia-05.13_odp,IA-05(13),rev5,"{{ insert: param, ia-05.13_odp }}",cached authenticators is prohibited after links href rel,free-text,single,What value does your organization use for: cached authenticators is prohibited after links href rel?,,
ia-05.16_odp.01,IA-5,rev5,"{{ insert: param, ia-05.16_odp.01 }}",that the issuance of be conducted insert param,free-text,single,What value does your organization use for: that the issuance of be conducted insert param?,,
ia-05.16_odp.02,IA-05,rev5,"{{ insert: param, ia-05.16_odp.02 }}",odp be conducted before insert param odp,free-text,single,What value does your organization use for: odp be conducted before insert param odp?,,
ia-05.16_odp.03,IA-05,rev5,"{{ insert: param, ia-05.16_odp.03 }}",param odp before with authorization by insert param,free-text,single,What value does your organization use for: param odp before with authorization by insert param?,,
ia-05.16_odp.04,IA-05,rev5,"{{ insert: param, ia-05.16_odp.04 }}",param odp with authorization by,free-text,single,What value does your organization use for: param odp with authorization by?,,
ia-05.16_odp.01,IA-05(16),rev5,"{{ insert: param, ia-05.16_odp.01 }}",issuance of is required to be conducted insert,free-text,single,What value does your organization use for: issuance of is required to be conducted insert?,,
ia-05.16_odp.02,IA-05,rev5,"{{ insert: param, ia-05.16_odp.02 }}",required to be conducted before insert param odp,free-text,single,What value does your organization use for: required to be conducted before insert param odp?,,
ia-05.16_odp.03,IA-05,rev5,"{{ insert: param, ia-05.16_odp.03 }}",param odp before with authorization by insert param,free-text,single,What value does your organization use for: param odp before with authorization by insert param?,,
ia-05.16_odp.04,IA-05,rev5,"{{ insert: param, ia-05.16_odp.04 }}",odp with authorization by links href rel,free-text,single,What value does your organization use for: odp with authorization by links href rel?,,
ia-05.18_odp.01,IA-5,rev5,"{{ insert: param, ia-05.18_odp.01 }}",Employ to generate and manage passwords and,free-text,single,What value does your organization use for: Employ to generate and manage passwords and?,,
ia-05.18_odp.02,IA-5,rev5,"{{ insert: param, ia-05.18_odp.02 }}",Protect the passwords using,free-text,single,What value does your organization use for: Protect the passwords using?,,
ia-05.18_odp.01,IA-05(18),rev5,"{{ insert: param, ia-05.18_odp.01 }}",class sp800-53a are employed to generate and manage,free-text,single,What value does your organization use for: class sp800-53a are employed to generate and manage?,,
ia-05.18_odp.02,IA-05(18),rev5,"{{ insert: param, ia-05.18_odp.02 }}",sp800-53a the passwords are protected using links href,free-text,single,What value does your organization use for: sp800-53a the passwords are protected using links href?,,
ia-08.04_odp,IA-8,rev5,"{{ insert: param, ia-08.04_odp }}",to the following profiles for identity management,free-text,single,What value does your organization use for: to the following profiles for identity management?,,
ia-08.04_odp,IA-08(04),rev5,"{{ insert: param, ia-08.04_odp }}",is conformance with for identity management links href,free-text,single,What value does your organization use for: is conformance with for identity management links href?,,
ia-08.05_odp,IA-8,rev5,"{{ insert: param, ia-08.05_odp }}",verify federated or PKI credentials that meet,free-text,single,What value does your organization use for: verify federated or PKI credentials that meet?,,
ia-08.05_odp,IA-08(05),rev5,"{{ insert: param, ia-08.05_odp }}",PKI credentials that meet are accepted links href,free-text,single,What value does your organization use for: PKI credentials that meet are accepted links href?,,
ia-08.05_odp,IA-08(05),rev5,"{{ insert: param, ia-08.05_odp }}",PKI credentials that meet are verified links href,free-text,single,What value does your organization use for: PKI credentials that meet are verified links href?,,
ia-08.06_odp,IA-8,rev5,"{{ insert: param, ia-08.06_odp }}",individuals credential service providers and relying parties,free-text,single,What value does your organization use for: individuals credential service providers and relying parties?,,
ia-08.06_odp,IA-08(06),rev5,"{{ insert: param, ia-08.06_odp }}",class sp800-53a to disassociate user attributes or identifier,free-text,single,What value does your organization use for: class sp800-53a to disassociate user attributes or identifier?,,
ia-09_odp,IA-9,rev5,"{{ insert: param, ia-09_odp }}",and authenticate before establishing communications with devices users,free-text,single,What value does your organization use for: and authenticate before establishing communications with devices users?,,
ia-09_odp,IA-09,rev5,"{{ insert: param, ia-09_odp }}",class sp800-53a are uniquely identified and authenticated before,free-text,single,What value does your organization use for: class sp800-53a are uniquely identified and authenticated before?,,
ia-10_odp.01,IA-10,rev5,"{{ insert: param, ia-10_odp.01 }}",system to employ under specific insert param odp,free-text,single,What value does your organization use for: system to employ under specific insert param odp?,,
ia-10_odp.02,IA-10,rev5,"{{ insert: param, ia-10_odp.02 }}",to employ insert param odp under specific,free-text,single,What value does your organization use for: to employ insert param odp under specific?,,
ia-10_odp.01,IA-10,rev5,"{{ insert: param, ia-10_odp.01 }}",required to employ under specific insert param odp,free-text,single,What value does your organization use for: required to employ under specific insert param odp?,,
ia-10_odp.02,IA-10,rev5,"{{ insert: param, ia-10_odp.02 }}",param odp under specific links href rel assessment-for,free-text,single,What value does your organization use for: param odp under specific links href rel assessment-for?,,
ia-11_odp,IA-11,rev5,"{{ insert: param, ia-11_odp }}",Require users to re-authenticate when,free-text,single,What value does your organization use for: Require users to re-authenticate when?,,
ia-11_odp,IA-11,rev5,"{{ insert: param, ia-11_odp }}",required to re-authenticate when links href rel assessment-for,free-text,single,What value does your organization use for: required to re-authenticate when links href rel assessment-for?,,
ia-12.03_odp,IA-12,rev5,"{{ insert: param, ia-12.03_odp }}",identity evidence be validated and verified through,free-text,single,What value does your organization use for: identity evidence be validated and verified through?,,
ia-12.03_odp,IA-12(03),rev5,"{{ insert: param, ia-12.03_odp }}",is validated and verified through links href rel,free-text,single,What value does your organization use for: is validated and verified through links href rel?,,
ia-12.05_odp,IA-12,rev5,"{{ insert: param, ia-12.05_odp }}",Require that be delivered through an out-of-band channel,free-text,single,What value does your organization use for: Require that be delivered through an out-of-band channel?,,
ia-12.05_odp,IA-12(05),rev5,"{{ insert: param, ia-12.05_odp }}",class sp800-53a is delivered through an out-of-band channel,free-text,single,What value does your organization use for: class sp800-53a is delivered through an out-of-band channel?,,
ia-12.06_odp,IA-12,rev5,"{{ insert: param, ia-12.06_odp }}",Accept externally-proofed identities at,free-text,single,What value does your organization use for: Accept externally-proofed identities at?,,
ia-12.06_odp,IA-12(06),rev5,"{{ insert: param, ia-12.06_odp }}",externally proofed identities are accepted links href rel,free-text,single,What value does your organization use for: externally proofed identities are accepted links href rel?,,
ia-13_odp.01,IA-13,rev5,"{{ insert: param, ia-13_odp.01 }}",decisions in accordance with using insert param odp,free-text,single,What value does your organization use for: decisions in accordance with using insert param odp?,,
ia-13_odp.02,IA-13,rev5,"{{ insert: param, ia-13_odp.02 }}",in accordance with insert param odp using,free-text,single,What value does your organization use for: in accordance with insert param odp using?,,
ia-13_odp.02,IA-13,rev5,"{{ insert: param, ia-13_odp.02 }}",decisions in accordance with using insert param odp,free-text,single,What value does your organization use for: decisions in accordance with using insert param odp?,,
ia-13_odp.02,IA-13,rev5,"{{ insert: param, ia-13_odp.02 }}",decisions in accordance with using insert param odp,free-text,single,What value does your organization use for: decisions in accordance with using insert param odp?,,
ia-13_odp.02,IA-13,rev5,"{{ insert: param, ia-13_odp.02 }}",decisions in accordance with using insert param odp,free-text,single,What value does your organization use for: decisions in accordance with using insert param odp?,,
ia-13_odp.02,IA-13,rev5,"{{ insert: param, ia-13_odp.02 }}",decisions in accordance with using insert param odp,free-text,single,What value does your organization use for: decisions in accordance with using insert param odp?,,
ia-13_odp.02,IA-13,rev5,"{{ insert: param, ia-13_odp.02 }}",decisions in accordance with using insert param odp,free-text,single,What value does your organization use for: decisions in accordance with using insert param odp?,,
ia-13_odp.02,IA-13,rev5,"{{ insert: param, ia-13_odp.02 }}",decisions in accordance with using insert param odp,free-text,single,What value does your organization use for: decisions in accordance with using insert param odp?,,
ia-13_odp.02,IA-13,rev5,"{{ insert: param, ia-13_odp.02 }}",decisions in accordance with using insert param odp,free-text,single,What value does your organization use for: decisions in accordance with using insert param odp?,,
ia-13_odp.02,IA-13,rev5,"{{ insert: param, ia-13_odp.02 }}",decisions in accordance with using insert param odp,free-text,single,What value does your organization use for: decisions in accordance with using insert param odp?,,
ia-13_odp.01,IA-13,rev5,"{{ insert: param, ia-13_odp.01 }}",In accordance with assertions and access tokens are,free-text,single,What value does your organization use for: In accordance with assertions and access tokens are?,,
ia-13_odp.01,IA-13(03),rev5,"{{ insert: param, ia-13_odp.01 }}",assertions are generated in accordance with links href,free-text,single,What value does your organization use for: assertions are generated in accordance with links href?,,
ia-13_odp.01,IA-13(03),rev5,"{{ insert: param, ia-13_odp.01 }}",tokens are generated in accordance with links href,free-text,single,What value does your organization use for: tokens are generated in accordance with links href?,,
ia-13_odp.01,IA-13(03),rev5,"{{ insert: param, ia-13_odp.01 }}",assertions are issued in accordance with links href,free-text,single,What value does your organization use for: assertions are issued in accordance with links href?,,
ia-13_odp.01,IA-13(03),rev5,"{{ insert: param, ia-13_odp.01 }}",tokens are issued in accordance with links href,free-text,single,What value does your organization use for: tokens are issued in accordance with links href?,,
ia-13_odp.01,IA-13(03),rev5,"{{ insert: param, ia-13_odp.01 }}",assertions are refreshed in accordance with links href,free-text,single,What value does your organization use for: assertions are refreshed in accordance with links href?,,
ia-13_odp.01,IA-13(03),rev5,"{{ insert: param, ia-13_odp.01 }}",tokens are refreshed in accordance with links href,free-text,single,What value does your organization use for: tokens are refreshed in accordance with links href?,,
ia-13_odp.01,IA-13(03),rev5,"{{ insert: param, ia-13_odp.01 }}",assertions are revoked in accordance with links href,free-text,single,What value does your organization use for: assertions are revoked in accordance with links href?,,
ia-13_odp.01,IA-13(03),rev5,"{{ insert: param, ia-13_odp.01 }}",tokens are revoked in accordance with links href,free-text,single,What value does your organization use for: tokens are revoked in accordance with links href?,,
ia-13_odp.01,IA-13(03),rev5,"{{ insert: param, ia-13_odp.01 }}",assertions are time-restricted in accordance with links href,free-text,single,What value does your organization use for: assertions are time-restricted in accordance with links href?,,
ia-13_odp.01,IA-13(03),rev5,"{{ insert: param, ia-13_odp.01 }}",tokens are time-restricted in accordance with links href,free-text,single,What value does your organization use for: tokens are time-restricted in accordance with links href?,,
ia-13_odp.01,IA-13(03),rev5,"{{ insert: param, ia-13_odp.01 }}",assertions are audience-restricted in accordance with links href,free-text,single,What value does your organization use for: assertions are audience-restricted in accordance with links href?,,
ia-13_odp.01,IA-13(03),rev5,"{{ insert: param, ia-13_odp.01 }}",tokens are audience-restricted in accordance with links href,free-text,single,What value does your organization use for: tokens are audience-restricted in accordance with links href?,,
ir-1_prm_1,IR-1,rev5,"{{ insert: param, ir-1_prm_1 }}",Develop document and disseminate to,free-text,single,What value does your organization use for: Develop document and disseminate to?,,
ir-01_odp.03,IR-1,rev5,"{{ insert: param, ir-01_odp.03 }}",incident response policy that,role,single,What value does your organization use for: incident response policy that? (answer with a job title or role),System Administrator | Security Officer,
ir-01_odp.04,IR-1,rev5,"{{ insert: param, ir-01_odp.04 }}",Designate an to manage the development documentation and,free-text,single,What value does your organization use for: Designate an to manage the development documentation and?,,
ir-01_odp.05,IR-1,rev5,"{{ insert: param, ir-01_odp.05 }}",Policy and following insert param odp,free-text,single,What value does your organization use for: Policy and following insert param odp?,,
ir-01_odp.06,IR-01,rev5,"{{ insert: param, ir-01_odp.06 }}",Policy insert param odp and following and,free-text,single,What value does your organization use for: Policy insert param odp and following and?,,
ir-01_odp.07,IR-1,rev5,"{{ insert: param, ir-01_odp.07 }}",Procedures and following insert param odp,free-text,single,What value does your organization use for: Procedures and following insert param odp?,,
ir-01_odp.08,IR-01,rev5,"{{ insert: param, ir-01_odp.08 }}",Procedures insert param odp and following,duration,single,"What value does your organization use for: Procedures insert param odp and following? (answer with a duration, e.g., 30/60/90 days)",30 days | 60 days | 90 days,
ir-01_odp.01,IR-01,rev5,"{{ insert: param, ir-01_odp.01 }}",response policy is disseminated to links href rel,free-text,single,What value does your organization use for: response policy is disseminated to links href rel?,,
ir-01_odp.02,IR-01,rev5,"{{ insert: param, ir-01_odp.02 }}",response procedures are disseminated to links href rel,free-text,single,What value does your organization use for: response procedures are disseminated to links href rel?,,
ir-01_odp.03,IR-01,rev5,"{{ insert: param, ir-01_odp.03 }}",sp800-53a the incident response policy addresses purpose links,free-text,single,What value does your organization use for: sp800-53a the incident response policy addresses purpose links?,,
ir-01_odp.03,IR-01,rev5,"{{ insert: param, ir-01_odp.03 }}",sp800-53a the incident response policy addresses scope links,free-text,single,What value does your organization use for: sp800-53a the incident response policy addresses scope links?,,
ir-01_odp.03,IR-01,rev5,"{{ insert: param, ir-01_odp.03 }}",sp800-53a the incident response policy addresses roles links,role,single,What value does your organization use for: sp800-53a the incident response policy addresses roles links? (answer with a job title or role),System Administrator | Security Officer,
ir-01_odp.03,IR-01,rev5,"{{ insert: param, ir-01_odp.03 }}",sp800-53a the incident response policy addresses responsibilities links,free-text,single,What value does your organization use for: sp800-53a the incident response policy addresses responsibilities links?,,
ir-01_odp.03,IR-01,rev5,"{{ insert: param, ir-01_odp.03 }}",sp800-53a the incident response policy addresses management commitment,free-text,single,What value does your organization use for: sp800-53a the incident response policy addresses management commitment?,,
ir-01_odp.03,IR-01,rev5,"{{ insert: param, ir-01_odp.03 }}",sp800-53a the incident response policy addresses coordination among,org list,single,What value does your organization use for: sp800-53a the incident response policy addresses coordination among? (answer with a comma-separated list of org units),Security | HR | Finance,
ir-01_odp.03,IR-01,rev5,"{{ insert: param, ir-01_odp.03 }}",sp800-53a the incident response policy addresses compliance links,free-text,single,What value does your organization use for: sp800-53a the incident response policy addresses compliance links?,,
ir-01_odp.03,IR-01,rev5,"{{ insert: param, ir-01_odp.03 }}",sp800-53a the incident response policy is consistent with,free-text,single,What value does your organization use for: sp800-53a the incident response policy is consistent with?,,
ir-01_odp.04,IR-01,rev5,"{{ insert: param, ir-01_odp.04 }}",sp800-53a the is designated to manage the development,free-text,single,What value does your organization use for: sp800-53a the is designated to manage the development?,,
ir-01_odp.05,IR-01,rev5,"{{ insert: param, ir-01_odp.05 }}",response policy is reviewed and updated links href,free-text,single,What value does your organization use for: response policy is reviewed and updated links href?,,
ir-01_odp.06,IR-01,rev5,"{{ insert: param, ir-01_odp.06 }}",policy is reviewed and updated following links href,free-text,single,What value does your organization use for: policy is reviewed and updated following links href?,,
ir-01_odp.07,IR-01,rev5,"{{ insert: param, ir-01_odp.07 }}",response procedures are reviewed and updated links href,free-text,single,What value does your organization use for: response procedures are reviewed and updated links href?,,
ir-01_odp.08,IR-01,rev5,"{{ insert: param, ir-01_odp.08 }}",procedures are reviewed and updated following links href,free-text,single,What value does your organization use for: procedures are reviewed and updated following links href?,,
ir-02_odp.01,IR-2,rev5,"{{ insert: param, ir-02_odp.01 }}",Within of assuming an incident response role,duration,single,"What value does your organization use for: Within of assuming an incident response role? (answer with a duration, e.g., 30/60/90 days)",30 days | 60 days | 90 days,
ir-02_odp.02,IR-2,rev5,"{{ insert: param, ir-02_odp.02 }}",thereafter and,free-text,single,What value does your organization use for: thereafter and?,,
ir-02_odp.03,IR-2,rev5,"{{ insert: param, ir-02_odp.03 }}",response training content and following insert param odp,free-text,single,What value does your organization use for: response training content and following insert param odp?,,
ir-02_odp.04,IR-02,rev5,"{{ insert: param, ir-02_odp.04 }}",training content insert param odp and following,role,single,What value does your organization use for: training content insert param odp and following? (answer with a job title or role),System Administrator | Security Officer,
ir-02_odp.01,IR-02,rev5,"{{ insert: param, ir-02_odp.01 }}",responsibilities within of assuming an incident response role,duration,single,"What value does your organization use for: responsibilities within of assuming an incident response role? (answer with a duration, e.g., 30/60/90 days)",30 days | 60 days | 90 days,
ir-02_odp.02,IR-02,rev5,"{{ insert: param, ir-02_odp.02 }}",with assigned roles and responsibilities thereafter links href,role,single,What value does your organization use for: with assigned roles and responsibilities thereafter links href? (answer with a job title or role),System Administrator | Security Officer,
ir-02_odp.03,IR-02,rev5,"{{ insert: param, ir-02_odp.03 }}",content is reviewed and updated links href rel,free-text,single,What value does your organization use for: content is reviewed and updated links href rel?,,
ir-02_odp.04,IR-02,rev5,"{{ insert: param, ir-02_odp.04 }}",is reviewed and updated following links href rel,free-text,single,What value does your organization use for: is reviewed and updated following links href rel?,,
ir-02.02_odp,IR-2,rev5,"{{ insert: param, ir-02.02_odp }}",Provide an incident response training environment using,free-text,list,What value does your organization use for: Provide an incident response training environment using?,,
ir-02.02_odp,IR-02(02),rev5,"{{ insert: param, ir-02.02_odp }}",training environment is provided using links href rel,free-text,single,What value does your organization use for: training environment is provided using links href rel?,,
ir-03_odp.01,IR-3,rev5,"{{ insert: param, ir-03_odp.01 }}",the system using the following tests insert param,free-text,single,What value does your organization use for: the system using the following tests insert param?,,
ir-03_odp.02,IR-03,rev5,"{{ insert: param, ir-03_odp.02 }}",insert param odp using the following tests,free-text,single,What value does your organization use for: insert param odp using the following tests?,,
ir-03_odp.01,IR-03,rev5,"{{ insert: param, ir-03_odp.01 }}",the system is tested using insert param odp,free-text,single,What value does your organization use for: the system is tested using insert param odp?,,
ir-03_odp.02,IR-03,rev5,"{{ insert: param, ir-03_odp.02 }}",insert param odp using links href rel assessment-for,free-text,single,What value does your organization use for: insert param odp using links href rel assessment-for?,,
ir-03.01_odp,IR-3,rev5,"{{ insert: param, ir-03.01_odp }}",Test the incident response capability using,free-text,single,What value does your organization use for: Test the incident response capability using?,,
ir-03.01_odp,IR-03(01),rev5,"{{ insert: param, ir-03.01_odp }}",response capability is tested using links href rel,free-text,single,What value does your organization use for: response capability is tested using links href rel?,,
ir-04.01_odp,IR-4,rev5,"{{ insert: param, ir-04.01_odp }}",Support the incident handling process using,free-text,single,What value does your organization use for: Support the incident handling process using?,,
ir-04.01_odp,IR-04(01),rev5,"{{ insert: param, ir-04.01_odp }}",handling process is supported using links href rel,free-text,single,What value does your organization use for: handling process is supported using links href rel?,,
ir-04.02_odp.02,IR-4,rev5,"{{ insert: param, ir-04.02_odp.02 }}",dynamic reconfiguration for as of the incident response,free-text,single,What value does your organization use for: dynamic reconfiguration for as of the incident response?,,
ir-04.02_odp.01,IR-04,rev5,"{{ insert: param, ir-04.02_odp.01 }}",as of the incident response capability,free-text,list,What value does your organization use for: as of the incident response capability?,,
ir-04.02_odp.01,IR-04(02),rev5,"{{ insert: param, ir-04.02_odp.01 }}",assessment-objective class sp800-53a for insert param odp,free-text,single,What value does your organization use for: assessment-objective class sp800-53a for insert param odp?,,
ir-04.02_odp.02,IR-04,rev5,"{{ insert: param, ir-04.02_odp.02 }}",odp for are included as of the,free-text,single,What value does your organization use for: odp for are included as of the?,,
ir-04.03_odp.01,IR-4,rev5,"{{ insert: param, ir-04.03_odp.01 }}",Identify and take the following actions in,free-text,single,What value does your organization use for: Identify and take the following actions in?,,
ir-04.03_odp.02,IR-04,rev5,"{{ insert: param, ir-04.03_odp.02 }}",continuation of organizational mission and business functions,free-text,single,What value does your organization use for: continuation of organizational mission and business functions?,,
ir-04.03_odp.01,IR-04(03),rev5,"{{ insert: param, ir-04.03_odp.01 }}",class sp800-53a are identified links href,free-text,single,What value does your organization use for: class sp800-53a are identified links href?,,
ir-04.03_odp.02,IR-04(03),rev5,"{{ insert: param, ir-04.03_odp.02 }}",class sp800-53a are taken in response to those,free-text,single,What value does your organization use for: class sp800-53a are taken in response to those?,,
ir-04.05_odp,IR-4,rev5,"{{ insert: param, ir-04.05_odp }}",to automatically disable the system if are detected,free-text,single,What value does your organization use for: to automatically disable the system if are detected?,,
ir-04.05_odp,IR-04(05),rev5,"{{ insert: param, ir-04.05_odp }}",disable the system if are detected links href,free-text,single,What value does your organization use for: disable the system if are detected links href?,,
ir-04.07_odp,IR-4,rev5,"{{ insert: param, ir-04.07_odp }}",threats that includes the following organizational entities,org list,single,What value does your organization use for: threats that includes the following organizational entities? (answer with a comma-separated list of org units),Security | HR | Finance,
ir-04.07_odp,IR-04(07),rev5,"{{ insert: param, ir-04.07_odp }}",coordinated incident handling capability includes links href rel,free-text,single,What value does your organization use for: coordinated incident handling capability includes links href rel?,,
ir-04.08_odp.01,IR-4,rev5,"{{ insert: param, ir-04.08_odp.01 }}",Coordinate with to correlate and share insert param,free-text,single,What value does your organization use for: Coordinate with to correlate and share insert param?,,
ir-04.08_odp.02,IR-04,rev5,"{{ insert: param, ir-04.08_odp.02 }}",correlate and share to achieve cross-organization perspective on,free-text,single,What value does your organization use for: correlate and share to achieve cross-organization perspective on?,,
ir-04.08_odp.01,IR-04(08),rev5,"{{ insert: param, ir-04.08_odp.01 }}",coordination with to correlate and share insert param,free-text,single,What value does your organization use for: coordination with to correlate and share insert param?,,
ir-04.08_odp.02,IR-04,rev5,"{{ insert: param, ir-04.08_odp.02 }}",correlate and share to achieve cross-organization perspective on,free-text,single,What value does your organization use for: correlate and share to achieve cross-organization perspective on?,,
ir-04.09_odp,IR-4,rev5,"{{ insert: param, ir-04.09_odp }}",required Employ to respond to incidents,free-text,single,What value does your organization use for: required Employ to respond to incidents?,,
ir-04.09_odp,IR-04(09),rev5,"{{ insert: param, ir-04.09_odp }}",class sp800-53a are employed to respond to incidents,free-text,single,What value does your organization use for: class sp800-53a are employed to respond to incidents?,,
ir-04.11_odp,IR-4,rev5,"{{ insert: param, ir-04.11_odp }}",any location identified by the organization in,free-text,single,What value does your organization use for: any location identified by the organization in?,,
ir-04.11_odp,IR-04(11),rev5,"{{ insert: param, ir-04.11_odp }}",identified by the organization in links href rel,free-text,single,What value does your organization use for: identified by the organization in links href rel?,,
ir-04.13_odp,IR-4,rev5,"{{ insert: param, ir-04.13_odp }}",suspected adversarial behavior in or related to,free-text,single,What value does your organization use for: suspected adversarial behavior in or related to?,,
ir-04.13_odp,IR-04(13),rev5,"{{ insert: param, ir-04.13_odp }}",in or related to are analyzed links href,free-text,single,What value does your organization use for: in or related to are analyzed links href?,,
ir-5.1_prm_1,IR-5,rev5,"{{ insert: param, ir-5.1_prm_1 }}",and collect and analyze incident information using,free-text,single,What value does your organization use for: and collect and analyze incident information using?,,
ir-05.01_odp.01,IR-05(01),rev5,"{{ insert: param, ir-05.01_odp.01 }}",sp800-53a incidents are tracked using links href rel,free-text,single,What value does your organization use for: sp800-53a incidents are tracked using links href rel?,,
ir-05.01_odp.02,IR-05(01),rev5,"{{ insert: param, ir-05.01_odp.02 }}",incident information is collected using links href rel,free-text,single,What value does your organization use for: incident information is collected using links href rel?,,
ir-05.01_odp.03,IR-05(01),rev5,"{{ insert: param, ir-05.01_odp.03 }}",incident information is analyzed using links href rel,free-text,single,What value does your organization use for: incident information is analyzed using links href rel?,,
ir-06_odp.01,IR-6,rev5,"{{ insert: param, ir-06_odp.01 }}",to the organizational incident response capability within and,duration,single,"What value does your organization use for: to the organizational incident response capability within and? (answer with a duration, e.g., 30/60/90 days)",30 days | 60 days | 90 days,
ir-06_odp.02,IR-6,rev5,"{{ insert: param, ir-06_odp.02 }}",Report incident information to,free-text,single,What value does your organization use for: Report incident information to?,,
ir-06_odp.01,IR-06,rev5,"{{ insert: param, ir-06_odp.01 }}",organizational incident response capability within links href rel,duration,single,"What value does your organization use for: organizational incident response capability within links href rel? (answer with a duration, e.g., 30/60/90 days)",30 days | 60 days | 90 days,
ir-06_odp.02,IR-06,rev5,"{{ insert: param, ir-06_odp.02 }}",incident information is reported to links href rel,free-text,single,What value does your organization use for: incident information is reported to links href rel?,,
ir-06.01_odp,IR-6,rev5,"{{ insert: param, ir-06.01_odp }}",Report incidents using,free-text,single,What value does your organization use for: Report incidents using?,,
ir-06.01_odp,IR-06(01),rev5,"{{ insert: param, ir-06.01_odp }}",sp800-53a incidents are reported using links href rel,free-text,single,What value does your organization use for: sp800-53a incidents are reported using links href rel?,,
ir-06.02_odp,IR-6,rev5,"{{ insert: param, ir-06.02_odp }}",system vulnerabilities associated with reported incidents to,free-text,single,What value does your organization use for: system vulnerabilities associated with reported incidents to?,,
ir-06.02_odp,IR-06(02),rev5,"{{ insert: param, ir-06.02_odp }}",reported incidents are reported to links href rel,free-text,single,What value does your organization use for: reported incidents are reported to links href rel?,,
ir-07.01_odp,IR-7,rev5,"{{ insert: param, ir-07.01_odp }}",of incident response information and support using,free-text,single,What value does your organization use for: of incident response information and support using?,,
ir-07.01_odp,IR-07(01),rev5,"{{ insert: param, ir-07.01_odp }}",and support is increased using links href rel,free-text,single,What value does your organization use for: and support is increased using links href rel?,,
ir-08_odp.01,IR-8,rev5,"{{ insert: param, ir-08_odp.01 }}",reviewed and approved by insert param odp and,free-text,single,What value does your organization use for: reviewed and approved by insert param odp and?,,
ir-08_odp.02,IR-08,rev5,"{{ insert: param, ir-08_odp.02 }}",reviewed and approved by insert param odp and,free-text,single,What value does your organization use for: reviewed and approved by insert param odp and?,,
ir-08_odp.03,IR-8,rev5,"{{ insert: param, ir-08_odp.03 }}",Explicitly designates responsibility for incident response to,free-text,single,What value does your organization use for: Explicitly designates responsibility for incident response to?,,
ir-08_odp.04,IR-8,rev5,"{{ insert: param, ir-08_odp.04 }}",Distribute copies of the incident response plan to,free-text,single,What value does your organization use for: Distribute copies of the incident response plan to?,,
ir-8_prm_5,IR-8,rev5,"{{ insert: param, ir-8_prm_5 }}",Communicate incident response plan changes to and,free-text,single,What value does your organization use for: Communicate incident response plan changes to and?,,
ir-08_odp.01,IR-08,rev5,"{{ insert: param, ir-08_odp.01 }}",reviewed and approved by insert param odp links,free-text,single,What value does your organization use for: reviewed and approved by insert param odp links?,,
ir-08_odp.02,IR-08,rev5,"{{ insert: param, ir-08_odp.02 }}",and approved by insert param odp links href,free-text,single,What value does your organization use for: and approved by insert param odp links href?,,
ir-08_odp.03,IR-08,rev5,"{{ insert: param, ir-08_odp.03 }}",designates responsibility for incident response to links href,free-text,single,What value does your organization use for: designates responsibility for incident response to links href?,,
ir-08_odp.04,IR-08,rev5,"{{ insert: param, ir-08_odp.04 }}",response plan are distributed to links href rel,free-text,single,What value does your organization use for: response plan are distributed to links href rel?,,
ir-08_odp.05,IR-08,rev5,"{{ insert: param, ir-08_odp.05 }}",response plan are distributed to links href rel,free-text,single,What value does your organization use for: response plan are distributed to links href rel?,,
ir-08_odp.06,IR-08,rev5,"{{ insert: param, ir-08_odp.06 }}",plan changes are communicated to links href rel,free-text,single,What value does your organization use for: plan changes are communicated to links href rel?,,
ir-08_odp.07,IR-08,rev5,"{{ insert: param, ir-08_odp.07 }}",plan changes are communicated to links href rel,free-text,single,What value does your organization use for: plan changes are communicated to links href rel?,,
ir-09_odp.01,IR-9,rev5,"{{ insert: param, ir-09_odp.01 }}",Assigning with responsibility for responding to information,free-text,single,What value does your organization use for: Assigning with responsibility for responding to information?,,
ir-09_odp.02,IR-9,rev5,"{{ insert: param, ir-09_odp.02 }}",Alerting of the information spill using,free-text,single,What value does your organization use for: Alerting of the information spill using?,,
ir-09_odp.03,IR-9,rev5,"{{ insert: param, ir-09_odp.03 }}",Performing the following additional actions,free-text,single,What value does your organization use for: Performing the following additional actions?,,
ir-09_odp.01,IR-09,rev5,"{{ insert: param, ir-09_odp.01 }}",class sp800-53a is are assigned the responsibility to,free-text,single,What value does your organization use for: class sp800-53a is are assigned the responsibility to?,,
ir-09_odp.02,IR-09,rev5,"{{ insert: param, ir-09_odp.02 }}",class sp800-53a is are alerted of the information,free-text,single,What value does your organization use for: class sp800-53a is are alerted of the information?,,
ir-09_odp.03,IR-09,rev5,"{{ insert: param, ir-09_odp.03 }}",class sp800-53a are performed in response to information,free-text,single,What value does your organization use for: class sp800-53a are performed in response to information?,,
ir-09.02_odp,IR-9,rev5,"{{ insert: param, ir-09.02_odp }}",Provide information spillage response training,free-text,single,What value does your organization use for: Provide information spillage response training?,,
ir-09.02_odp,IR-09(02),rev5,"{{ insert: param, ir-09.02_odp }}",spillage response training is provided links href rel,free-text,single,What value does your organization use for: spillage response training is provided links href rel?,,
ir-09.03_odp,IR-9,rev5,"{{ insert: param, ir-09.03_odp }}",while contaminated systems are undergoing corrective actions,free-text,single,What value does your organization use for: while contaminated systems are undergoing corrective actions?,,
ir-09.03_odp,IR-09(03),rev5,"{{ insert: param, ir-09.03_odp }}",class sp800-53a are implemented to ensure that organizational,free-text,single,What value does your organization use for: class sp800-53a are implemented to ensure that organizational?,,
ir-09.04_odp,IR-9,rev5,"{{ insert: param, ir-09.04_odp }}",to information not within assigned access authorizations,duration,single,"What value does your organization use for: to information not within assigned access authorizations? (answer with a duration, e.g., 30/60/90 days)",30 days | 60 days | 90 days,
ir-09.04_odp,IR-09(04),rev5,"{{ insert: param, ir-09.04_odp }}",class sp800-53a are employed for personnel exposed to,duration,single,"What value does your organization use for: class sp800-53a are employed for personnel exposed to? (answer with a duration, e.g., 30/60/90 days)",30 days | 60 days | 90 days,
ma-1_prm_1,MA-1,rev5,"{{ insert: param, ma-1_prm_1 }}",Develop document and disseminate to,free-text,single,What value does your organization use for: Develop document and disseminate to?,,
ma-01_odp.03,MA-1,rev5,"{{ insert: param, ma-01_odp.03 }}",maintenance policy that,role,single,What value does your organization use for: maintenance policy that? (answer with a job title or role),System Administrator | Security Officer,
ma-01_odp.04,MA-1,rev5,"{{ insert: param, ma-01_odp.04 }}",Designate an to manage the development documentation and,free-text,single,What value does your organization use for: Designate an to manage the development documentation and?,,
ma-01_odp.05,MA-1,rev5,"{{ insert: param, ma-01_odp.05 }}",Policy and following insert param odp,free-text,single,What value does your organization use for: Policy and following insert param odp?,,
ma-01_odp.06,MA-01,rev5,"{{ insert: param, ma-01_odp.06 }}",Policy insert param odp and following and,free-text,single,What value does your organization use for: Policy insert param odp and following and?,,
ma-01_odp.07,MA-1,rev5,"{{ insert: param, ma-01_odp.07 }}",Procedures and following insert param odp,free-text,single,What value does your organization use for: Procedures and following insert param odp?,,
ma-01_odp.08,MA-01,rev5,"{{ insert: param, ma-01_odp.08 }}",Procedures insert param odp and following,duration,single,"What value does your organization use for: Procedures insert param odp and following? (answer with a duration, e.g., 30/60/90 days)",30 days | 60 days | 90 days,
ma-01_odp.01,MA-01,rev5,"{{ insert: param, ma-01_odp.01 }}",maintenance policy is disseminated to links href rel,free-text,single,What value does your organization use for: maintenance policy is disseminated to links href rel?,,
ma-01_odp.02,MA-01,rev5,"{{ insert: param, ma-01_odp.02 }}",maintenance procedures are disseminated to links href rel,free-text,single,What value does your organization use for: maintenance procedures are disseminated to links href rel?,,
ma-01_odp.03,MA-01,rev5,"{{ insert: param, ma-01_odp.03 }}",sp800-53a the maintenance policy addresses purpose links href,free-text,single,What value does your organization use for: sp800-53a the maintenance policy addresses purpose links href?,,
ma-01_odp.03,MA-01,rev5,"{{ insert: param, ma-01_odp.03 }}",sp800-53a the maintenance policy addresses scope links href,free-text,single,What value does your organization use for: sp800-53a the maintenance policy addresses scope links href?,,
ma-01_odp.03,MA-01,rev5,"{{ insert: param, ma-01_odp.03 }}",sp800-53a the maintenance policy addresses roles links href,role,single,What value does your organization use for: sp800-53a the maintenance policy addresses roles links href? (answer with a job title or role),System Administrator | Security Officer,
ma-01_odp.03,MA-01,rev5,"{{ insert: param, ma-01_odp.03 }}",sp800-53a the maintenance policy addresses responsibilities links href,free-text,single,What value does your organization use for: sp800-53a the maintenance policy addresses responsibilities links href?,,
ma-01_odp.03,MA-01,rev5,"{{ insert: param, ma-01_odp.03 }}",sp800-53a the maintenance policy addresses management commitment links,free-text,single,What value does your organization use for: sp800-53a the maintenance policy addresses management commitment links?,,
ma-01_odp.03,MA-01,rev5,"{{ insert: param, ma-01_odp.03 }}",sp800-53a the maintenance policy addresses coordination among organizational,org list,single,What value does your organization use for: sp800-53a the maintenance policy addresses coordination among organizational? (answer with a comma-separated list of org units),Security | HR | Finance,
ma-01_odp.03,MA-01,rev5,"{{ insert: param, ma-01_odp.03 }}",sp800-53a the maintenance policy addresses compliance links href,free-text,single,What value does your organization use for: sp800-53a the maintenance policy addresses compliance links href?,,
ma-01_odp.03,MA-01,rev5,"{{ insert: param, ma-01_odp.03 }}",sp800-53a the maintenance policy is consistent with applicable,free-text,single,What value does your organization use for: sp800-53a the maintenance policy is consistent with applicable?,,
ma-01_odp.04,MA-01,rev5,"{{ insert: param, ma-01_odp.04 }}",sp800-53a the is designated to manage the development,free-text,single,What value does your organization use for: sp800-53a the is designated to manage the development?,,
ma-01_odp.05,MA-01,rev5,"{{ insert: param, ma-01_odp.05 }}",maintenance policy is reviewed and updated links href,free-text,single,What value does your organization use for: maintenance policy is reviewed and updated links href?,,
ma-01_odp.06,MA-01,rev5,"{{ insert: param, ma-01_odp.06 }}",policy is reviewed and updated following links href,free-text,single,What value does your organization use for: policy is reviewed and updated following links href?,,
ma-01_odp.07,MA-01,rev5,"{{ insert: param, ma-01_odp.07 }}",maintenance procedures are reviewed and updated links href,free-text,single,What value does your organization use for: maintenance procedures are reviewed and updated links href?,,
ma-01_odp.08,MA-01,rev5,"{{ insert: param, ma-01_odp.08 }}",procedures are reviewed and updated following links href,free-text,single,What value does your organization use for: procedures are reviewed and updated following links href?,,
ma-02_odp.01,MA-2,rev5,"{{ insert: param, ma-02_odp.01 }}",Require that explicitly approve the removal of the,free-text,single,What value does your organization use for: Require that explicitly approve the removal of the?,,
ma-02_odp.02,MA-2,rev5,"{{ insert: param, ma-02_odp.02 }}",organizational facilities for off-site maintenance repair or replacement,free-text,single,What value does your organization use for: organizational facilities for off-site maintenance repair or replacement?,,
ma-02_odp.03,MA-2,rev5,"{{ insert: param, ma-02_odp.03 }}",Include the following information in organizational maintenance records,free-text,single,What value does your organization use for: Include the following information in organizational maintenance records?,,
ma-02_odp.01,MA-02,rev5,"{{ insert: param, ma-02_odp.01 }}",class sp800-53a is are required to explicitly approve,free-text,single,What value does your organization use for: class sp800-53a is are required to explicitly approve?,,
ma-02_odp.02,MA-02,rev5,"{{ insert: param, ma-02_odp.02 }}",to remove from associated media prior to removal,free-text,single,What value does your organization use for: to remove from associated media prior to removal?,,
ma-02_odp.03,MA-02,rev5,"{{ insert: param, ma-02_odp.03 }}",class sp800-53a is included in organizational maintenance records,free-text,single,What value does your organization use for: class sp800-53a is included in organizational maintenance records?,,
ma-2.2_prm_1,MA-2,rev5,"{{ insert: param, ma-2.2_prm_1 }}",and replacement actions for the system using and,free-text,single,What value does your organization use for: and replacement actions for the system using and?,,
ma-02.02_odp.01,MA-02(02),rev5,"{{ insert: param, ma-02.02_odp.01 }}",class sp800-53a are used to schedule maintenance repair,free-text,single,What value does your organization use for: class sp800-53a are used to schedule maintenance repair?,,
ma-02.02_odp.02,MA-02(02),rev5,"{{ insert: param, ma-02.02_odp.02 }}",class sp800-53a are used to conduct maintenance repair,free-text,single,What value does your organization use for: class sp800-53a are used to conduct maintenance repair?,,
ma-02.02_odp.03,MA-02(02),rev5,"{{ insert: param, ma-02.02_odp.03 }}",class sp800-53a are used to document maintenance repair,free-text,single,What value does your organization use for: class sp800-53a are used to document maintenance repair?,,
ma-03_odp,MA-3,rev5,"{{ insert: param, ma-03_odp }}",Review previously approved system maintenance tools,free-text,single,What value does your organization use for: Review previously approved system maintenance tools?,,
ma-03_odp,MA-03,rev5,"{{ insert: param, ma-03_odp }}",system maintenance tools are reviewed links href rel,free-text,single,What value does your organization use for: system maintenance tools are reviewed links href rel?,,
ma-03.03_odp,MA-3,rev5,"{{ insert: param, ma-03.03_odp }}",exemption from explicitly authorizing removal of the equipment,duration,single,"What value does your organization use for: exemption from explicitly authorizing removal of the equipment? (answer with a duration, e.g., 30/60/90 days)",30 days | 60 days | 90 days,
ma-03.03_odp,MA-03(03),rev5,"{{ insert: param, ma-03.03_odp }}",exemption from explicitly authorizing removal of the equipment,free-text,single,What value does your organization use for: exemption from explicitly authorizing removal of the equipment?,,
ma-4.1_prm_1,MA-4,rev5,"{{ insert: param, ma-4.1_prm_1 }}",Log for nonlocal maintenance and diagnostic sessions,free-text,single,What value does your organization use for: Log for nonlocal maintenance and diagnostic sessions?,,
ma-04.01_odp.01,MA-04(01),rev5,"{{ insert: param, ma-04.01_odp.01 }}",class sp800-53a are logged for nonlocal maintenance sessions,free-text,single,What value does your organization use for: class sp800-53a are logged for nonlocal maintenance sessions?,,
ma-04.01_odp.02,MA-04(01),rev5,"{{ insert: param, ma-04.01_odp.02 }}",class sp800-53a are logged for nonlocal diagnostic sessions,free-text,single,What value does your organization use for: class sp800-53a are logged for nonlocal diagnostic sessions?,,
ma-04.04_odp,MA-4,rev5,"{{ insert: param, ma-04.04_odp }}",Employing and,free-text,single,What value does your organization use for: Employing and?,,
ma-04.04_odp,MA-04(04),rev5,"{{ insert: param, ma-04.04_odp }}",maintenance sessions are protected by employing links href,free-text,single,What value does your organization use for: maintenance sessions are protected by employing links href?,,
ma-04.05_odp.01,MA-4,rev5,"{{ insert: param, ma-04.05_odp.01 }}",approval of each nonlocal maintenance session by and,role,single,What value does your organization use for: approval of each nonlocal maintenance session by and? (answer with a job title or role),System Administrator | Security Officer,
ma-04.05_odp.02,MA-4,rev5,"{{ insert: param, ma-04.05_odp.02 }}",date and time of planned nonlocal maintenance,role,single,What value does your organization use for: date and time of planned nonlocal maintenance? (answer with a job title or role),System Administrator | Security Officer,
ma-04.05_odp.01,MA-04(05),rev5,"{{ insert: param, ma-04.05_odp.01 }}",nonlocal maintenance session is required by links href,free-text,single,What value does your organization use for: nonlocal maintenance session is required by links href?,,
ma-04.05_odp.02,MA-04(05),rev5,"{{ insert: param, ma-04.05_odp.02 }}",class sp800-53a is are notified of the date,free-text,single,What value does your organization use for: class sp800-53a is are notified of the date?,,
ma-04.06_odp,MA-4,rev5,"{{ insert: param, ma-04.06_odp }}",confidentiality of nonlocal maintenance and diagnostic communications,free-text,single,What value does your organization use for: confidentiality of nonlocal maintenance and diagnostic communications?,,
ma-04.06_odp,MA-04(06),rev5,"{{ insert: param, ma-04.06_odp }}",class sp800-53a are implemented to protect the integrity,free-text,single,What value does your organization use for: class sp800-53a are implemented to protect the integrity?,,
ma-04.06_odp,MA-04(06),rev5,"{{ insert: param, ma-04.06_odp }}",class sp800-53a are implemented to protect the confidentiality,free-text,single,What value does your organization use for: class sp800-53a are implemented to protect the confidentiality?,,
ma-05.01_odp,MA-5,rev5,"{{ insert: param, ma-05.01_odp }}",Develop and implement in the event system component,free-text,single,What value does your organization use for: Develop and implement in the event system component?,,
ma-05.01_odp,MA-05(01),rev5,"{{ insert: param, ma-05.01_odp }}",class sp800-53a are developed and implemented in the,free-text,single,What value does your organization use for: class sp800-53a are developed and implemented in the?,,
ma-06_odp.01,MA-6,rev5,"{{ insert: param, ma-06_odp.01 }}",and or spare for within insert param odp,duration,single,"What value does your organization use for: and or spare for within insert param odp? (answer with a duration, e.g., 30/60/90 days)",30 days | 60 days | 90 days,
ma-06_odp.02,MA-06,rev5,"{{ insert: param, ma-06_odp.02 }}",for insert param odp within of failure,duration,single,"What value does your organization use for: for insert param odp within of failure? (answer with a duration, e.g., 30/60/90 days)",30 days | 60 days | 90 days,
ma-06_odp.01,MA-06,rev5,"{{ insert: param, ma-06_odp.01 }}",spare are obtained for within insert param odp,duration,single,"What value does your organization use for: spare are obtained for within insert param odp? (answer with a duration, e.g., 30/60/90 days)",30 days | 60 days | 90 days,
ma-06_odp.02,MA-06,rev5,"{{ insert: param, ma-06_odp.02 }}",insert param odp within of failure links href,duration,single,"What value does your organization use for: insert param odp within of failure links href? (answer with a duration, e.g., 30/60/90 days)",30 days | 60 days | 90 days,
ma-06.01_odp.01,MA-6,rev5,"{{ insert: param, ma-06.01_odp.01 }}",Perform preventive maintenance on at insert param odp,free-text,single,What value does your organization use for: Perform preventive maintenance on at insert param odp?,,
ma-06.01_odp.02,MA-06,rev5,"{{ insert: param, ma-06.01_odp.02 }}",on insert param odp at,free-text,single,What value does your organization use for: on insert param odp at?,,
ma-06.01_odp.01,MA-06(01),rev5,"{{ insert: param, ma-06.01_odp.01 }}",maintenance is performed on at insert param odp,free-text,single,What value does your organization use for: maintenance is performed on at insert param odp?,,
ma-06.01_odp.02,MA-06,rev5,"{{ insert: param, ma-06.01_odp.02 }}",insert param odp at links href rel,free-text,single,What value does your organization use for: insert param odp at links href rel?,,
ma-06.02_odp.01,MA-6,rev5,"{{ insert: param, ma-06.02_odp.01 }}",Perform predictive maintenance on at insert param odp,free-text,single,What value does your organization use for: Perform predictive maintenance on at insert param odp?,,
ma-06.02_odp.02,MA-06,rev5,"{{ insert: param, ma-06.02_odp.02 }}",on insert param odp at,duration,single,"What value does your organization use for: on insert param odp at? (answer with a duration, e.g., 30/60/90 days)",30 days | 60 days | 90 days,
ma-06.02_odp.01,MA-06(02),rev5,"{{ insert: param, ma-06.02_odp.01 }}",maintenance is performed on at insert param odp,free-text,single,What value does your organization use for: maintenance is performed on at insert param odp?,,
ma-06.02_odp.02,MA-06,rev5,"{{ insert: param, ma-06.02_odp.02 }}",insert param odp at links href rel,free-text,single,What value does your organization use for: insert param odp at links href rel?,,
ma-06.03_odp,MA-6,rev5,"{{ insert: param, ma-06.03_odp }}",maintenance data to maintenance management system using,free-text,single,What value does your organization use for: maintenance data to maintenance management system using?,,
ma-06.03_odp,MA-06(03),rev5,"{{ insert: param, ma-06.03_odp }}",to maintenance management system using links href rel,free-text,single,What value does your organization use for: to maintenance management system using links href rel?,,
ma-07_odp.01,MA-7,rev5,"{{ insert: param, ma-07_odp.01 }}",prohibit field maintenance on to insert param odp,free-text,single,What value does your organization use for: prohibit field maintenance on to insert param odp?,,
ma-07_odp.02,MA-07,rev5,"{{ insert: param, ma-07_odp.02 }}",field maintenance on insert param odp to,free-text,single,What value does your organization use for: field maintenance on insert param odp to?,,
ma-07_odp.01,MA-07,rev5,"{{ insert: param, ma-07_odp.01 }}",maintenance on are restricted or prohibited to insert,free-text,single,What value does your organization use for: maintenance on are restricted or prohibited to insert?,,
ma-07_odp.02,MA-07,rev5,"{{ insert: param, ma-07_odp.02 }}",restricted or prohibited to links href rel assessment-for,free-text,single,What value does your organization use for: restricted or prohibited to links href rel assessment-for?,,
mp-1_prm_1,MP-1,rev5,"{{ insert: param, mp-1_prm_1 }}",Develop document and disseminate to,free-text,single,What value does your organization use for: Develop document and disseminate to?,,
mp-01_odp.03,MP-1,rev5,"{{ insert: param, mp-01_odp.03 }}",media protection policy that,role,single,What value does your organization use for: media protection policy that? (answer with a job title or role),System Administrator | Security Officer,
mp-01_odp.04,MP-1,rev5,"{{ insert: param, mp-01_odp.04 }}",Designate an to manage the development documentation and,free-text,single,What value does your organization use for: Designate an to manage the development documentation and?,,
mp-01_odp.05,MP-1,rev5,"{{ insert: param, mp-01_odp.05 }}",Policy and following insert param odp,free-text,single,What value does your organization use for: Policy and following insert param odp?,,
mp-01_odp.06,MP-01,rev5,"{{ insert: param, mp-01_odp.06 }}",Policy insert param odp and following and,free-text,single,What value does your organization use for: Policy insert param odp and following and?,,
mp-01_odp.07,MP-1,rev5,"{{ insert: param, mp-01_odp.07 }}",Procedures and following insert param odp,free-text,single,What value does your organization use for: Procedures and following insert param odp?,,
mp-01_odp.08,MP-01,rev5,"{{ insert: param, mp-01_odp.08 }}",Procedures insert param odp and following,duration,single,"What value does your organization use for: Procedures insert param odp and following? (answer with a duration, e.g., 30/60/90 days)",30 days | 60 days | 90 days,
mp-01_odp.01,MP-01,rev5,"{{ insert: param, mp-01_odp.01 }}",protection policy is disseminated to links href rel,free-text,single,What value does your organization use for: protection policy is disseminated to links href rel?,,
mp-01_odp.02,MP-01,rev5,"{{ insert: param, mp-01_odp.02 }}",protection procedures are disseminated to links href rel,free-text,single,What value does your organization use for: protection procedures are disseminated to links href rel?,,
mp-01_odp.03,MP-01,rev5,"{{ insert: param, mp-01_odp.03 }}",sp800-53a the media protection policy addresses purpose links,free-text,single,What value does your organization use for: sp800-53a the media protection policy addresses purpose links?,,
mp-01_odp.03,MP-01,rev5,"{{ insert: param, mp-01_odp.03 }}",sp800-53a the media protection policy addresses scope links,free-text,single,What value does your organization use for: sp800-53a the media protection policy addresses scope links?,,
mp-01_odp.03,MP-01,rev5,"{{ insert: param, mp-01_odp.03 }}",sp800-53a the media protection policy addresses roles links,role,single,What value does your organization use for: sp800-53a the media protection policy addresses roles links? (answer with a job title or role),System Administrator | Security Officer,
mp-01_odp.03,MP-01,rev5,"{{ insert: param, mp-01_odp.03 }}",sp800-53a the media protection policy addresses responsibilities links,free-text,single,What value does your organization use for: sp800-53a the media protection policy addresses responsibilities links?,,
mp-01_odp.03,MP-01,rev5,"{{ insert: param, mp-01_odp.03 }}",sp800-53a the media protection policy addresses management commitment,free-text,single,What value does your organization use for: sp800-53a the media protection policy addresses management commitment?,,
mp-01_odp.03,MP-01,rev5,"{{ insert: param, mp-01_odp.03 }}",sp800-53a the media protection policy addresses coordination among,org list,single,What value does your organization use for: sp800-53a the media protection policy addresses coordination among? (answer with a comma-separated list of org units),Security | HR | Finance,
mp-01_odp.03,MP-01,rev5,"{{ insert: param, mp-01_odp.03 }}",sp800-53a the media protection policy compliance links href,free-text,single,What value does your organization use for: sp800-53a the media protection policy compliance links href?,,
mp-01_odp.04,MP-01,rev5,"{{ insert: param, mp-01_odp.04 }}",sp800-53a the is designated to manage the development,free-text,single,What value does your organization use for: sp800-53a the is designated to manage the development?,,
mp-01_odp.05,MP-01,rev5,"{{ insert: param, mp-01_odp.05 }}",protection policy is reviewed and updated links href,free-text,single,What value does your organization use for: protection policy is reviewed and updated links href?,,
mp-01_odp.06,MP-01,rev5,"{{ insert: param, mp-01_odp.06 }}",policy is reviewed and updated following links href,free-text,single,What value does your organization use for: policy is reviewed and updated following links href?,,
mp-01_odp.07,MP-01,rev5,"{{ insert: param, mp-01_odp.07 }}",protection procedures are reviewed and updated links href,free-text,single,What value does your organization use for: protection procedures are reviewed and updated links href?,,
mp-01_odp.08,MP-01,rev5,"{{ insert: param, mp-01_odp.08 }}",procedures are reviewed and updated following links href,free-text,single,What value does your organization use for: procedures are reviewed and updated following links href?,,
mp-2_prm_1,MP-2,rev5,"{{ insert: param, mp-2_prm_1 }}",Restrict access to to insert param prm,free-text,single,What value does your organization use for: Restrict access to to insert param prm?,,
mp-2_prm_2,MP-2,rev5,"{{ insert: param, mp-2_prm_2 }}",Restrict access to insert param prm to,free-text,single,What value does your organization use for: Restrict access to insert param prm to?,,
mp-02_odp.01,MP-02,rev5,"{{ insert: param, mp-02_odp.01 }}",sp800-53a access to is restricted to insert param,free-text,single,What value does your organization use for: sp800-53a access to is restricted to insert param?,,
mp-02_odp.02,MP-02,rev5,"{{ insert: param, mp-02_odp.02 }}",odp is restricted to links href rel assessment-for,free-text,single,What value does your organization use for: odp is restricted to links href rel assessment-for?,,
mp-02_odp.03,MP-02,rev5,"{{ insert: param, mp-02_odp.03 }}",sp800-53a access to is restricted to insert param,free-text,single,What value does your organization use for: sp800-53a access to is restricted to insert param?,,
mp-02_odp.04,MP-02,rev5,"{{ insert: param, mp-02_odp.04 }}",odp is restricted to links href rel assessment-for,free-text,single,What value does your organization use for: odp is restricted to links href rel assessment-for?,,
mp-03_odp.01,MP-3,rev5,"{{ insert: param, mp-03_odp.01 }}",Exempt from marking if the media remain,duration,single,"What value does your organization use for: Exempt from marking if the media remain? (answer with a duration, e.g., 30/60/90 days)",30 days | 60 days | 90 days,
mp-03_odp.02,MP-03,rev5,"{{ insert: param, mp-03_odp.02 }}",from marking if the media remain within,duration,single,"What value does your organization use for: from marking if the media remain within? (answer with a duration, e.g., 30/60/90 days)",30 days | 60 days | 90 days,
mp-03_odp.01,MP-03,rev5,"{{ insert: param, mp-03_odp.01 }}",MP-03b class sp800-53a remain within insert param odp,duration,single,"What value does your organization use for: MP-03b class sp800-53a remain within insert param odp? (answer with a duration, e.g., 30/60/90 days)",30 days | 60 days | 90 days,
mp-03_odp.02,MP-03,rev5,"{{ insert: param, mp-03_odp.02 }}",insert param odp remain within links href rel,duration,single,"What value does your organization use for: insert param odp remain within links href rel? (answer with a duration, e.g., 30/60/90 days)",30 days | 60 days | 90 days,
mp-4_prm_1,MP-4,rev5,"{{ insert: param, mp-4_prm_1 }}",control and securely store within insert param prm,duration,single,"What value does your organization use for: control and securely store within insert param prm? (answer with a duration, e.g., 30/60/90 days)",30 days | 60 days | 90 days,
mp-4_prm_2,MP-4,rev5,"{{ insert: param, mp-4_prm_2 }}",and securely store insert param prm within and,duration,single,"What value does your organization use for: and securely store insert param prm within and? (answer with a duration, e.g., 30/60/90 days)",30 days | 60 days | 90 days,
mp-04_odp.01,MP-04,rev5,"{{ insert: param, mp-04_odp.01 }}",MP-04a class sp800-53a are physically controlled links href,free-text,single,What value does your organization use for: MP-04a class sp800-53a are physically controlled links href?,,
mp-04_odp.02,MP-04,rev5,"{{ insert: param, mp-04_odp.02 }}",MP-04a class sp800-53a are physically controlled links href,free-text,single,What value does your organization use for: MP-04a class sp800-53a are physically controlled links href?,,
mp-04_odp.03,MP-04,rev5,"{{ insert: param, mp-04_odp.03 }}",class sp800-53a are securely stored within insert param,duration,single,"What value does your organization use for: class sp800-53a are securely stored within insert param? (answer with a duration, e.g., 30/60/90 days)",30 days | 60 days | 90 days,
mp-04_odp.05,MP-04,rev5,"{{ insert: param, mp-04_odp.05 }}",odp are securely stored within links href rel,duration,single,"What value does your organization use for: odp are securely stored within links href rel? (answer with a duration, e.g., 30/60/90 days)",30 days | 60 days | 90 days,
mp-04_odp.04,MP-04,rev5,"{{ insert: param, mp-04_odp.04 }}",class sp800-53a are securely stored within insert param,duration,single,"What value does your organization use for: class sp800-53a are securely stored within insert param? (answer with a duration, e.g., 30/60/90 days)",30 days | 60 days | 90 days,
mp-04_odp.06,MP-04,rev5,"{{ insert: param, mp-04_odp.06 }}",odp are securely stored within links href rel,duration,single,"What value does your organization use for: odp are securely stored within links href rel? (answer with a duration, e.g., 30/60/90 days)",30 days | 60 days | 90 days,
mp-4.2_prm_1,MP-4,rev5,"{{ insert: param, mp-4.2_prm_1 }}",log access attempts and access granted using,free-text,single,What value does your organization use for: log access attempts and access granted using?,,
mp-04.02_odp.01,MP-04(02),rev5,"{{ insert: param, mp-04.02_odp.01 }}",storage areas is restricted using links href rel,free-text,single,What value does your organization use for: storage areas is restricted using links href rel?,,
mp-04.02_odp.02,MP-04(02),rev5,"{{ insert: param, mp-04.02_odp.02 }}",storage areas are logged using links href rel,free-text,single,What value does your organization use for: storage areas are logged using links href rel?,,
mp-04.02_odp.03,MP-04(02),rev5,"{{ insert: param, mp-04.02_odp.03 }}",storage areas is logged using links href rel,free-text,single,What value does your organization use for: storage areas is logged using links href rel?,,
mp-05_odp.01,MP-5,rev5,"{{ insert: param, mp-05_odp.01 }}",and control during transport outside of controlled areas,free-text,single,What value does your organization use for: and control during transport outside of controlled areas?,,
mp-5_prm_2,MP-05,rev5,"{{ insert: param, mp-5_prm_2 }}",odp during transport outside of controlled areas using,free-text,single,What value does your organization use for: odp during transport outside of controlled areas using?,,
mp-05_odp.01,MP-05,rev5,"{{ insert: param, mp-05_odp.01 }}",class sp800-53a are protected during transport outside of,free-text,single,What value does your organization use for: class sp800-53a are protected during transport outside of?,,
mp-05_odp.02,MP-05,rev5,"{{ insert: param, mp-05_odp.02 }}",outside of controlled areas using links href rel,free-text,single,What value does your organization use for: outside of controlled areas using links href rel?,,
mp-05_odp.01,MP-05,rev5,"{{ insert: param, mp-05_odp.01 }}",class sp800-53a are controlled during transport outside of,free-text,single,What value does your organization use for: class sp800-53a are controlled during transport outside of?,,
mp-05_odp.03,MP-05,rev5,"{{ insert: param, mp-05_odp.03 }}",outside of controlled areas using links href rel,free-text,single,What value does your organization use for: outside of controlled areas using links href rel?,,
mp-6_prm_1,MP-6,rev5,"{{ insert: param, mp-6_prm_1 }}",Sanitize prior to disposal release out of,free-text,single,What value does your organization use for: Sanitize prior to disposal release out of?,,
mp-6_prm_2,MP-6,rev5,"{{ insert: param, mp-6_prm_2 }}",organizational control or release for reuse using and,free-text,single,What value does your organization use for: organizational control or release for reuse using and?,,
mp-06_odp.01,MP-06,rev5,"{{ insert: param, mp-06_odp.01 }}",MP-06a class sp800-53a is sanitized using insert param,free-text,single,What value does your organization use for: MP-06a class sp800-53a is sanitized using insert param?,,
mp-06_odp.04,MP-06,rev5,"{{ insert: param, mp-06_odp.04 }}",is sanitized using prior to disposal links href,free-text,single,What value does your organization use for: is sanitized using prior to disposal links href?,,
mp-06_odp.02,MP-06,rev5,"{{ insert: param, mp-06_odp.02 }}",MP-06a class sp800-53a is sanitized using insert param,free-text,single,What value does your organization use for: MP-06a class sp800-53a is sanitized using insert param?,,
mp-06_odp.05,MP-06,rev5,"{{ insert: param, mp-06_odp.05 }}",sanitized using prior to release from organizational control,free-text,single,What value does your organization use for: sanitized using prior to release from organizational control?,,
mp-06_odp.03,MP-06,rev5,"{{ insert: param, mp-06_odp.03 }}",MP-06a class sp800-53a is sanitized using insert param,free-text,single,What value does your organization use for: MP-06a class sp800-53a is sanitized using insert param?,,
mp-06_odp.06,MP-06,rev5,"{{ insert: param, mp-06_odp.06 }}",sanitized using prior to release for reuse links,free-text,single,What value does your organization use for: sanitized using prior to release for reuse links?,,
mp-6.2_prm_1,MP-6,rev5,"{{ insert: param, mp-6.2_prm_1 }}",and procedures to ensure that the intended sanitization,free-text,single,What value does your organization use for: and procedures to ensure that the intended sanitization?,,
mp-06.02_odp.01,MP-06(02),rev5,"{{ insert: param, mp-06.02_odp.01 }}",is tested to ensure that the intended sanitization,free-text,single,What value does your organization use for: is tested to ensure that the intended sanitization?,,
mp-06.02_odp.02,MP-06(02),rev5,"{{ insert: param, mp-06.02_odp.02 }}",are tested to ensure that the intended sanitization,free-text,single,What value does your organization use for: are tested to ensure that the intended sanitization?,,
mp-06.03_odp,MP-6,rev5,"{{ insert: param, mp-06.03_odp }}",to the system under the following circumstances,free-text,single,What value does your organization use for: to the system under the following circumstances?,,
mp-06.03_odp,MP-06(03),rev5,"{{ insert: param, mp-06.03_odp }}",devices to the system under links href rel,free-text,single,What value does your organization use for: devices to the system under links href rel?,,
mp-06.07_odp,MP-6,rev5,"{{ insert: param, mp-06.07_odp }}",Enforce dual authorization for the sanitization of,free-text,single,What value does your organization use for: Enforce dual authorization for the sanitization of?,,
mp-06.07_odp,MP-06(07),rev5,"{{ insert: param, mp-06.07_odp }}",authorization for sanitization of is enforced links href,free-text,single,What value does your organization use for: authorization for sanitization of is enforced links href?,,
mp-06.08_odp.03,MP-06(08),rev5,"{{ insert: param, mp-06.08_odp.03 }}",class sp800-53a select choice remotely under odp,free-text,single,What value does your organization use for: class sp800-53a select choice remotely under odp?,,
mp-06.08_odp.01,MP-6,rev5,"{{ insert: param, mp-06.08_odp.01 }}",purge or wipe information from insert param odp,free-text,single,What value does your organization use for: purge or wipe information from insert param odp?,,
mp-06.08_odp.02,MP-06,rev5,"{{ insert: param, mp-06.08_odp.02 }}",information from insert param odp,free-text,single,What value does your organization use for: information from insert param odp?,,
mp-06.08_odp.01,MP-06(08),rev5,"{{ insert: param, mp-06.08_odp.01 }}",purge or wipe information from insert param odp,free-text,single,What value does your organization use for: purge or wipe information from insert param odp?,,
mp-06.08_odp.02,MP-06,rev5,"{{ insert: param, mp-06.08_odp.02 }}",insert param odp is provided links href,free-text,single,What value does your organization use for: insert param odp is provided links href?,,
mp-07_odp.02,MP-7,rev5,"{{ insert: param, mp-07_odp.02 }}",the use of insert param,free-text,single,What value does your organization use for: the use of insert param?,,
mp-07_odp.01,MP-07,rev5,"{{ insert: param, mp-07_odp.01 }}",odp the use of on insert param odp,free-text,single,What value does your organization use for: odp the use of on insert param odp?,,
mp-07_odp.03,MP-07,rev5,"{{ insert: param, mp-07_odp.03 }}",insert param odp on using insert param odp,free-text,single,What value does your organization use for: insert param odp on using insert param odp?,,
mp-07_odp.04,MP-07,rev5,"{{ insert: param, mp-07_odp.04 }}",odp on insert param odp using and,free-text,single,What value does your organization use for: odp on insert param odp using and?,,
mp-07_odp.01,MP-07,rev5,"{{ insert: param, mp-07_odp.01 }}",sp800-53a the use of is insert param odp,free-text,single,What value does your organization use for: sp800-53a the use of is insert param odp?,,
mp-07_odp.02,MP-07,rev5,"{{ insert: param, mp-07_odp.02 }}",insert param odp is on insert param odp,free-text,single,What value does your organization use for: insert param odp is on insert param odp?,,
mp-07_odp.03,MP-07,rev5,"{{ insert: param, mp-07_odp.03 }}",insert param odp on using insert param odp,free-text,single,What value does your organization use for: insert param odp on using insert param odp?,,
mp-07_odp.04,MP-07,rev5,"{{ insert: param, mp-07_odp.04 }}",on insert param odp using links href rel,free-text,single,What value does your organization use for: on insert param odp using links href rel?,,
mp-08_odp.01,MP-8,rev5,"{{ insert: param, mp-08_odp.01 }}",Establish that includes employing downgrading mechanisms with,free-text,single,What value does your organization use for: Establish that includes employing downgrading mechanisms with?,,
mp-08_odp.02,MP-8,rev5,"{{ insert: param, mp-08_odp.02 }}",Identify and,free-text,single,What value does your organization use for: Identify and?,,
mp-08_odp.01,MP-08,rev5,"{{ insert: param, mp-08_odp.01 }}",MP-08a class sp800-53a is established links href,free-text,single,What value does your organization use for: MP-08a class sp800-53a is established links href?,,
mp-08_odp.01,MP-08,rev5,"{{ insert: param, mp-08_odp.01 }}",sp800-53a the includes employing downgrading mechanisms with strength,free-text,single,What value does your organization use for: sp800-53a the includes employing downgrading mechanisms with strength?,,
mp-08_odp.02,MP-08,rev5,"{{ insert: param, mp-08_odp.02 }}",assessment-objective MP-08c class sp800-53a is identified links href,free-text,single,What value does your organization use for: assessment-objective MP-08c class sp800-53a is identified links href?,,
mp-08_odp.01,MP-08,rev5,"{{ insert: param, mp-08_odp.01 }}",media is downgraded using the links href rel,free-text,single,What value does your organization use for: media is downgraded using the links href rel?,,
mp-8.2_prm_1,MP-8,rev5,"{{ insert: param, mp-8.2_prm_1 }}",and procedures to ensure that downgrading actions are,free-text,single,What value does your organization use for: and procedures to ensure that downgrading actions are?,,
mp-08.02_odp.01,MP-08(02),rev5,"{{ insert: param, mp-08.02_odp.01 }}",is tested to ensure that downgrading actions are,free-text,single,What value does your organization use for: is tested to ensure that downgrading actions are?,,
mp-08.02_odp.02,MP-08(02),rev5,"{{ insert: param, mp-08.02_odp.02 }}",are tested to ensure that downgrading actions are,free-text,single,What value does your organization use for: are tested to ensure that downgrading actions are?,,
pe-1_prm_1,PE-1,rev5,"{{ insert: param, pe-1_prm_1 }}",Develop document and disseminate to,free-text,single,What value does your organization use for: Develop document and disseminate to?,,
pe-01_odp.03,PE-1,rev5,"{{ insert: param, pe-01_odp.03 }}",physical and environmental protection policy that,free-text,single,What value does your organization use for: physical and environmental protection policy that?,,
pe-01_odp.04,PE-1,rev5,"{{ insert: param, pe-01_odp.04 }}",Designate an to manage the development documentation and,free-text,single,What value does your organization use for: Designate an to manage the development documentation and?,,
pe-01_odp.05,PE-1,rev5,"{{ insert: param, pe-01_odp.05 }}",Policy and following insert param odp,free-text,single,What value does your organization use for: Policy and following insert param odp?,,
pe-01_odp.06,PE-01,rev5,"{{ insert: param, pe-01_odp.06 }}",Policy insert param odp and following and,free-text,single,What value does your organization use for: Policy insert param odp and following and?,,
pe-01_odp.07,PE-1,rev5,"{{ insert: param, pe-01_odp.07 }}",Procedures and following insert param odp,free-text,single,What value does your organization use for: Procedures and following insert param odp?,,
pe-01_odp.08,PE-01,rev5,"{{ insert: param, pe-01_odp.08 }}",Procedures insert param odp and following,free-text,single,What value does your organization use for: Procedures insert param odp and following?,,
pe-01_odp.01,PE-01,rev5,"{{ insert: param, pe-01_odp.01 }}",protection policy is disseminated to links href rel,free-text,single,What value does your organization use for: protection policy is disseminated to links href rel?,,
pe-01_odp.02,PE-01,rev5,"{{ insert: param, pe-01_odp.02 }}",protection procedures are disseminated to links href rel,free-text,single,What value does your organization use for: protection procedures are disseminated to links href rel?,,
pe-01_odp.03,PE-01,rev5,"{{ insert: param, pe-01_odp.03 }}",sp800-53a the physical and environmental protection policy addresses,free-text,single,What value does your organization use for: sp800-53a the physical and environmental protection policy addresses?,,
pe-01_odp.03,PE-01,rev5,"{{ insert: param, pe-01_odp.03 }}",sp800-53a the physical and environmental protection policy addresses,free-text,single,What value does your organization use for: sp800-53a the physical and environmental protection policy addresses?,,
pe-01_odp.03,PE-01,rev5,"{{ insert: param, pe-01_odp.03 }}",sp800-53a the physical and environmental protection policy addresses,role,single,What value does your organization use for: sp800-53a the physical and environmental protection policy addresses? (answer with a job title or role),System Administrator | Security Officer,
pe-01_odp.03,PE-01,rev5,"{{ insert: param, pe-01_odp.03 }}",sp800-53a the physical and environmental protection policy addresses,free-text,single,What value does your organization use for: sp800-53a the physical and environmental protection policy addresses?,,
pe-01_odp.03,PE-01,rev5,"{{ insert: param, pe-01_odp.03 }}",sp800-53a the physical and environmental protection policy addresses,free-text,single,What value does your organization use for: sp800-53a the physical and environmental protection policy addresses?,,
pe-01_odp.03,PE-01,rev5,"{{ insert: param, pe-01_odp.03 }}",sp800-53a the physical and environmental protection policy addresses,org list,single,What value does your organization use for: sp800-53a the physical and environmental protection policy addresses? (answer with a comma-separated list of org units),Security | HR | Finance,
pe-01_odp.03,PE-01,rev5,"{{ insert: param, pe-01_odp.03 }}",sp800-53a the physical and environmental protection policy addresses,free-text,single,What value does your organization use for: sp800-53a the physical and environmental protection policy addresses?,,
pe-01_odp.03,PE-01,rev5,"{{ insert: param, pe-01_odp.03 }}",sp800-53a the physical and environmental protection policy is,free-text,single,What value does your organization use for: sp800-53a the physical and environmental protection policy is?,,
pe-01_odp.04,PE-01,rev5,"{{ insert: param, pe-01_odp.04 }}",sp800-53a the is designated to manage the development,free-text,single,What value does your organization use for: sp800-53a the is designated to manage the development?,,
pe-01_odp.05,PE-01,rev5,"{{ insert: param, pe-01_odp.05 }}",protection policy is reviewed and updated links href,free-text,single,What value does your organization use for: protection policy is reviewed and updated links href?,,
pe-01_odp.06,PE-01,rev5,"{{ insert: param, pe-01_odp.06 }}",policy is reviewed and updated following links href,free-text,single,What value does your organization use for: policy is reviewed and updated following links href?,,
pe-01_odp.07,PE-01,rev5,"{{ insert: param, pe-01_odp.07 }}",protection procedures are reviewed and updated links href,free-text,single,What value does your organization use for: protection procedures are reviewed and updated links href?,,
pe-01_odp.08,PE-01,rev5,"{{ insert: param, pe-01_odp.08 }}",procedures are reviewed and updated following links href,free-text,single,What value does your organization use for: procedures are reviewed and updated following links href?,,
pe-02_odp,PE-2,rev5,"{{ insert: param, pe-02_odp }}",list detailing authorized facility access by individuals and,free-text,list,What value does your organization use for: list detailing authorized facility access by individuals and?,,
pe-02_odp,PE-02,rev5,"{{ insert: param, pe-02_odp }}",access by individuals is reviewed links href rel,free-text,list,What value does your organization use for: access by individuals is reviewed links href rel?,,
pe-02.02_odp,PE-2,rev5,"{{ insert: param, pe-02.02_odp }}",to the facility where the system resides,free-text,single,What value does your organization use for: to the facility where the system resides?,,
pe-02.02_odp,PE-02(02),rev5,"{{ insert: param, pe-02.02_odp }}",required from for visitor access to the facility,free-text,single,What value does your organization use for: required from for visitor access to the facility?,,
pe-02.03_odp.02,PE-02(03),rev5,"{{ insert: param, pe-02.03_odp.02 }}",to all information contained within the system odp,duration,single,"What value does your organization use for: to all information contained within the system odp? (answer with a duration, e.g., 30/60/90 days)",30 days | 60 days | 90 days,
pe-02.03_odp.01,PE-2,rev5,"{{ insert: param, pe-02.03_odp.01 }}",where the system resides to personnel with,free-text,single,What value does your organization use for: where the system resides to personnel with?,,
pe-02.03_odp.01,PE-02(03),rev5,"{{ insert: param, pe-02.03_odp.01 }}",is restricted to personnel with links href rel,free-text,single,What value does your organization use for: is restricted to personnel with links href rel?,,
pe-03_odp.03,PE-03,rev5,"{{ insert: param, pe-03_odp.03 }}",class sp800-53a select how-many one-or-more choice guards odp,free-text,single,What value does your organization use for: class sp800-53a select how-many one-or-more choice guards odp?,,
pe-03_odp.01,PE-3,rev5,"{{ insert: param, pe-03_odp.01 }}",Enforce physical access authorizations at by,free-text,single,What value does your organization use for: Enforce physical access authorizations at by?,,
pe-03_odp.02,PE-3,rev5,"{{ insert: param, pe-03_odp.02 }}",Controlling ingress and egress to the facility using,free-text,single,What value does your organization use for: Controlling ingress and egress to the facility using?,,
pe-03_odp.04,PE-3,rev5,"{{ insert: param, pe-03_odp.04 }}",Maintain physical access audit logs for,duration,single,"What value does your organization use for: Maintain physical access audit logs for? (answer with a duration, e.g., 30/60/90 days)",30 days | 60 days | 90 days,
pe-03_odp.05,PE-3,rev5,"{{ insert: param, pe-03_odp.05 }}",as publicly accessible by implementing the following controls,duration,single,"What value does your organization use for: as publicly accessible by implementing the following controls? (answer with a duration, e.g., 30/60/90 days)",30 days | 60 days | 90 days,
pe-03_odp.06,PE-3,rev5,"{{ insert: param, pe-03_odp.06 }}",Escort visitors and control visitor activity,free-text,single,What value does your organization use for: Escort visitors and control visitor activity?,,
pe-03_odp.07,PE-3,rev5,"{{ insert: param, pe-03_odp.07 }}",Inventory every insert param odp,frequency,single,"What value does your organization use for: Inventory every insert param odp? (answer with a frequency, e.g., daily/weekly/monthly)",daily | weekly | monthly | quarterly,
pe-03_odp.08,PE-03,rev5,"{{ insert: param, pe-03_odp.08 }}",Inventory insert param odp every and,frequency,single,"What value does your organization use for: Inventory insert param odp every and? (answer with a frequency, e.g., daily/weekly/monthly)",daily | weekly | monthly | quarterly,
pe-3_prm_9,PE-3,rev5,"{{ insert: param, pe-3_prm_9 }}",and keys and or when keys are lost,frequency,single,"What value does your organization use for: and keys and or when keys are lost? (answer with a frequency, e.g., daily/weekly/monthly)",daily | weekly | monthly | quarterly,
pe-03_odp.01,PE-03,rev5,"{{ insert: param, pe-03_odp.01 }}",enforced at by verifying individual access authorizations before,free-text,single,What value does your organization use for: enforced at by verifying individual access authorizations before?,,
pe-03_odp.01,PE-03,rev5,"{{ insert: param, pe-03_odp.01 }}",enforced at by controlling ingress and egress to,free-text,single,What value does your organization use for: enforced at by controlling ingress and egress to?,,
pe-03_odp.02,PE-03,rev5,"{{ insert: param, pe-03_odp.02 }}",and egress to the facility using links href,free-text,single,What value does your organization use for: and egress to the facility using links href?,,
pe-03_odp.04,PE-03,rev5,"{{ insert: param, pe-03_odp.04 }}",audit logs are maintained for links href rel,free-text,single,What value does your organization use for: audit logs are maintained for links href rel?,,
pe-03_odp.05,PE-03,rev5,"{{ insert: param, pe-03_odp.05 }}",accessible are maintained by implementing links href rel,duration,single,"What value does your organization use for: accessible are maintained by implementing links href rel? (answer with a duration, e.g., 30/60/90 days)",30 days | 60 days | 90 days,
pe-03_odp.06,PE-03,rev5,"{{ insert: param, pe-03_odp.06 }}",sp800-53a visitor activity is controlled links href rel,free-text,single,What value does your organization use for: sp800-53a visitor activity is controlled links href rel?,,
pe-03_odp.07,PE-03,rev5,"{{ insert: param, pe-03_odp.07 }}",PE-03f class sp800-53a are inventoried insert param odp,free-text,single,What value does your organization use for: PE-03f class sp800-53a are inventoried insert param odp?,,
pe-03_odp.08,PE-03,rev5,"{{ insert: param, pe-03_odp.08 }}",insert param odp are inventoried links href rel,free-text,single,What value does your organization use for: insert param odp are inventoried links href rel?,,
pe-03_odp.09,PE-03,rev5,"{{ insert: param, pe-03_odp.09 }}",are changed when combinations are compromised or when,free-text,single,What value does your organization use for: are changed when combinations are compromised or when?,,
pe-03_odp.10,PE-03,rev5,"{{ insert: param, pe-03_odp.10 }}",are changed when keys are lost or when,free-text,single,What value does your organization use for: are changed when keys are lost or when?,,
pe-03.01_odp,PE-3,rev5,"{{ insert: param, pe-03.01_odp }}",physical access controls for the facility at,duration,single,"What value does your organization use for: physical access controls for the facility at? (answer with a duration, e.g., 30/60/90 days)",30 days | 60 days | 90 days,
pe-03.01_odp,PE-03(01),rev5,"{{ insert: param, pe-03.01_odp }}",enforced for the facility at links href rel,free-text,single,What value does your organization use for: enforced for the facility at links href rel?,,
pe-03.02_odp,PE-3,rev5,"{{ insert: param, pe-03.02_odp }}",security checks at the physical perimeter of the,free-text,single,What value does your organization use for: security checks at the physical perimeter of the?,,
pe-03.02_odp,PE-03(02),rev5,"{{ insert: param, pe-03.02_odp }}",are performed at the physical perimeter of the,free-text,single,What value does your organization use for: are performed at the physical perimeter of the?,,
pe-03.03_odp,PE-3,rev5,"{{ insert: param, pe-03.03_odp }}",to control to the facility where the system,duration,single,"What value does your organization use for: to control to the facility where the system? (answer with a duration, e.g., 30/60/90 days)",30 days | 60 days | 90 days,
pe-03.03_odp,PE-03(03),rev5,"{{ insert: param, pe-03.03_odp }}",to control to the facility where the system,duration,single,"What value does your organization use for: to control to the facility where the system? (answer with a duration, e.g., 30/60/90 days)",30 days | 60 days | 90 days,
pe-03.04_odp,PE-3,rev5,"{{ insert: param, pe-03.04_odp }}",physical casings to protect from unauthorized physical access,free-text,single,What value does your organization use for: physical casings to protect from unauthorized physical access?,,
pe-03.04_odp,PE-03(04),rev5,"{{ insert: param, pe-03.04_odp }}",used to protect from unauthorized access links href,free-text,single,What value does your organization use for: used to protect from unauthorized access links href?,,
pe-03.05_odp.01,PE-3,rev5,"{{ insert: param, pe-03.05_odp.01 }}",related Employ to insert param odp,duration,single,"What value does your organization use for: related Employ to insert param odp? (answer with a duration, e.g., 30/60/90 days)",30 days | 60 days | 90 days,
pe-03.05_odp.02,PE-03,rev5,"{{ insert: param, pe-03.05_odp.02 }}",odp to physical tampering or alteration of insert,duration,single,"What value does your organization use for: odp to physical tampering or alteration of insert? (answer with a duration, e.g., 30/60/90 days)",30 days | 60 days | 90 days,
pe-03.05_odp.03,PE-03,rev5,"{{ insert: param, pe-03.05_odp.03 }}",physical tampering or alteration of within the system,duration,single,"What value does your organization use for: physical tampering or alteration of within the system? (answer with a duration, e.g., 30/60/90 days)",30 days | 60 days | 90 days,
pe-03.05_odp.01,PE-03(05),rev5,"{{ insert: param, pe-03.05_odp.01 }}",assessment-objective class sp800-53a are employed to insert param,duration,single,"What value does your organization use for: assessment-objective class sp800-53a are employed to insert param? (answer with a duration, e.g., 30/60/90 days)",30 days | 60 days | 90 days,
pe-03.05_odp.02,PE-03,rev5,"{{ insert: param, pe-03.05_odp.02 }}",employed to physical tampering or alteration of insert,duration,single,"What value does your organization use for: employed to physical tampering or alteration of insert? (answer with a duration, e.g., 30/60/90 days)",30 days | 60 days | 90 days,
pe-03.05_odp.03,PE-03,rev5,"{{ insert: param, pe-03.05_odp.03 }}",or alteration of within the system links href,duration,single,"What value does your organization use for: or alteration of within the system links href? (answer with a duration, e.g., 30/60/90 days)",30 days | 60 days | 90 days,
pe-03.08_odp,PE-3,rev5,"{{ insert: param, pe-03.08_odp }}",Employ access control vestibules at,free-text,single,What value does your organization use for: Employ access control vestibules at?,,
pe-03.08_odp,PE-03(08),rev5,"{{ insert: param, pe-03.08_odp }}",control vestibules are employed at links href rel,free-text,single,What value does your organization use for: control vestibules are employed at links href rel?,,
pe-04_odp.01,PE-4,rev5,"{{ insert: param, pe-04_odp.01 }}",access to within organizational facilities using insert param,duration,single,"What value does your organization use for: access to within organizational facilities using insert param? (answer with a duration, e.g., 30/60/90 days)",30 days | 60 days | 90 days,
pe-04_odp.02,PE-04,rev5,"{{ insert: param, pe-04_odp.02 }}",insert param odp within organizational facilities using,duration,single,"What value does your organization use for: insert param odp within organizational facilities using? (answer with a duration, e.g., 30/60/90 days)",30 days | 60 days | 90 days,
pe-04_odp.01,PE-04,rev5,"{{ insert: param, pe-04_odp.01 }}",access to within organizational facilities is controlled using,duration,single,"What value does your organization use for: access to within organizational facilities is controlled using? (answer with a duration, e.g., 30/60/90 days)",30 days | 60 days | 90 days,
pe-04_odp.02,PE-04,rev5,"{{ insert: param, pe-04_odp.02 }}",facilities is controlled using links href rel assessment-for,duration,single,"What value does your organization use for: facilities is controlled using links href rel assessment-for? (answer with a duration, e.g., 30/60/90 days)",30 days | 60 days | 90 days,
pe-05_odp,PE-5,rev5,"{{ insert: param, pe-05_odp }}",output from to prevent unauthorized individuals from obtaining,free-text,single,What value does your organization use for: output from to prevent unauthorized individuals from obtaining?,,
pe-05_odp,PE-05,rev5,"{{ insert: param, pe-05_odp }}",output from is controlled to prevent unauthorized individuals,free-text,single,What value does your organization use for: output from is controlled to prevent unauthorized individuals?,,
pe-06_odp.01,PE-6,rev5,"{{ insert: param, pe-06_odp.01 }}",access logs and upon occurrence of insert param,free-text,single,What value does your organization use for: access logs and upon occurrence of insert param?,,
pe-06_odp.02,PE-06,rev5,"{{ insert: param, pe-06_odp.02 }}",insert param odp and upon occurrence of and,free-text,single,What value does your organization use for: insert param odp and upon occurrence of and?,,
pe-06_odp.01,PE-06,rev5,"{{ insert: param, pe-06_odp.01 }}",physical access logs are reviewed links href rel,free-text,single,What value does your organization use for: physical access logs are reviewed links href rel?,,
pe-06_odp.02,PE-06,rev5,"{{ insert: param, pe-06_odp.02 }}",are reviewed upon occurrence of links href rel,free-text,single,What value does your organization use for: are reviewed upon occurrence of links href rel?,,
pe-06.02_odp.01,PE-6,rev5,"{{ insert: param, pe-06.02_odp.01 }}",related Recognize and initiate insert param,free-text,single,What value does your organization use for: related Recognize and initiate insert param?,,
pe-06.02_odp.02,PE-06,rev5,"{{ insert: param, pe-06.02_odp.02 }}",odp and initiate using insert param odp,free-text,single,What value does your organization use for: odp and initiate using insert param odp?,,
pe-06.02_odp.03,PE-06,rev5,"{{ insert: param, pe-06.02_odp.03 }}",initiate insert param odp using,free-text,single,What value does your organization use for: initiate insert param odp using?,,
pe-06.02_odp.01,PE-06(02),rev5,"{{ insert: param, pe-06.02_odp.01 }}",class sp800-53a are recognized links href,free-text,single,What value does your organization use for: class sp800-53a are recognized links href?,,
pe-06.02_odp.02,PE-06(02),rev5,"{{ insert: param, pe-06.02_odp.02 }}",class sp800-53a are initiated using insert param,free-text,single,What value does your organization use for: class sp800-53a are initiated using insert param?,,
pe-06.02_odp.03,PE-06,rev5,"{{ insert: param, pe-06.02_odp.03 }}",odp are initiated using links href rel,free-text,single,What value does your organization use for: odp are initiated using links href rel?,,
pe-06.03_odp.01,PE-6,rev5,"{{ insert: param, pe-06.03_odp.01 }}",Employ video surveillance of,free-text,single,What value does your organization use for: Employ video surveillance of?,,
pe-06.03_odp.02,PE-6,rev5,"{{ insert: param, pe-06.03_odp.02 }}",Review video recordings and,free-text,single,What value does your organization use for: Review video recordings and?,,
pe-06.03_odp.03,PE-6,rev5,"{{ insert: param, pe-06.03_odp.03 }}",Retain video recordings for,free-text,single,What value does your organization use for: Retain video recordings for?,,
pe-06.03_odp.01,PE-06(03),rev5,"{{ insert: param, pe-06.03_odp.01 }}",sp800-53a video surveillance of is employed links href,free-text,single,What value does your organization use for: sp800-53a video surveillance of is employed links href?,,
pe-06.03_odp.02,PE-06(03),rev5,"{{ insert: param, pe-06.03_odp.02 }}",class sp800-53a video recordings are reviewed links href,free-text,single,What value does your organization use for: class sp800-53a video recordings are reviewed links href?,,
pe-06.03_odp.03,PE-06(03),rev5,"{{ insert: param, pe-06.03_odp.03 }}",sp800-53a video recordings are retained for links href,free-text,single,What value does your organization use for: sp800-53a video recordings are retained for links href?,,
pe-06.04_odp,PE-6,rev5,"{{ insert: param, pe-06.04_odp }}",physical access monitoring of the facility at,duration,single,"What value does your organization use for: physical access monitoring of the facility at? (answer with a duration, e.g., 30/60/90 days)",30 days | 60 days | 90 days,
pe-06.04_odp,PE-06(04),rev5,"{{ insert: param, pe-06.04_odp }}",monitoring of the facility at links href rel,free-text,single,What value does your organization use for: monitoring of the facility at links href rel?,,
pe-08_odp.01,PE-8,rev5,"{{ insert: param, pe-08_odp.01 }}",to the facility where the system resides for,free-text,single,What value does your organization use for: to the facility where the system resides for?,,
pe-08_odp.02,PE-8,rev5,"{{ insert: param, pe-08_odp.02 }}",Review visitor access records and,free-text,single,What value does your organization use for: Review visitor access records and?,,
pe-08_odp.03,PE-8,rev5,"{{ insert: param, pe-08_odp.03 }}",Report anomalies in visitor access records to,free-text,single,What value does your organization use for: Report anomalies in visitor access records to?,,
pe-08_odp.01,PE-08,rev5,"{{ insert: param, pe-08_odp.01 }}",system resides are maintained for links href rel,free-text,single,What value does your organization use for: system resides are maintained for links href rel?,,
pe-08_odp.02,PE-08,rev5,"{{ insert: param, pe-08_odp.02 }}",visitor access records are reviewed links href rel,free-text,single,What value does your organization use for: visitor access records are reviewed links href rel?,,
pe-08_odp.03,PE-08,rev5,"{{ insert: param, pe-08_odp.03 }}",records anomalies are reported to links href rel,free-text,single,What value does your organization use for: records anomalies are reported to links href rel?,,
pe-8.1_prm_1,PE-8,rev5,"{{ insert: param, pe-8.1_prm_1 }}",Maintain and review visitor access records using,free-text,single,What value does your organization use for: Maintain and review visitor access records using?,,
pe-08.01_odp.01,PE-08(01),rev5,"{{ insert: param, pe-08.01_odp.01 }}",access records are maintained using links href rel,free-text,single,What value does your organization use for: access records are maintained using links href rel?,,
pe-08.01_odp.02,PE-08(01),rev5,"{{ insert: param, pe-08.01_odp.02 }}",access records are reviewed using links href rel,free-text,single,What value does your organization use for: access records are reviewed using links href rel?,,
pe-08.03_odp,PE-8,rev5,"{{ insert: param, pe-08.03_odp }}",elements identified in the privacy risk assessment,free-text,single,What value does your organization use for: elements identified in the privacy risk assessment?,,
pe-08.03_odp,PE-08(03),rev5,"{{ insert: param, pe-08.03_odp }}",limited to identified in the privacy risk assessment,free-text,single,What value does your organization use for: limited to identified in the privacy risk assessment?,,
pe-09.01_odp,PE-9,rev5,"{{ insert: param, pe-09.01_odp }}",cabling paths that are physically separated by,free-text,single,What value does your organization use for: cabling paths that are physically separated by?,,
pe-09.01_odp,PE-09(01),rev5,"{{ insert: param, pe-09.01_odp }}",are physically separated by are employed links href,free-text,single,What value does your organization use for: are physically separated by are employed links href?,,
pe-09.02_odp,PE-9,rev5,"{{ insert: param, pe-09.02_odp }}",Employ automatic voltage controls for,free-text,single,What value does your organization use for: Employ automatic voltage controls for?,,
pe-09.02_odp,PE-09(02),rev5,"{{ insert: param, pe-09.02_odp }}",automatic voltage controls for are employed links href,free-text,single,What value does your organization use for: automatic voltage controls for are employed links href?,,
pe-10_odp.01,PE-10,rev5,"{{ insert: param, pe-10_odp.01 }}",of shutting off power to in emergency situations,free-text,single,What value does your organization use for: of shutting off power to in emergency situations?,,
pe-10_odp.02,PE-10,rev5,"{{ insert: param, pe-10_odp.02 }}",devices in to facilitate access for authorized personnel,free-text,single,What value does your organization use for: devices in to facilitate access for authorized personnel?,,
pe-10_odp.01,PE-10,rev5,"{{ insert: param, pe-10_odp.01 }}",power to in emergency situations is provided links,free-text,single,What value does your organization use for: power to in emergency situations is provided links?,,
pe-10_odp.02,PE-10,rev5,"{{ insert: param, pe-10_odp.02 }}",placed in to facilitate access for authorized personnel,free-text,single,What value does your organization use for: placed in to facilitate access for authorized personnel?,,
pe-11_odp,PE-11,rev5,"{{ insert: param, pe-11_odp }}",supply to facilitate in the event of primary,free-text,single,What value does your organization use for: supply to facilitate in the event of primary?,,
pe-11_odp,PE-11,rev5,"{{ insert: param, pe-11_odp }}",provided to facilitate in the event of primary,free-text,single,What value does your organization use for: provided to facilitate in the event of primary?,,
pe-11.01_odp,PE-11,rev5,"{{ insert: param, pe-11.01_odp }}",is activated and that can maintain minimally required,free-text,single,What value does your organization use for: is activated and that can maintain minimally required?,,
pe-11.01_odp,PE-11(01),rev5,"{{ insert: param, pe-11.01_odp }}",for the system is activated links href rel,free-text,single,What value does your organization use for: for the system is activated links href rel?,,
pe-11.02_odp.01,PE-11,rev5,"{{ insert: param, pe-11.02_odp.01 }}",the system that is activated and that is,free-text,single,What value does your organization use for: the system that is activated and that is?,,
pe-11.02_odp.02,PE-11,rev5,"{{ insert: param, pe-11.02_odp.02 }}",of maintaining in the event of an extended,free-text,single,What value does your organization use for: of maintaining in the event of an extended?,,
pe-11.02_odp.01,PE-11(02),rev5,"{{ insert: param, pe-11.02_odp.01 }}",supply provided for the system is activated obj,free-text,single,What value does your organization use for: supply provided for the system is activated obj?,,
pe-11.02_odp.02,PE-11(02),rev5,"{{ insert: param, pe-11.02_odp.02 }}",of maintaining in the event of an extended,free-text,single,What value does your organization use for: of maintaining in the event of an extended?,,
pe-13.01_odp.01,PE-13,rev5,"{{ insert: param, pe-13.01_odp.01 }}",activate automatically and notify and insert param odp,role,single,What value does your organization use for: activate automatically and notify and insert param odp? (answer with a job title or role),System Administrator | Security Officer,
pe-13.01_odp.02,PE-13,rev5,"{{ insert: param, pe-13.01_odp.02 }}",param odp and in the event of fire,role,single,What value does your organization use for: param odp and in the event of fire? (answer with a job title or role),System Administrator | Security Officer,
pe-13.01_odp.01,PE-13(01),rev5,"{{ insert: param, pe-13.01_odp.01 }}",that notify automatically are employed in the event,free-text,single,What value does your organization use for: that notify automatically are employed in the event?,,
pe-13.01_odp.02,PE-13(01),rev5,"{{ insert: param, pe-13.01_odp.02 }}",that notify automatically are employed in the event,free-text,single,What value does your organization use for: that notify automatically are employed in the event?,,
pe-13.02_odp.01,PE-13,rev5,"{{ insert: param, pe-13.02_odp.01 }}",activate automatically and notify and insert param odp,free-text,single,What value does your organization use for: activate automatically and notify and insert param odp?,,
pe-13.02_odp.02,PE-13,rev5,"{{ insert: param, pe-13.02_odp.02 }}",and notify insert param odp and and,free-text,single,What value does your organization use for: and notify insert param odp and and?,,
pe-13.02_odp.01,PE-13(02),rev5,"{{ insert: param, pe-13.02_odp.01 }}",systems that notify automatically are employed links href,free-text,single,What value does your organization use for: systems that notify automatically are employed links href?,,
pe-13.02_odp.02,PE-13(02),rev5,"{{ insert: param, pe-13.02_odp.02 }}",systems that notify automatically are employed links href,free-text,single,What value does your organization use for: systems that notify automatically are employed links href?,,
pe-13.04_odp.01,PE-13,rev5,"{{ insert: param, pe-13.04_odp.01 }}",facility undergoes fire protection inspections by authorized and,duration,single,"What value does your organization use for: facility undergoes fire protection inspections by authorized and? (answer with a duration, e.g., 30/60/90 days)",30 days | 60 days | 90 days,
pe-13.04_odp.02,PE-13,rev5,"{{ insert: param, pe-13.04_odp.02 }}",inspectors and identified deficiencies are resolved within,duration,single,"What value does your organization use for: inspectors and identified deficiencies are resolved within? (answer with a duration, e.g., 30/60/90 days)",30 days | 60 days | 90 days,
pe-13.04_odp.01,PE-13(04),rev5,"{{ insert: param, pe-13.04_odp.01 }}",protection inspections by authorized and qualified inspectors links,free-text,single,What value does your organization use for: protection inspections by authorized and qualified inspectors links?,,
pe-13.04_odp.02,PE-13(04),rev5,"{{ insert: param, pe-13.04_odp.02 }}",protection inspections are resolved within links href rel,duration,single,"What value does your organization use for: protection inspections are resolved within links href rel? (answer with a duration, e.g., 30/60/90 days)",30 days | 60 days | 90 days,
pe-14_odp.02,PE-14,rev5,"{{ insert: param, pe-14_odp.02 }}",how-many one-or-more choice temperature humidity pressure radiation odp,free-text,single,What value does your organization use for: how-many one-or-more choice temperature humidity pressure radiation odp?,,
pe-14_odp.01,PE-14,rev5,"{{ insert: param, pe-14_odp.01 }}",Maintain levels within the facility where the,duration,single,"What value does your organization use for: Maintain levels within the facility where the? (answer with a duration, e.g., 30/60/90 days)",30 days | 60 days | 90 days,
pe-14_odp.03,PE-14,rev5,"{{ insert: param, pe-14_odp.03 }}",the facility where the system resides at and,duration,single,"What value does your organization use for: the facility where the system resides at and? (answer with a duration, e.g., 30/60/90 days)",30 days | 60 days | 90 days,
pe-14_odp.04,PE-14,rev5,"{{ insert: param, pe-14_odp.04 }}",Monitor environmental control levels,free-text,single,What value does your organization use for: Monitor environmental control levels?,,
pe-14_odp.01,PE-14,rev5,"{{ insert: param, pe-14_odp.01 }}",class sp800-53a levels are maintained at insert param,duration,single,"What value does your organization use for: class sp800-53a levels are maintained at insert param? (answer with a duration, e.g., 30/60/90 days)",30 days | 60 days | 90 days,
pe-14_odp.03,PE-14,rev5,"{{ insert: param, pe-14_odp.03 }}",maintained at within the facility where the system,duration,single,"What value does your organization use for: maintained at within the facility where the system? (answer with a duration, e.g., 30/60/90 days)",30 days | 60 days | 90 days,
pe-14_odp.04,PE-14,rev5,"{{ insert: param, pe-14_odp.04 }}",environmental control levels are monitored links href rel,free-text,single,What value does your organization use for: environmental control levels are monitored links href rel?,,
pe-14.01_odp,PE-14,rev5,"{{ insert: param, pe-14.01_odp }}",prevent fluctuations potentially harmful to the system,free-text,single,What value does your organization use for: prevent fluctuations potentially harmful to the system?,,
pe-14.01_odp,PE-14(01),rev5,"{{ insert: param, pe-14.01_odp }}",class sp800-53a are employed in the facility to,free-text,single,What value does your organization use for: class sp800-53a are employed in the facility to?,,
pe-14.02_odp,PE-14,rev5,"{{ insert: param, pe-14.02_odp }}",potentially harmful to personnel or equipment to,role,single,What value does your organization use for: potentially harmful to personnel or equipment to? (answer with a job title or role),System Administrator | Security Officer,
pe-14.02_odp,PE-14(02),rev5,"{{ insert: param, pe-14.02_odp }}",notification to when changes are potentially harmful to,free-text,single,What value does your organization use for: notification to when changes are potentially harmful to?,,
pe-15.01_odp.01,PE-15,rev5,"{{ insert: param, pe-15.01_odp.01 }}",the system and alert using insert param odp,free-text,single,What value does your organization use for: the system and alert using insert param odp?,,
pe-15.01_odp.02,PE-15,rev5,"{{ insert: param, pe-15.01_odp.02 }}",alert insert param odp using,free-text,single,What value does your organization use for: alert insert param odp using?,,
pe-15.01_odp.01,PE-15(01),rev5,"{{ insert: param, pe-15.01_odp.01 }}",class sp800-53a is are alerted using insert param,free-text,single,What value does your organization use for: class sp800-53a is are alerted using insert param?,,
pe-15.01_odp.02,PE-15,rev5,"{{ insert: param, pe-15.01_odp.02 }}",odp is are alerted using links href rel,free-text,single,What value does your organization use for: odp is are alerted using links href rel?,,
pe-16_prm_1,PE-16,rev5,"{{ insert: param, pe-16_prm_1 }}",and control entering and exiting the facility and,free-text,single,What value does your organization use for: and control entering and exiting the facility and?,,
pe-16_odp.01,PE-16,rev5,"{{ insert: param, pe-16_odp.01 }}",class sp800-53a are authorized when entering the facility,free-text,single,What value does your organization use for: class sp800-53a are authorized when entering the facility?,,
pe-16_odp.01,PE-16,rev5,"{{ insert: param, pe-16_odp.01 }}",class sp800-53a are controlled when entering the facility,free-text,single,What value does your organization use for: class sp800-53a are controlled when entering the facility?,,
pe-16_odp.02,PE-16,rev5,"{{ insert: param, pe-16_odp.02 }}",class sp800-53a are authorized when exiting the facility,free-text,single,What value does your organization use for: class sp800-53a are authorized when exiting the facility?,,
pe-16_odp.02,PE-16,rev5,"{{ insert: param, pe-16_odp.02 }}",class sp800-53a are controlled when exiting the facility,free-text,single,What value does your organization use for: class sp800-53a are controlled when exiting the facility?,,
pe-17_odp.01,PE-17,rev5,"{{ insert: param, pe-17_odp.01 }}",and document the allowed for use by employees,free-text,single,What value does your organization use for: and document the allowed for use by employees?,,
pe-17_odp.02,PE-17,rev5,"{{ insert: param, pe-17_odp.02 }}",Employ the following controls at alternate work sites,free-text,single,What value does your organization use for: Employ the following controls at alternate work sites?,,
pe-17_odp.01,PE-17,rev5,"{{ insert: param, pe-17_odp.01 }}",class sp800-53a are determined and documented links href,free-text,single,What value does your organization use for: class sp800-53a are determined and documented links href?,,
pe-17_odp.02,PE-17,rev5,"{{ insert: param, pe-17_odp.02 }}",class sp800-53a are employed at alternate work sites,free-text,single,What value does your organization use for: class sp800-53a are employed at alternate work sites?,,
pe-18_odp,PE-18,rev5,"{{ insert: param, pe-18_odp }}",damage from and to minimize the opportunity for,duration,single,"What value does your organization use for: damage from and to minimize the opportunity for? (answer with a duration, e.g., 30/60/90 days)",30 days | 60 days | 90 days,
pe-18_odp,PE-18,rev5,"{{ insert: param, pe-18_odp }}",damage from and to minimize the opportunity for,duration,single,"What value does your organization use for: damage from and to minimize the opportunity for? (answer with a duration, e.g., 30/60/90 days)",30 days | 60 days | 90 days,
pe-20_odp.01,PE-20,rev5,"{{ insert: param, pe-20_odp.01 }}",related Employ to track and monitor the location,duration,single,"What value does your organization use for: related Employ to track and monitor the location? (answer with a duration, e.g., 30/60/90 days)",30 days | 60 days | 90 days,
pe-20_odp.02,PE-20,rev5,"{{ insert: param, pe-20_odp.02 }}",location and movement of within insert param odp,duration,single,"What value does your organization use for: location and movement of within insert param odp? (answer with a duration, e.g., 30/60/90 days)",30 days | 60 days | 90 days,
pe-20_odp.03,PE-20,rev5,"{{ insert: param, pe-20_odp.03 }}",and movement of insert param odp within,duration,single,"What value does your organization use for: and movement of insert param odp within? (answer with a duration, e.g., 30/60/90 days)",30 days | 60 days | 90 days,
pe-20_odp.01,PE-20,rev5,"{{ insert: param, pe-20_odp.01 }}",class sp800-53a are employed to track and monitor,duration,single,"What value does your organization use for: class sp800-53a are employed to track and monitor? (answer with a duration, e.g., 30/60/90 days)",30 days | 60 days | 90 days,
pe-20_odp.02,PE-20,rev5,"{{ insert: param, pe-20_odp.02 }}",location and movement of within insert param odp,duration,single,"What value does your organization use for: location and movement of within insert param odp? (answer with a duration, e.g., 30/60/90 days)",30 days | 60 days | 90 days,
pe-20_odp.03,PE-20,rev5,"{{ insert: param, pe-20_odp.03 }}",insert param odp within links href rel assessment-for,duration,single,"What value does your organization use for: insert param odp within links href rel assessment-for? (answer with a duration, e.g., 30/60/90 days)",30 days | 60 days | 90 days,
pe-21_odp.01,PE-21,rev5,"{{ insert: param, pe-21_odp.01 }}",related Employ against electromagnetic pulse damage for insert,free-text,single,What value does your organization use for: related Employ against electromagnetic pulse damage for insert?,,
pe-21_odp.02,PE-21,rev5,"{{ insert: param, pe-21_odp.02 }}",param odp against electromagnetic pulse damage for,free-text,single,What value does your organization use for: param odp against electromagnetic pulse damage for?,,
pe-21_odp.01,PE-21,rev5,"{{ insert: param, pe-21_odp.01 }}",class sp800-53a are employed against electromagnetic pulse damage,free-text,single,What value does your organization use for: class sp800-53a are employed against electromagnetic pulse damage?,,
pe-21_odp.02,PE-21,rev5,"{{ insert: param, pe-21_odp.02 }}",electromagnetic pulse damage for links href rel assessment-for,free-text,single,What value does your organization use for: electromagnetic pulse damage for links href rel assessment-for?,,
pe-22_odp,PE-22,rev5,"{{ insert: param, pe-22_odp }}",related Mark indicating the impact level or classification,free-text,single,What value does your organization use for: related Mark indicating the impact level or classification?,,
pe-22_odp,PE-22,rev5,"{{ insert: param, pe-22_odp }}",class sp800-53a are marked indicating the impact level,free-text,single,What value does your organization use for: class sp800-53a are marked indicating the impact level?,,
pl-1_prm_1,PL-1,rev5,"{{ insert: param, pl-1_prm_1 }}",Develop document and disseminate to,free-text,single,What value does your organization use for: Develop document and disseminate to?,,
pl-01_odp.03,PL-1,rev5,"{{ insert: param, pl-01_odp.03 }}",planning policy that,role,single,What value does your organization use for: planning policy that? (answer with a job title or role),System Administrator | Security Officer,
pl-01_odp.04,PL-1,rev5,"{{ insert: param, pl-01_odp.04 }}",Designate an to manage the development documentation and,free-text,single,What value does your organization use for: Designate an to manage the development documentation and?,,
pl-01_odp.05,PL-1,rev5,"{{ insert: param, pl-01_odp.05 }}",Policy and following insert param odp,free-text,single,What value does your organization use for: Policy and following insert param odp?,,
pl-01_odp.06,PL-01,rev5,"{{ insert: param, pl-01_odp.06 }}",Policy insert param odp and following and,free-text,single,What value does your organization use for: Policy insert param odp and following and?,,
pl-01_odp.07,PL-1,rev5,"{{ insert: param, pl-01_odp.07 }}",Procedures and following insert param odp,free-text,single,What value does your organization use for: Procedures and following insert param odp?,,
pl-01_odp.08,PL-01,rev5,"{{ insert: param, pl-01_odp.08 }}",Procedures insert param odp and following,duration,single,"What value does your organization use for: Procedures insert param odp and following? (answer with a duration, e.g., 30/60/90 days)",30 days | 60 days | 90 days,
pl-01_odp.01,PL-01,rev5,"{{ insert: param, pl-01_odp.01 }}",planning policy is disseminated to links href rel,free-text,single,What value does your organization use for: planning policy is disseminated to links href rel?,,
pl-01_odp.02,PL-01,rev5,"{{ insert: param, pl-01_odp.02 }}",planning procedures are disseminated to links href rel,free-text,single,What value does your organization use for: planning procedures are disseminated to links href rel?,,
pl-01_odp.03,PL-01,rev5,"{{ insert: param, pl-01_odp.03 }}",sp800-53a the planning policy addresses purpose links href,free-text,single,What value does your organization use for: sp800-53a the planning policy addresses purpose links href?,,
pl-01_odp.03,PL-01,rev5,"{{ insert: param, pl-01_odp.03 }}",sp800-53a the planning policy addresses scope links href,free-text,single,What value does your organization use for: sp800-53a the planning policy addresses scope links href?,,
pl-01_odp.03,PL-01,rev5,"{{ insert: param, pl-01_odp.03 }}",sp800-53a the planning policy addresses roles links href,role,single,What value does your organization use for: sp800-53a the planning policy addresses roles links href? (answer with a job title or role),System Administrator | Security Officer,
pl-01_odp.03,PL-01,rev5,"{{ insert: param, pl-01_odp.03 }}",sp800-53a the planning policy addresses responsibilities links href,free-text,single,What value does your organization use for: sp800-53a the planning policy addresses responsibilities links href?,,
pl-01_odp.03,PL-01,rev5,"{{ insert: param, pl-01_odp.03 }}",sp800-53a the planning policy addresses management commitment links,free-text,single,What value does your organization use for: sp800-53a the planning policy addresses management commitment links?,,
pl-01_odp.03,PL-01,rev5,"{{ insert: param, pl-01_odp.03 }}",sp800-53a the planning policy addresses coordination among organizational,org list,single,What value does your organization use for: sp800-53a the planning policy addresses coordination among organizational? (answer with a comma-separated list of org units),Security | HR | Finance,
pl-01_odp.03,PL-01,rev5,"{{ insert: param, pl-01_odp.03 }}",sp800-53a the planning policy addresses compliance links href,free-text,single,What value does your organization use for: sp800-53a the planning policy addresses compliance links href?,,
pl-01_odp.03,PL-01,rev5,"{{ insert: param, pl-01_odp.03 }}",sp800-53a the planning policy is consistent with applicable,free-text,single,What value does your organization use for: sp800-53a the planning policy is consistent with applicable?,,
pl-01_odp.04,PL-01,rev5,"{{ insert: param, pl-01_odp.04 }}",sp800-53a the is designated to manage the development,free-text,single,What value does your organization use for: sp800-53a the is designated to manage the development?,,
pl-01_odp.05,PL-01,rev5,"{{ insert: param, pl-01_odp.05 }}",planning policy is reviewed and updated links href,free-text,single,What value does your organization use for: planning policy is reviewed and updated links href?,,
pl-01_odp.06,PL-01,rev5,"{{ insert: param, pl-01_odp.06 }}",policy is reviewed and updated following links href,free-text,single,What value does your organization use for: policy is reviewed and updated following links href?,,
pl-01_odp.07,PL-01,rev5,"{{ insert: param, pl-01_odp.07 }}",planning procedures are reviewed and updated links href,free-text,single,What value does your organization use for: planning procedures are reviewed and updated links href?,,
pl-01_odp.08,PL-01,rev5,"{{ insert: param, pl-01_odp.08 }}",procedures are reviewed and updated following links href,free-text,single,What value does your organization use for: procedures are reviewed and updated following links href?,,
pl-02_odp.01,PL-2,rev5,"{{ insert: param, pl-02_odp.01 }}",system that require planning and coordination with and,free-text,single,What value does your organization use for: system that require planning and coordination with and?,,
pl-02_odp.02,PL-2,rev5,"{{ insert: param, pl-02_odp.02 }}",and communicate subsequent changes to the plans to,free-text,single,What value does your organization use for: and communicate subsequent changes to the plans to?,,
pl-02_odp.03,PL-2,rev5,"{{ insert: param, pl-02_odp.03 }}",Review the plans,free-text,single,What value does your organization use for: Review the plans?,,
pl-02_odp.01,PL-02,rev5,"{{ insert: param, pl-02_odp.01 }}",that require planning and coordination with links href,free-text,single,What value does your organization use for: that require planning and coordination with links href?,,
pl-02_odp.01,PL-02,rev5,"{{ insert: param, pl-02_odp.01 }}",that require planning and coordination with links href,free-text,single,What value does your organization use for: that require planning and coordination with links href?,,
pl-02_odp.02,PL-02,rev5,"{{ insert: param, pl-02_odp.02 }}",the plans are distributed to links href rel,free-text,single,What value does your organization use for: the plans are distributed to links href rel?,,
pl-02_odp.02,PL-02,rev5,"{{ insert: param, pl-02_odp.02 }}",the plans are communicated to links href rel,free-text,single,What value does your organization use for: the plans are communicated to links href rel?,,
pl-02_odp.03,PL-02,rev5,"{{ insert: param, pl-02_odp.03 }}",class sp800-53a plans are reviewed links href rel,free-text,single,What value does your organization use for: class sp800-53a plans are reviewed links href rel?,,
pl-04_odp.03,PL-04,rev5,"{{ insert: param, pl-04_odp.03 }}",one-or-more choice when the rules are revised or,free-text,single,What value does your organization use for: one-or-more choice when the rules are revised or?,,
pl-04_odp.01,PL-4,rev5,"{{ insert: param, pl-04_odp.01 }}",Review and update the rules of behavior and,free-text,single,What value does your organization use for: Review and update the rules of behavior and?,,
pl-04_odp.02,PL-4,rev5,"{{ insert: param, pl-04_odp.02 }}",the rules of behavior to read and re-acknowledge,free-text,single,What value does your organization use for: the rules of behavior to read and re-acknowledge?,,
pl-04_odp.01,PL-04,rev5,"{{ insert: param, pl-04_odp.01 }}",behavior are reviewed and updated links href rel,free-text,single,What value does your organization use for: behavior are reviewed and updated links href rel?,,
pl-04_odp.02,PL-04,rev5,"{{ insert: param, pl-04_odp.02 }}",required to read and reacknowledge links href rel,free-text,single,What value does your organization use for: required to read and reacknowledge links href rel?,,
pl-07_odp,PL-7,rev5,"{{ insert: param, pl-07_odp }}",Review and update the CONOPS,free-text,single,What value does your organization use for: Review and update the CONOPS?,,
pl-07_odp,PL-07,rev5,"{{ insert: param, pl-07_odp }}",CONOPS is reviewed and updated links href rel,free-text,single,What value does your organization use for: CONOPS is reviewed and updated links href rel?,,
pl-08_odp,PL-8,rev5,"{{ insert: param, pl-08_odp }}",the architectures to reflect changes in the enterprise,free-text,single,What value does your organization use for: the architectures to reflect changes in the enterprise?,,
pl-08_odp,PL-08,rev5,"{{ insert: param, pl-08_odp }}",and updated to reflect changes in the enterprise,free-text,single,What value does your organization use for: and updated to reflect changes in the enterprise?,,
pl-08.01_odp.01,PL-8,rev5,"{{ insert: param, pl-08.01_odp.01 }}",Allocates to insert param odp,free-text,single,What value does your organization use for: Allocates to insert param odp?,,
pl-08.01_odp.02,PL-08,rev5,"{{ insert: param, pl-08.01_odp.02 }}",Allocates insert param odp to and,free-text,single,What value does your organization use for: Allocates insert param odp to and?,,
pl-08.01_odp.01,PL-08(01),rev5,"{{ insert: param, pl-08.01_odp.01 }}",defense-in-depth approach that allocates to insert param odp,free-text,single,What value does your organization use for: defense-in-depth approach that allocates to insert param odp?,,
pl-08.01_odp.02,PL-08,rev5,"{{ insert: param, pl-08.01_odp.02 }}",allocates insert param odp to links href,free-text,single,What value does your organization use for: allocates insert param odp to links href?,,
pl-08.01_odp.01,PL-08(01),rev5,"{{ insert: param, pl-08.01_odp.01 }}",defense-in-depth approach that allocates to insert param odp,free-text,single,What value does your organization use for: defense-in-depth approach that allocates to insert param odp?,,
pl-08.01_odp.02,PL-08,rev5,"{{ insert: param, pl-08.01_odp.02 }}",allocates insert param odp to links href,free-text,single,What value does your organization use for: allocates insert param odp to links href?,,
pl-08.02_odp.01,PL-8,rev5,"{{ insert: param, pl-08.02_odp.01 }}",Require that allocated to insert param,free-text,single,What value does your organization use for: Require that allocated to insert param?,,
pl-08.02_odp.02,PL-08,rev5,"{{ insert: param, pl-08.02_odp.02 }}",odp allocated to are obtained from different suppliers,free-text,single,What value does your organization use for: odp allocated to are obtained from different suppliers?,,
pl-08.02_odp.01,PL-08(02),rev5,"{{ insert: param, pl-08.02_odp.01 }}",class sp800-53a that are allocated to insert param,free-text,single,What value does your organization use for: class sp800-53a that are allocated to insert param?,,
pl-08.02_odp.02,PL-08,rev5,"{{ insert: param, pl-08.02_odp.02 }}",allocated to are required to be obtained from,free-text,single,What value does your organization use for: allocated to are required to be obtained from?,,
pl-09_odp,PL-9,rev5,"{{ insert: param, pl-09_odp }}",related Centrally manage,free-text,single,What value does your organization use for: related Centrally manage?,,
pl-09_odp,PL-09,rev5,"{{ insert: param, pl-09_odp }}",assessment-objective class sp800-53a are centrally managed links href,free-text,single,What value does your organization use for: assessment-objective class sp800-53a are centrally managed links href?,,
pm-01_odp.01,PM-1,rev5,"{{ insert: param, pm-01_odp.01 }}",security program plan and following insert param odp,free-text,single,What value does your organization use for: security program plan and following insert param odp?,,
pm-01_odp.02,PM-01,rev5,"{{ insert: param, pm-01_odp.02 }}",program plan insert param odp and following and,free-text,single,What value does your organization use for: program plan insert param odp and following and?,,
pm-01_odp.01,PM-01,rev5,"{{ insert: param, pm-01_odp.01 }}",plan is reviewed and updated links href rel,free-text,single,What value does your organization use for: plan is reviewed and updated links href rel?,,
pm-01_odp.02,PM-01,rev5,"{{ insert: param, pm-01_odp.02 }}",is reviewed and updated following links href rel,free-text,single,What value does your organization use for: is reviewed and updated following links href rel?,,
pm-05_odp,PM-5,rev5,"{{ insert: param, pm-05_odp }}",Develop and update an inventory of organizational systems,free-text,single,What value does your organization use for: Develop and update an inventory of organizational systems?,,
pm-05_odp,PM-05,rev5,"{{ insert: param, pm-05_odp }}",organizational systems is updated links href rel assessment-for,free-text,single,What value does your organization use for: organizational systems is updated links href rel assessment-for?,,
pm-05.01_odp,PM-5,rev5,"{{ insert: param, pm-05.01_odp }}",and update an inventory of all systems applications,free-text,single,What value does your organization use for: and update an inventory of all systems applications?,,
pm-05.01_odp,PM-05(01),rev5,"{{ insert: param, pm-05.01_odp }}",personally identifiable information is updated links href rel,free-text,single,What value does your organization use for: personally identifiable information is updated links href rel?,,
pm-07.01_odp,PM-7,rev5,"{{ insert: param, pm-07.01_odp }}",Offload to other systems system components or,frequency,single,"What value does your organization use for: Offload to other systems system components or? (answer with a frequency, e.g., daily/weekly/monthly)",daily | weekly | monthly | quarterly,
pm-07.01_odp,PM-07(01),rev5,"{{ insert: param, pm-07.01_odp }}",class sp800-53a are offloaded to other systems system,free-text,single,What value does your organization use for: class sp800-53a are offloaded to other systems system?,,
pm-09_odp,PM-9,rev5,"{{ insert: param, pm-09_odp }}",management strategy or as required to address organizational,free-text,single,What value does your organization use for: management strategy or as required to address organizational?,,
pm-09_odp,PM-09,rev5,"{{ insert: param, pm-09_odp }}",and updated or as required to address organizational,free-text,single,What value does your organization use for: and updated or as required to address organizational?,,
pm-11_odp,PM-11,rev5,"{{ insert: param, pm-11_odp }}",Review and revise the mission and business processes,free-text,single,What value does your organization use for: Review and revise the mission and business processes?,,
pm-11_odp,PM-11,rev5,"{{ insert: param, pm-11_odp }}",processes are reviewed and revised links href rel,free-text,single,What value does your organization use for: processes are reviewed and revised links href rel?,,
pm-17_prm_1,PM-17,rev5,"{{ insert: param, pm-17_prm_1 }}",Review and update the policy and procedures,free-text,single,What value does your organization use for: Review and update the policy and procedures?,,
pm-17_odp.01,PM-17,rev5,"{{ insert: param, pm-17_odp.01 }}",policy is reviewed and updated links href rel,free-text,single,What value does your organization use for: policy is reviewed and updated links href rel?,,
pm-17_odp.02,PM-17,rev5,"{{ insert: param, pm-17_odp.02 }}",procedures are reviewed and updated links href rel,free-text,single,What value does your organization use for: procedures are reviewed and updated links href rel?,,
pm-18_odp,PM-18,rev5,"{{ insert: param, pm-18_odp }}",the plan and to address changes in federal,free-text,single,What value does your organization use for: the plan and to address changes in federal?,,
pm-18_odp,PM-18,rev5,"{{ insert: param, pm-18_odp }}",privacy program plan is updated links href rel,free-text,single,What value does your organization use for: privacy program plan is updated links href rel?,,
pm-23_odp.01,PM-23,rev5,"{{ insert: param, pm-23_odp.01 }}",Governance Body consisting of with insert param odp,free-text,single,What value does your organization use for: Governance Body consisting of with insert param odp?,,
pm-23_odp.02,PM-23,rev5,"{{ insert: param, pm-23_odp.02 }}",Body consisting of insert param odp with,free-text,single,What value does your organization use for: Body consisting of insert param odp with?,,
pm-23_odp.01,PM-23,rev5,"{{ insert: param, pm-23_odp.01 }}",Governance Body consisting of with insert param odp,free-text,single,What value does your organization use for: Governance Body consisting of with insert param odp?,,
pm-23_odp.02,PM-23,rev5,"{{ insert: param, pm-23_odp.02 }}",insert param odp with is established links href,free-text,single,What value does your organization use for: insert param odp with is established links href?,,
pm-25_prm_1,PM-25,rev5,"{{ insert: param, pm-25_prm_1 }}",Review and update policies and procedures,free-text,single,What value does your organization use for: Review and update policies and procedures?,,
pm-25_odp.01,PM-25,rev5,"{{ insert: param, pm-25_odp.01 }}",class sp800-53a policies are reviewed links href rel,free-text,single,What value does your organization use for: class sp800-53a policies are reviewed links href rel?,,
pm-25_odp.02,PM-25,rev5,"{{ insert: param, pm-25_odp.02 }}",class sp800-53a policies are updated links href rel,free-text,single,What value does your organization use for: class sp800-53a policies are updated links href rel?,,
pm-25_odp.03,PM-25,rev5,"{{ insert: param, pm-25_odp.03 }}",class sp800-53a procedures are reviewed links href rel,free-text,single,What value does your organization use for: class sp800-53a procedures are reviewed links href rel?,,
pm-25_odp.04,PM-25,rev5,"{{ insert: param, pm-25_odp.04 }}",class sp800-53a procedures are updated links href rel,free-text,single,What value does your organization use for: class sp800-53a procedures are updated links href rel?,,
pm-26_prm_1,PM-26,rev5,"{{ insert: param, pm-26_prm_1 }}",all complaints received are reviewed and addressed within,duration,single,"What value does your organization use for: all complaints received are reviewed and addressed within? (answer with a duration, e.g., 30/60/90 days)",30 days | 60 days | 90 days,
pm-26_odp.03,PM-26,rev5,"{{ insert: param, pm-26_odp.03 }}",complaints concerns or questions from individuals within and,duration,single,"What value does your organization use for: complaints concerns or questions from individuals within and? (answer with a duration, e.g., 30/60/90 days)",30 days | 60 days | 90 days,
pm-26_odp.04,PM-26,rev5,"{{ insert: param, pm-26_odp.04 }}",to complaints concerns or questions from individuals within,duration,single,"What value does your organization use for: to complaints concerns or questions from individuals within? (answer with a duration, e.g., 30/60/90 days)",30 days | 60 days | 90 days,
pm-26_odp.01,PM-26,rev5,"{{ insert: param, pm-26_odp.01 }}",all complaints are reviewed within links href rel,duration,single,"What value does your organization use for: all complaints are reviewed within links href rel? (answer with a duration, e.g., 30/60/90 days)",30 days | 60 days | 90 days,
pm-26_odp.02,PM-26,rev5,"{{ insert: param, pm-26_odp.02 }}",all complaints are addressed within links href rel,duration,single,"What value does your organization use for: all complaints are addressed within links href rel? (answer with a duration, e.g., 30/60/90 days)",30 days | 60 days | 90 days,
pm-26_odp.03,PM-26,rev5,"{{ insert: param, pm-26_odp.03 }}",or questions from individuals within links href rel,duration,single,"What value does your organization use for: or questions from individuals within links href rel? (answer with a duration, e.g., 30/60/90 days)",30 days | 60 days | 90 days,
pm-26_odp.04,PM-26,rev5,"{{ insert: param, pm-26_odp.04 }}",or questions from individuals within links href rel,duration,single,"What value does your organization use for: or questions from individuals within links href rel? (answer with a duration, e.g., 30/60/90 days)",30 days | 60 days | 90 days,
pm-27_odp.01,PM-27,rev5,"{{ insert: param, pm-27_odp.01 }}",Develop and disseminate to,free-text,single,What value does your organization use for: Develop and disseminate to?,,
pm-27_odp.02,PM-27,rev5,"{{ insert: param, pm-27_odp.02 }}",to demonstrate accountability with statutory regulatory,free-text,single,What value does your organization use for: to demonstrate accountability with statutory regulatory?,,
pm-27_odp.03,PM-27,rev5,"{{ insert: param, pm-27_odp.03 }}",and other personnel with responsibility for,free-text,single,What value does your organization use for: and other personnel with responsibility for?,,
pm-27_odp.04,PM-27,rev5,"{{ insert: param, pm-27_odp.04 }}",Review and update privacy reports,free-text,single,What value does your organization use for: Review and update privacy reports?,,
pm-27_odp.01,PM-27,rev5,"{{ insert: param, pm-27_odp.01 }}",assessment-objective PM-27a class sp800-53a are developed obj,free-text,single,What value does your organization use for: assessment-objective PM-27a class sp800-53a are developed obj?,,
pm-27_odp.02,PM-27,rev5,"{{ insert: param, pm-27_odp.02 }}",disseminated to to demonstrate accountability with statutory regulatory,free-text,single,What value does your organization use for: disseminated to to demonstrate accountability with statutory regulatory?,,
pm-27_odp.03,PM-27,rev5,"{{ insert: param, pm-27_odp.03 }}",the privacy reports are disseminated to links href,free-text,single,What value does your organization use for: the privacy reports are disseminated to links href?,,
pm-27_odp.04,PM-27,rev5,"{{ insert: param, pm-27_odp.04 }}",reports are reviewed and updated links href rel,free-text,single,What value does your organization use for: reports are reviewed and updated links href rel?,,
pm-28_odp.01,PM-28,rev5,"{{ insert: param, pm-28_odp.01 }}",the results of risk framing activities to and,free-text,single,What value does your organization use for: the results of risk framing activities to and?,,
pm-28_odp.02,PM-28,rev5,"{{ insert: param, pm-28_odp.02 }}",Review and update risk framing considerations,free-text,single,What value does your organization use for: Review and update risk framing considerations?,,
pm-28_odp.01,PM-28,rev5,"{{ insert: param, pm-28_odp.01 }}",framing activities are distributed to links href rel,free-text,single,What value does your organization use for: framing activities are distributed to links href rel?,,
pm-28_odp.02,PM-28,rev5,"{{ insert: param, pm-28_odp.02 }}",considerations are reviewed and updated links href rel,free-text,single,What value does your organization use for: considerations are reviewed and updated links href rel?,,
pm-30_odp,PM-30,rev5,"{{ insert: param, pm-30_odp }}",strategy on or as required to address organizational,free-text,single,What value does your organization use for: strategy on or as required to address organizational?,,
pm-30_odp,PM-30,rev5,"{{ insert: param, pm-30_odp }}",and updated or as required to address organizational,free-text,single,What value does your organization use for: and updated or as required to address organizational?,,
pm-31_odp.01,PM-31,rev5,"{{ insert: param, pm-31_odp.01 }}",Establishing the following organization-wide metrics to be monitored,free-text,single,What value does your organization use for: Establishing the following organization-wide metrics to be monitored?,,
pm-31_odp.02,PM-31,rev5,"{{ insert: param, pm-31_odp.02 }}",Establishing and insert param odp,free-text,single,What value does your organization use for: Establishing and insert param odp?,,
pm-31_odp.03,PM-31,rev5,"{{ insert: param, pm-31_odp.03 }}",Establishing insert param odp and for control effectiveness,free-text,single,What value does your organization use for: Establishing insert param odp and for control effectiveness?,,
pm-31_prm_4,PM-31,rev5,"{{ insert: param, pm-31_prm_4 }}",status of organizational systems to insert param prm,free-text,single,What value does your organization use for: status of organizational systems to insert param prm?,,
pm-31_prm_5,PM-31,rev5,"{{ insert: param, pm-31_prm_5 }}",of organizational systems to insert param prm,free-text,single,What value does your organization use for: of organizational systems to insert param prm?,,
pm-31_odp.01,PM-31,rev5,"{{ insert: param, pm-31_odp.01 }}",that include establishing to be monitored links href,free-text,single,What value does your organization use for: that include establishing to be monitored links href?,,
pm-31_odp.02,PM-31,rev5,"{{ insert: param, pm-31_odp.02 }}",are implemented that establish for monitoring links href,free-text,single,What value does your organization use for: are implemented that establish for monitoring links href?,,
pm-31_odp.03,PM-31,rev5,"{{ insert: param, pm-31_odp.03 }}",that establish for assessment of control effectiveness links,free-text,single,What value does your organization use for: that establish for assessment of control effectiveness links?,,
pm-31_odp.01,PM-31,rev5,"{{ insert: param, pm-31_odp.01 }}",include monitoring on an ongoing basis in accordance,free-text,single,What value does your organization use for: include monitoring on an ongoing basis in accordance?,,
pm-31_odp.04,PM-31,rev5,"{{ insert: param, pm-31_odp.04 }}",of organizational systems to insert param odp links,free-text,single,What value does your organization use for: of organizational systems to insert param odp links?,,
pm-31_odp.06,PM-31,rev5,"{{ insert: param, pm-31_odp.06 }}",systems to insert param odp links href rel,free-text,single,What value does your organization use for: systems to insert param odp links href rel?,,
pm-31_odp.05,PM-31,rev5,"{{ insert: param, pm-31_odp.05 }}",of organizational systems to insert param odp links,free-text,single,What value does your organization use for: of organizational systems to insert param odp links?,,
pm-31_odp.07,PM-31,rev5,"{{ insert: param, pm-31_odp.07 }}",systems to insert param odp links href rel,free-text,single,What value does your organization use for: systems to insert param odp links href rel?,,
pm-32_odp,PM-32,rev5,"{{ insert: param, pm-32_odp }}",related Analyze supporting mission essential services or functions,free-text,single,What value does your organization use for: related Analyze supporting mission essential services or functions?,,
pm-32_odp,PM-32,rev5,"{{ insert: param, pm-32_odp }}",class sp800-53a supporting mission-essential services or functions are,free-text,single,What value does your organization use for: class sp800-53a supporting mission-essential services or functions are?,,
ps-1_prm_1,PS-1,rev5,"{{ insert: param, ps-1_prm_1 }}",Develop document and disseminate to,free-text,single,What value does your organization use for: Develop document and disseminate to?,,
ps-01_odp.03,PS-1,rev5,"{{ insert: param, ps-01_odp.03 }}",personnel security policy that,role,single,What value does your organization use for: personnel security policy that? (answer with a job title or role),System Administrator | Security Officer,
ps-01_odp.04,PS-1,rev5,"{{ insert: param, ps-01_odp.04 }}",Designate an to manage the development documentation and,free-text,single,What value does your organization use for: Designate an to manage the development documentation and?,,
ps-01_odp.05,PS-1,rev5,"{{ insert: param, ps-01_odp.05 }}",Policy and following insert param odp,free-text,single,What value does your organization use for: Policy and following insert param odp?,,
ps-01_odp.06,PS-01,rev5,"{{ insert: param, ps-01_odp.06 }}",Policy insert param odp and following and,free-text,single,What value does your organization use for: Policy insert param odp and following and?,,
ps-01_odp.07,PS-1,rev5,"{{ insert: param, ps-01_odp.07 }}",Procedures and following insert param odp,free-text,single,What value does your organization use for: Procedures and following insert param odp?,,
ps-01_odp.08,PS-01,rev5,"{{ insert: param, ps-01_odp.08 }}",Procedures insert param odp and following,duration,single,"What value does your organization use for: Procedures insert param odp and following? (answer with a duration, e.g., 30/60/90 days)",30 days | 60 days | 90 days,
ps-01_odp.01,PS-01,rev5,"{{ insert: param, ps-01_odp.01 }}",security policy is disseminated to links href rel,free-text,single,What value does your organization use for: security policy is disseminated to links href rel?,,
ps-01_odp.02,PS-01,rev5,"{{ insert: param, ps-01_odp.02 }}",security procedures are disseminated to links href rel,free-text,single,What value does your organization use for: security procedures are disseminated to links href rel?,,
ps-01_odp.03,PS-01,rev5,"{{ insert: param, ps-01_odp.03 }}",sp800-53a the personnel security policy addresses purpose links,free-text,single,What value does your organization use for: sp800-53a the personnel security policy addresses purpose links?,,
ps-01_odp.03,PS-01,rev5,"{{ insert: param, ps-01_odp.03 }}",sp800-53a the personnel security policy addresses scope links,free-text,single,What value does your organization use for: sp800-53a the personnel security policy addresses scope links?,,
ps-01_odp.03,PS-01,rev5,"{{ insert: param, ps-01_odp.03 }}",sp800-53a the personnel security policy addresses roles links,role,single,What value does your organization use for: sp800-53a the personnel security policy addresses roles links? (answer with a job title or role),System Administrator | Security Officer,
ps-01_odp.03,PS-01,rev5,"{{ insert: param, ps-01_odp.03 }}",sp800-53a the personnel security policy addresses responsibilities links,free-text,single,What value does your organization use for: sp800-53a the personnel security policy addresses responsibilities links?,,
ps-01_odp.03,PS-01,rev5,"{{ insert: param, ps-01_odp.03 }}",sp800-53a the personnel security policy addresses management commitment,free-text,single,What value does your organization use for: sp800-53a the personnel security policy addresses management commitment?,,
ps-01_odp.03,PS-01,rev5,"{{ insert: param, ps-01_odp.03 }}",sp800-53a the personnel security policy addresses coordination among,org list,single,What value does your organization use for: sp800-53a the personnel security policy addresses coordination among? (answer with a comma-separated list of org units),Security | HR | Finance,
ps-01_odp.03,PS-01,rev5,"{{ insert: param, ps-01_odp.03 }}",sp800-53a the personnel security policy addresses compliance links,free-text,single,What value does your organization use for: sp800-53a the personnel security policy addresses compliance links?,,
ps-01_odp.03,PS-01,rev5,"{{ insert: param, ps-01_odp.03 }}",sp800-53a the personnel security policy is consistent with,free-text,single,What value does your organization use for: sp800-53a the personnel security policy is consistent with?,,
ps-01_odp.04,PS-01,rev5,"{{ insert: param, ps-01_odp.04 }}",sp800-53a the is designated to manage the development,free-text,single,What value does your organization use for: sp800-53a the is designated to manage the development?,,
ps-01_odp.05,PS-01,rev5,"{{ insert: param, ps-01_odp.05 }}",security policy is reviewed and updated links href,free-text,single,What value does your organization use for: security policy is reviewed and updated links href?,,
ps-01_odp.06,PS-01,rev5,"{{ insert: param, ps-01_odp.06 }}",policy is reviewed and updated following links href,free-text,single,What value does your organization use for: policy is reviewed and updated following links href?,,
ps-01_odp.07,PS-01,rev5,"{{ insert: param, ps-01_odp.07 }}",security procedures are reviewed and updated links href,free-text,single,What value does your organization use for: security procedures are reviewed and updated links href?,,
ps-01_odp.08,PS-01,rev5,"{{ insert: param, ps-01_odp.08 }}",procedures are reviewed and updated following links href,free-text,single,What value does your organization use for: procedures are reviewed and updated following links href?,,
ps-02_odp,PS-2,rev5,"{{ insert: param, ps-02_odp }}",Review and update position risk designations,role,single,What value does your organization use for: Review and update position risk designations? (answer with a job title or role),System Administrator | Security Officer,
ps-02_odp,PS-02,rev5,"{{ insert: param, ps-02_odp }}",designations are reviewed and updated links href rel,role,single,What value does your organization use for: designations are reviewed and updated links href rel? (answer with a job title or role),System Administrator | Security Officer,
ps-3_prm_1,PS-3,rev5,"{{ insert: param, ps-3_prm_1 }}",Rescreen individuals in accordance with,free-text,single,What value does your organization use for: Rescreen individuals in accordance with?,,
ps-03_odp.01,PS-03,rev5,"{{ insert: param, ps-03_odp.01 }}",are rescreened in accordance with links href rel,free-text,single,What value does your organization use for: are rescreened in accordance with links href rel?,,
ps-03_odp.02,PS-03,rev5,"{{ insert: param, ps-03_odp.02 }}",so indicated individuals are rescreened links href rel,free-text,single,What value does your organization use for: so indicated individuals are rescreened links href rel?,,
ps-03.03_odp,PS-3,rev5,"{{ insert: param, ps-03.03_odp }}",Satisfy,free-text,single,What value does your organization use for: Satisfy?,,
ps-03.03_odp,PS-03(03),rev5,"{{ insert: param, ps-03.03_odp }}",transmitting information requiring special protection satisfy links href,free-text,single,What value does your organization use for: transmitting information requiring special protection satisfy links href?,,
ps-03.04_odp.02,PS-03(04),rev5,"{{ insert: param, ps-03.04_odp.02 }}",accessing the system to meet are defined odp,free-text,single,What value does your organization use for: accessing the system to meet are defined odp?,,
ps-03.04_odp.01,PS-3,rev5,"{{ insert: param, ps-03.04_odp.01 }}",processing storing or transmitting meet insert param odp,free-text,single,What value does your organization use for: processing storing or transmitting meet insert param odp?,,
ps-03.04_odp.02,PS-03,rev5,"{{ insert: param, ps-03.04_odp.02 }}",transmitting insert param odp meet,free-text,single,What value does your organization use for: transmitting insert param odp meet?,,
ps-03.04_odp.01,PS-03(04),rev5,"{{ insert: param, ps-03.04_odp.01 }}",processing storing or transmitting meet insert param odp,free-text,single,What value does your organization use for: processing storing or transmitting meet insert param odp?,,
ps-03.04_odp.02,PS-03,rev5,"{{ insert: param, ps-03.04_odp.02 }}",insert param odp meet links href rel,free-text,single,What value does your organization use for: insert param odp meet links href rel?,,
ps-04_odp.01,PS-4,rev5,"{{ insert: param, ps-04_odp.01 }}",Disable system access within,duration,single,"What value does your organization use for: Disable system access within? (answer with a duration, e.g., 30/60/90 days)",30 days | 60 days | 90 days,
ps-04_odp.02,PS-4,rev5,"{{ insert: param, ps-04_odp.02 }}",Conduct exit interviews that include discussion of,free-text,single,What value does your organization use for: Conduct exit interviews that include discussion of?,,
ps-04_odp.01,PS-04,rev5,"{{ insert: param, ps-04_odp.01 }}",system access is disabled within links href rel,duration,single,"What value does your organization use for: system access is disabled within links href rel? (answer with a duration, e.g., 30/60/90 days)",30 days | 60 days | 90 days,
ps-04_odp.02,PS-04,rev5,"{{ insert: param, ps-04_odp.02 }}",that include discussion of are conducted links href,free-text,single,What value does your organization use for: that include discussion of are conducted links href?,,
ps-04.02_odp.03,PS-04(02),rev5,"{{ insert: param, ps-04.02_odp.03 }}",choice notify of individual termination actions disable access,free-text,single,What value does your organization use for: choice notify of individual termination actions disable access?,,
ps-04.02_odp.01,PS-4,rev5,"{{ insert: param, ps-04.02_odp.01 }}",required Use to insert param odp,free-text,single,What value does your organization use for: required Use to insert param odp?,,
ps-04.02_odp.02,PS-04,rev5,"{{ insert: param, ps-04.02_odp.02 }}",Use insert param odp to,free-text,single,What value does your organization use for: Use insert param odp to?,,
ps-04.02_odp.01,PS-04(02),rev5,"{{ insert: param, ps-04.02_odp.01 }}",assessment-objective class sp800-53a are used to insert param,free-text,single,What value does your organization use for: assessment-objective class sp800-53a are used to insert param?,,
ps-04.02_odp.02,PS-04,rev5,"{{ insert: param, ps-04.02_odp.02 }}",odp are used to links href rel,free-text,single,What value does your organization use for: odp are used to links href rel?,,
ps-05_odp.01,PS-5,rev5,"{{ insert: param, ps-05_odp.01 }}",Initiate within insert param odp,duration,single,"What value does your organization use for: Initiate within insert param odp? (answer with a duration, e.g., 30/60/90 days)",30 days | 60 days | 90 days,
ps-05_odp.02,PS-05,rev5,"{{ insert: param, ps-05_odp.02 }}",Initiate insert param odp within,duration,single,"What value does your organization use for: Initiate insert param odp within? (answer with a duration, e.g., 30/60/90 days)",30 days | 60 days | 90 days,
ps-05_odp.03,PS-5,rev5,"{{ insert: param, ps-05_odp.03 }}",Notify within insert param odp,duration,single,"What value does your organization use for: Notify within insert param odp? (answer with a duration, e.g., 30/60/90 days)",30 days | 60 days | 90 days,
ps-05_odp.04,PS-05,rev5,"{{ insert: param, ps-05_odp.04 }}",Notify insert param odp within,duration,single,"What value does your organization use for: Notify insert param odp within? (answer with a duration, e.g., 30/60/90 days)",30 days | 60 days | 90 days,
ps-05_odp.01,PS-05,rev5,"{{ insert: param, ps-05_odp.01 }}",PS-05b class sp800-53a are initiated within insert param,duration,single,"What value does your organization use for: PS-05b class sp800-53a are initiated within insert param? (answer with a duration, e.g., 30/60/90 days)",30 days | 60 days | 90 days,
ps-05_odp.02,PS-05,rev5,"{{ insert: param, ps-05_odp.02 }}",param odp are initiated within links href rel,duration,single,"What value does your organization use for: param odp are initiated within links href rel? (answer with a duration, e.g., 30/60/90 days)",30 days | 60 days | 90 days,
ps-05_odp.03,PS-05,rev5,"{{ insert: param, ps-05_odp.03 }}",PS-05d class sp800-53a are notified within insert param,duration,single,"What value does your organization use for: PS-05d class sp800-53a are notified within insert param? (answer with a duration, e.g., 30/60/90 days)",30 days | 60 days | 90 days,
ps-05_odp.04,PS-05,rev5,"{{ insert: param, ps-05_odp.04 }}",param odp are notified within links href rel,duration,single,"What value does your organization use for: param odp are notified within links href rel? (answer with a duration, e.g., 30/60/90 days)",30 days | 60 days | 90 days,
ps-06_odp.01,PS-6,rev5,"{{ insert: param, ps-06_odp.01 }}",Review and update the access agreements and,free-text,single,What value does your organization use for: Review and update the access agreements and?,,
ps-06_odp.02,PS-6,rev5,"{{ insert: param, ps-06_odp.02 }}",systems when access agreements have been updated or,free-text,single,What value does your organization use for: systems when access agreements have been updated or?,,
ps-06_odp.01,PS-06,rev5,"{{ insert: param, ps-06_odp.01 }}",agreements are reviewed and updated links href rel,free-text,single,What value does your organization use for: agreements are reviewed and updated links href rel?,,
ps-06_odp.02,PS-06,rev5,"{{ insert: param, ps-06_odp.02 }}",access agreements have been updated or links href,free-text,single,What value does your organization use for: access agreements have been updated or links href?,,
ps-07_odp.01,PS-7,rev5,"{{ insert: param, ps-07_odp.01 }}",to notify of any personnel transfers or terminations,duration,single,"What value does your organization use for: to notify of any personnel transfers or terminations? (answer with a duration, e.g., 30/60/90 days)",30 days | 60 days | 90 days,
ps-07_odp.02,PS-07,rev5,"{{ insert: param, ps-07_odp.02 }}",badges or who have system privileges within and,duration,single,"What value does your organization use for: badges or who have system privileges within and? (answer with a duration, e.g., 30/60/90 days)",30 days | 60 days | 90 days,
ps-07_odp.01,PS-07,rev5,"{{ insert: param, ps-07_odp.01 }}",to notify of any personnel transfers or terminations,duration,single,"What value does your organization use for: to notify of any personnel transfers or terminations? (answer with a duration, e.g., 30/60/90 days)",30 days | 60 days | 90 days,
ps-07_odp.02,PS-07,rev5,"{{ insert: param, ps-07_odp.02 }}",who have system privileges within links href rel,duration,single,"What value does your organization use for: who have system privileges within links href rel? (answer with a duration, e.g., 30/60/90 days)",30 days | 60 days | 90 days,
ps-08_odp.01,PS-8,rev5,"{{ insert: param, ps-08_odp.01 }}",Notify within insert param odp,duration,single,"What value does your organization use for: Notify within insert param odp? (answer with a duration, e.g., 30/60/90 days)",30 days | 60 days | 90 days,
ps-08_odp.02,PS-08,rev5,"{{ insert: param, ps-08_odp.02 }}",param odp within when formal employee sanctions process,duration,single,"What value does your organization use for: param odp within when formal employee sanctions process? (answer with a duration, e.g., 30/60/90 days)",30 days | 60 days | 90 days,
ps-08_odp.01,PS-08,rev5,"{{ insert: param, ps-08_odp.01 }}",class sp800-53a is are notified within insert param,duration,single,"What value does your organization use for: class sp800-53a is are notified within insert param? (answer with a duration, e.g., 30/60/90 days)",30 days | 60 days | 90 days,
ps-08_odp.02,PS-08,rev5,"{{ insert: param, ps-08_odp.02 }}",are notified within when formal employee sanctions process,duration,single,"What value does your organization use for: are notified within when formal employee sanctions process? (answer with a duration, e.g., 30/60/90 days)",30 days | 60 days | 90 days,
pt-1_prm_1,PT-1,rev5,"{{ insert: param, pt-1_prm_1 }}",Develop document and disseminate to,free-text,single,What value does your organization use for: Develop document and disseminate to?,,
pt-01_odp.03,PT-1,rev5,"{{ insert: param, pt-01_odp.03 }}",personally identifiable information processing and transparency,free-text,single,What value does your organization use for: personally identifiable information processing and transparency?,,
pt-01_odp.04,PT-1,rev5,"{{ insert: param, pt-01_odp.04 }}",Designate an to manage the development documentation and,free-text,single,What value does your organization use for: Designate an to manage the development documentation and?,,
pt-01_odp.05,PT-1,rev5,"{{ insert: param, pt-01_odp.05 }}",Policy and following insert param odp,free-text,single,What value does your organization use for: Policy and following insert param odp?,,
pt-01_odp.06,PT-01,rev5,"{{ insert: param, pt-01_odp.06 }}",Policy insert param odp and following and,free-text,single,What value does your organization use for: Policy insert param odp and following and?,,
pt-01_odp.07,PT-1,rev5,"{{ insert: param, pt-01_odp.07 }}",Procedures and following insert param odp,free-text,single,What value does your organization use for: Procedures and following insert param odp?,,
pt-01_odp.08,PT-01,rev5,"{{ insert: param, pt-01_odp.08 }}",Procedures insert param odp and following,free-text,single,What value does your organization use for: Procedures insert param odp and following?,,
pt-01_odp.01,PT-01,rev5,"{{ insert: param, pt-01_odp.01 }}",transparency policy is disseminated to links href rel,free-text,single,What value does your organization use for: transparency policy is disseminated to links href rel?,,
pt-01_odp.02,PT-01,rev5,"{{ insert: param, pt-01_odp.02 }}",transparency procedures are disseminated to links href rel,free-text,single,What value does your organization use for: transparency procedures are disseminated to links href rel?,,
pt-01_odp.03,PT-01,rev5,"{{ insert: param, pt-01_odp.03 }}",sp800-53a the personally identifiable information processing and transparency,free-text,single,What value does your organization use for: sp800-53a the personally identifiable information processing and transparency?,,
pt-01_odp.03,PT-01,rev5,"{{ insert: param, pt-01_odp.03 }}",sp800-53a the personally identifiable information processing and transparency,free-text,single,What value does your organization use for: sp800-53a the personally identifiable information processing and transparency?,,
pt-01_odp.03,PT-01,rev5,"{{ insert: param, pt-01_odp.03 }}",sp800-53a the personally identifiable information processing and transparency,role,single,What value does your organization use for: sp800-53a the personally identifiable information processing and transparency? (answer with a job title or role),System Administrator | Security Officer,
pt-01_odp.03,PT-01,rev5,"{{ insert: param, pt-01_odp.03 }}",sp800-53a the personally identifiable information processing and transparency,free-text,single,What value does your organization use for: sp800-53a the personally identifiable information processing and transparency?,,
pt-01_odp.03,PT-01,rev5,"{{ insert: param, pt-01_odp.03 }}",sp800-53a the personally identifiable information processing and transparency,free-text,single,What value does your organization use for: sp800-53a the personally identifiable information processing and transparency?,,
pt-01_odp.03,PT-01,rev5,"{{ insert: param, pt-01_odp.03 }}",sp800-53a the personally identifiable information processing and transparency,org list,single,What value does your organization use for: sp800-53a the personally identifiable information processing and transparency? (answer with a comma-separated list of org units),Security | HR | Finance,
pt-01_odp.03,PT-01,rev5,"{{ insert: param, pt-01_odp.03 }}",sp800-53a the personally identifiable information processing and transparency,free-text,single,What value does your organization use for: sp800-53a the personally identifiable information processing and transparency?,,
pt-01_odp.03,PT-01,rev5,"{{ insert: param, pt-01_odp.03 }}",sp800-53a the personally identifiable information processing and transparency,free-text,single,What value does your organization use for: sp800-53a the personally identifiable information processing and transparency?,,
pt-01_odp.04,PT-01,rev5,"{{ insert: param, pt-01_odp.04 }}",sp800-53a the is designated to manage the development,free-text,single,What value does your organization use for: sp800-53a the is designated to manage the development?,,
pt-01_odp.05,PT-01,rev5,"{{ insert: param, pt-01_odp.05 }}",transparency policy is reviewed and updated links href,free-text,single,What value does your organization use for: transparency policy is reviewed and updated links href?,,
pt-01_odp.06,PT-01,rev5,"{{ insert: param, pt-01_odp.06 }}",policy is reviewed and updated following links href,free-text,single,What value does your organization use for: policy is reviewed and updated following links href?,,
pt-01_odp.07,PT-01,rev5,"{{ insert: param, pt-01_odp.07 }}",transparency procedures are reviewed and updated links href,free-text,single,What value does your organization use for: transparency procedures are reviewed and updated links href?,,
pt-01_odp.08,PT-01,rev5,"{{ insert: param, pt-01_odp.08 }}",procedures are reviewed and updated following links href,free-text,single,What value does your organization use for: procedures are reviewed and updated following links href?,,
pt-02_odp.01,PT-2,rev5,"{{ insert: param, pt-02_odp.01 }}",and document the that permits the insert param,free-text,single,What value does your organization use for: and document the that permits the insert param?,,
pt-02_odp.02,PT-02,rev5,"{{ insert: param, pt-02_odp.02 }}",that permits the of personally identifiable information and,free-text,single,What value does your organization use for: that permits the of personally identifiable information and?,,
pt-02_odp.03,PT-2,rev5,"{{ insert: param, pt-02_odp.03 }}",Restrict the of personally identifiable information to only,free-text,single,What value does your organization use for: Restrict the of personally identifiable information to only?,,
pt-02_odp.01,PT-02,rev5,"{{ insert: param, pt-02_odp.01 }}",class sp800-53a the that permits the insert param,free-text,single,What value does your organization use for: class sp800-53a the that permits the insert param?,,
pt-02_odp.02,PT-02,rev5,"{{ insert: param, pt-02_odp.02 }}",permits the of personally identifiable information is determined,free-text,single,What value does your organization use for: permits the of personally identifiable information is determined?,,
pt-02_odp.03,PT-02,rev5,"{{ insert: param, pt-02_odp.03 }}",sp800-53a the of personally identifiable information is restricted,free-text,single,What value does your organization use for: sp800-53a the of personally identifiable information is restricted?,,
pt-02.01_odp.01,PT-2,rev5,"{{ insert: param, pt-02.01_odp.01 }}",Attach data tags containing to insert param odp,free-text,single,What value does your organization use for: Attach data tags containing to insert param odp?,,
pt-02.01_odp.02,PT-02,rev5,"{{ insert: param, pt-02.01_odp.02 }}",containing insert param odp to,free-text,single,What value does your organization use for: containing insert param odp to?,,
pt-02.01_odp.01,PT-02(01),rev5,"{{ insert: param, pt-02.01_odp.01 }}",data tags containing are attached to insert param,free-text,single,What value does your organization use for: data tags containing are attached to insert param?,,
pt-02.01_odp.02,PT-02,rev5,"{{ insert: param, pt-02.01_odp.02 }}",odp are attached to links href rel,free-text,single,What value does your organization use for: odp are attached to links href rel?,,
pt-02.02_odp,PT-2,rev5,"{{ insert: param, pt-02.02_odp }}",authorized processing of personally identifiable information using,free-text,single,What value does your organization use for: authorized processing of personally identifiable information using?,,
pt-02.02_odp,PT-02(02),rev5,"{{ insert: param, pt-02.02_odp }}",identifiable information is managed using links href rel,free-text,single,What value does your organization use for: identifiable information is managed using links href rel?,,
pt-03_odp.01,PT-3,rev5,"{{ insert: param, pt-03_odp.01 }}",and document the for processing personally identifiable information,free-text,single,What value does your organization use for: and document the for processing personally identifiable information?,,
pt-03_odp.02,PT-3,rev5,"{{ insert: param, pt-03_odp.02 }}",Restrict the of personally identifiable information to only,free-text,single,What value does your organization use for: Restrict the of personally identifiable information to only?,,
pt-03_odp.03,PT-3,rev5,"{{ insert: param, pt-03_odp.03 }}",and implement to ensure that any changes are,free-text,single,What value does your organization use for: and implement to ensure that any changes are?,,
pt-03_odp.04,PT-03,rev5,"{{ insert: param, pt-03_odp.04 }}",that any changes are made in accordance with,free-text,single,What value does your organization use for: that any changes are made in accordance with?,,
pt-03_odp.01,PT-03,rev5,"{{ insert: param, pt-03_odp.01 }}",sp800-53a the for processing personally identifiable information is,free-text,single,What value does your organization use for: sp800-53a the for processing personally identifiable information is?,,
pt-03_odp.02,PT-03,rev5,"{{ insert: param, pt-03_odp.02 }}",sp800-53a the of personally identifiable information are restricted,free-text,single,What value does your organization use for: sp800-53a the of personally identifiable information are restricted?,,
pt-03_odp.03,PT-03,rev5,"{{ insert: param, pt-03_odp.03 }}",class sp800-53a are implemented to ensure that any,free-text,single,What value does your organization use for: class sp800-53a are implemented to ensure that any?,,
pt-03_odp.04,PT-03,rev5,"{{ insert: param, pt-03_odp.04 }}",are made in accordance with links href rel,free-text,single,What value does your organization use for: are made in accordance with links href rel?,,
pt-03.01_odp.02,PT-3,rev5,"{{ insert: param, pt-03.01_odp.02 }}",containing the following purposes to insert param odp,free-text,single,What value does your organization use for: containing the following purposes to insert param odp?,,
pt-03.01_odp.01,PT-03,rev5,"{{ insert: param, pt-03.01_odp.01 }}",purposes to insert param odp,free-text,single,What value does your organization use for: purposes to insert param odp?,,
pt-03.01_odp.01,PT-03(01),rev5,"{{ insert: param, pt-03.01_odp.01 }}",data tags containing are attached to insert param,free-text,single,What value does your organization use for: data tags containing are attached to insert param?,,
pt-03.01_odp.02,PT-03,rev5,"{{ insert: param, pt-03.01_odp.02 }}",odp are attached to links href rel,free-text,single,What value does your organization use for: odp are attached to links href rel?,,
pt-03.02_odp,PT-3,rev5,"{{ insert: param, pt-03.02_odp }}",processing purposes of personally identifiable information using,free-text,single,What value does your organization use for: processing purposes of personally identifiable information using?,,
pt-03.02_odp,PT-03(02),rev5,"{{ insert: param, pt-03.02_odp }}",identifiable information are tracked using links href rel,free-text,single,What value does your organization use for: identifiable information are tracked using links href rel?,,
pt-04_odp,PT-4,rev5,"{{ insert: param, pt-04_odp }}",related Implement for individuals to consent to the,free-text,single,What value does your organization use for: related Implement for individuals to consent to the?,,
pt-04_odp,PT-04,rev5,"{{ insert: param, pt-04_odp }}",sp800-53a the are implemented for individuals to consent,free-text,single,What value does your organization use for: sp800-53a the are implemented for individuals to consent?,,
pt-04.01_odp,PT-4,rev5,"{{ insert: param, pt-04.01_odp }}",Provide to allow individuals to tailor processing,free-text,single,What value does your organization use for: Provide to allow individuals to tailor processing?,,
pt-04.01_odp,PT-04(01),rev5,"{{ insert: param, pt-04.01_odp }}",class sp800-53a are provided to allow individuals to,free-text,single,What value does your organization use for: class sp800-53a are provided to allow individuals to?,,
pt-04.02_odp.01,PT-4,rev5,"{{ insert: param, pt-04.02_odp.01 }}",related Present to individuals at insert param,free-text,single,What value does your organization use for: related Present to individuals at insert param?,,
pt-04.02_odp.02,PT-04,rev5,"{{ insert: param, pt-04.02_odp.02 }}",individuals at and in conjunction with insert param,free-text,single,What value does your organization use for: individuals at and in conjunction with insert param?,,
pt-04.02_odp.03,PT-04,rev5,"{{ insert: param, pt-04.02_odp.03 }}",odp and in conjunction with,free-text,single,What value does your organization use for: odp and in conjunction with?,,
pt-04.02_odp.01,PT-04(02),rev5,"{{ insert: param, pt-04.02_odp.01 }}",class sp800-53a are presented to individuals insert param,free-text,single,What value does your organization use for: class sp800-53a are presented to individuals insert param?,,
pt-04.02_odp.02,PT-04,rev5,"{{ insert: param, pt-04.02_odp.02 }}",to individuals and in conjunction with insert param,free-text,single,What value does your organization use for: to individuals and in conjunction with insert param?,,
pt-04.02_odp.03,PT-04,rev5,"{{ insert: param, pt-04.02_odp.03 }}",odp and in conjunction with links href rel,free-text,single,What value does your organization use for: odp and in conjunction with links href rel?,,
pt-04.03_odp,PT-4,rev5,"{{ insert: param, pt-04.03_odp }}",Implement for individuals to revoke consent to,free-text,single,What value does your organization use for: Implement for individuals to revoke consent to?,,
pt-04.03_odp,PT-04(03),rev5,"{{ insert: param, pt-04.03_odp }}",sp800-53a the are implemented for individuals to revoke,free-text,single,What value does your organization use for: sp800-53a the are implemented for individuals to revoke?,,
pt-05_odp.01,PT-5,rev5,"{{ insert: param, pt-05_odp.01 }}",first interacting with an organization and subsequently at,free-text,single,What value does your organization use for: first interacting with an organization and subsequently at?,,
pt-05_odp.02,PT-5,rev5,"{{ insert: param, pt-05_odp.02 }}",Includes,free-text,single,What value does your organization use for: Includes?,,
pt-05_odp.01,PT-05,rev5,"{{ insert: param, pt-05_odp.01 }}",is subsequently available to individuals links href rel,free-text,single,What value does your organization use for: is subsequently available to individuals links href rel?,,
pt-05_odp.02,PT-05,rev5,"{{ insert: param, pt-05_odp.02 }}",identifiable information which includes is provided links href,free-text,single,What value does your organization use for: identifiable information which includes is provided links href?,,
pt-05.01_odp,PT-5,rev5,"{{ insert: param, pt-05.01_odp }}",or in conjunction with data action or,free-text,single,What value does your organization use for: or in conjunction with data action or?,,
pt-05.01_odp,PT-05(01),rev5,"{{ insert: param, pt-05.01_odp }}",conjunction with data action or links href rel,free-text,single,What value does your organization use for: conjunction with data action or links href rel?,,
pt-06.01_odp,PT-6,rev5,"{{ insert: param, pt-06.01_odp }}",notice at to ensure continued accuracy and to,free-text,single,What value does your organization use for: notice at to ensure continued accuracy and to?,,
pt-06.01_odp,PT-06(01),rev5,"{{ insert: param, pt-06.01_odp }}",are reviewed to ensure continued accuracy and to,free-text,single,What value does your organization use for: are reviewed to ensure continued accuracy and to?,,
pt-06.02_odp,PT-6,rev5,"{{ insert: param, pt-06.02_odp }}",records at to ensure they remain appropriate and,free-text,single,What value does your organization use for: records at to ensure they remain appropriate and?,,
pt-06.02_odp,PT-06(02),rev5,"{{ insert: param, pt-06.02_odp }}",are reviewed to ensure that they remain appropriate,free-text,single,What value does your organization use for: are reviewed to ensure that they remain appropriate?,,
pt-06.02_odp,PT-06(02),rev5,"{{ insert: param, pt-06.02_odp }}",are reviewed to ensure that they have been,free-text,single,What value does your organization use for: are reviewed to ensure that they have been?,,
pt-06.02_odp,PT-06(02),rev5,"{{ insert: param, pt-06.02_odp }}",are reviewed to ensure that they are accurately,free-text,single,What value does your organization use for: are reviewed to ensure that they are accurately?,,
pt-07_odp,PT-7,rev5,"{{ insert: param, pt-07_odp }}",related Apply for specific categories of personally identifiable,free-text,single,What value does your organization use for: related Apply for specific categories of personally identifiable?,,
pt-07_odp,PT-07,rev5,"{{ insert: param, pt-07_odp }}",class sp800-53a are applied for specific categories of,free-text,single,What value does your organization use for: class sp800-53a are applied for specific categories of?,,
ra-1_prm_1,RA-1,rev5,"{{ insert: param, ra-1_prm_1 }}",Develop document and disseminate to,free-text,single,What value does your organization use for: Develop document and disseminate to?,,
ra-01_odp.03,RA-1,rev5,"{{ insert: param, ra-01_odp.03 }}",risk assessment policy that,role,single,What value does your organization use for: risk assessment policy that? (answer with a job title or role),System Administrator | Security Officer,
ra-01_odp.04,RA-1,rev5,"{{ insert: param, ra-01_odp.04 }}",Designate an to manage the development documentation and,free-text,single,What value does your organization use for: Designate an to manage the development documentation and?,,
ra-01_odp.05,RA-1,rev5,"{{ insert: param, ra-01_odp.05 }}",Policy and following insert param odp,free-text,single,What value does your organization use for: Policy and following insert param odp?,,
ra-01_odp.06,RA-01,rev5,"{{ insert: param, ra-01_odp.06 }}",Policy insert param odp and following and,free-text,single,What value does your organization use for: Policy insert param odp and following and?,,
ra-01_odp.07,RA-1,rev5,"{{ insert: param, ra-01_odp.07 }}",Procedures and following insert param odp,free-text,single,What value does your organization use for: Procedures and following insert param odp?,,
ra-01_odp.08,RA-01,rev5,"{{ insert: param, ra-01_odp.08 }}",Procedures insert param odp and following,duration,single,"What value does your organization use for: Procedures insert param odp and following? (answer with a duration, e.g., 30/60/90 days)",30 days | 60 days | 90 days,
ra-01_odp.01,RA-01,rev5,"{{ insert: param, ra-01_odp.01 }}",assessment policy is disseminated to links href rel,free-text,single,What value does your organization use for: assessment policy is disseminated to links href rel?,,
ra-01_odp.02,RA-01,rev5,"{{ insert: param, ra-01_odp.02 }}",assessment procedures are disseminated to links href rel,free-text,single,What value does your organization use for: assessment procedures are disseminated to links href rel?,,
ra-01_odp.03,RA-01,rev5,"{{ insert: param, ra-01_odp.03 }}",sp800-53a the risk assessment policy addresses purpose links,free-text,single,What value does your organization use for: sp800-53a the risk assessment policy addresses purpose links?,,
ra-01_odp.03,RA-01,rev5,"{{ insert: param, ra-01_odp.03 }}",sp800-53a the risk assessment policy addresses scope links,free-text,single,What value does your organization use for: sp800-53a the risk assessment policy addresses scope links?,,
ra-01_odp.03,RA-01,rev5,"{{ insert: param, ra-01_odp.03 }}",sp800-53a the risk assessment policy addresses roles links,role,single,What value does your organization use for: sp800-53a the risk assessment policy addresses roles links? (answer with a job title or role),System Administrator | Security Officer,
ra-01_odp.03,RA-01,rev5,"{{ insert: param, ra-01_odp.03 }}",sp800-53a the risk assessment policy addresses responsibilities links,free-text,single,What value does your organization use for: sp800-53a the risk assessment policy addresses responsibilities links?,,
ra-01_odp.03,RA-01,rev5,"{{ insert: param, ra-01_odp.03 }}",sp800-53a the risk assessment policy addresses management commitment,free-text,single,What value does your organization use for: sp800-53a the risk assessment policy addresses management commitment?,,
ra-01_odp.03,RA-01,rev5,"{{ insert: param, ra-01_odp.03 }}",sp800-53a the risk assessment policy addresses coordination among,org list,single,What value does your organization use for: sp800-53a the risk assessment policy addresses coordination among? (answer with a comma-separated list of org units),Security | HR | Finance,
ra-01_odp.03,RA-01,rev5,"{{ insert: param, ra-01_odp.03 }}",sp800-53a the risk assessment policy addresses compliance links,free-text,single,What value does your organization use for: sp800-53a the risk assessment policy addresses compliance links?,,
ra-01_odp.03,RA-01,rev5,"{{ insert: param, ra-01_odp.03 }}",sp800-53a the risk assessment policy is consistent with,free-text,single,What value does your organization use for: sp800-53a the risk assessment policy is consistent with?,,
ra-01_odp.04,RA-01,rev5,"{{ insert: param, ra-01_odp.04 }}",sp800-53a the is designated to manage the development,free-text,single,What value does your organization use for: sp800-53a the is designated to manage the development?,,
ra-01_odp.05,RA-01,rev5,"{{ insert: param, ra-01_odp.05 }}",assessment policy is reviewed and updated links href,free-text,single,What value does your organization use for: assessment policy is reviewed and updated links href?,,
ra-01_odp.06,RA-01,rev5,"{{ insert: param, ra-01_odp.06 }}",policy is reviewed and updated following links href,free-text,single,What value does your organization use for: policy is reviewed and updated following links href?,,
ra-01_odp.07,RA-01,rev5,"{{ insert: param, ra-01_odp.07 }}",assessment procedures are reviewed and updated links href,free-text,single,What value does your organization use for: assessment procedures are reviewed and updated links href?,,
ra-01_odp.08,RA-01,rev5,"{{ insert: param, ra-01_odp.08 }}",procedures are reviewed and updated following links href,free-text,single,What value does your organization use for: procedures are reviewed and updated following links href?,,
ra-03_odp.02,RA-03,rev5,"{{ insert: param, ra-03_odp.02 }}",security and privacy plans risk assessment report odp,free-text,single,What value does your organization use for: security and privacy plans risk assessment report odp?,,
ra-03_odp.01,RA-3,rev5,"{{ insert: param, ra-03_odp.01 }}",Document risk assessment results in,free-text,single,What value does your organization use for: Document risk assessment results in?,,
ra-03_odp.03,RA-3,rev5,"{{ insert: param, ra-03_odp.03 }}",Review risk assessment results,free-text,single,What value does your organization use for: Review risk assessment results?,,
ra-03_odp.04,RA-3,rev5,"{{ insert: param, ra-03_odp.04 }}",Disseminate risk assessment results to and,free-text,single,What value does your organization use for: Disseminate risk assessment results to and?,,
ra-03_odp.05,RA-3,rev5,"{{ insert: param, ra-03_odp.05 }}",risk assessment or when there are significant changes,free-text,single,What value does your organization use for: risk assessment or when there are significant changes?,,
ra-03_odp.01,RA-03,rev5,"{{ insert: param, ra-03_odp.01 }}",assessment results are documented in links href rel,free-text,single,What value does your organization use for: assessment results are documented in links href rel?,,
ra-03_odp.03,RA-03,rev5,"{{ insert: param, ra-03_odp.03 }}",risk assessment results are reviewed links href rel,free-text,single,What value does your organization use for: risk assessment results are reviewed links href rel?,,
ra-03_odp.04,RA-03,rev5,"{{ insert: param, ra-03_odp.04 }}",assessment results are disseminated to links href rel,free-text,single,What value does your organization use for: assessment results are disseminated to links href rel?,,
ra-03_odp.05,RA-03,rev5,"{{ insert: param, ra-03_odp.05 }}",is updated or when there are significant changes,free-text,single,What value does your organization use for: is updated or when there are significant changes?,,
ra-03.01_odp.01,RA-3,rev5,"{{ insert: param, ra-03.01_odp.01 }}",Assess supply chain risks associated with and,free-text,single,What value does your organization use for: Assess supply chain risks associated with and?,,
ra-03.01_odp.02,RA-3,rev5,"{{ insert: param, ra-03.01_odp.02 }}",risk assessment when there are significant changes to,free-text,single,What value does your organization use for: risk assessment when there are significant changes to?,,
ra-03.01_odp.01,RA-03(01),rev5,"{{ insert: param, ra-03.01_odp.01 }}",chain risks associated with are assessed links href,free-text,single,What value does your organization use for: chain risks associated with are assessed links href?,,
ra-03.01_odp.02,RA-03(01),rev5,"{{ insert: param, ra-03.01_odp.02 }}",is updated when there are significant changes to,free-text,single,What value does your organization use for: is updated when there are significant changes to?,,
ra-03.03_odp,RA-3,rev5,"{{ insert: param, ra-03.03_odp }}",threat environment on an ongoing basis using,free-text,single,What value does your organization use for: threat environment on an ongoing basis using?,,
ra-03.03_odp,RA-03(03),rev5,"{{ insert: param, ra-03.03_odp }}",on an ongoing basis using links href rel,free-text,single,What value does your organization use for: on an ongoing basis using links href rel?,,
ra-03.04_odp.02,RA-3,rev5,"{{ insert: param, ra-03.04_odp.02 }}",predict and identify risks to insert param prm,free-text,single,What value does your organization use for: predict and identify risks to insert param prm?,,
ra-3.4_prm_2,RA-03,rev5,"{{ insert: param, ra-3.4_prm_2 }}",risks to insert param odp,free-text,single,What value does your organization use for: risks to insert param odp?,,
ra-03.04_odp.01,RA-03(04),rev5,"{{ insert: param, ra-03.04_odp.01 }}",class sp800-53a are employed to predict and identify,free-text,single,What value does your organization use for: class sp800-53a are employed to predict and identify?,,
ra-03.04_odp.02,RA-03,rev5,"{{ insert: param, ra-03.04_odp.02 }}",predict and identify risks to links href rel,free-text,single,What value does your organization use for: predict and identify risks to links href rel?,,
ra-03.04_odp.03,RA-03(04),rev5,"{{ insert: param, ra-03.04_odp.03 }}",class sp800-53a are employed to predict and identify,free-text,single,What value does your organization use for: class sp800-53a are employed to predict and identify?,,
ra-03.04_odp.02,RA-03,rev5,"{{ insert: param, ra-03.04_odp.02 }}",predict and identify risks to links href rel,free-text,single,What value does your organization use for: predict and identify risks to links href rel?,,
ra-5_prm_1,RA-5,rev5,"{{ insert: param, ra-5_prm_1 }}",hosted applications and when new vulnerabilities potentially affecting,free-text,single,What value does your organization use for: hosted applications and when new vulnerabilities potentially affecting?,,
ra-05_odp.03,RA-5,rev5,"{{ insert: param, ra-05_odp.03 }}",legitimate vulnerabilities in accordance with an organizational assessment,free-text,single,What value does your organization use for: legitimate vulnerabilities in accordance with an organizational assessment?,,
ra-05_odp.04,RA-5,rev5,"{{ insert: param, ra-05_odp.04 }}",assessments with to help eliminate similar vulnerabilities in,free-text,single,What value does your organization use for: assessments with to help eliminate similar vulnerabilities in?,,
ra-05_odp.01,RA-05,rev5,"{{ insert: param, ra-05_odp.01 }}",for vulnerabilities and when new vulnerabilities potentially affecting,free-text,single,What value does your organization use for: for vulnerabilities and when new vulnerabilities potentially affecting?,,
ra-05_odp.02,RA-05,rev5,"{{ insert: param, ra-05_odp.02 }}",for vulnerabilities and when new vulnerabilities potentially affecting,free-text,single,What value does your organization use for: for vulnerabilities and when new vulnerabilities potentially affecting?,,
ra-05_odp.03,RA-05,rev5,"{{ insert: param, ra-05_odp.03 }}",are remediated in accordance with an organizational assessment,free-text,single,What value does your organization use for: are remediated in accordance with an organizational assessment?,,
ra-05_odp.04,RA-05,rev5,"{{ insert: param, ra-05_odp.04 }}",shared with to help eliminate similar vulnerabilities in,free-text,single,What value does your organization use for: shared with to help eliminate similar vulnerabilities in?,,
ra-05.02_odp.02,RA-05(02),rev5,"{{ insert: param, ra-05.02_odp.02 }}",how-many one-or-more choice prior to new scan when,free-text,single,What value does your organization use for: how-many one-or-more choice prior to new scan when?,,
ra-05.02_odp.01,RA-5,rev5,"{{ insert: param, ra-05.02_odp.01 }}",Update the system vulnerabilities to be scanned,free-text,single,What value does your organization use for: Update the system vulnerabilities to be scanned?,,
ra-05.02_odp.01,RA-05(02),rev5,"{{ insert: param, ra-05.02_odp.01 }}",to be scanned are updated links href rel,free-text,single,What value does your organization use for: to be scanned are updated links href rel?,,
ra-05.04_odp,RA-5,rev5,"{{ insert: param, ra-05.04_odp }}",the system that is discoverable and take,free-text,single,What value does your organization use for: the system that is discoverable and take?,,
ra-05.04_odp,RA-05(04),rev5,"{{ insert: param, ra-05.04_odp }}",class sp800-53a are taken when information about the,free-text,single,What value does your organization use for: class sp800-53a are taken when information about the?,,
ra-05.05_odp.01,RA-5,rev5,"{{ insert: param, ra-05.05_odp.01 }}",privileged access authorization to for insert param odp,free-text,single,What value does your organization use for: privileged access authorization to for insert param odp?,,
ra-05.05_odp.02,RA-05,rev5,"{{ insert: param, ra-05.05_odp.02 }}",to insert param odp for,free-text,single,What value does your organization use for: to insert param odp for?,,
ra-05.05_odp.01,RA-05(05),rev5,"{{ insert: param, ra-05.05_odp.01 }}",authorization is implemented to for insert param odp,free-text,single,What value does your organization use for: authorization is implemented to for insert param odp?,,
ra-05.05_odp.02,RA-05,rev5,"{{ insert: param, ra-05.05_odp.02 }}",insert param odp for links href rel,free-text,single,What value does your organization use for: insert param odp for links href rel?,,
ra-05.06_odp,RA-5,rev5,"{{ insert: param, ra-05.06_odp }}",the results of multiple vulnerability scans using,free-text,list,What value does your organization use for: the results of multiple vulnerability scans using?,,
ra-05.06_odp,RA-05(06),rev5,"{{ insert: param, ra-05.06_odp }}",vulnerability scans are compared using links href rel,free-text,list,What value does your organization use for: vulnerability scans are compared using links href rel?,,
ra-05.08_odp.01,RA-5,rev5,"{{ insert: param, ra-05.08_odp.01 }}",identified in has been previously exploited within an,duration,single,"What value does your organization use for: identified in has been previously exploited within an? (answer with a duration, e.g., 30/60/90 days)",30 days | 60 days | 90 days,
ra-05.08_odp.02,RA-05,rev5,"{{ insert: param, ra-05.08_odp.02 }}",has been previously exploited within an,duration,single,"What value does your organization use for: has been previously exploited within an? (answer with a duration, e.g., 30/60/90 days)",30 days | 60 days | 90 days,
ra-05.08_odp.01,RA-05(08),rev5,"{{ insert: param, ra-05.08_odp.01 }}",identified in has been previously exploited within insert,duration,single,"What value does your organization use for: identified in has been previously exploited within insert? (answer with a duration, e.g., 30/60/90 days)",30 days | 60 days | 90 days,
ra-05.08_odp.02,RA-05,rev5,"{{ insert: param, ra-05.08_odp.02 }}",has been previously exploited within links href rel,duration,single,"What value does your organization use for: has been previously exploited within links href rel? (answer with a duration, e.g., 30/60/90 days)",30 days | 60 days | 90 days,
ra-06_odp.03,RA-06,rev5,"{{ insert: param, ra-06_odp.03 }}",select how-many one-or-more choice when insert param odp,free-text,single,What value does your organization use for: select how-many one-or-more choice when insert param odp?,,
ra-06_odp.04,RA-06,rev5,"{{ insert: param, ra-06_odp.04 }}",how-many one-or-more choice insert param odp when odp,free-text,single,What value does your organization use for: how-many one-or-more choice insert param odp when odp?,,
ra-06_odp.01,RA-6,rev5,"{{ insert: param, ra-06_odp.01 }}",technical surveillance countermeasures survey at insert param odp,free-text,single,What value does your organization use for: technical surveillance countermeasures survey at insert param odp?,,
ra-06_odp.02,RA-06,rev5,"{{ insert: param, ra-06_odp.02 }}",surveillance countermeasures survey at insert param odp,free-text,single,What value does your organization use for: surveillance countermeasures survey at insert param odp?,,
ra-06_odp.01,RA-06,rev5,"{{ insert: param, ra-06_odp.01 }}",survey is employed at insert param odp links,free-text,single,What value does your organization use for: survey is employed at insert param odp links?,,
ra-06_odp.02,RA-06,rev5,"{{ insert: param, ra-06_odp.02 }}",at insert param odp links href rel assessment-for,free-text,single,What value does your organization use for: at insert param odp links href rel assessment-for?,,
ra-09_odp.01,RA-9,rev5,"{{ insert: param, ra-09_odp.01 }}",performing criticality analysis for at insert param odp,free-text,single,What value does your organization use for: performing criticality analysis for at insert param odp?,,
ra-09_odp.02,RA-09,rev5,"{{ insert: param, ra-09_odp.02 }}",criticality analysis for insert param odp at,free-text,single,What value does your organization use for: criticality analysis for insert param odp at?,,
ra-09_odp.01,RA-09,rev5,"{{ insert: param, ra-09_odp.01 }}",performing criticality analysis for at insert param odp,free-text,single,What value does your organization use for: performing criticality analysis for at insert param odp?,,
ra-09_odp.02,RA-09,rev5,"{{ insert: param, ra-09_odp.02 }}",insert param odp at links href rel assessment-for,free-text,single,What value does your organization use for: insert param odp at links href rel assessment-for?,,
ra-10_odp,RA-10,rev5,"{{ insert: param, ra-10_odp }}",Employ the threat hunting capability,free-text,single,What value does your organization use for: Employ the threat hunting capability?,,
ra-10_odp,RA-10,rev5,"{{ insert: param, ra-10_odp }}",threat hunting capability is employed links href rel,free-text,single,What value does your organization use for: threat hunting capability is employed links href rel?,,
sa-1_prm_1,SA-1,rev5,"{{ insert: param, sa-1_prm_1 }}",Develop document and disseminate to,free-text,single,What value does your organization use for: Develop document and disseminate to?,,
sa-01_odp.03,SA-1,rev5,"{{ insert: param, sa-01_odp.03 }}",system and services acquisition policy that,free-text,single,What value does your organization use for: system and services acquisition policy that?,,
sa-01_odp.04,SA-1,rev5,"{{ insert: param, sa-01_odp.04 }}",Designate an to manage the development documentation and,free-text,single,What value does your organization use for: Designate an to manage the development documentation and?,,
sa-01_odp.05,SA-1,rev5,"{{ insert: param, sa-01_odp.05 }}",Policy and following insert param odp,free-text,single,What value does your organization use for: Policy and following insert param odp?,,
sa-01_odp.06,SA-01,rev5,"{{ insert: param, sa-01_odp.06 }}",Policy insert param odp and following and,free-text,single,What value does your organization use for: Policy insert param odp and following and?,,
sa-01_odp.07,SA-1,rev5,"{{ insert: param, sa-01_odp.07 }}",Procedures and following insert param odp,free-text,single,What value does your organization use for: Procedures and following insert param odp?,,
sa-01_odp.08,SA-01,rev5,"{{ insert: param, sa-01_odp.08 }}",Procedures insert param odp and following,free-text,single,What value does your organization use for: Procedures insert param odp and following?,,
sa-01_odp.01,SA-01,rev5,"{{ insert: param, sa-01_odp.01 }}",acquisition policy is disseminated to links href rel,free-text,single,What value does your organization use for: acquisition policy is disseminated to links href rel?,,
sa-01_odp.02,SA-01,rev5,"{{ insert: param, sa-01_odp.02 }}",acquisition procedures are disseminated to links href rel,free-text,single,What value does your organization use for: acquisition procedures are disseminated to links href rel?,,
sa-01_odp.03,SA-01,rev5,"{{ insert: param, sa-01_odp.03 }}",sp800-53a the system and services acquisition policy addresses,free-text,single,What value does your organization use for: sp800-53a the system and services acquisition policy addresses?,,
sa-01_odp.03,SA-01,rev5,"{{ insert: param, sa-01_odp.03 }}",sp800-53a the system and services acquisition policy addresses,free-text,single,What value does your organization use for: sp800-53a the system and services acquisition policy addresses?,,
sa-01_odp.03,SA-01,rev5,"{{ insert: param, sa-01_odp.03 }}",sp800-53a the system and services acquisition policy addresses,role,single,What value does your organization use for: sp800-53a the system and services acquisition policy addresses? (answer with a job title or role),System Administrator | Security Officer,
sa-01_odp.03,SA-01,rev5,"{{ insert: param, sa-01_odp.03 }}",sp800-53a the system and services acquisition policy addresses,free-text,single,What value does your organization use for: sp800-53a the system and services acquisition policy addresses?,,
sa-01_odp.03,SA-01,rev5,"{{ insert: param, sa-01_odp.03 }}",sp800-53a the system and services acquisition policy addresses,free-text,single,What value does your organization use for: sp800-53a the system and services acquisition policy addresses?,,
sa-01_odp.03,SA-01,rev5,"{{ insert: param, sa-01_odp.03 }}",sp800-53a the system and services acquisition policy addresses,org list,single,What value does your organization use for: sp800-53a the system and services acquisition policy addresses? (answer with a comma-separated list of org units),Security | HR | Finance,
sa-01_odp.03,SA-01,rev5,"{{ insert: param, sa-01_odp.03 }}",sp800-53a the system and services acquisition policy addresses,free-text,single,What value does your organization use for: sp800-53a the system and services acquisition policy addresses?,,
sa-01_odp.03,SA-01,rev5,"{{ insert: param, sa-01_odp.03 }}",sp800-53a the system and services acquisition policy is,free-text,single,What value does your organization use for: sp800-53a the system and services acquisition policy is?,,
sa-01_odp.04,SA-01,rev5,"{{ insert: param, sa-01_odp.04 }}",sp800-53a the is designated to manage the development,free-text,single,What value does your organization use for: sp800-53a the is designated to manage the development?,,
sa-01_odp.05,SA-01,rev5,"{{ insert: param, sa-01_odp.05 }}",acquisition policy is reviewed and updated links href,free-text,single,What value does your organization use for: acquisition policy is reviewed and updated links href?,,
sa-01_odp.06,SA-01,rev5,"{{ insert: param, sa-01_odp.06 }}",policy is reviewed and updated following links href,free-text,single,What value does your organization use for: policy is reviewed and updated following links href?,,
sa-01_odp.07,SA-01,rev5,"{{ insert: param, sa-01_odp.07 }}",acquisition procedures are reviewed and updated links href,free-text,single,What value does your organization use for: acquisition procedures are reviewed and updated links href?,,
sa-01_odp.08,SA-01,rev5,"{{ insert: param, sa-01_odp.08 }}",procedures are reviewed and updated following links href,free-text,single,What value does your organization use for: procedures are reviewed and updated following links href?,,
sa-03_odp,SA-3,rev5,"{{ insert: param, sa-03_odp }}",system using that incorporates information security and privacy,free-text,single,What value does your organization use for: system using that incorporates information security and privacy?,,
sa-03_odp,SA-03,rev5,"{{ insert: param, sa-03_odp }}",managed using that incorporates information security considerations links,free-text,single,What value does your organization use for: managed using that incorporates information security considerations links?,,
sa-03_odp,SA-03,rev5,"{{ insert: param, sa-03_odp }}",managed using that incorporates privacy considerations links href,free-text,single,What value does your organization use for: managed using that incorporates privacy considerations links href?,,
sa-04_odp.02,SA-04,rev5,"{{ insert: param, sa-04_odp.02 }}",select how-many one-or-more choice standardized contract language odp,free-text,single,What value does your organization use for: select how-many one-or-more choice standardized contract language odp?,,
sa-04_odp.01,SA-4,rev5,"{{ insert: param, sa-04_odp.01 }}",reference using in the acquisition contract for the,free-text,single,What value does your organization use for: reference using in the acquisition contract for the?,,
sa-04_odp.01,SA-04,rev5,"{{ insert: param, sa-04_odp.01 }}",reference using in the acquisition contract for the,free-text,single,What value does your organization use for: reference using in the acquisition contract for the?,,
sa-04_odp.01,SA-04,rev5,"{{ insert: param, sa-04_odp.01 }}",reference using in the acquisition contract for the,free-text,single,What value does your organization use for: reference using in the acquisition contract for the?,,
sa-04_odp.01,SA-04,rev5,"{{ insert: param, sa-04_odp.01 }}",reference using in the acquisition contract for the,free-text,single,What value does your organization use for: reference using in the acquisition contract for the?,,
sa-04_odp.01,SA-04,rev5,"{{ insert: param, sa-04_odp.01 }}",reference using in the acquisition contract for the,free-text,single,What value does your organization use for: reference using in the acquisition contract for the?,,
sa-04_odp.01,SA-04,rev5,"{{ insert: param, sa-04_odp.01 }}",reference using in the acquisition contract for the,free-text,single,What value does your organization use for: reference using in the acquisition contract for the?,,
sa-04_odp.01,SA-04,rev5,"{{ insert: param, sa-04_odp.01 }}",reference using in the acquisition contract for the,free-text,single,What value does your organization use for: reference using in the acquisition contract for the?,,
sa-04_odp.01,SA-04,rev5,"{{ insert: param, sa-04_odp.01 }}",reference using in the acquisition contract for the,free-text,single,What value does your organization use for: reference using in the acquisition contract for the?,,
sa-04_odp.01,SA-04,rev5,"{{ insert: param, sa-04_odp.01 }}",reference using in the acquisition contract for the,free-text,single,What value does your organization use for: reference using in the acquisition contract for the?,,
sa-04_odp.01,SA-04,rev5,"{{ insert: param, sa-04_odp.01 }}",reference using in the acquisition contract for the,free-text,single,What value does your organization use for: reference using in the acquisition contract for the?,,
sa-04_odp.01,SA-04,rev5,"{{ insert: param, sa-04_odp.01 }}",reference using in the acquisition contract for the,free-text,single,What value does your organization use for: reference using in the acquisition contract for the?,,
sa-04_odp.01,SA-04,rev5,"{{ insert: param, sa-04_odp.01 }}",reference using in the acquisition contract for the,free-text,single,What value does your organization use for: reference using in the acquisition contract for the?,,
sa-04_odp.01,SA-04,rev5,"{{ insert: param, sa-04_odp.01 }}",reference using in the acquisition contract for the,free-text,single,What value does your organization use for: reference using in the acquisition contract for the?,,
sa-04_odp.01,SA-04,rev5,"{{ insert: param, sa-04_odp.01 }}",reference using in the acquisition contract for the,free-text,single,What value does your organization use for: reference using in the acquisition contract for the?,,
sa-04_odp.01,SA-04,rev5,"{{ insert: param, sa-04_odp.01 }}",explicitly or by reference using links href rel,free-text,single,What value does your organization use for: explicitly or by reference using links href rel?,,
sa-04_odp.01,SA-04,rev5,"{{ insert: param, sa-04_odp.01 }}",explicitly or by reference using links href rel,free-text,single,What value does your organization use for: explicitly or by reference using links href rel?,,
sa-04_odp.01,SA-04,rev5,"{{ insert: param, sa-04_odp.01 }}",reference using in the acquisition contract for the,free-text,single,What value does your organization use for: reference using in the acquisition contract for the?,,
sa-04.02_odp.02,SA-04(02),rev5,"{{ insert: param, sa-04.02_odp.02 }}",low-level design source code or hardware schematics odp,free-text,single,What value does your organization use for: low-level design source code or hardware schematics odp?,,
sa-04.02_odp.01,SA-4,rev5,"{{ insert: param, sa-04.02_odp.01 }}",the controls that includes at insert param odp,frequency,single,"What value does your organization use for: the controls that includes at insert param odp? (answer with a frequency, e.g., daily/weekly/monthly)",daily | weekly | monthly | quarterly,
sa-04.02_odp.03,SA-04,rev5,"{{ insert: param, sa-04.02_odp.03 }}",includes insert param odp at,free-text,single,What value does your organization use for: includes insert param odp at?,,
sa-04.02_odp.01,SA-04(02),rev5,"{{ insert: param, sa-04.02_odp.01 }}",controls that includes using at insert param odp,frequency,single,"What value does your organization use for: controls that includes using at insert param odp? (answer with a frequency, e.g., daily/weekly/monthly)",daily | weekly | monthly | quarterly,
sa-04.02_odp.03,SA-04,rev5,"{{ insert: param, sa-04.02_odp.03 }}",insert param odp at links href rel,free-text,single,What value does your organization use for: insert param odp at links href rel?,,
sa-04.03_odp.03,SA-04(03),rev5,"{{ insert: param, sa-04.03_odp.03 }}",sp800-53a select how-many one-or-more choice insert param odp,free-text,single,What value does your organization use for: sp800-53a select how-many one-or-more choice insert param odp?,,
sa-04.03_odp.04,SA-04,rev5,"{{ insert: param, sa-04.03_odp.04 }}",one-or-more choice insert param odp odp,free-text,single,What value does your organization use for: one-or-more choice insert param odp odp?,,
sa-04.03_odp.06,SA-04(03),rev5,"{{ insert: param, sa-04.03_odp.06 }}",sp800-53a select how-many one-or-more choice insert param odp,free-text,single,What value does your organization use for: sp800-53a select how-many one-or-more choice insert param odp?,,
sa-04.03_odp.07,SA-04,rev5,"{{ insert: param, sa-04.03_odp.07 }}",insert param odp insert param odp,free-text,single,What value does your organization use for: insert param odp insert param odp?,,
sa-04.03_odp.08,SA-04,rev5,"{{ insert: param, sa-04.03_odp.08 }}",odp insert param odp odp,free-text,single,What value does your organization use for: odp insert param odp odp?,,
sa-04.03_odp.01,SA-4,rev5,"{{ insert: param, sa-04.03_odp.01 }}",organization-defined value,free-text,single,What value does your organization use for: organization-defined?,,
sa-04.03_odp.02,SA-4,rev5,"{{ insert: param, sa-04.03_odp.02 }}",and,free-text,single,What value does your organization use for: and?,,
sa-04.03_odp.05,SA-4,rev5,"{{ insert: param, sa-04.03_odp.05 }}",organization-defined value,free-text,single,What value does your organization use for: organization-defined?,,
sa-04.03_odp.01,SA-04(03),rev5,"{{ insert: param, sa-04.03_odp.01 }}",development life cycle process that includes links href,frequency,single,"What value does your organization use for: development life cycle process that includes links href? (answer with a frequency, e.g., daily/weekly/monthly)",daily | weekly | monthly | quarterly,
sa-04.03_odp.02,SA-04(03),rev5,"{{ insert: param, sa-04.03_odp.02 }}",development life cycle process that includes links href,frequency,single,"What value does your organization use for: development life cycle process that includes links href? (answer with a frequency, e.g., daily/weekly/monthly)",daily | weekly | monthly | quarterly,
sa-04.03_odp.05,SA-04(03),rev5,"{{ insert: param, sa-04.03_odp.05 }}",development life cycle process that includes links href,frequency,single,"What value does your organization use for: development life cycle process that includes links href? (answer with a frequency, e.g., daily/weekly/monthly)",daily | weekly | monthly | quarterly,
sa-04.05_odp,SA-4,rev5,"{{ insert: param, sa-04.05_odp }}",the system component or service with implemented and,free-text,single,What value does your organization use for: the system component or service with implemented and?,,
sa-04.05_odp,SA-04(05),rev5,"{{ insert: param, sa-04.05_odp }}",system component or service with implemented links href,frequency,single,"What value does your organization use for: system component or service with implemented links href? (answer with a frequency, e.g., daily/weekly/monthly)",daily | weekly | monthly | quarterly,
sa-04.11_odp,SA-4,rev5,"{{ insert: param, sa-04.11_odp }}",Include in the acquisition contract for the,free-text,single,What value does your organization use for: Include in the acquisition contract for the?,,
sa-04.11_odp,SA-04(11),rev5,"{{ insert: param, sa-04.11_odp }}",class sp800-53a are defined in the acquisition contract,free-text,single,What value does your organization use for: class sp800-53a are defined in the acquisition contract?,,
sa-04.12_odp,SA-4,rev5,"{{ insert: param, sa-04.12_odp }}",system and returned to the organization within,duration,single,"What value does your organization use for: system and returned to the organization within? (answer with a duration, e.g., 30/60/90 days)",30 days | 60 days | 90 days,
sa-04.12_odp,SA-04(12),rev5,"{{ insert: param, sa-04.12_odp }}",to the organization is required within links href,duration,single,"What value does your organization use for: to the organization is required within links href? (answer with a duration, e.g., 30/60/90 days)",30 days | 60 days | 90 days,
sa-05_odp.01,SA-5,rev5,"{{ insert: param, sa-05_odp.01 }}",unavailable or nonexistent and take in response and,free-text,single,What value does your organization use for: unavailable or nonexistent and take in response and?,,
sa-05_odp.02,SA-5,rev5,"{{ insert: param, sa-05_odp.02 }}",Distribute documentation to,free-text,single,What value does your organization use for: Distribute documentation to?,,
sa-05_odp.01,SA-05,rev5,"{{ insert: param, sa-05_odp.01 }}",or nonexistent are taken in response links href,free-text,single,What value does your organization use for: or nonexistent are taken in response links href?,,
sa-05_odp.02,SA-05,rev5,"{{ insert: param, sa-05_odp.02 }}",sp800-53a documentation is distributed to links href rel,free-text,single,What value does your organization use for: sp800-53a documentation is distributed to links href rel?,,
sa-8_prm_1,SA-8,rev5,"{{ insert: param, sa-8_prm_1 }}",and modification of the system and system components,free-text,single,What value does your organization use for: and modification of the system and system components?,,
sa-08_odp.01,SA-08,rev5,"{{ insert: param, sa-08_odp.01 }}",class sp800-53a are applied in the specification of,free-text,single,What value does your organization use for: class sp800-53a are applied in the specification of?,,
sa-08_odp.01,SA-08,rev5,"{{ insert: param, sa-08_odp.01 }}",class sp800-53a are applied in the design of,free-text,single,What value does your organization use for: class sp800-53a are applied in the design of?,,
sa-08_odp.01,SA-08,rev5,"{{ insert: param, sa-08_odp.01 }}",class sp800-53a are applied in the development of,free-text,single,What value does your organization use for: class sp800-53a are applied in the development of?,,
sa-08_odp.01,SA-08,rev5,"{{ insert: param, sa-08_odp.01 }}",class sp800-53a are applied in the implementation of,free-text,single,What value does your organization use for: class sp800-53a are applied in the implementation of?,,
sa-08_odp.01,SA-08,rev5,"{{ insert: param, sa-08_odp.01 }}",class sp800-53a are applied in the modification of,free-text,single,What value does your organization use for: class sp800-53a are applied in the modification of?,,
sa-08_odp.02,SA-08,rev5,"{{ insert: param, sa-08_odp.02 }}",class sp800-53a are applied in the specification of,free-text,single,What value does your organization use for: class sp800-53a are applied in the specification of?,,
sa-08_odp.02,SA-08,rev5,"{{ insert: param, sa-08_odp.02 }}",class sp800-53a are applied in the design of,free-text,single,What value does your organization use for: class sp800-53a are applied in the design of?,,
sa-08_odp.02,SA-08,rev5,"{{ insert: param, sa-08_odp.02 }}",class sp800-53a are applied in the development of,free-text,single,What value does your organization use for: class sp800-53a are applied in the development of?,,
sa-08_odp.02,SA-08,rev5,"{{ insert: param, sa-08_odp.02 }}",class sp800-53a are applied in the implementation of,free-text,single,What value does your organization use for: class sp800-53a are applied in the implementation of?,,
sa-08_odp.02,SA-08,rev5,"{{ insert: param, sa-08_odp.02 }}",class sp800-53a are applied in the modification of,free-text,single,What value does your organization use for: class sp800-53a are applied in the modification of?,,
sa-08.02_odp,SA-8,rev5,"{{ insert: param, sa-08.02_odp }}",design principle of least common mechanism in,free-text,single,What value does your organization use for: design principle of least common mechanism in?,,
sa-08.02_odp,SA-08(02),rev5,"{{ insert: param, sa-08.02_odp }}",class sp800-53a implement the security design principle of,free-text,single,What value does your organization use for: class sp800-53a implement the security design principle of?,,
sa-8.3_prm_1,SA-8,rev5,"{{ insert: param, sa-8.3_prm_1 }}",design principles of modularity and layering in,free-text,single,What value does your organization use for: design principles of modularity and layering in?,,
sa-08.03_odp.01,SA-08(03),rev5,"{{ insert: param, sa-08.03_odp.01 }}",class sp800-53a implement the security design principle of,free-text,single,What value does your organization use for: class sp800-53a implement the security design principle of?,,
sa-08.03_odp.02,SA-08(03),rev5,"{{ insert: param, sa-08.03_odp.02 }}",class sp800-53a implement the security design principle of,free-text,single,What value does your organization use for: class sp800-53a implement the security design principle of?,,
sa-08.04_odp,SA-8,rev5,"{{ insert: param, sa-08.04_odp }}",design principle of partially ordered dependencies in,free-text,single,What value does your organization use for: design principle of partially ordered dependencies in?,,
sa-08.04_odp,SA-08(04),rev5,"{{ insert: param, sa-08.04_odp }}",class sp800-53a implement the security design principle of,free-text,single,What value does your organization use for: class sp800-53a implement the security design principle of?,,
sa-08.05_odp,SA-8,rev5,"{{ insert: param, sa-08.05_odp }}",design principle of efficiently mediated access in,free-text,single,What value does your organization use for: design principle of efficiently mediated access in?,,
sa-08.05_odp,SA-08(05),rev5,"{{ insert: param, sa-08.05_odp }}",class sp800-53a implement the security design principle of,free-text,single,What value does your organization use for: class sp800-53a implement the security design principle of?,,
sa-08.06_odp,SA-8,rev5,"{{ insert: param, sa-08.06_odp }}",security design principle of minimized sharing in,free-text,single,What value does your organization use for: security design principle of minimized sharing in?,,
sa-08.06_odp,SA-08(06),rev5,"{{ insert: param, sa-08.06_odp }}",class sp800-53a implement the security design principle of,free-text,single,What value does your organization use for: class sp800-53a implement the security design principle of?,,
sa-08.07_odp,SA-8,rev5,"{{ insert: param, sa-08.07_odp }}",security design principle of reduced complexity in,free-text,single,What value does your organization use for: security design principle of reduced complexity in?,,
sa-08.07_odp,SA-08(07),rev5,"{{ insert: param, sa-08.07_odp }}",class sp800-53a implement the security design principle of,free-text,single,What value does your organization use for: class sp800-53a implement the security design principle of?,,
sa-08.08_odp,SA-8,rev5,"{{ insert: param, sa-08.08_odp }}",security design principle of secure evolvability in,free-text,single,What value does your organization use for: security design principle of secure evolvability in?,,
sa-08.08_odp,SA-08(08),rev5,"{{ insert: param, sa-08.08_odp }}",class sp800-53a implement the security design principle of,free-text,single,What value does your organization use for: class sp800-53a implement the security design principle of?,,
sa-08.09_odp,SA-8,rev5,"{{ insert: param, sa-08.09_odp }}",security design principle of trusted components in,threshold,single,"What value does your organization use for: security design principle of trusted components in? (answer with a threshold, e.g., count/percent/time)",5 failed login attempts | 24 hours | 90%,
sa-08.09_odp,SA-08(09),rev5,"{{ insert: param, sa-08.09_odp }}",class sp800-53a implement the security design principle of,free-text,single,What value does your organization use for: class sp800-53a implement the security design principle of?,,
sa-08.10_odp,SA-8,rev5,"{{ insert: param, sa-08.10_odp }}",security design principle of hierarchical trust in,free-text,single,What value does your organization use for: security design principle of hierarchical trust in?,,
sa-08.10_odp,SA-08(10),rev5,"{{ insert: param, sa-08.10_odp }}",class sp800-53a implement the security design principle of,free-text,single,What value does your organization use for: class sp800-53a implement the security design principle of?,,
sa-08.11_odp,SA-8,rev5,"{{ insert: param, sa-08.11_odp }}",design principle of inverse modification threshold in,threshold,single,"What value does your organization use for: design principle of inverse modification threshold in? (answer with a threshold, e.g., count/percent/time)",5 failed login attempts | 24 hours | 90%,
sa-08.11_odp,SA-08(11),rev5,"{{ insert: param, sa-08.11_odp }}",class sp800-53a implement the security design principle of,threshold,single,"What value does your organization use for: class sp800-53a implement the security design principle of? (answer with a threshold, e.g., count/percent/time)",5 failed login attempts | 24 hours | 90%,
sa-08.12_odp,SA-8,rev5,"{{ insert: param, sa-08.12_odp }}",security design principle of hierarchical protection in,free-text,single,What value does your organization use for: security design principle of hierarchical protection in?,,
sa-08.12_odp,SA-08(12),rev5,"{{ insert: param, sa-08.12_odp }}",class sp800-53a implement the security design principle of,free-text,single,What value does your organization use for: class sp800-53a implement the security design principle of?,,
sa-08.13_odp,SA-8,rev5,"{{ insert: param, sa-08.13_odp }}",design principle of minimized security elements in,free-text,single,What value does your organization use for: design principle of minimized security elements in?,,
sa-08.13_odp,SA-08(13),rev5,"{{ insert: param, sa-08.13_odp }}",class sp800-53a implement the security design principle of,free-text,single,What value does your organization use for: class sp800-53a implement the security design principle of?,,
sa-08.14_odp,SA-8,rev5,"{{ insert: param, sa-08.14_odp }}",security design principle of least privilege in,free-text,single,What value does your organization use for: security design principle of least privilege in?,,
sa-08.14_odp,SA-08(14),rev5,"{{ insert: param, sa-08.14_odp }}",class sp800-53a implement the security design principle of,free-text,single,What value does your organization use for: class sp800-53a implement the security design principle of?,,
sa-08.15_odp,SA-8,rev5,"{{ insert: param, sa-08.15_odp }}",security design principle of predicate permission in,free-text,list,What value does your organization use for: security design principle of predicate permission in?,,
sa-08.15_odp,SA-08(15),rev5,"{{ insert: param, sa-08.15_odp }}",class sp800-53a implement the security design principle of,free-text,single,What value does your organization use for: class sp800-53a implement the security design principle of?,,
sa-08.16_odp,SA-8,rev5,"{{ insert: param, sa-08.16_odp }}",security design principle of self-reliant trustworthiness in,free-text,single,What value does your organization use for: security design principle of self-reliant trustworthiness in?,,
sa-08.16_odp,SA-08(16),rev5,"{{ insert: param, sa-08.16_odp }}",class sp800-53a implement the security design principle of,free-text,single,What value does your organization use for: class sp800-53a implement the security design principle of?,,
sa-08.17_odp,SA-8,rev5,"{{ insert: param, sa-08.17_odp }}",design principle of secure distributed composition in,role,single,What value does your organization use for: design principle of secure distributed composition in? (answer with a job title or role),System Administrator | Security Officer,
sa-08.17_odp,SA-08(17),rev5,"{{ insert: param, sa-08.17_odp }}",class sp800-53a implement the security design principle of,role,single,What value does your organization use for: class sp800-53a implement the security design principle of? (answer with a job title or role),System Administrator | Security Officer,
sa-08.18_odp,SA-8,rev5,"{{ insert: param, sa-08.18_odp }}",design principle of trusted communications channels in,free-text,single,What value does your organization use for: design principle of trusted communications channels in?,,
sa-08.18_odp,SA-08(18),rev5,"{{ insert: param, sa-08.18_odp }}",class sp800-53a implement the security design principle of,frequency,single,"What value does your organization use for: class sp800-53a implement the security design principle of? (answer with a frequency, e.g., daily/weekly/monthly)",daily | weekly | monthly | quarterly,
sa-08.19_odp,SA-8,rev5,"{{ insert: param, sa-08.19_odp }}",security design principle of continuous protection in,free-text,single,What value does your organization use for: security design principle of continuous protection in?,,
sa-08.19_odp,SA-08(19),rev5,"{{ insert: param, sa-08.19_odp }}",class sp800-53a implement the security design principle of,free-text,single,What value does your organization use for: class sp800-53a implement the security design principle of?,,
sa-08.20_odp,SA-8,rev5,"{{ insert: param, sa-08.20_odp }}",design principle of secure metadata management in,free-text,single,What value does your organization use for: design principle of secure metadata management in?,,
sa-08.20_odp,SA-08(20),rev5,"{{ insert: param, sa-08.20_odp }}",class sp800-53a implement the security design principle of,free-text,single,What value does your organization use for: class sp800-53a implement the security design principle of?,,
sa-08.21_odp,SA-8,rev5,"{{ insert: param, sa-08.21_odp }}",the security design principle of self-analysis in,free-text,single,What value does your organization use for: the security design principle of self-analysis in?,,
sa-08.21_odp,SA-08(21),rev5,"{{ insert: param, sa-08.21_odp }}",class sp800-53a implement the security design principle of,free-text,single,What value does your organization use for: class sp800-53a implement the security design principle of?,,
sa-8.22_prm_1,SA-8,rev5,"{{ insert: param, sa-8.22_prm_1 }}",design principle of accountability and traceability in,free-text,single,What value does your organization use for: design principle of accountability and traceability in?,,
sa-08.22_odp.01,SA-08(22),rev5,"{{ insert: param, sa-08.22_odp.01 }}",class sp800-53a implement the security design principle of,free-text,single,What value does your organization use for: class sp800-53a implement the security design principle of?,,
sa-08.22_odp.02,SA-08(22),rev5,"{{ insert: param, sa-08.22_odp.02 }}",class sp800-53a implement the security design principle of,free-text,single,What value does your organization use for: class sp800-53a implement the security design principle of?,,
sa-08.23_odp,SA-8,rev5,"{{ insert: param, sa-08.23_odp }}",security design principle of secure defaults in,free-text,single,What value does your organization use for: security design principle of secure defaults in?,,
sa-08.23_odp,SA-08(23),rev5,"{{ insert: param, sa-08.23_odp }}",class sp800-53a implement the security design principle of,free-text,single,What value does your organization use for: class sp800-53a implement the security design principle of?,,
sa-8.24_prm_1,SA-8,rev5,"{{ insert: param, sa-8.24_prm_1 }}",principle of secure failure and recovery in,free-text,single,What value does your organization use for: principle of secure failure and recovery in?,,
sa-08.24_odp.01,SA-08(24),rev5,"{{ insert: param, sa-08.24_odp.01 }}",class sp800-53a implement the security design principle of,free-text,single,What value does your organization use for: class sp800-53a implement the security design principle of?,,
sa-08.24_odp.02,SA-08(24),rev5,"{{ insert: param, sa-08.24_odp.02 }}",class sp800-53a implement the security design principle of,free-text,single,What value does your organization use for: class sp800-53a implement the security design principle of?,,
sa-08.25_odp,SA-8,rev5,"{{ insert: param, sa-08.25_odp }}",security design principle of economic security in,free-text,single,What value does your organization use for: security design principle of economic security in?,,
sa-08.25_odp,SA-08(25),rev5,"{{ insert: param, sa-08.25_odp }}",class sp800-53a implement the security design principle of,free-text,single,What value does your organization use for: class sp800-53a implement the security design principle of?,,
sa-08.26_odp,SA-8,rev5,"{{ insert: param, sa-08.26_odp }}",security design principle of performance security in,free-text,single,What value does your organization use for: security design principle of performance security in?,,
sa-08.26_odp,SA-08(26),rev5,"{{ insert: param, sa-08.26_odp }}",class sp800-53a implement the security design principle of,free-text,single,What value does your organization use for: class sp800-53a implement the security design principle of?,,
sa-08.27_odp,SA-8,rev5,"{{ insert: param, sa-08.27_odp }}",design principle of human factored security in,free-text,single,What value does your organization use for: design principle of human factored security in?,,
sa-08.27_odp,SA-08(27),rev5,"{{ insert: param, sa-08.27_odp }}",class sp800-53a implement the security design principle of,free-text,single,What value does your organization use for: class sp800-53a implement the security design principle of?,,
sa-08.28_odp,SA-8,rev5,"{{ insert: param, sa-08.28_odp }}",security design principle of acceptable security in,free-text,single,What value does your organization use for: security design principle of acceptable security in?,,
sa-08.28_odp,SA-08(28),rev5,"{{ insert: param, sa-08.28_odp }}",class sp800-53a implement the security design principle of,free-text,single,What value does your organization use for: class sp800-53a implement the security design principle of?,,
sa-08.29_odp,SA-8,rev5,"{{ insert: param, sa-08.29_odp }}",principle of repeatable and documented procedures in,free-text,single,What value does your organization use for: principle of repeatable and documented procedures in?,,
sa-08.29_odp,SA-08(29),rev5,"{{ insert: param, sa-08.29_odp }}",class sp800-53a implement the security design principle of,free-text,single,What value does your organization use for: class sp800-53a implement the security design principle of?,,
sa-08.30_odp,SA-8,rev5,"{{ insert: param, sa-08.30_odp }}",security design principle of procedural rigor in,free-text,single,What value does your organization use for: security design principle of procedural rigor in?,,
sa-08.30_odp,SA-08(30),rev5,"{{ insert: param, sa-08.30_odp }}",class sp800-53a implement the security design principle of,free-text,single,What value does your organization use for: class sp800-53a implement the security design principle of?,,
sa-08.31_odp,SA-8,rev5,"{{ insert: param, sa-08.31_odp }}",design principle of secure system modification in,free-text,single,What value does your organization use for: design principle of secure system modification in?,,
sa-08.31_odp,SA-08(31),rev5,"{{ insert: param, sa-08.31_odp }}",class sp800-53a implement the security design principle of,free-text,single,What value does your organization use for: class sp800-53a implement the security design principle of?,,
sa-08.32_odp,SA-8,rev5,"{{ insert: param, sa-08.32_odp }}",security design principle of sufficient documentation in,free-text,single,What value does your organization use for: security design principle of sufficient documentation in?,,
sa-08.32_odp,SA-08(32),rev5,"{{ insert: param, sa-08.32_odp }}",class sp800-53a implement the security design principle of,free-text,single,What value does your organization use for: class sp800-53a implement the security design principle of?,,
sa-08.33_odp,SA-8,rev5,"{{ insert: param, sa-08.33_odp }}",Implement the privacy principle of minimization using,free-text,single,What value does your organization use for: Implement the privacy principle of minimization using?,,
sa-08.33_odp,SA-08(33),rev5,"{{ insert: param, sa-08.33_odp }}",of minimization is implemented using links href rel,free-text,single,What value does your organization use for: of minimization is implemented using links href rel?,,
sa-09_odp.01,SA-9,rev5,"{{ insert: param, sa-09_odp.01 }}",and privacy requirements and employ the following controls,role,single,What value does your organization use for: and privacy requirements and employ the following controls? (answer with a job title or role),System Administrator | Security Officer,
sa-09_odp.02,SA-9,rev5,"{{ insert: param, sa-09_odp.02 }}",by external service providers on an ongoing basis,free-text,single,What value does your organization use for: by external service providers on an ongoing basis?,,
sa-09_odp.01,SA-09,rev5,"{{ insert: param, sa-09_odp.01 }}",of external system services employ links href rel,free-text,single,What value does your organization use for: of external system services employ links href rel?,,
sa-09_odp.02,SA-09,rev5,"{{ insert: param, sa-09_odp.02 }}",class sp800-53a are employed to monitor control compliance,free-text,single,What value does your organization use for: class sp800-53a are employed to monitor control compliance?,,
sa-09.01_odp,SA-9,rev5,"{{ insert: param, sa-09.01_odp }}",dedicated information security services is approved by,free-text,single,What value does your organization use for: dedicated information security services is approved by?,,
sa-09.01_odp,SA-09(01),rev5,"{{ insert: param, sa-09.01_odp }}",class sp800-53a approve the acquisition or outsourcing of,free-text,single,What value does your organization use for: class sp800-53a approve the acquisition or outsourcing of?,,
sa-09.02_odp,SA-9,rev5,"{{ insert: param, sa-09.02_odp }}",required for the use of such services,free-text,single,What value does your organization use for: required for the use of such services?,,
sa-09.02_odp,SA-09(02),rev5,"{{ insert: param, sa-09.02_odp }}",providers of are required to identify the functions,free-text,single,What value does your organization use for: providers of are required to identify the functions?,,
sa-9.3_prm_1,SA-9,rev5,"{{ insert: param, sa-9.3_prm_1 }}",the following requirements properties factors or conditions,free-text,single,What value does your organization use for: the following requirements properties factors or conditions?,,
sa-09.03_odp.01,SA-09(03),rev5,"{{ insert: param, sa-09.03_odp.01 }}",based on are established and documented links href,free-text,single,What value does your organization use for: based on are established and documented links href?,,
sa-09.03_odp.01,SA-09(03),rev5,"{{ insert: param, sa-09.03_odp.01 }}",service provides based on are maintained links href,free-text,single,What value does your organization use for: service provides based on are maintained links href?,,
sa-09.03_odp.02,SA-09(03),rev5,"{{ insert: param, sa-09.03_odp.02 }}",based on are established and documented links href,free-text,single,What value does your organization use for: based on are established and documented links href?,,
sa-09.03_odp.02,SA-09(03),rev5,"{{ insert: param, sa-09.03_odp.02 }}",service provides based on are maintained links href,free-text,single,What value does your organization use for: service provides based on are maintained links href?,,
sa-09.04_odp.01,SA-9,rev5,"{{ insert: param, sa-09.04_odp.01 }}",interests of are consistent with and reflect organizational,free-text,single,What value does your organization use for: interests of are consistent with and reflect organizational?,,
sa-09.04_odp.02,SA-09,rev5,"{{ insert: param, sa-09.04_odp.02 }}",are consistent with and reflect organizational interests,free-text,single,What value does your organization use for: are consistent with and reflect organizational interests?,,
sa-09.04_odp.02,SA-09(04),rev5,"{{ insert: param, sa-09.04_odp.02 }}",class sp800-53a are taken to verify that the,free-text,single,What value does your organization use for: class sp800-53a are taken to verify that the?,,
sa-09.04_odp.01,SA-09,rev5,"{{ insert: param, sa-09.04_odp.01 }}",interests of are consistent with and reflect organizational,free-text,single,What value does your organization use for: interests of are consistent with and reflect organizational?,,
sa-09.05_odp.01,SA-09(05),rev5,"{{ insert: param, sa-09.05_odp.01 }}",locations where is are to be restricted are,free-text,single,What value does your organization use for: locations where is are to be restricted are?,,
sa-09.05_odp.01,SA-09(05),rev5,"{{ insert: param, sa-09.05_odp.01 }}",conditions for restricting the location of are defined,free-text,single,What value does your organization use for: conditions for restricting the location of are defined?,,
sa-09.05_odp.01,SA-9,rev5,"{{ insert: param, sa-09.05_odp.01 }}",Restrict the location of to insert param odp,free-text,single,What value does your organization use for: Restrict the location of to insert param odp?,,
sa-09.05_odp.02,SA-09,rev5,"{{ insert: param, sa-09.05_odp.02 }}",param odp to based on insert param,free-text,single,What value does your organization use for: param odp to based on insert param?,,
sa-09.05_odp.03,SA-09,rev5,"{{ insert: param, sa-09.05_odp.03 }}",insert param odp based on,free-text,single,What value does your organization use for: insert param odp based on?,,
sa-09.05_odp.03,SA-09(05),rev5,"{{ insert: param, sa-09.05_odp.03 }}",class sp800-53a based on insert param odp,free-text,single,What value does your organization use for: class sp800-53a based on insert param odp?,,
sa-09.05_odp.01,SA-09,rev5,"{{ insert: param, sa-09.05_odp.01 }}",param odp is are restricted to insert param,free-text,single,What value does your organization use for: param odp is are restricted to insert param?,,
sa-09.05_odp.02,SA-09,rev5,"{{ insert: param, sa-09.05_odp.02 }}",odp is are restricted to links href rel,free-text,single,What value does your organization use for: odp is are restricted to links href rel?,,
sa-10_odp.01,SA-10,rev5,"{{ insert: param, sa-10_odp.01 }}",Perform configuration management during system component or service,free-text,single,What value does your organization use for: Perform configuration management during system component or service?,,
sa-10_odp.02,SA-10,rev5,"{{ insert: param, sa-10_odp.02 }}",manage and control the integrity of changes to,free-text,single,What value does your organization use for: manage and control the integrity of changes to?,,
sa-10_odp.03,SA-10,rev5,"{{ insert: param, sa-10_odp.03 }}",system component or service and report findings to,duration,single,"What value does your organization use for: system component or service and report findings to? (answer with a duration, e.g., 30/60/90 days)",30 days | 60 days | 90 days,
sa-10_odp.01,SA-10,rev5,"{{ insert: param, sa-10_odp.01 }}",during system component or service links href rel,frequency,single,"What value does your organization use for: during system component or service links href rel? (answer with a frequency, e.g., daily/weekly/monthly)",daily | weekly | monthly | quarterly,
sa-10_odp.02,SA-10,rev5,"{{ insert: param, sa-10_odp.02 }}",the integrity of changes to links href rel,frequency,single,"What value does your organization use for: the integrity of changes to links href rel? (answer with a frequency, e.g., daily/weekly/monthly)",daily | weekly | monthly | quarterly,
sa-10_odp.02,SA-10,rev5,"{{ insert: param, sa-10_odp.02 }}",the integrity of changes to links href rel,frequency,single,"What value does your organization use for: the integrity of changes to links href rel? (answer with a frequency, e.g., daily/weekly/monthly)",daily | weekly | monthly | quarterly,
sa-10_odp.02,SA-10,rev5,"{{ insert: param, sa-10_odp.02 }}",the integrity of changes to links href rel,frequency,single,"What value does your organization use for: the integrity of changes to links href rel? (answer with a frequency, e.g., daily/weekly/monthly)",daily | weekly | monthly | quarterly,
sa-10_odp.03,SA-10,rev5,"{{ insert: param, sa-10_odp.03 }}",required to report findings to links href rel,frequency,single,"What value does your organization use for: required to report findings to links href rel? (answer with a frequency, e.g., daily/weekly/monthly)",daily | weekly | monthly | quarterly,
sa-10.7_prm_1,SA-10,rev5,"{{ insert: param, sa-10.7_prm_1 }}",Require to be included in the insert,free-text,single,What value does your organization use for: Require to be included in the insert?,,
sa-10.7_prm_2,SA-10,rev5,"{{ insert: param, sa-10.7_prm_2 }}",prm to be included in the,free-text,single,What value does your organization use for: prm to be included in the?,,
sa-10.07_odp.01,SA-10(07),rev5,"{{ insert: param, sa-10.07_odp.01 }}",class sp800-53a are required to be included in,free-text,single,What value does your organization use for: class sp800-53a are required to be included in?,,
sa-10.07_odp.03,SA-10,rev5,"{{ insert: param, sa-10.07_odp.03 }}",to be included in the links href rel,free-text,single,What value does your organization use for: to be included in the links href rel?,,
sa-10.07_odp.02,SA-10(07),rev5,"{{ insert: param, sa-10.07_odp.02 }}",class sp800-53a are required to be included in,free-text,single,What value does your organization use for: class sp800-53a are required to be included in?,,
sa-10.07_odp.04,SA-10,rev5,"{{ insert: param, sa-10.07_odp.04 }}",to be included in the links href rel,free-text,single,What value does your organization use for: to be included in the links href rel?,,
sa-11_odp.01,SA-11,rev5,"{{ insert: param, sa-11_odp.01 }}",at which to conduct testing evaluation is defined,frequency,single,"What value does your organization use for: at which to conduct testing evaluation is defined? (answer with a frequency, e.g., daily/weekly/monthly)",daily | weekly | monthly | quarterly,
sa-11_odp.01,SA-11,rev5,"{{ insert: param, sa-11_odp.01 }}",depth and coverage of testing evaluation is defined,free-text,single,What value does your organization use for: depth and coverage of testing evaluation is defined?,,
sa-11_odp.01,SA-11,rev5,"{{ insert: param, sa-11_odp.01 }}",Perform testing evaluation insert param odp,free-text,single,What value does your organization use for: Perform testing evaluation insert param odp?,,
sa-11_odp.02,SA-11,rev5,"{{ insert: param, sa-11_odp.02 }}",param odp testing evaluation at insert param odp,free-text,single,What value does your organization use for: param odp testing evaluation at insert param odp?,,
sa-11_odp.03,SA-11,rev5,"{{ insert: param, sa-11_odp.03 }}",odp testing evaluation insert param odp at,free-text,single,What value does your organization use for: odp testing evaluation insert param odp at?,,
sa-11_odp.01,SA-11,rev5,"{{ insert: param, sa-11_odp.01 }}",cycle to perform testing evaluation insert param odp,frequency,single,"What value does your organization use for: cycle to perform testing evaluation insert param odp? (answer with a frequency, e.g., daily/weekly/monthly)",daily | weekly | monthly | quarterly,
sa-11_odp.02,SA-11,rev5,"{{ insert: param, sa-11_odp.02 }}",param odp testing evaluation at insert param odp,free-text,single,What value does your organization use for: param odp testing evaluation at insert param odp?,,
sa-11_odp.03,SA-11,rev5,"{{ insert: param, sa-11_odp.03 }}",evaluation insert param odp at links href rel,free-text,single,What value does your organization use for: evaluation insert param odp at links href rel?,,
sa-11.02_odp.01,SA-11,rev5,"{{ insert: param, sa-11.02_odp.01 }}",Uses the following contextual information,free-text,single,What value does your organization use for: Uses the following contextual information?,,
sa-11.02_odp.02,SA-11,rev5,"{{ insert: param, sa-11.02_odp.02 }}",Employs the following tools and methods,free-text,single,What value does your organization use for: Employs the following tools and methods?,,
sa-11.2_prm_3,SA-11,rev5,"{{ insert: param, sa-11.2_prm_3 }}",analyses at the following level of rigor and,free-text,single,What value does your organization use for: analyses at the following level of rigor and?,,
sa-11.2_prm_4,SA-11,rev5,"{{ insert: param, sa-11.2_prm_4 }}",evidence that meets the following acceptance criteria,free-text,single,What value does your organization use for: evidence that meets the following acceptance criteria?,,
sa-11.02_odp.01,SA-11(02),rev5,"{{ insert: param, sa-11.02_odp.01 }}",system component or service that uses links href,frequency,single,"What value does your organization use for: system component or service that uses links href? (answer with a frequency, e.g., daily/weekly/monthly)",daily | weekly | monthly | quarterly,
sa-11.02_odp.01,SA-11(02),rev5,"{{ insert: param, sa-11.02_odp.01 }}",system component or service that uses links href,free-text,single,What value does your organization use for: system component or service that uses links href?,,
sa-11.02_odp.01,SA-11(02),rev5,"{{ insert: param, sa-11.02_odp.01 }}",system component or service that uses links href,free-text,single,What value does your organization use for: system component or service that uses links href?,,
sa-11.02_odp.01,SA-11(02),rev5,"{{ insert: param, sa-11.02_odp.01 }}",system component or service that uses links href,free-text,single,What value does your organization use for: system component or service that uses links href?,,
sa-11.02_odp.02,SA-11(02),rev5,"{{ insert: param, sa-11.02_odp.02 }}",system component or service that employs links href,free-text,single,What value does your organization use for: system component or service that employs links href?,,
sa-11.02_odp.02,SA-11(02),rev5,"{{ insert: param, sa-11.02_odp.02 }}",system component or service that employs links href,free-text,single,What value does your organization use for: system component or service that employs links href?,,
sa-11.02_odp.02,SA-11(02),rev5,"{{ insert: param, sa-11.02_odp.02 }}",system component or service that employs links href,free-text,single,What value does your organization use for: system component or service that employs links href?,,
sa-11.02_odp.02,SA-11(02),rev5,"{{ insert: param, sa-11.02_odp.02 }}",system component or service that employs links href,free-text,single,What value does your organization use for: system component or service that employs links href?,,
sa-11.02_odp.03,SA-11(02),rev5,"{{ insert: param, sa-11.02_odp.03 }}",modeling at during development of the system component,frequency,single,"What value does your organization use for: modeling at during development of the system component? (answer with a frequency, e.g., daily/weekly/monthly)",daily | weekly | monthly | quarterly,
sa-11.02_odp.04,SA-11(02),rev5,"{{ insert: param, sa-11.02_odp.04 }}",that conducts modeling and analyses at links href,free-text,single,What value does your organization use for: that conducts modeling and analyses at links href?,,
sa-11.02_odp.05,SA-11(02),rev5,"{{ insert: param, sa-11.02_odp.05 }}",service that produces evidence that meets links href,free-text,single,What value does your organization use for: service that produces evidence that meets links href?,,
sa-11.02_odp.05,SA-11(02),rev5,"{{ insert: param, sa-11.02_odp.05 }}",service that produces evidence that meets links href,free-text,single,What value does your organization use for: service that produces evidence that meets links href?,,
sa-11.02_odp.06,SA-11(02),rev5,"{{ insert: param, sa-11.02_odp.06 }}",service that produces evidence that meets links href,free-text,single,What value does your organization use for: service that produces evidence that meets links href?,,
sa-11.02_odp.06,SA-11(02),rev5,"{{ insert: param, sa-11.02_odp.06 }}",service that produces evidence that meets links href,free-text,single,What value does your organization use for: service that produces evidence that meets links href?,,
sa-11.03_odp,SA-11,rev5,"{{ insert: param, sa-11.03_odp }}",agent satisfying to verify the correct implementation of,frequency,single,"What value does your organization use for: agent satisfying to verify the correct implementation of? (answer with a frequency, e.g., daily/weekly/monthly)",daily | weekly | monthly | quarterly,
sa-11.03_odp,SA-11(03),rev5,"{{ insert: param, sa-11.03_odp }}",to satisfy to verify the correct implementation of,frequency,single,"What value does your organization use for: to satisfy to verify the correct implementation of? (answer with a frequency, e.g., daily/weekly/monthly)",daily | weekly | monthly | quarterly,
sa-11.03_odp,SA-11(03),rev5,"{{ insert: param, sa-11.03_odp }}",to satisfy to verify the correct implementation of,frequency,single,"What value does your organization use for: to satisfy to verify the correct implementation of? (answer with a frequency, e.g., daily/weekly/monthly)",daily | weekly | monthly | quarterly,
sa-11.04_odp.01,SA-11,rev5,"{{ insert: param, sa-11.04_odp.01 }}",review of using the following processes procedures and,frequency,single,"What value does your organization use for: review of using the following processes procedures and? (answer with a frequency, e.g., daily/weekly/monthly)",daily | weekly | monthly | quarterly,
sa-11.04_odp.02,SA-11,rev5,"{{ insert: param, sa-11.04_odp.02 }}",the following processes procedures and or techniques,free-text,single,What value does your organization use for: the following processes procedures and or techniques?,,
sa-11.04_odp.01,SA-11(04),rev5,"{{ insert: param, sa-11.04_odp.01 }}",manual code review of using insert param odp,frequency,single,"What value does your organization use for: manual code review of using insert param odp? (answer with a frequency, e.g., daily/weekly/monthly)",daily | weekly | monthly | quarterly,
sa-11.04_odp.02,SA-11,rev5,"{{ insert: param, sa-11.04_odp.02 }}",insert param odp using links href rel,frequency,single,"What value does your organization use for: insert param odp using links href rel? (answer with a frequency, e.g., daily/weekly/monthly)",daily | weekly | monthly | quarterly,
sa-11.5_prm_1,SA-11,rev5,"{{ insert: param, sa-11.5_prm_1 }}",At the following level of rigor and,free-text,single,What value does your organization use for: At the following level of rigor and?,,
sa-11.05_odp.03,SA-11,rev5,"{{ insert: param, sa-11.05_odp.03 }}",Under the following constraints,free-text,single,What value does your organization use for: Under the following constraints?,,
sa-11.05_odp.01,SA-11(05),rev5,"{{ insert: param, sa-11.05_odp.01 }}",at the following level of rigor links href,frequency,single,"What value does your organization use for: at the following level of rigor links href? (answer with a frequency, e.g., daily/weekly/monthly)",daily | weekly | monthly | quarterly,
sa-11.05_odp.02,SA-11(05),rev5,"{{ insert: param, sa-11.05_odp.02 }}",at the following level of rigor links href,frequency,single,"What value does your organization use for: at the following level of rigor links href? (answer with a frequency, e.g., daily/weekly/monthly)",daily | weekly | monthly | quarterly,
sa-11.05_odp.03,SA-11(05),rev5,"{{ insert: param, sa-11.05_odp.03 }}",required to perform penetration testing under links href,frequency,single,"What value does your organization use for: required to perform penetration testing under links href? (answer with a frequency, e.g., daily/weekly/monthly)",daily | weekly | monthly | quarterly,
sa-11.7_prm_1,SA-11,rev5,"{{ insert: param, sa-11.7_prm_1 }}",controls at the following level of rigor,free-text,single,What value does your organization use for: controls at the following level of rigor?,,
sa-11.07_odp.01,SA-11(07),rev5,"{{ insert: param, sa-11.07_odp.01 }}",of the required controls at links href rel,free-text,single,What value does your organization use for: of the required controls at links href rel?,,
sa-11.07_odp.02,SA-11(07),rev5,"{{ insert: param, sa-11.07_odp.02 }}",of the required controls at links href rel,free-text,single,What value does your organization use for: of the required controls at links href rel?,,
sa-15_odp.01,SA-15,rev5,"{{ insert: param, sa-15_odp.01 }}",tool configurations to determine if the process standards,free-text,single,What value does your organization use for: tool configurations to determine if the process standards?,,
sa-15_prm_2,SA-15,rev5,"{{ insert: param, sa-15_prm_2 }}",can satisfy the following security and privacy requirements,free-text,single,What value does your organization use for: can satisfy the following security and privacy requirements?,,
sa-15_odp.01,SA-15,rev5,"{{ insert: param, sa-15_odp.01 }}",are reviewed to determine that the process standards,free-text,single,What value does your organization use for: are reviewed to determine that the process standards?,,
sa-15_odp.02,SA-15,rev5,"{{ insert: param, sa-15_odp.02 }}",configurations selected and employed satisfy links href rel,free-text,single,What value does your organization use for: configurations selected and employed satisfy links href rel?,,
sa-15_odp.01,SA-15,rev5,"{{ insert: param, sa-15_odp.01 }}",are reviewed to determine that the process standards,free-text,single,What value does your organization use for: are reviewed to determine that the process standards?,,
sa-15_odp.03,SA-15,rev5,"{{ insert: param, sa-15_odp.03 }}",configurations selected and employed satisfy links href rel,free-text,single,What value does your organization use for: configurations selected and employed satisfy links href rel?,,
sa-15.01_odp.02,SA-15(01),rev5,"{{ insert: param, sa-15.01_odp.02 }}",sp800-53a select how-many one-or-more choice insert param odp,free-text,single,What value does your organization use for: sp800-53a select how-many one-or-more choice insert param odp?,,
sa-15.01_odp.03,SA-15,rev5,"{{ insert: param, sa-15.01_odp.03 }}",choice insert param odp upon delivery odp,free-text,single,What value does your organization use for: choice insert param odp upon delivery odp?,,
sa-15.01_odp.01,SA-15,rev5,"{{ insert: param, sa-15.01_odp.01 }}",Provide evidence of meeting the quality metrics,free-text,single,What value does your organization use for: Provide evidence of meeting the quality metrics?,,
sa-15.01_odp.01,SA-15(01),rev5,"{{ insert: param, sa-15.01_odp.01 }}",evidence of meeting the quality metrics links href,frequency,single,"What value does your organization use for: evidence of meeting the quality metrics links href? (answer with a frequency, e.g., daily/weekly/monthly)",daily | weekly | monthly | quarterly,
sa-15.03_odp.01,SA-15,rev5,"{{ insert: param, sa-15.03_odp.01 }}",points in the system development life cycle and,free-text,single,What value does your organization use for: points in the system development life cycle and?,,
sa-15.3_prm_2,SA-15,rev5,"{{ insert: param, sa-15.3_prm_2 }}",At the following level of rigor,frequency,single,"What value does your organization use for: At the following level of rigor? (answer with a frequency, e.g., daily/weekly/monthly)",daily | weekly | monthly | quarterly,
sa-15.03_odp.01,SA-15(03),rev5,"{{ insert: param, sa-15.03_odp.01 }}",analysis at in the system development life cycle,frequency,single,"What value does your organization use for: analysis at in the system development life cycle? (answer with a frequency, e.g., daily/weekly/monthly)",daily | weekly | monthly | quarterly,
sa-15.03_odp.02,SA-15(03),rev5,"{{ insert: param, sa-15.03_odp.02 }}",analysis at the following rigor level links href,frequency,single,"What value does your organization use for: analysis at the following rigor level links href? (answer with a frequency, e.g., daily/weekly/monthly)",daily | weekly | monthly | quarterly,
sa-15.03_odp.03,SA-15(03),rev5,"{{ insert: param, sa-15.03_odp.03 }}",analysis at the following rigor level links href,frequency,single,"What value does your organization use for: analysis at the following rigor level links href? (answer with a frequency, e.g., daily/weekly/monthly)",daily | weekly | monthly | quarterly,
sa-15.05_odp,SA-15,rev5,"{{ insert: param, sa-15.05_odp }}",system service to reduce attack surfaces to,frequency,single,"What value does your organization use for: system service to reduce attack surfaces to? (answer with a frequency, e.g., daily/weekly/monthly)",daily | weekly | monthly | quarterly,
sa-15.05_odp,SA-15(05),rev5,"{{ insert: param, sa-15.05_odp }}",to reduce attack surfaces to links href rel,frequency,single,"What value does your organization use for: to reduce attack surfaces to links href rel? (answer with a frequency, e.g., daily/weekly/monthly)",daily | weekly | monthly | quarterly,
sa-15.07_odp.01,SA-15,rev5,"{{ insert: param, sa-15.07_odp.01 }}",the system system component or system service to,frequency,single,"What value does your organization use for: the system system component or system service to? (answer with a frequency, e.g., daily/weekly/monthly)",daily | weekly | monthly | quarterly,
sa-15.07_odp.02,SA-15,rev5,"{{ insert: param, sa-15.07_odp.02 }}",Perform an automated vulnerability analysis using,free-text,single,What value does your organization use for: Perform an automated vulnerability analysis using?,,
sa-15.07_odp.03,SA-15,rev5,"{{ insert: param, sa-15.07_odp.03 }}",tools and results of the analysis to,free-text,single,What value does your organization use for: tools and results of the analysis to?,,
sa-15.07_odp.01,SA-15(07),rev5,"{{ insert: param, sa-15.07_odp.01 }}",perform automated vulnerability analysis using insert param odp,frequency,single,"What value does your organization use for: perform automated vulnerability analysis using insert param odp? (answer with a frequency, e.g., daily/weekly/monthly)",daily | weekly | monthly | quarterly,
sa-15.07_odp.02,SA-15,rev5,"{{ insert: param, sa-15.07_odp.02 }}",analysis insert param odp using links href,frequency,single,"What value does your organization use for: analysis insert param odp using links href? (answer with a frequency, e.g., daily/weekly/monthly)",daily | weekly | monthly | quarterly,
sa-15.07_odp.01,SA-15(07),rev5,"{{ insert: param, sa-15.07_odp.01 }}",the exploitation potential for discovered vulnerabilities links href,frequency,single,"What value does your organization use for: the exploitation potential for discovered vulnerabilities links href? (answer with a frequency, e.g., daily/weekly/monthly)",daily | weekly | monthly | quarterly,
sa-15.07_odp.01,SA-15(07),rev5,"{{ insert: param, sa-15.07_odp.01 }}",potential risk mitigations for delivered vulnerabilities links href,frequency,single,"What value does your organization use for: potential risk mitigations for delivered vulnerabilities links href? (answer with a frequency, e.g., daily/weekly/monthly)",daily | weekly | monthly | quarterly,
sa-15.07_odp.01,SA-15(07),rev5,"{{ insert: param, sa-15.07_odp.01 }}",results of the analysis to insert param odp,frequency,single,"What value does your organization use for: results of the analysis to insert param odp? (answer with a frequency, e.g., daily/weekly/monthly)",daily | weekly | monthly | quarterly,
sa-15.07_odp.03,SA-15,rev5,"{{ insert: param, sa-15.07_odp.03 }}",analysis insert param odp to links href,free-text,single,What value does your organization use for: analysis insert param odp to links href?,,
sa-16_odp,SA-16,rev5,"{{ insert: param, sa-16_odp }}",security and privacy functions controls and or mechanisms,free-text,single,What value does your organization use for: security and privacy functions controls and or mechanisms?,,
sa-16_odp,SA-16,rev5,"{{ insert: param, sa-16_odp }}",to provide on the correct use and operation,frequency,single,"What value does your organization use for: to provide on the correct use and operation? (answer with a frequency, e.g., daily/weekly/monthly)",daily | weekly | monthly | quarterly,
sa-17.1_prm_1,SA-17,rev5,"{{ insert: param, sa-17.1_prm_1 }}",policy model describing the to be enforced and,free-text,single,What value does your organization use for: policy model describing the to be enforced and?,,
sa-17.01_odp.01,SA-17(01),rev5,"{{ insert: param, sa-17.01_odp.01 }}",model describing the to be enforced links href,frequency,single,"What value does your organization use for: model describing the to be enforced links href? (answer with a frequency, e.g., daily/weekly/monthly)",daily | weekly | monthly | quarterly,
sa-17.01_odp.02,SA-17(01),rev5,"{{ insert: param, sa-17.01_odp.02 }}",model describing the to be enforced links href,frequency,single,"What value does your organization use for: model describing the to be enforced links href? (answer with a frequency, e.g., daily/weekly/monthly)",daily | weekly | monthly | quarterly,
sa-17.04_odp,SA-17,rev5,"{{ insert: param, sa-17.04_odp }}",Show via that the descriptive top-level specification is,free-text,single,What value does your organization use for: Show via that the descriptive top-level specification is?,,
sa-17.04_odp,SA-17(04),rev5,"{{ insert: param, sa-17.04_odp }}",show via that the descriptive top-level specification is,frequency,single,"What value does your organization use for: show via that the descriptive top-level specification is? (answer with a frequency, e.g., daily/weekly/monthly)",daily | weekly | monthly | quarterly,
sa-17.08_odp.01,SA-17,rev5,"{{ insert: param, sa-17.08_odp.01 }}",Design with coordinated behavior to implement the,free-text,single,What value does your organization use for: Design with coordinated behavior to implement the?,,
sa-17.08_odp.02,SA-17,rev5,"{{ insert: param, sa-17.08_odp.02 }}",coordinated behavior to implement the following capabilities,free-text,single,What value does your organization use for: coordinated behavior to implement the following capabilities?,,
sa-17.08_odp.01,SA-17(08),rev5,"{{ insert: param, sa-17.08_odp.01 }}",class sp800-53a are designed with coordinated behavior to,free-text,single,What value does your organization use for: class sp800-53a are designed with coordinated behavior to?,,
sa-17.08_odp.02,SA-17,rev5,"{{ insert: param, sa-17.08_odp.02 }}",with coordinated behavior to implement links href rel,free-text,single,What value does your organization use for: with coordinated behavior to implement links href rel?,,
sa-17.09_odp,SA-17,rev5,"{{ insert: param, sa-17.09_odp }}",different designs for to satisfy common set of,free-text,single,What value does your organization use for: different designs for to satisfy common set of?,,
sa-17.09_odp,SA-17(09),rev5,"{{ insert: param, sa-17.09_odp }}",are used for to satisfy common set of,free-text,single,What value does your organization use for: are used for to satisfy common set of?,,
sa-20_odp,SA-20,rev5,"{{ insert: param, sa-20_odp }}",or custom develop the following critical system components,free-text,single,What value does your organization use for: or custom develop the following critical system components?,,
sa-20_odp,SA-20,rev5,"{{ insert: param, sa-20_odp }}",class sp800-53a are reimplemented or custom-developed links href,free-text,single,What value does your organization use for: class sp800-53a are reimplemented or custom-developed links href?,,
sa-21_odp.01,SA-21,rev5,"{{ insert: param, sa-21_odp.01 }}",Require that the developer of,frequency,single,"What value does your organization use for: Require that the developer of? (answer with a frequency, e.g., daily/weekly/monthly)",daily | weekly | monthly | quarterly,
sa-21_odp.02,SA-21,rev5,"{{ insert: param, sa-21_odp.02 }}",appropriate access authorizations as determined by assigned and,free-text,single,What value does your organization use for: appropriate access authorizations as determined by assigned and?,,
sa-21_odp.03,SA-21,rev5,"{{ insert: param, sa-21_odp.03 }}",Satisfies the following additional personnel screening criteria,frequency,single,"What value does your organization use for: Satisfies the following additional personnel screening criteria? (answer with a frequency, e.g., daily/weekly/monthly)",daily | weekly | monthly | quarterly,
sa-21_odp.01,SA-21,rev5,"{{ insert: param, sa-21_odp.01 }}",developer of is required to have appropriate access,frequency,single,"What value does your organization use for: developer of is required to have appropriate access? (answer with a frequency, e.g., daily/weekly/monthly)",daily | weekly | monthly | quarterly,
sa-21_odp.02,SA-21,rev5,"{{ insert: param, sa-21_odp.02 }}",authorizations as determined by assigned links href rel,frequency,single,"What value does your organization use for: authorizations as determined by assigned links href rel? (answer with a frequency, e.g., daily/weekly/monthly)",daily | weekly | monthly | quarterly,
sa-21_odp.01,SA-21,rev5,"{{ insert: param, sa-21_odp.01 }}",developer of is required to satisfy insert param,frequency,single,"What value does your organization use for: developer of is required to satisfy insert param? (answer with a frequency, e.g., daily/weekly/monthly)",daily | weekly | monthly | quarterly,
sa-21_odp.03,SA-21,rev5,"{{ insert: param, sa-21_odp.03 }}",odp is required to satisfy links href rel,frequency,single,"What value does your organization use for: odp is required to satisfy links href rel? (answer with a frequency, e.g., daily/weekly/monthly)",daily | weekly | monthly | quarterly,
sa-22_odp.02,SA-22,rev5,"{{ insert: param, sa-22_odp.02 }}",sp800-53a select how-many one-or-more choice in-house support odp,free-text,single,What value does your organization use for: sp800-53a select how-many one-or-more choice in-house support odp?,,
sa-22_odp.01,SA-22,rev5,"{{ insert: param, sa-22_odp.01 }}",alternative sources for continued support for unsupported components,free-text,single,What value does your organization use for: alternative sources for continued support for unsupported components?,,
sa-22_odp.01,SA-22,rev5,"{{ insert: param, sa-22_odp.01 }}",class sp800-53a provide options for alternative sources for,free-text,single,What value does your organization use for: class sp800-53a provide options for alternative sources for?,,
sa-23_odp.01,SA-23,rev5,"{{ insert: param, sa-23_odp.01 }}",rel related Employ on insert param odp,free-text,single,What value does your organization use for: rel related Employ on insert param odp?,,
sa-23_odp.02,SA-23,rev5,"{{ insert: param, sa-23_odp.02 }}",odp on supporting mission essential services or functions,free-text,single,What value does your organization use for: odp on supporting mission essential services or functions?,,
sa-23_odp.01,SA-23,rev5,"{{ insert: param, sa-23_odp.01 }}",assessment-objective class sp800-53a is employed on insert param,free-text,single,What value does your organization use for: assessment-objective class sp800-53a is employed on insert param?,,
sa-23_odp.02,SA-23,rev5,"{{ insert: param, sa-23_odp.02 }}",employed on supporting essential services or functions to,free-text,single,What value does your organization use for: employed on supporting essential services or functions to?,,
sc-1_prm_1,SC-1,rev5,"{{ insert: param, sc-1_prm_1 }}",Develop document and disseminate to,free-text,single,What value does your organization use for: Develop document and disseminate to?,,
sc-01_odp.03,SC-1,rev5,"{{ insert: param, sc-01_odp.03 }}",system and communications protection policy that,free-text,single,What value does your organization use for: system and communications protection policy that?,,
sc-01_odp.04,SC-1,rev5,"{{ insert: param, sc-01_odp.04 }}",Designate an to manage the development documentation and,free-text,single,What value does your organization use for: Designate an to manage the development documentation and?,,
sc-01_odp.05,SC-1,rev5,"{{ insert: param, sc-01_odp.05 }}",Policy and following insert param odp,free-text,single,What value does your organization use for: Policy and following insert param odp?,,
sc-01_odp.06,SC-01,rev5,"{{ insert: param, sc-01_odp.06 }}",Policy insert param odp and following and,free-text,single,What value does your organization use for: Policy insert param odp and following and?,,
sc-01_odp.07,SC-1,rev5,"{{ insert: param, sc-01_odp.07 }}",Procedures and following insert param odp,free-text,single,What value does your organization use for: Procedures and following insert param odp?,,
sc-01_odp.08,SC-01,rev5,"{{ insert: param, sc-01_odp.08 }}",Procedures insert param odp and following,free-text,single,What value does your organization use for: Procedures insert param odp and following?,,
sc-01_odp.01,SC-01,rev5,"{{ insert: param, sc-01_odp.01 }}",protection policy is disseminated to links href rel,free-text,single,What value does your organization use for: protection policy is disseminated to links href rel?,,
sc-01_odp.02,SC-01,rev5,"{{ insert: param, sc-01_odp.02 }}",protection procedures are disseminated to links href rel,free-text,single,What value does your organization use for: protection procedures are disseminated to links href rel?,,
sc-01_odp.03,SC-01,rev5,"{{ insert: param, sc-01_odp.03 }}",sp800-53a the system and communications protection policy addresses,free-text,single,What value does your organization use for: sp800-53a the system and communications protection policy addresses?,,
sc-01_odp.03,SC-01,rev5,"{{ insert: param, sc-01_odp.03 }}",sp800-53a the system and communications protection policy addresses,free-text,single,What value does your organization use for: sp800-53a the system and communications protection policy addresses?,,
sc-01_odp.03,SC-01,rev5,"{{ insert: param, sc-01_odp.03 }}",sp800-53a the system and communications protection policy addresses,role,single,What value does your organization use for: sp800-53a the system and communications protection policy addresses? (answer with a job title or role),System Administrator | Security Officer,
sc-01_odp.03,SC-01,rev5,"{{ insert: param, sc-01_odp.03 }}",sp800-53a the system and communications protection policy addresses,free-text,single,What value does your organization use for: sp800-53a the system and communications protection policy addresses?,,
sc-01_odp.03,SC-01,rev5,"{{ insert: param, sc-01_odp.03 }}",sp800-53a the system and communications protection policy addresses,free-text,single,What value does your organization use for: sp800-53a the system and communications protection policy addresses?,,
sc-01_odp.03,SC-01,rev5,"{{ insert: param, sc-01_odp.03 }}",sp800-53a the system and communications protection policy addresses,org list,single,What value does your organization use for: sp800-53a the system and communications protection policy addresses? (answer with a comma-separated list of org units),Security | HR | Finance,
sc-01_odp.03,SC-01,rev5,"{{ insert: param, sc-01_odp.03 }}",sp800-53a the system and communications protection policy addresses,free-text,single,What value does your organization use for: sp800-53a the system and communications protection policy addresses?,,
sc-01_odp.03,SC-01,rev5,"{{ insert: param, sc-01_odp.03 }}",sp800-53a the system and communications protection policy is,free-text,single,What value does your organization use for: sp800-53a the system and communications protection policy is?,,
sc-01_odp.04,SC-01,rev5,"{{ insert: param, sc-01_odp.04 }}",sp800-53a the is designated to manage the development,free-text,single,What value does your organization use for: sp800-53a the is designated to manage the development?,,
sc-01_odp.05,SC-01,rev5,"{{ insert: param, sc-01_odp.05 }}",protection policy is reviewed and updated links href,free-text,single,What value does your organization use for: protection policy is reviewed and updated links href?,,
sc-01_odp.06,SC-01,rev5,"{{ insert: param, sc-01_odp.06 }}",policy is reviewed and updated following links href,free-text,single,What value does your organization use for: policy is reviewed and updated following links href?,,
sc-01_odp.07,SC-01,rev5,"{{ insert: param, sc-01_odp.07 }}",protection procedures are reviewed and updated links href,free-text,single,What value does your organization use for: protection procedures are reviewed and updated links href?,,
sc-01_odp.08,SC-01,rev5,"{{ insert: param, sc-01_odp.08 }}",procedures are reviewed and updated following links href,free-text,single,What value does your organization use for: procedures are reviewed and updated following links href?,,
sc-04.02_odp,SC-4,rev5,"{{ insert: param, sc-04.02_odp }}",accordance with when system processing explicitly switches between,free-text,single,What value does your organization use for: accordance with when system processing explicitly switches between?,,
sc-04.02_odp,SC-04(02),rev5,"{{ insert: param, sc-04.02_odp }}",accordance with when system processing explicitly switches between,free-text,single,What value does your organization use for: accordance with when system processing explicitly switches between?,,
sc-05_odp.02,SC-5,rev5,"{{ insert: param, sc-05_odp.02 }}",the effects of the following types,free-text,single,What value does your organization use for: the effects of the following types?,,
sc-05_odp.01,SC-05,rev5,"{{ insert: param, sc-05_odp.01 }}",of the following types of denial-of-service events and,free-text,single,What value does your organization use for: of the following types of denial-of-service events and?,,
sc-05_odp.03,SC-5,rev5,"{{ insert: param, sc-05_odp.03 }}",the following controls to achieve the denial-of-service objective,free-text,single,What value does your organization use for: the following controls to achieve the denial-of-service objective?,,
sc-05_odp.01,SC-05,rev5,"{{ insert: param, sc-05_odp.01 }}",sp800-53a the effects of are insert param odp,free-text,single,What value does your organization use for: sp800-53a the effects of are insert param odp?,,
sc-05_odp.02,SC-05,rev5,"{{ insert: param, sc-05_odp.02 }}",of insert param odp are links href rel,free-text,single,What value does your organization use for: of insert param odp are links href rel?,,
sc-05_odp.03,SC-05,rev5,"{{ insert: param, sc-05_odp.03 }}",class sp800-53a are employed to achieve the denial-of-service,free-text,single,What value does your organization use for: class sp800-53a are employed to achieve the denial-of-service?,,
sc-05.01_odp,SC-5,rev5,"{{ insert: param, sc-05.01_odp }}",the following denial-of-service attacks against other systems,free-text,single,What value does your organization use for: the following denial-of-service attacks against other systems?,,
sc-05.01_odp,SC-05(01),rev5,"{{ insert: param, sc-05.01_odp }}",to launch against other systems is restricted links,free-text,single,What value does your organization use for: to launch against other systems is restricted links?,,
sc-05.03_odp.01,SC-5,rev5,"{{ insert: param, sc-05.03_odp.01 }}",attacks against or launched from the system and,free-text,single,What value does your organization use for: attacks against or launched from the system and?,,
sc-05.03_odp.02,SC-5,rev5,"{{ insert: param, sc-05.03_odp.02 }}",resources exist to prevent effective denial-of-service attacks,free-text,single,What value does your organization use for: resources exist to prevent effective denial-of-service attacks?,,
sc-05.03_odp.01,SC-05(03),rev5,"{{ insert: param, sc-05.03_odp.01 }}",class sp800-53a are employed to detect indicators of,free-text,single,What value does your organization use for: class sp800-53a are employed to detect indicators of?,,
sc-05.03_odp.02,SC-05(03),rev5,"{{ insert: param, sc-05.03_odp.02 }}",class sp800-53a are monitored to determine if sufficient,free-text,single,What value does your organization use for: class sp800-53a are monitored to determine if sufficient?,,
sc-06_odp.03,SC-06,rev5,"{{ insert: param, sc-06_odp.03 }}",sp800-53a select how-many one-or-more choice priority quota odp,free-text,single,What value does your organization use for: sp800-53a select how-many one-or-more choice priority quota odp?,,
sc-06_odp.01,SC-6,rev5,"{{ insert: param, sc-06_odp.01 }}",of resources by allocating by insert param odp,free-text,single,What value does your organization use for: of resources by allocating by insert param odp?,,
sc-06_odp.02,SC-06,rev5,"{{ insert: param, sc-06_odp.02 }}",resources by allocating insert param odp by,free-text,single,What value does your organization use for: resources by allocating insert param odp by?,,
sc-06_odp.01,SC-06,rev5,"{{ insert: param, sc-06_odp.01 }}",is protected by allocating by insert param odp,free-text,single,What value does your organization use for: is protected by allocating by insert param odp?,,
sc-06_odp.02,SC-06,rev5,"{{ insert: param, sc-06_odp.02 }}",insert param odp by links href rel assessment-for,free-text,single,What value does your organization use for: insert param odp by links href rel assessment-for?,,
sc-07_odp,SC-7,rev5,"{{ insert: param, sc-07_odp }}",that are separated from internal organizational networks and,free-text,single,What value does your organization use for: that are separated from internal organizational networks and?,,
sc-07_odp,SC-07,rev5,"{{ insert: param, sc-07_odp }}",components are separated from internal organizational networks links,free-text,single,What value does your organization use for: components are separated from internal organizational networks links?,,
sc-07.04_odp,SC-7,rev5,"{{ insert: param, sc-07.04_odp }}",flow policy and remove exceptions that are no,duration,single,"What value does your organization use for: flow policy and remove exceptions that are no? (answer with a duration, e.g., 30/60/90 days)",30 days | 60 days | 90 days,
sc-07.04_odp,SC-07(04),rev5,"{{ insert: param, sc-07.04_odp }}",the traffic flow policy are reviewed links href,free-text,single,What value does your organization use for: the traffic flow policy are reviewed links href?,,
sc-07.05_odp.02,SC-07(05),rev5,"{{ insert: param, sc-07.05_odp.02 }}",how-many one-or-more choice at managed interfaces for odp,free-text,single,What value does your organization use for: how-many one-or-more choice at managed interfaces for odp?,,
sc-07.05_odp.01,SC-7,rev5,"{{ insert: param, sc-07.05_odp.01 }}",and allow network communications traffic by exception,free-text,single,What value does your organization use for: and allow network communications traffic by exception?,,
sc-07.05_odp.01,SC-07(05),rev5,"{{ insert: param, sc-07.05_odp.01 }}",traffic is denied by default links href rel,free-text,single,What value does your organization use for: traffic is denied by default links href rel?,,
sc-07.05_odp.01,SC-07(05),rev5,"{{ insert: param, sc-07.05_odp.01 }}",traffic is allowed by exception links href rel,free-text,single,What value does your organization use for: traffic is allowed by exception links href rel?,,
sc-07.07_odp,SC-7,rev5,"{{ insert: param, sc-07.07_odp }}",the split tunnel is securely provisioned using,free-text,single,What value does your organization use for: the split tunnel is securely provisioned using?,,
sc-07.07_odp,SC-07(07),rev5,"{{ insert: param, sc-07.07_odp }}",tunnel is securely provisioned using links href rel,free-text,single,What value does your organization use for: tunnel is securely provisioned using links href rel?,,
sc-07.08_odp.01,SC-7,rev5,"{{ insert: param, sc-07.08_odp.01 }}",related Route to insert param odp,free-text,single,What value does your organization use for: related Route to insert param odp?,,
sc-07.08_odp.02,SC-07,rev5,"{{ insert: param, sc-07.08_odp.02 }}",odp to through authenticated proxy servers at managed,free-text,single,What value does your organization use for: odp to through authenticated proxy servers at managed?,,
sc-07.08_odp.01,SC-07(08),rev5,"{{ insert: param, sc-07.08_odp.01 }}",assessment-objective class sp800-53a is routed to insert param,free-text,single,What value does your organization use for: assessment-objective class sp800-53a is routed to insert param?,,
sc-07.08_odp.02,SC-07,rev5,"{{ insert: param, sc-07.08_odp.02 }}",routed to through authenticated proxy servers at managed,free-text,single,What value does your organization use for: routed to through authenticated proxy servers at managed?,,
sc-07.10_odp,SC-7,rev5,"{{ insert: param, sc-07.10_odp }}",Conduct exfiltration tests,free-text,single,What value does your organization use for: Conduct exfiltration tests?,,
sc-07.10_odp,SC-07(10),rev5,"{{ insert: param, sc-07.10_odp }}",class sp800-53a exfiltration tests are conducted links href,free-text,single,What value does your organization use for: class sp800-53a exfiltration tests are conducted links href?,,
sc-07.11_odp.01,SC-7,rev5,"{{ insert: param, sc-07.11_odp.01 }}",communications from to be routed to insert param,free-text,single,What value does your organization use for: communications from to be routed to insert param?,,
sc-07.11_odp.02,SC-07,rev5,"{{ insert: param, sc-07.11_odp.02 }}",odp to be routed to,free-text,single,What value does your organization use for: odp to be routed to?,,
sc-07.11_odp.01,SC-07(11),rev5,"{{ insert: param, sc-07.11_odp.01 }}",communications from are allowed to be routed to,free-text,single,What value does your organization use for: communications from are allowed to be routed to?,,
sc-07.11_odp.02,SC-07,rev5,"{{ insert: param, sc-07.11_odp.02 }}",allowed to be routed to links href rel,free-text,single,What value does your organization use for: allowed to be routed to links href rel?,,
sc-07.12_odp.01,SC-7,rev5,"{{ insert: param, sc-07.12_odp.01 }}",required Implement at insert param odp,free-text,single,What value does your organization use for: required Implement at insert param odp?,,
sc-07.12_odp.02,SC-07,rev5,"{{ insert: param, sc-07.12_odp.02 }}",Implement insert param odp at,free-text,single,What value does your organization use for: Implement insert param odp at?,,
sc-07.12_odp.01,SC-07(12),rev5,"{{ insert: param, sc-07.12_odp.01 }}",assessment-objective class sp800-53a are implemented at insert param,free-text,single,What value does your organization use for: assessment-objective class sp800-53a are implemented at insert param?,,
sc-07.12_odp.02,SC-07,rev5,"{{ insert: param, sc-07.12_odp.02 }}",odp are implemented at links href rel,free-text,single,What value does your organization use for: odp are implemented at links href rel?,,
sc-07.13_odp,SC-7,rev5,"{{ insert: param, sc-07.13_odp }}",Isolate from other internal system components by,free-text,single,What value does your organization use for: Isolate from other internal system components by?,,
sc-07.13_odp,SC-07(13),rev5,"{{ insert: param, sc-07.13_odp }}",class sp800-53a are isolated from other internal system,free-text,single,What value does your organization use for: class sp800-53a are isolated from other internal system?,,
sc-07.14_odp,SC-7,rev5,"{{ insert: param, sc-07.14_odp }}",Protect against unauthorized physical connections at,free-text,single,What value does your organization use for: Protect against unauthorized physical connections at?,,
sc-07.14_odp,SC-07(14),rev5,"{{ insert: param, sc-07.14_odp }}",class sp800-53a are protected against unauthorized physical connections,free-text,single,What value does your organization use for: class sp800-53a are protected against unauthorized physical connections?,,
sc-07.19_odp,SC-7,rev5,"{{ insert: param, sc-07.19_odp }}",traffic between that are independently configured by end,free-text,single,What value does your organization use for: traffic between that are independently configured by end?,,
sc-07.19_odp,SC-07(19),rev5,"{{ insert: param, sc-07.19_odp }}",blocked between that are independently configured by end,free-text,single,What value does your organization use for: blocked between that are independently configured by end?,,
sc-07.19_odp,SC-07(19),rev5,"{{ insert: param, sc-07.19_odp }}",blocked between that are independently configured by end,free-text,single,What value does your organization use for: blocked between that are independently configured by end?,,
sc-07.20_odp,SC-7,rev5,"{{ insert: param, sc-07.20_odp }}",capability to dynamically isolate from other system components,free-text,single,What value does your organization use for: capability to dynamically isolate from other system components?,,
sc-07.20_odp,SC-07(20),rev5,"{{ insert: param, sc-07.20_odp }}",dynamically isolate from other system components is provided,free-text,single,What value does your organization use for: dynamically isolate from other system components is provided?,,
sc-07.21_odp.01,SC-7,rev5,"{{ insert: param, sc-07.21_odp.01 }}",protection mechanisms to isolate supporting insert param odp,free-text,single,What value does your organization use for: protection mechanisms to isolate supporting insert param odp?,,
sc-07.21_odp.02,SC-07,rev5,"{{ insert: param, sc-07.21_odp.02 }}",isolate insert param odp supporting,free-text,single,What value does your organization use for: isolate insert param odp supporting?,,
sc-07.21_odp.01,SC-07(21),rev5,"{{ insert: param, sc-07.21_odp.01 }}",are employed to isolate supporting insert param odp,free-text,single,What value does your organization use for: are employed to isolate supporting insert param odp?,,
sc-07.21_odp.02,SC-07,rev5,"{{ insert: param, sc-07.21_odp.02 }}",insert param odp supporting links href rel,free-text,single,What value does your organization use for: insert param odp supporting links href rel?,,
sc-07.24_odp,SC-7,rev5,"{{ insert: param, sc-07.24_odp }}",rules to data elements of personally identifiable information,free-text,single,What value does your organization use for: rules to data elements of personally identifiable information?,,
sc-07.24_odp,SC-07(24),rev5,"{{ insert: param, sc-07.24_odp }}",class sp800-53a are applied to data elements of,free-text,single,What value does your organization use for: class sp800-53a are applied to data elements of?,,
sc-07.25_odp.01,SC-7,rev5,"{{ insert: param, sc-07.25_odp.01 }}",connection of to an external network without the,free-text,single,What value does your organization use for: connection of to an external network without the?,,
sc-07.25_odp.02,SC-07,rev5,"{{ insert: param, sc-07.25_odp.02 }}",an external network without the use of,free-text,single,What value does your organization use for: an external network without the use of?,,
sc-07.25_odp.01,SC-07(25),rev5,"{{ insert: param, sc-07.25_odp.01 }}",connection of to an external network without the,free-text,single,What value does your organization use for: connection of to an external network without the?,,
sc-07.25_odp.02,SC-07,rev5,"{{ insert: param, sc-07.25_odp.02 }}",without the use of is prohibited links href,free-text,single,What value does your organization use for: without the use of is prohibited links href?,,
sc-07.26_odp,SC-7,rev5,"{{ insert: param, sc-07.26_odp }}",an external network without the use of,free-text,single,What value does your organization use for: an external network without the use of?,,
sc-07.26_odp,SC-07(26),rev5,"{{ insert: param, sc-07.26_odp }}",without the use of is prohibited links href,free-text,single,What value does your organization use for: without the use of is prohibited links href?,,
sc-07.27_odp.01,SC-7,rev5,"{{ insert: param, sc-07.27_odp.01 }}",connection of to an external network without the,free-text,single,What value does your organization use for: connection of to an external network without the?,,
sc-07.27_odp.02,SC-07,rev5,"{{ insert: param, sc-07.27_odp.02 }}",an external network without the use of,free-text,single,What value does your organization use for: an external network without the use of?,,
sc-07.27_odp.01,SC-07(27),rev5,"{{ insert: param, sc-07.27_odp.01 }}",connection of to an external network without the,free-text,single,What value does your organization use for: connection of to an external network without the?,,
sc-07.27_odp.02,SC-07,rev5,"{{ insert: param, sc-07.27_odp.02 }}",without the use of is prohibited links href,free-text,single,What value does your organization use for: without the use of is prohibited links href?,,
sc-07.28_odp,SC-7,rev5,"{{ insert: param, sc-07.28_odp }}",Prohibit the direct connection of to public network,free-text,single,What value does your organization use for: Prohibit the direct connection of to public network?,,
sc-07.28_odp,SC-07(28),rev5,"{{ insert: param, sc-07.28_odp }}",connection of the to public network is prohibited,free-text,single,What value does your organization use for: connection of the to public network is prohibited?,,
sc-07.29_odp.01,SC-7,rev5,"{{ insert: param, sc-07.29_odp.01 }}",Implement separate subnetworks to isolate the following,free-text,single,What value does your organization use for: Implement separate subnetworks to isolate the following?,,
sc-07.29_odp.02,SC-07,rev5,"{{ insert: param, sc-07.29_odp.02 }}",the following critical system components and functions,free-text,single,What value does your organization use for: the following critical system components and functions?,,
sc-07.29_odp.01,SC-07(29),rev5,"{{ insert: param, sc-07.29_odp.01 }}",sp800-53a subnetworks are separated to isolate insert param,free-text,single,What value does your organization use for: sp800-53a subnetworks are separated to isolate insert param?,,
sc-07.29_odp.02,SC-07,rev5,"{{ insert: param, sc-07.29_odp.02 }}",param odp to isolate links href rel,free-text,single,What value does your organization use for: param odp to isolate links href rel?,,
sc-08_odp,SC-8,rev5,"{{ insert: param, sc-08_odp }}",related Protect the of transmitted information,free-text,single,What value does your organization use for: related Protect the of transmitted information?,,
sc-08_odp,SC-08,rev5,"{{ insert: param, sc-08_odp }}",sp800-53a the of transmitted information is are protected,free-text,single,What value does your organization use for: sp800-53a the of transmitted information is are protected?,,
sc-08.01_odp,SC-8,rev5,"{{ insert: param, sc-08.01_odp }}",Implement cryptographic mechanisms to during transmission,free-text,single,What value does your organization use for: Implement cryptographic mechanisms to during transmission?,,
sc-08.01_odp,SC-08(01),rev5,"{{ insert: param, sc-08.01_odp }}",mechanisms are implemented to during transmission links href,free-text,single,What value does your organization use for: mechanisms are implemented to during transmission links href?,,
sc-08.02_odp,SC-8,rev5,"{{ insert: param, sc-08.02_odp }}",Maintain the of information during preparation for transmission,free-text,single,What value does your organization use for: Maintain the of information during preparation for transmission?,,
sc-08.02_odp,SC-08(02),rev5,"{{ insert: param, sc-08.02_odp }}",sp800-53a information is are maintained during preparation for,free-text,single,What value does your organization use for: sp800-53a information is are maintained during preparation for?,,
sc-08.02_odp,SC-08(02),rev5,"{{ insert: param, sc-08.02_odp }}",sp800-53a information is are maintained during reception links,free-text,single,What value does your organization use for: sp800-53a information is are maintained during reception links?,,
sc-08.03_odp,SC-8,rev5,"{{ insert: param, sc-08.03_odp }}",protect message externals unless otherwise protected by,free-text,single,What value does your organization use for: protect message externals unless otherwise protected by?,,
sc-08.03_odp,SC-08(03),rev5,"{{ insert: param, sc-08.03_odp }}",externals unless otherwise protected by links href rel,free-text,single,What value does your organization use for: externals unless otherwise protected by links href rel?,,
sc-08.04_odp,SC-8,rev5,"{{ insert: param, sc-08.04_odp }}",randomize communication patterns unless otherwise protected by,free-text,single,What value does your organization use for: randomize communication patterns unless otherwise protected by?,,
sc-08.04_odp,SC-08(04),rev5,"{{ insert: param, sc-08.04_odp }}",patterns unless otherwise protected by links href rel,free-text,single,What value does your organization use for: patterns unless otherwise protected by links href rel?,,
sc-08.05_odp.01,SC-8,rev5,"{{ insert: param, sc-08.05_odp.01 }}",required Implement to insert param odp,free-text,single,What value does your organization use for: required Implement to insert param odp?,,
sc-08.05_odp.02,SC-08,rev5,"{{ insert: param, sc-08.05_odp.02 }}",insert param odp to during transmission,free-text,single,What value does your organization use for: insert param odp to during transmission?,,
sc-08.05_odp.01,SC-08(05),rev5,"{{ insert: param, sc-08.05_odp.01 }}",class sp800-53a the is implemented to insert param,free-text,single,What value does your organization use for: class sp800-53a the is implemented to insert param?,,
sc-08.05_odp.02,SC-08,rev5,"{{ insert: param, sc-08.05_odp.02 }}",odp is implemented to during transmission links href,free-text,single,What value does your organization use for: odp is implemented to during transmission links href?,,
sc-10_odp,SC-10,rev5,"{{ insert: param, sc-10_odp }}",end of the session or after of inactivity,free-text,single,What value does your organization use for: end of the session or after of inactivity?,,
sc-10_odp,SC-10,rev5,"{{ insert: param, sc-10_odp }}",the session or after of inactivity links href,free-text,single,What value does your organization use for: the session or after of inactivity links href?,,
sc-11_odp.01,SC-11,rev5,"{{ insert: param, sc-11_odp.01 }}",Provide isolated trusted communications path for communications,free-text,single,What value does your organization use for: Provide isolated trusted communications path for communications?,,
sc-11_odp.02,SC-11,rev5,"{{ insert: param, sc-11_odp.02 }}",the system including at minimum authentication and re-authentication,free-text,single,What value does your organization use for: the system including at minimum authentication and re-authentication?,,
sc-11_odp.01,SC-11,rev5,"{{ insert: param, sc-11_odp.01 }}",class sp800-53a isolated trusted communication path is provided,free-text,single,What value does your organization use for: class sp800-53a isolated trusted communication path is provided?,,
sc-11_odp.02,SC-11,rev5,"{{ insert: param, sc-11_odp.02 }}",and the of the system including authentication and,free-text,single,What value does your organization use for: and the of the system including authentication and?,,
sc-11.01_odp,SC-11,rev5,"{{ insert: param, sc-11.01_odp }}",between the of the system and the user,free-text,single,What value does your organization use for: between the of the system and the user?,,
sc-11.01_odp,SC-11(01),rev5,"{{ insert: param, sc-11.01_odp }}",between the of the system and the user,free-text,single,What value does your organization use for: between the of the system and the user?,,
sc-12_odp,SC-12,rev5,"{{ insert: param, sc-12_odp }}",in accordance with the following key management requirements,duration,single,"What value does your organization use for: in accordance with the following key management requirements? (answer with a duration, e.g., 30/60/90 days)",30 days | 60 days | 90 days,
sc-12_odp,SC-12,rev5,"{{ insert: param, sc-12_odp }}",system in accordance with links href rel assessment-for,duration,single,"What value does your organization use for: system in accordance with links href rel assessment-for? (answer with a duration, e.g., 30/60/90 days)",30 days | 60 days | 90 days,
sc-12_odp,SC-12,rev5,"{{ insert: param, sc-12_odp }}",system in accordance with links href rel assessment-for,duration,single,"What value does your organization use for: system in accordance with links href rel assessment-for? (answer with a duration, e.g., 30/60/90 days)",30 days | 60 days | 90 days,
sc-12.02_odp,SC-12,rev5,"{{ insert: param, sc-12.02_odp }}",cryptographic keys using key management technology and processes,free-text,single,What value does your organization use for: cryptographic keys using key management technology and processes?,,
sc-12.02_odp,SC-12(02),rev5,"{{ insert: param, sc-12.02_odp }}",produced using key management technology and processes links,free-text,single,What value does your organization use for: produced using key management technology and processes links?,,
sc-12.02_odp,SC-12(02),rev5,"{{ insert: param, sc-12.02_odp }}",controlled using key management technology and processes links,free-text,single,What value does your organization use for: controlled using key management technology and processes links?,,
sc-12.02_odp,SC-12(02),rev5,"{{ insert: param, sc-12.02_odp }}",distributed using key management technology and processes links,free-text,single,What value does your organization use for: distributed using key management technology and processes links?,,
sc-12.03_odp,SC-12,rev5,"{{ insert: param, sc-12.03_odp }}",control and distribute asymmetric cryptographic keys using,free-text,single,What value does your organization use for: control and distribute asymmetric cryptographic keys using?,,
sc-12.03_odp,SC-12(03),rev5,"{{ insert: param, sc-12.03_odp }}",cryptographic keys are produced using links href rel,free-text,single,What value does your organization use for: cryptographic keys are produced using links href rel?,,
sc-12.03_odp,SC-12(03),rev5,"{{ insert: param, sc-12.03_odp }}",cryptographic keys are controlled using links href rel,free-text,single,What value does your organization use for: cryptographic keys are controlled using links href rel?,,
sc-12.03_odp,SC-12(03),rev5,"{{ insert: param, sc-12.03_odp }}",cryptographic keys are distributed using links href rel,free-text,single,What value does your organization use for: cryptographic keys are distributed using links href rel?,,
sc-13_odp.01,SC-13,rev5,"{{ insert: param, sc-13_odp.01 }}",Determine the and,free-text,single,What value does your organization use for: Determine the and?,,
sc-13_odp.02,SC-13,rev5,"{{ insert: param, sc-13_odp.02 }}",of cryptography required for each specified cryptographic use,free-text,single,What value does your organization use for: of cryptography required for each specified cryptographic use?,,
sc-13_odp.01,SC-13,rev5,"{{ insert: param, sc-13_odp.01 }}",assessment-objective SC-13a class sp800-53a are identified links href,free-text,single,What value does your organization use for: assessment-objective SC-13a class sp800-53a are identified links href?,,
sc-13_odp.02,SC-13,rev5,"{{ insert: param, sc-13_odp.02 }}",class sp800-53a for each specified cryptographic use defined,free-text,single,What value does your organization use for: class sp800-53a for each specified cryptographic use defined?,,
sc-15_odp,SC-15,rev5,"{{ insert: param, sc-15_odp }}",devices and applications with the following exceptions and,free-text,single,What value does your organization use for: devices and applications with the following exceptions and?,,
sc-15_odp,SC-15,rev5,"{{ insert: param, sc-15_odp }}",and applications is prohibited except links href rel,free-text,single,What value does your organization use for: and applications is prohibited except links href rel?,,
sc-15.01_odp,SC-15,rev5,"{{ insert: param, sc-15.01_odp }}",Provide disconnect of collaborative computing devices in,free-text,single,What value does your organization use for: Provide disconnect of collaborative computing devices in?,,
sc-15.01_odp,SC-15(01),rev5,"{{ insert: param, sc-15.01_odp }}",sp800-53a the disconnect of collaborative computing devices is,free-text,single,What value does your organization use for: sp800-53a the disconnect of collaborative computing devices is?,,
sc-15.03_odp.01,SC-15,rev5,"{{ insert: param, sc-15.03_odp.01 }}",devices and applications from in insert param odp,free-text,single,What value does your organization use for: devices and applications from in insert param odp?,,
sc-15.03_odp.02,SC-15,rev5,"{{ insert: param, sc-15.03_odp.02 }}",from insert param odp in,free-text,single,What value does your organization use for: from insert param odp in?,,
sc-15.03_odp.01,SC-15(03),rev5,"{{ insert: param, sc-15.03_odp.01 }}",disabled or removed from in insert param odp,free-text,single,What value does your organization use for: disabled or removed from in insert param odp?,,
sc-15.03_odp.02,SC-15,rev5,"{{ insert: param, sc-15.03_odp.02 }}",insert param odp in links href rel,free-text,single,What value does your organization use for: insert param odp in links href rel?,,
sc-15.04_odp,SC-15,rev5,"{{ insert: param, sc-15.04_odp }}",an explicit indication of current participants in,free-text,single,What value does your organization use for: an explicit indication of current participants in?,,
sc-15.04_odp,SC-15(04),rev5,"{{ insert: param, sc-15.04_odp }}",of current participants in is provided links href,free-text,single,What value does your organization use for: of current participants in is provided links href?,,
sc-16_prm_1,SC-16,rev5,"{{ insert: param, sc-16_prm_1 }}",related Associate with information exchanged between systems and,free-text,single,What value does your organization use for: related Associate with information exchanged between systems and?,,
sc-16_odp.01,SC-16,rev5,"{{ insert: param, sc-16_odp.01 }}",class sp800-53a are associated with information exchanged between,free-text,single,What value does your organization use for: class sp800-53a are associated with information exchanged between?,,
sc-16_odp.01,SC-16,rev5,"{{ insert: param, sc-16_odp.01 }}",class sp800-53a are associated with information exchanged between,free-text,single,What value does your organization use for: class sp800-53a are associated with information exchanged between?,,
sc-16_odp.02,SC-16,rev5,"{{ insert: param, sc-16_odp.02 }}",class sp800-53a are associated with information exchanged between,free-text,single,What value does your organization use for: class sp800-53a are associated with information exchanged between?,,
sc-16_odp.02,SC-16,rev5,"{{ insert: param, sc-16_odp.02 }}",class sp800-53a are associated with information exchanged between,free-text,single,What value does your organization use for: class sp800-53a are associated with information exchanged between?,,
sc-16.03_odp,SC-16,rev5,"{{ insert: param, sc-16.03_odp }}",Implement to bind security and privacy attributes,free-text,single,What value does your organization use for: Implement to bind security and privacy attributes?,,
sc-16.03_odp,SC-16(03),rev5,"{{ insert: param, sc-16.03_odp }}",class sp800-53a are implemented to bind security and,free-text,single,What value does your organization use for: class sp800-53a are implemented to bind security and?,,
sc-17_odp,SC-17,rev5,"{{ insert: param, sc-17_odp }}",under an or obtain public key certificates from,free-text,single,What value does your organization use for: under an or obtain public key certificates from?,,
sc-17_odp,SC-17,rev5,"{{ insert: param, sc-17_odp }}",issued under or public key certificates are obtained,free-text,single,What value does your organization use for: issued under or public key certificates are obtained?,,
sc-18.01_odp.01,SC-18,rev5,"{{ insert: param, sc-18.01_odp.01 }}",required Identify and take insert param,free-text,single,What value does your organization use for: required Identify and take insert param?,,
sc-18.01_odp.02,SC-18,rev5,"{{ insert: param, sc-18.01_odp.02 }}",insert param odp and take,free-text,single,What value does your organization use for: insert param odp and take?,,
sc-18.01_odp.01,SC-18(01),rev5,"{{ insert: param, sc-18.01_odp.01 }}",class sp800-53a is identified links href,free-text,single,What value does your organization use for: class sp800-53a is identified links href?,,
sc-18.01_odp.02,SC-18(01),rev5,"{{ insert: param, sc-18.01_odp.02 }}",class sp800-53a are taken if unacceptable mobile code,free-text,single,What value does your organization use for: class sp800-53a are taken if unacceptable mobile code?,,
sc-18.02_odp,SC-18,rev5,"{{ insert: param, sc-18.02_odp }}",to be deployed in the system meets,free-text,single,What value does your organization use for: to be deployed in the system meets?,,
sc-18.02_odp,SC-18(02),rev5,"{{ insert: param, sc-18.02_odp }}",deployed in the system meets links href rel,free-text,single,What value does your organization use for: deployed in the system meets links href rel?,,
sc-18.02_odp,SC-18(02),rev5,"{{ insert: param, sc-18.02_odp }}",deployed in the system meets links href rel,free-text,single,What value does your organization use for: deployed in the system meets links href rel?,,
sc-18.02_odp,SC-18(02),rev5,"{{ insert: param, sc-18.02_odp }}",deployed in the system meets links href rel,free-text,single,What value does your organization use for: deployed in the system meets links href rel?,,
sc-18.03_odp,SC-18,rev5,"{{ insert: param, sc-18.03_odp }}",Prevent the download and execution of,free-text,single,What value does your organization use for: Prevent the download and execution of?,,
sc-18.03_odp,SC-18(03),rev5,"{{ insert: param, sc-18.03_odp }}",sp800-53a the download of is prevented links href,free-text,single,What value does your organization use for: sp800-53a the download of is prevented links href?,,
sc-18.03_odp,SC-18(03),rev5,"{{ insert: param, sc-18.03_odp }}",sp800-53a the execution of is prevented links href,free-text,single,What value does your organization use for: sp800-53a the execution of is prevented links href?,,
sc-18.04_odp.01,SC-18,rev5,"{{ insert: param, sc-18.04_odp.01 }}",of mobile code in and enforce insert param,free-text,single,What value does your organization use for: of mobile code in and enforce insert param?,,
sc-18.04_odp.02,SC-18,rev5,"{{ insert: param, sc-18.04_odp.02 }}",odp and enforce prior to executing the code,free-text,single,What value does your organization use for: odp and enforce prior to executing the code?,,
sc-18.04_odp.01,SC-18(04),rev5,"{{ insert: param, sc-18.04_odp.01 }}",of mobile code in is prevented links href,free-text,single,What value does your organization use for: of mobile code in is prevented links href?,,
sc-18.04_odp.02,SC-18(04),rev5,"{{ insert: param, sc-18.04_odp.02 }}",class sp800-53a are enforced prior to executing mobile,free-text,single,What value does your organization use for: class sp800-53a are enforced prior to executing mobile?,,
sc-23.03_odp,SC-23,rev5,"{{ insert: param, sc-23.03_odp }}",session with and recognize only session identifiers that,free-text,single,What value does your organization use for: session with and recognize only session identifiers that?,,
sc-23.03_odp,SC-23(03),rev5,"{{ insert: param, sc-23.03_odp }}",generated for each session with links href rel,free-text,single,What value does your organization use for: generated for each session with links href rel?,,
sc-23.05_odp,SC-23,rev5,"{{ insert: param, sc-23.05_odp }}",use of for verification of the establishment of,free-text,single,What value does your organization use for: use of for verification of the establishment of?,,
sc-23.05_odp,SC-23(05),rev5,"{{ insert: param, sc-23.05_odp }}",use of for verification of the establishment of,free-text,single,What value does your organization use for: use of for verification of the establishment of?,,
sc-24_odp.02,SC-24,rev5,"{{ insert: param, sc-24_odp.02 }}",Fail to for the following failures on the,free-text,single,What value does your organization use for: Fail to for the following failures on the?,,
sc-24_odp.03,SC-24,rev5,"{{ insert: param, sc-24_odp.03 }}",components while preserving in failure insert param odp,free-text,single,What value does your organization use for: components while preserving in failure insert param odp?,,
sc-24_odp.01,SC-24,rev5,"{{ insert: param, sc-24_odp.01 }}",while preserving insert param odp in failure,free-text,single,What value does your organization use for: while preserving insert param odp in failure?,,
sc-24_odp.01,SC-24,rev5,"{{ insert: param, sc-24_odp.01 }}",assessment-objective class sp800-53a fail to insert param,free-text,single,What value does your organization use for: assessment-objective class sp800-53a fail to insert param?,,
sc-24_odp.02,SC-24,rev5,"{{ insert: param, sc-24_odp.02 }}",odp fail to while preserving insert param odp,free-text,single,What value does your organization use for: odp fail to while preserving insert param odp?,,
sc-24_odp.03,SC-24,rev5,"{{ insert: param, sc-24_odp.03 }}",param odp while preserving in failure links href,free-text,single,What value does your organization use for: param odp while preserving in failure links href?,,
sc-25_odp,SC-25,rev5,"{{ insert: param, sc-25_odp }}",and information storage on the following system components,frequency,single,"What value does your organization use for: and information storage on the following system components? (answer with a frequency, e.g., daily/weekly/monthly)",daily | weekly | monthly | quarterly,
sc-25_odp,SC-25,rev5,"{{ insert: param, sc-25_odp }}",sp800-53a minimal functionality for is employed links href,free-text,single,What value does your organization use for: sp800-53a minimal functionality for is employed links href?,,
sc-25_odp,SC-25,rev5,"{{ insert: param, sc-25_odp }}",minimal information storage on is allocated links href,free-text,single,What value does your organization use for: minimal information storage on is allocated links href?,,
sc-27_odp,SC-27,rev5,"{{ insert: param, sc-27_odp }}",within organizational systems the following platform independent applications,duration,single,"What value does your organization use for: within organizational systems the following platform independent applications? (answer with a duration, e.g., 30/60/90 days)",30 days | 60 days | 90 days,
sc-27_odp,SC-27,rev5,"{{ insert: param, sc-27_odp }}",class sp800-53a are included within organizational systems links,duration,single,"What value does your organization use for: class sp800-53a are included within organizational systems links? (answer with a duration, e.g., 30/60/90 days)",30 days | 60 days | 90 days,
sc-28_odp.01,SC-28,rev5,"{{ insert: param, sc-28_odp.01 }}",Protect the of the following information at rest,free-text,single,What value does your organization use for: Protect the of the following information at rest?,,
sc-28_odp.02,SC-28,rev5,"{{ insert: param, sc-28_odp.02 }}",odp of the following information at rest,free-text,single,What value does your organization use for: odp of the following information at rest?,,
sc-28_odp.01,SC-28,rev5,"{{ insert: param, sc-28_odp.01 }}",assessment-objective class sp800-53a the of insert param odp,free-text,single,What value does your organization use for: assessment-objective class sp800-53a the of insert param odp?,,
sc-28_odp.02,SC-28,rev5,"{{ insert: param, sc-28_odp.02 }}",param odp of is are protected links href,free-text,single,What value does your organization use for: param odp of is are protected links href?,,
sc-28.01_odp.02,SC-28,rev5,"{{ insert: param, sc-28.01_odp.02 }}",following information at rest on insert param odp,free-text,single,What value does your organization use for: following information at rest on insert param odp?,,
sc-28.01_odp.01,SC-28,rev5,"{{ insert: param, sc-28.01_odp.01 }}",rest on insert param odp,free-text,single,What value does your organization use for: rest on insert param odp?,,
sc-28.01_odp.01,SC-28(01),rev5,"{{ insert: param, sc-28.01_odp.01 }}",unauthorized disclosure of at rest on insert param,free-text,single,What value does your organization use for: unauthorized disclosure of at rest on insert param?,,
sc-28.01_odp.02,SC-28,rev5,"{{ insert: param, sc-28.01_odp.02 }}",odp at rest on links href rel,free-text,single,What value does your organization use for: odp at rest on links href rel?,,
sc-28.01_odp.01,SC-28(01),rev5,"{{ insert: param, sc-28.01_odp.01 }}",unauthorized modification of at rest on insert param,free-text,single,What value does your organization use for: unauthorized modification of at rest on insert param?,,
sc-28.01_odp.02,SC-28,rev5,"{{ insert: param, sc-28.01_odp.02 }}",odp at rest on links href rel,free-text,single,What value does your organization use for: odp at rest on links href rel?,,
sc-28.02_odp,SC-28,rev5,"{{ insert: param, sc-28.02_odp }}",storage and store offline in secure location,free-text,single,What value does your organization use for: storage and store offline in secure location?,,
sc-28.02_odp,SC-28(02),rev5,"{{ insert: param, sc-28.02_odp }}",class sp800-53a is removed from online storage links,free-text,single,What value does your organization use for: class sp800-53a is removed from online storage links?,,
sc-28.02_odp,SC-28(02),rev5,"{{ insert: param, sc-28.02_odp }}",class sp800-53a is stored offline in secure,free-text,single,What value does your organization use for: class sp800-53a is stored offline in secure?,,
sc-28.03_odp.02,SC-28(03),rev5,"{{ insert: param, sc-28.03_odp.02 }}",ODP class sp800-53a select choice hardware-protected key store,free-text,single,What value does your organization use for: ODP class sp800-53a select choice hardware-protected key store?,,
sc-28.03_odp.01,SC-28,rev5,"{{ insert: param, sc-28.03_odp.01 }}",Provide protected storage for cryptographic keys,free-text,single,What value does your organization use for: Provide protected storage for cryptographic keys?,,
sc-28.03_odp.01,SC-28(03),rev5,"{{ insert: param, sc-28.03_odp.01 }}",cryptographic keys is provided using links href rel,free-text,single,What value does your organization use for: cryptographic keys is provided using links href rel?,,
sc-29_odp,SC-29,rev5,"{{ insert: param, sc-29_odp }}",system components in the implementation of the system,duration,single,"What value does your organization use for: system components in the implementation of the system? (answer with a duration, e.g., 30/60/90 days)",30 days | 60 days | 90 days,
sc-29_odp,SC-29,rev5,"{{ insert: param, sc-29_odp }}",employed for in the implementation of the system,free-text,single,What value does your organization use for: employed for in the implementation of the system?,,
sc-29.01_odp,SC-29,rev5,"{{ insert: param, sc-29.01_odp }}",operating systems and applications that are changed,free-text,single,What value does your organization use for: operating systems and applications that are changed?,,
sc-29.01_odp,SC-29(01),rev5,"{{ insert: param, sc-29.01_odp }}",and applications that are changed links href rel,free-text,single,What value does your organization use for: and applications that are changed links href rel?,,
sc-30_odp.02,SC-30,rev5,"{{ insert: param, sc-30_odp.02 }}",and misdirection techniques for at insert param odp,free-text,single,What value does your organization use for: and misdirection techniques for at insert param odp?,,
sc-30_odp.03,SC-30,rev5,"{{ insert: param, sc-30_odp.03 }}",odp at to confuse and mislead adversaries insert,free-text,single,What value does your organization use for: odp at to confuse and mislead adversaries insert?,,
sc-30_odp.01,SC-30,rev5,"{{ insert: param, sc-30_odp.01 }}",param odp to confuse and mislead adversaries,free-text,single,What value does your organization use for: param odp to confuse and mislead adversaries?,,
sc-30_odp.01,SC-30,rev5,"{{ insert: param, sc-30_odp.01 }}",assessment-objective class sp800-53a are employed for insert param,free-text,single,What value does your organization use for: assessment-objective class sp800-53a are employed for insert param?,,
sc-30_odp.02,SC-30,rev5,"{{ insert: param, sc-30_odp.02 }}",odp are employed for for insert param odp,free-text,single,What value does your organization use for: odp are employed for for insert param odp?,,
sc-30_odp.03,SC-30,rev5,"{{ insert: param, sc-30_odp.03 }}",odp for to confuse and mislead adversaries links,free-text,single,What value does your organization use for: odp for to confuse and mislead adversaries links?,,
sc-30.02_odp,SC-30,rev5,"{{ insert: param, sc-30.02_odp }}",Employ to introduce randomness into organizational operations,free-text,single,What value does your organization use for: Employ to introduce randomness into organizational operations?,,
sc-30.02_odp,SC-30(02),rev5,"{{ insert: param, sc-30.02_odp }}",class sp800-53a are employed to introduce randomness into,free-text,single,What value does your organization use for: class sp800-53a are employed to introduce randomness into?,,
sc-30.03_odp.03,SC-30(03),rev5,"{{ insert: param, sc-30.03_odp.03 }}",ODP class sp800-53a select choice random time intervals,free-text,single,What value does your organization use for: ODP class sp800-53a select choice random time intervals?,,
sc-30.03_odp.01,SC-30,rev5,"{{ insert: param, sc-30.03_odp.01 }}",Change the location of insert param odp,free-text,single,What value does your organization use for: Change the location of insert param odp?,,
sc-30.03_odp.02,SC-30,rev5,"{{ insert: param, sc-30.03_odp.02 }}",location of insert param odp,free-text,single,What value does your organization use for: location of insert param odp?,,
sc-30.03_odp.01,SC-30(03),rev5,"{{ insert: param, sc-30.03_odp.01 }}",sp800-53a the location of is changed insert param,free-text,single,What value does your organization use for: sp800-53a the location of is changed insert param?,,
sc-30.03_odp.02,SC-30,rev5,"{{ insert: param, sc-30.03_odp.02 }}",param odp is changed links href rel,free-text,single,What value does your organization use for: param odp is changed links href rel?,,
sc-30.04_odp,SC-30,rev5,"{{ insert: param, sc-30.04_odp }}",information in about its security state or posture,free-text,list,What value does your organization use for: information in about its security state or posture?,,
sc-30.04_odp,SC-30(04),rev5,"{{ insert: param, sc-30.04_odp }}",state or posture of is employed links href,free-text,list,What value does your organization use for: state or posture of is employed links href?,,
sc-30.05_odp.02,SC-30,rev5,"{{ insert: param, sc-30.05_odp.02 }}",techniques to hide or conceal insert param odp,free-text,single,What value does your organization use for: techniques to hide or conceal insert param odp?,,
sc-30.05_odp.01,SC-30,rev5,"{{ insert: param, sc-30.05_odp.01 }}",or conceal insert param odp,free-text,single,What value does your organization use for: or conceal insert param odp?,,
sc-30.05_odp.01,SC-30(05),rev5,"{{ insert: param, sc-30.05_odp.01 }}",class sp800-53a are employed to hide or conceal,free-text,single,What value does your organization use for: class sp800-53a are employed to hide or conceal?,,
sc-30.05_odp.02,SC-30,rev5,"{{ insert: param, sc-30.05_odp.02 }}",employed to hide or conceal links href rel,free-text,single,What value does your organization use for: employed to hide or conceal links href rel?,,
sc-31_odp,SC-31,rev5,"{{ insert: param, sc-31_odp }}",that are potential avenues for covert channels and,duration,single,"What value does your organization use for: that are potential avenues for covert channels and? (answer with a duration, e.g., 30/60/90 days)",30 days | 60 days | 90 days,
sc-31_odp,SC-31,rev5,"{{ insert: param, sc-31_odp }}",are potential avenues for covert channels links href,duration,single,"What value does your organization use for: are potential avenues for covert channels links href? (answer with a duration, e.g., 30/60/90 days)",30 days | 60 days | 90 days,
sc-31.02_odp.01,SC-31,rev5,"{{ insert: param, sc-31.02_odp.01 }}",bandwidth for identified covert channels to insert param,free-text,single,What value does your organization use for: bandwidth for identified covert channels to insert param?,,
sc-31.02_odp.02,SC-31,rev5,"{{ insert: param, sc-31.02_odp.02 }}",insert param odp channels to,free-text,single,What value does your organization use for: insert param odp channels to?,,
sc-31.02_odp.01,SC-31(02),rev5,"{{ insert: param, sc-31.02_odp.01 }}",identified covert channels is reduced to insert param,free-text,single,What value does your organization use for: identified covert channels is reduced to insert param?,,
sc-31.02_odp.02,SC-31,rev5,"{{ insert: param, sc-31.02_odp.02 }}",odp channels is reduced to links href rel,free-text,single,What value does your organization use for: odp channels is reduced to links href rel?,,
sc-31.03_odp,SC-31,rev5,"{{ insert: param, sc-31.03_odp }}",bandwidth of in the operational environment of the,free-text,single,What value does your organization use for: bandwidth of in the operational environment of the?,,
sc-31.03_odp,SC-31(03),rev5,"{{ insert: param, sc-31.03_odp }}",bandwidth of is measured in the operational environment,free-text,single,What value does your organization use for: bandwidth of is measured in the operational environment?,,
sc-32_odp.01,SC-32,rev5,"{{ insert: param, sc-32_odp.01 }}",the system into residing in separate insert param,free-text,single,What value does your organization use for: the system into residing in separate insert param?,,
sc-32_odp.02,SC-32,rev5,"{{ insert: param, sc-32_odp.02 }}",in separate domains or environments based on insert,free-text,single,What value does your organization use for: in separate domains or environments based on insert?,,
sc-32_odp.03,SC-32,rev5,"{{ insert: param, sc-32_odp.03 }}",param odp domains or environments based on,free-text,single,What value does your organization use for: param odp domains or environments based on?,,
sc-32_odp.01,SC-32,rev5,"{{ insert: param, sc-32_odp.01 }}",is partitioned into residing in separate insert param,free-text,single,What value does your organization use for: is partitioned into residing in separate insert param?,,
sc-32_odp.02,SC-32,rev5,"{{ insert: param, sc-32_odp.02 }}",in separate domains or environments based on insert,free-text,single,What value does your organization use for: in separate domains or environments based on insert?,,
sc-32_odp.03,SC-32,rev5,"{{ insert: param, sc-32_odp.03 }}",or environments based on links href rel assessment-for,free-text,single,What value does your organization use for: or environments based on links href rel assessment-for?,,
sc-34_odp.01,SC-34,rev5,"{{ insert: param, sc-34_odp.01 }}",rel related For load and execute,free-text,single,What value does your organization use for: rel related For load and execute?,,
sc-34_odp.02,SC-34,rev5,"{{ insert: param, sc-34_odp.02 }}",The following applications from hardware-enforced read-only media,free-text,single,What value does your organization use for: The following applications from hardware-enforced read-only media?,,
sc-34_odp.01,SC-34,rev5,"{{ insert: param, sc-34_odp.01 }}",environment for is loaded and executed from hardware-enforced,free-text,single,What value does your organization use for: environment for is loaded and executed from hardware-enforced?,,
sc-34_odp.02,SC-34,rev5,"{{ insert: param, sc-34_odp.02 }}",assessment-objective SC-34b class sp800-53a for insert param odp,free-text,single,What value does your organization use for: assessment-objective SC-34b class sp800-53a for insert param odp?,,
sc-34_odp.01,SC-34,rev5,"{{ insert: param, sc-34_odp.01 }}",odp for are loaded and executed from hardware-enforced,free-text,single,What value does your organization use for: odp for are loaded and executed from hardware-enforced?,,
sc-34.01_odp,SC-34,rev5,"{{ insert: param, sc-34.01_odp }}",Employ with no writeable storage that is,free-text,single,What value does your organization use for: Employ with no writeable storage that is?,,
sc-34.01_odp,SC-34(01),rev5,"{{ insert: param, sc-34.01_odp }}",class sp800-53a are employed with no writeable storage,free-text,single,What value does your organization use for: class sp800-53a are employed with no writeable storage?,,
sc-36_prm_1,SC-36,rev5,"{{ insert: param, sc-36_prm_1 }}",and storage components across multiple insert param prm,free-text,list,What value does your organization use for: and storage components across multiple insert param prm?,,
sc-36_prm_2,SC-36,rev5,"{{ insert: param, sc-36_prm_2 }}",storage components across multiple insert param prm,free-text,list,What value does your organization use for: storage components across multiple insert param prm?,,
sc-36_odp.01,SC-36,rev5,"{{ insert: param, sc-36_odp.01 }}",assessment-objective class sp800-53a are distributed across insert param,free-text,single,What value does your organization use for: assessment-objective class sp800-53a are distributed across insert param?,,
sc-36_odp.02,SC-36,rev5,"{{ insert: param, sc-36_odp.02 }}",odp are distributed across links href rel assessment-for,free-text,single,What value does your organization use for: odp are distributed across links href rel assessment-for?,,
sc-36_odp.03,SC-36,rev5,"{{ insert: param, sc-36_odp.03 }}",assessment-objective class sp800-53a are distributed across insert param,free-text,single,What value does your organization use for: assessment-objective class sp800-53a are distributed across insert param?,,
sc-36_odp.04,SC-36,rev5,"{{ insert: param, sc-36_odp.04 }}",odp are distributed across links href rel assessment-for,free-text,single,What value does your organization use for: odp are distributed across links href rel assessment-for?,,
sc-36.01_odp.01,SC-36,rev5,"{{ insert: param, sc-36.01_odp.01 }}",to the following processing and storage components and,free-text,single,What value does your organization use for: to the following processing and storage components and?,,
sc-36.01_odp.02,SC-36,rev5,"{{ insert: param, sc-36.01_odp.02 }}",response to identified faults errors or compromises,free-text,single,What value does your organization use for: response to identified faults errors or compromises?,,
sc-36.01_odp.01,SC-36(01),rev5,"{{ insert: param, sc-36.01_odp.01 }}",potential faults errors or compromises to links href,free-text,single,What value does your organization use for: potential faults errors or compromises to links href?,,
sc-36.01_odp.02,SC-36(01),rev5,"{{ insert: param, sc-36.01_odp.02 }}",class sp800-53a are taken in response to identified,free-text,single,What value does your organization use for: class sp800-53a are taken in response to identified?,,
sc-36.02_odp,SC-36,rev5,"{{ insert: param, sc-36.02_odp }}",the following duplicate systems or system components,free-text,single,What value does your organization use for: the following duplicate systems or system components?,,
sc-36.02_odp,SC-36(02),rev5,"{{ insert: param, sc-36.02_odp }}",assessment-objective class sp800-53a are synchronized links href,free-text,single,What value does your organization use for: assessment-objective class sp800-53a are synchronized links href?,,
sc-37_odp.02,SC-37,rev5,"{{ insert: param, sc-37_odp.02 }}",or electronic transmission of to insert param odp,free-text,single,What value does your organization use for: or electronic transmission of to insert param odp?,,
sc-37_odp.03,SC-37,rev5,"{{ insert: param, sc-37_odp.03 }}",of insert param odp to insert param odp,free-text,single,What value does your organization use for: of insert param odp to insert param odp?,,
sc-37_odp.01,SC-37,rev5,"{{ insert: param, sc-37_odp.01 }}",param odp to insert param odp,free-text,single,What value does your organization use for: param odp to insert param odp?,,
sc-37_odp.01,SC-37,rev5,"{{ insert: param, sc-37_odp.01 }}",class sp800-53a are employed for the physical delivery,free-text,single,What value does your organization use for: class sp800-53a are employed for the physical delivery?,,
sc-37_odp.02,SC-37,rev5,"{{ insert: param, sc-37_odp.02 }}",or electronic transmission of to insert param odp,free-text,single,What value does your organization use for: or electronic transmission of to insert param odp?,,
sc-37_odp.03,SC-37,rev5,"{{ insert: param, sc-37_odp.03 }}",insert param odp to links href rel assessment-for,free-text,single,What value does your organization use for: insert param odp to links href rel assessment-for?,,
sc-37.01_odp.01,SC-37,rev5,"{{ insert: param, sc-37.01_odp.01 }}",Employ to ensure that only insert param,free-text,single,What value does your organization use for: Employ to ensure that only insert param?,,
sc-37.01_odp.02,SC-37,rev5,"{{ insert: param, sc-37.01_odp.02 }}",that only receive the following information system components,free-text,single,What value does your organization use for: that only receive the following information system components?,,
sc-37.01_odp.03,SC-37,rev5,"{{ insert: param, sc-37.01_odp.03 }}",the following information system components or devices,free-text,single,What value does your organization use for: the following information system components or devices?,,
sc-37.01_odp.01,SC-37(01),rev5,"{{ insert: param, sc-37.01_odp.01 }}",class sp800-53a are employed to ensure that only,free-text,single,What value does your organization use for: class sp800-53a are employed to ensure that only?,,
sc-37.01_odp.02,SC-37,rev5,"{{ insert: param, sc-37.01_odp.02 }}",to ensure that only receive insert param odp,free-text,single,What value does your organization use for: to ensure that only receive insert param odp?,,
sc-37.01_odp.03,SC-37,rev5,"{{ insert: param, sc-37.01_odp.03 }}",insert param odp receive links href rel,free-text,single,What value does your organization use for: insert param odp receive links href rel?,,
sc-38_odp,SC-38,rev5,"{{ insert: param, sc-38_odp }}",organizational information throughout the system development life cycle,free-text,single,What value does your organization use for: organizational information throughout the system development life cycle?,,
sc-38_odp,SC-38,rev5,"{{ insert: param, sc-38_odp }}",class sp800-53a are employed to protect key organizational,free-text,single,What value does your organization use for: class sp800-53a are employed to protect key organizational?,,
sc-39.02_odp,SC-39,rev5,"{{ insert: param, sc-39.02_odp }}",separate execution domain for each thread in,free-text,single,What value does your organization use for: separate execution domain for each thread in?,,
sc-39.02_odp,SC-39(02),rev5,"{{ insert: param, sc-39.02_odp }}",maintained for each thread in links href rel,free-text,single,What value does your organization use for: maintained for each thread in links href rel?,,
sc-40_prm_1,SC-40,rev5,"{{ insert: param, sc-40_prm_1 }}",and internal from the following signal parameter attacks,free-text,single,What value does your organization use for: and internal from the following signal parameter attacks?,,
sc-40_prm_2,SC-40,rev5,"{{ insert: param, sc-40_prm_2 }}",prm from the following signal parameter attacks,free-text,single,What value does your organization use for: prm from the following signal parameter attacks?,,
sc-40_odp.01,SC-40,rev5,"{{ insert: param, sc-40_odp.01 }}",class sp800-53a external are protected from insert param,free-text,single,What value does your organization use for: class sp800-53a external are protected from insert param?,,
sc-40_odp.02,SC-40,rev5,"{{ insert: param, sc-40_odp.02 }}",odp are protected from links href rel assessment-for,free-text,single,What value does your organization use for: odp are protected from links href rel assessment-for?,,
sc-40_odp.03,SC-40,rev5,"{{ insert: param, sc-40_odp.03 }}",class sp800-53a internal are protected from insert param,free-text,single,What value does your organization use for: class sp800-53a internal are protected from insert param?,,
sc-40_odp.04,SC-40,rev5,"{{ insert: param, sc-40_odp.04 }}",odp are protected from links href rel assessment-for,free-text,single,What value does your organization use for: odp are protected from links href rel assessment-for?,,
sc-40.01_odp,SC-40,rev5,"{{ insert: param, sc-40.01_odp }}",that achieve against the effects of intentional electromagnetic,free-text,single,What value does your organization use for: that achieve against the effects of intentional electromagnetic?,,
sc-40.01_odp,SC-40(01),rev5,"{{ insert: param, sc-40.01_odp }}",that achieve against the effects of intentional electromagnetic,free-text,single,What value does your organization use for: that achieve against the effects of intentional electromagnetic?,,
sc-40.02_odp,SC-40,rev5,"{{ insert: param, sc-40.02_odp }}",the detection potential of wireless links to,free-text,single,What value does your organization use for: the detection potential of wireless links to?,,
sc-40.02_odp,SC-40(02),rev5,"{{ insert: param, sc-40.02_odp }}",of wireless links to are implemented links href,free-text,single,What value does your organization use for: of wireless links to are implemented links href?,,
sc-40.04_odp,SC-40,rev5,"{{ insert: param, sc-40.04_odp }}",identification of by using the transmitter signal parameters,free-text,single,What value does your organization use for: identification of by using the transmitter signal parameters?,,
sc-40.04_odp,SC-40(04),rev5,"{{ insert: param, sc-40.04_odp }}",identification of by using the transmitter signal parameters,free-text,single,What value does your organization use for: identification of by using the transmitter signal parameters?,,
sc-41_odp.02,SC-41,rev5,"{{ insert: param, sc-41_odp.02 }}",rel related disable or remove insert param,free-text,single,What value does your organization use for: rel related disable or remove insert param?,,
sc-41_odp.01,SC-41,rev5,"{{ insert: param, sc-41_odp.01 }}",or remove on the following systems or system,free-text,single,What value does your organization use for: or remove on the following systems or system?,,
sc-41_odp.03,SC-41,rev5,"{{ insert: param, sc-41_odp.03 }}",on the following systems or system components,free-text,single,What value does your organization use for: on the following systems or system components?,,
sc-41_odp.01,SC-41,rev5,"{{ insert: param, sc-41_odp.01 }}",assessment-objective class sp800-53a are insert param odp,free-text,single,What value does your organization use for: assessment-objective class sp800-53a are insert param odp?,,
sc-41_odp.02,SC-41,rev5,"{{ insert: param, sc-41_odp.02 }}",odp are disabled or removed on insert param,free-text,single,What value does your organization use for: odp are disabled or removed on insert param?,,
sc-41_odp.03,SC-41,rev5,"{{ insert: param, sc-41_odp.03 }}",disabled or removed on links href rel assessment-for,free-text,single,What value does your organization use for: disabled or removed on links href rel assessment-for?,,
sc-42_odp.02,SC-42,rev5,"{{ insert: param, sc-42_odp.02 }}",use of devices possessing in insert param odp,free-text,single,What value does your organization use for: use of devices possessing in insert param odp?,,
sc-42_odp.03,SC-42,rev5,"{{ insert: param, sc-42_odp.03 }}",odp in the remote activation of environmental sensing,free-text,single,What value does your organization use for: odp in the remote activation of environmental sensing?,,
sc-42_odp.04,SC-42,rev5,"{{ insert: param, sc-42_odp.04 }}",or system components with the following exceptions odp,free-text,single,What value does your organization use for: or system components with the following exceptions odp?,,
sc-42_odp.01,SC-42,rev5,"{{ insert: param, sc-42_odp.01 }}",Prohibit and,free-text,single,What value does your organization use for: Prohibit and?,,
sc-42_odp.05,SC-42,rev5,"{{ insert: param, sc-42_odp.05 }}",Provide an explicit indication of sensor use to,free-text,single,What value does your organization use for: Provide an explicit indication of sensor use to?,,
sc-42_odp.01,SC-42,rev5,"{{ insert: param, sc-42_odp.01 }}",SC-42a class sp800-53a is are prohibited links href,free-text,single,What value does your organization use for: SC-42a class sp800-53a is are prohibited links href?,,
sc-42_odp.05,SC-42,rev5,"{{ insert: param, sc-42_odp.05 }}",sensor use is provided to links href rel,free-text,single,What value does your organization use for: sensor use is provided to links href rel?,,
sc-42.01_odp,SC-42,rev5,"{{ insert: param, sc-42.01_odp }}",by the is only reported to authorized individuals,role,single,What value does your organization use for: by the is only reported to authorized individuals? (answer with a job title or role),System Administrator | Security Officer,
sc-42.01_odp,SC-42(01),rev5,"{{ insert: param, sc-42.01_odp }}",by the is only reported to authorized individuals,role,single,What value does your organization use for: by the is only reported to authorized individuals? (answer with a job title or role),System Administrator | Security Officer,
sc-42.01_odp,SC-42,rev5,"{{ insert: param, sc-42.01_odp }}",collected by is only used for authorized purposes,free-text,single,What value does your organization use for: collected by is only used for authorized purposes?,,
sc-42.02_odp,SC-42,rev5,"{{ insert: param, sc-42.02_odp }}",odp is only used for authorized purposes,free-text,single,What value does your organization use for: odp is only used for authorized purposes?,,
sc-42.02_odp,SC-42(02),rev5,"{{ insert: param, sc-42.02_odp }}",class sp800-53a are employed so that data or,free-text,single,What value does your organization use for: class sp800-53a are employed so that data or?,,
sc-42.01_odp,SC-42,rev5,"{{ insert: param, sc-42.01_odp }}",collected by is only used for authorized purposes,free-text,single,What value does your organization use for: collected by is only used for authorized purposes?,,
sc-42.04_odp.02,SC-42,rev5,"{{ insert: param, sc-42.04_odp.02 }}",information is being collected by insert param odp,free-text,single,What value does your organization use for: information is being collected by insert param odp?,,
sc-42.04_odp.01,SC-42,rev5,"{{ insert: param, sc-42.04_odp.01 }}",collected by insert param odp,free-text,single,What value does your organization use for: collected by insert param odp?,,
sc-42.04_odp.01,SC-42(04),rev5,"{{ insert: param, sc-42.04_odp.01 }}",class sp800-53a are employed to facilitate an individual,free-text,single,What value does your organization use for: class sp800-53a are employed to facilitate an individual?,,
sc-42.04_odp.02,SC-42,rev5,"{{ insert: param, sc-42.04_odp.02 }}",information is being collected by links href rel,free-text,single,What value does your organization use for: information is being collected by links href rel?,,
sc-42.05_odp,SC-42,rev5,"{{ insert: param, sc-42.05_odp }}",Employ that are configured to minimize the,free-text,single,What value does your organization use for: Employ that are configured to minimize the?,,
sc-42.05_odp,SC-42(05),rev5,"{{ insert: param, sc-42.05_odp }}",sp800-53a the configured to minimize the collection of,free-text,single,What value does your organization use for: sp800-53a the configured to minimize the collection of?,,
sc-43_odp,SC-43,rev5,"{{ insert: param, sc-43_odp }}",implementation guidelines for the following system components and,duration,single,"What value does your organization use for: implementation guidelines for the following system components and? (answer with a duration, e.g., 30/60/90 days)",30 days | 60 days | 90 days,
sc-43_odp,SC-43,rev5,"{{ insert: param, sc-43_odp }}",implementation guidelines are established for links href rel,free-text,single,What value does your organization use for: implementation guidelines are established for links href rel?,,
sc-43_odp,SC-43,rev5,"{{ insert: param, sc-43_odp }}",use of is authorized within the system links,duration,single,"What value does your organization use for: use of is authorized within the system links? (answer with a duration, e.g., 30/60/90 days)",30 days | 60 days | 90 days,
sc-43_odp,SC-43,rev5,"{{ insert: param, sc-43_odp }}",use of is monitored within the system links,duration,single,"What value does your organization use for: use of is monitored within the system links? (answer with a duration, e.g., 30/60/90 days)",30 days | 60 days | 90 days,
sc-43_odp,SC-43,rev5,"{{ insert: param, sc-43_odp }}",use of is controlled within the system links,duration,single,"What value does your organization use for: use of is controlled within the system links? (answer with a duration, e.g., 30/60/90 days)",30 days | 60 days | 90 days,
sc-44_odp,SC-44,rev5,"{{ insert: param, sc-44_odp }}",Employ detonation chamber capability within,duration,single,"What value does your organization use for: Employ detonation chamber capability within? (answer with a duration, e.g., 30/60/90 days)",30 days | 60 days | 90 days,
sc-44_odp,SC-44,rev5,"{{ insert: param, sc-44_odp }}",is employed within the links href rel assessment-for,duration,single,"What value does your organization use for: is employed within the links href rel assessment-for? (answer with a duration, e.g., 30/60/90 days)",30 days | 60 days | 90 days,
sc-45.01_odp.01,SC-45,rev5,"{{ insert: param, sc-45.01_odp.01 }}",the internal system clocks with insert param odp,free-text,single,What value does your organization use for: the internal system clocks with insert param odp?,,
sc-45.01_odp.02,SC-45,rev5,"{{ insert: param, sc-45.01_odp.02 }}",system clocks insert param odp with and,free-text,single,What value does your organization use for: system clocks insert param odp with and?,,
sc-45.01_odp.03,SC-45,rev5,"{{ insert: param, sc-45.01_odp.03 }}",when the time difference is greater than,threshold,single,"What value does your organization use for: when the time difference is greater than? (answer with a threshold, e.g., count/percent/time)",5 failed login attempts | 24 hours | 90%,
sc-45.01_odp.01,SC-45(01),rev5,"{{ insert: param, sc-45.01_odp.01 }}",system clocks are compared with insert param odp,free-text,single,What value does your organization use for: system clocks are compared with insert param odp?,,
sc-45.01_odp.02,SC-45,rev5,"{{ insert: param, sc-45.01_odp.02 }}",compared insert param odp with links href,free-text,single,What value does your organization use for: compared insert param odp with links href?,,
sc-45.01_odp.03,SC-45(01),rev5,"{{ insert: param, sc-45.01_odp.03 }}",the time difference is greater than links href,threshold,single,"What value does your organization use for: the time difference is greater than links href? (answer with a threshold, e.g., count/percent/time)",5 failed login attempts | 24 hours | 90%,
sc-46_odp,SC-46,rev5,"{{ insert: param, sc-46_odp }}",enforcement mechanism between the physical and or network,free-text,single,What value does your organization use for: enforcement mechanism between the physical and or network?,,
sc-46_odp,SC-46,rev5,"{{ insert: param, sc-46_odp }}",mechanism is implemented between the physical and or,free-text,single,What value does your organization use for: mechanism is implemented between the physical and or?,,
sc-47_odp,SC-47,rev5,"{{ insert: param, sc-47_odp }}",related Establish for system operations organizational command and,free-text,single,What value does your organization use for: related Establish for system operations organizational command and?,,
sc-47_odp,SC-47,rev5,"{{ insert: param, sc-47_odp }}",class sp800-53a are established for system operations and,free-text,single,What value does your organization use for: class sp800-53a are established for system operations and?,,
sc-48_odp.01,SC-48,rev5,"{{ insert: param, sc-48_odp.01 }}",rel related Relocate to insert param odp,free-text,single,What value does your organization use for: rel related Relocate to insert param odp?,,
sc-48_odp.02,SC-48,rev5,"{{ insert: param, sc-48_odp.02 }}",odp to under the following conditions or circumstances,free-text,single,What value does your organization use for: odp to under the following conditions or circumstances?,,
sc-48_odp.03,SC-48,rev5,"{{ insert: param, sc-48_odp.03 }}",odp under the following conditions or circumstances,free-text,single,What value does your organization use for: odp under the following conditions or circumstances?,,
sc-48_odp.01,SC-48,rev5,"{{ insert: param, sc-48_odp.01 }}",assessment-objective class sp800-53a are relocated to insert param,free-text,single,What value does your organization use for: assessment-objective class sp800-53a are relocated to insert param?,,
sc-48_odp.02,SC-48,rev5,"{{ insert: param, sc-48_odp.02 }}",odp are relocated to under insert param odp,free-text,single,What value does your organization use for: odp are relocated to under insert param odp?,,
sc-48_odp.03,SC-48,rev5,"{{ insert: param, sc-48_odp.03 }}",insert param odp under links href rel assessment-for,free-text,single,What value does your organization use for: insert param odp under links href rel assessment-for?,,
sc-48.01_odp.01,SC-48,rev5,"{{ insert: param, sc-48.01_odp.01 }}",Dynamically relocate to insert param odp,free-text,single,What value does your organization use for: Dynamically relocate to insert param odp?,,
sc-48.01_odp.02,SC-48,rev5,"{{ insert: param, sc-48.01_odp.02 }}",odp to under the following conditions or circumstances,free-text,single,What value does your organization use for: odp to under the following conditions or circumstances?,,
sc-48.01_odp.03,SC-48,rev5,"{{ insert: param, sc-48.01_odp.03 }}",under the following conditions or circumstances,free-text,single,What value does your organization use for: under the following conditions or circumstances?,,
sc-48.01_odp.01,SC-48(01),rev5,"{{ insert: param, sc-48.01_odp.01 }}",class sp800-53a are dynamically relocated to insert param,free-text,single,What value does your organization use for: class sp800-53a are dynamically relocated to insert param?,,
sc-48.01_odp.02,SC-48,rev5,"{{ insert: param, sc-48.01_odp.02 }}",are dynamically relocated to under insert param odp,free-text,single,What value does your organization use for: are dynamically relocated to under insert param odp?,,
sc-48.01_odp.03,SC-48,rev5,"{{ insert: param, sc-48.01_odp.03 }}",insert param odp under links href rel,free-text,single,What value does your organization use for: insert param odp under links href rel?,,
sc-49_odp,SC-49,rev5,"{{ insert: param, sc-49_odp }}",Implement hardware-enforced separation and policy enforcement mechanisms between,free-text,single,What value does your organization use for: Implement hardware-enforced separation and policy enforcement mechanisms between?,,
sc-49_odp,SC-49,rev5,"{{ insert: param, sc-49_odp }}",mechanisms are implemented between links href rel assessment-for,free-text,single,What value does your organization use for: mechanisms are implemented between links href rel assessment-for?,,
sc-50_odp,SC-50,rev5,"{{ insert: param, sc-50_odp }}",Implement software-enforced separation and policy enforcement mechanisms between,free-text,single,What value does your organization use for: Implement software-enforced separation and policy enforcement mechanisms between?,,
sc-50_odp,SC-50,rev5,"{{ insert: param, sc-50_odp }}",mechanisms are implemented between links href rel assessment-for,free-text,single,What value does your organization use for: mechanisms are implemented between links href rel assessment-for?,,
sc-51_odp.01,SC-51,rev5,"{{ insert: param, sc-51_odp.01 }}",Employ hardware-based write-protect for and,free-text,single,What value does your organization use for: Employ hardware-based write-protect for and?,,
sc-51_odp.02,SC-51,rev5,"{{ insert: param, sc-51_odp.02 }}",procedures for to manually disable hardware write-protect for,free-text,single,What value does your organization use for: procedures for to manually disable hardware write-protect for?,,
sc-51_odp.01,SC-51,rev5,"{{ insert: param, sc-51_odp.01 }}",sp800-53a hardware-based write-protect for is employed links href,free-text,single,What value does your organization use for: sp800-53a hardware-based write-protect for is employed links href?,,
sc-51_odp.02,SC-51,rev5,"{{ insert: param, sc-51_odp.02 }}",implemented for to manually disable hardware write-protect for,free-text,single,What value does your organization use for: implemented for to manually disable hardware write-protect for?,,
sc-51_odp.02,SC-51,rev5,"{{ insert: param, sc-51_odp.02 }}",implemented for to re-enable the write-protect prior to,free-text,single,What value does your organization use for: implemented for to re-enable the write-protect prior to?,,
si-1_prm_1,SI-1,rev5,"{{ insert: param, si-1_prm_1 }}",Develop document and disseminate to,free-text,single,What value does your organization use for: Develop document and disseminate to?,,
si-01_odp.03,SI-1,rev5,"{{ insert: param, si-01_odp.03 }}",system and information integrity policy that,free-text,single,What value does your organization use for: system and information integrity policy that?,,
si-01_odp.04,SI-1,rev5,"{{ insert: param, si-01_odp.04 }}",Designate an to manage the development documentation and,free-text,single,What value does your organization use for: Designate an to manage the development documentation and?,,
si-01_odp.05,SI-1,rev5,"{{ insert: param, si-01_odp.05 }}",Policy and following insert param odp,free-text,single,What value does your organization use for: Policy and following insert param odp?,,
si-01_odp.06,SI-01,rev5,"{{ insert: param, si-01_odp.06 }}",Policy insert param odp and following and,free-text,single,What value does your organization use for: Policy insert param odp and following and?,,
si-01_odp.07,SI-1,rev5,"{{ insert: param, si-01_odp.07 }}",Procedures and following insert param odp,free-text,single,What value does your organization use for: Procedures and following insert param odp?,,
si-01_odp.08,SI-01,rev5,"{{ insert: param, si-01_odp.08 }}",Procedures insert param odp and following,free-text,single,What value does your organization use for: Procedures insert param odp and following?,,
si-01_odp.01,SI-01,rev5,"{{ insert: param, si-01_odp.01 }}",integrity policy is disseminated to links href rel,free-text,single,What value does your organization use for: integrity policy is disseminated to links href rel?,,
si-01_odp.02,SI-01,rev5,"{{ insert: param, si-01_odp.02 }}",integrity procedures are disseminated to links href rel,free-text,single,What value does your organization use for: integrity procedures are disseminated to links href rel?,,
si-01_odp.03,SI-01,rev5,"{{ insert: param, si-01_odp.03 }}",sp800-53a the system and information integrity policy addresses,free-text,single,What value does your organization use for: sp800-53a the system and information integrity policy addresses?,,
si-01_odp.03,SI-01,rev5,"{{ insert: param, si-01_odp.03 }}",sp800-53a the system and information integrity policy addresses,free-text,single,What value does your organization use for: sp800-53a the system and information integrity policy addresses?,,
si-01_odp.03,SI-01,rev5,"{{ insert: param, si-01_odp.03 }}",sp800-53a the system and information integrity policy addresses,role,single,What value does your organization use for: sp800-53a the system and information integrity policy addresses? (answer with a job title or role),System Administrator | Security Officer,
si-01_odp.03,SI-01,rev5,"{{ insert: param, si-01_odp.03 }}",sp800-53a the system and information integrity policy addresses,free-text,single,What value does your organization use for: sp800-53a the system and information integrity policy addresses?,,
si-01_odp.03,SI-01,rev5,"{{ insert: param, si-01_odp.03 }}",sp800-53a the system and information integrity policy addresses,free-text,single,What value does your organization use for: sp800-53a the system and information integrity policy addresses?,,
si-01_odp.03,SI-01,rev5,"{{ insert: param, si-01_odp.03 }}",sp800-53a the system and information integrity policy addresses,org list,single,What value does your organization use for: sp800-53a the system and information integrity policy addresses? (answer with a comma-separated list of org units),Security | HR | Finance,
si-01_odp.03,SI-01,rev5,"{{ insert: param, si-01_odp.03 }}",sp800-53a the system and information integrity policy addresses,free-text,single,What value does your organization use for: sp800-53a the system and information integrity policy addresses?,,
si-01_odp.03,SI-01,rev5,"{{ insert: param, si-01_odp.03 }}",sp800-53a the system and information integrity policy is,free-text,single,What value does your organization use for: sp800-53a the system and information integrity policy is?,,
si-01_odp.04,SI-01,rev5,"{{ insert: param, si-01_odp.04 }}",sp800-53a the is designated to manage the development,free-text,single,What value does your organization use for: sp800-53a the is designated to manage the development?,,
si-01_odp.05,SI-01,rev5,"{{ insert: param, si-01_odp.05 }}",integrity policy is reviewed and updated links href,free-text,single,What value does your organization use for: integrity policy is reviewed and updated links href?,,
si-01_odp.06,SI-01,rev5,"{{ insert: param, si-01_odp.06 }}",policy is reviewed and updated following links href,free-text,single,What value does your organization use for: policy is reviewed and updated following links href?,,
si-01_odp.07,SI-01,rev5,"{{ insert: param, si-01_odp.07 }}",integrity procedures are reviewed and updated links href,free-text,single,What value does your organization use for: integrity procedures are reviewed and updated links href?,,
si-01_odp.08,SI-01,rev5,"{{ insert: param, si-01_odp.08 }}",procedures are reviewed and updated following links href,free-text,single,What value does your organization use for: procedures are reviewed and updated following links href?,,
si-02_odp,SI-2,rev5,"{{ insert: param, si-02_odp }}",updates within of the release of the updates,duration,single,"What value does your organization use for: updates within of the release of the updates? (answer with a duration, e.g., 30/60/90 days)",30 days | 60 days | 90 days,
si-02_odp,SI-02,rev5,"{{ insert: param, si-02_odp }}",installed within of the release of the updates,duration,single,"What value does your organization use for: installed within of the release of the updates? (answer with a duration, e.g., 30/60/90 days)",30 days | 60 days | 90 days,
si-02_odp,SI-02,rev5,"{{ insert: param, si-02_odp }}",installed within of the release of the updates,duration,single,"What value does your organization use for: installed within of the release of the updates? (answer with a duration, e.g., 30/60/90 days)",30 days | 60 days | 90 days,
si-02.02_odp.01,SI-2,rev5,"{{ insert: param, si-02.02_odp.01 }}",and firmware updates installed using insert param odp,free-text,single,What value does your organization use for: and firmware updates installed using insert param odp?,,
si-02.02_odp.02,SI-02,rev5,"{{ insert: param, si-02.02_odp.02 }}",installed using insert param odp,free-text,single,What value does your organization use for: installed using insert param odp?,,
si-02.02_odp.02,SI-02(02),rev5,"{{ insert: param, si-02.02_odp.02 }}",and firmware updates installed using insert param odp,free-text,single,What value does your organization use for: and firmware updates installed using insert param odp?,,
si-02.02_odp.01,SI-02,rev5,"{{ insert: param, si-02.02_odp.01 }}",insert param odp using links href rel,free-text,single,What value does your organization use for: insert param odp using links href rel?,,
si-02.03_odp,SI-2,rev5,"{{ insert: param, si-02.03_odp }}",the following benchmarks for taking corrective actions,free-text,single,What value does your organization use for: the following benchmarks for taking corrective actions?,,
si-02.03_odp,SI-02(03),rev5,"{{ insert: param, si-02.03_odp }}",class sp800-53a for taking corrective actions have been,free-text,single,What value does your organization use for: class sp800-53a for taking corrective actions have been?,,
si-02.04_odp,SI-2,rev5,"{{ insert: param, si-02.04_odp }}",flaw remediation to the following system components,free-text,single,What value does your organization use for: flaw remediation to the following system components?,,
si-02.04_odp,SI-02(04),rev5,"{{ insert: param, si-02.04_odp }}",to facilitate flaw remediation to links href rel,free-text,single,What value does your organization use for: to facilitate flaw remediation to links href rel?,,
si-02.05_odp.01,SI-2,rev5,"{{ insert: param, si-02.05_odp.01 }}",required Install automatically to insert param,free-text,single,What value does your organization use for: required Install automatically to insert param?,,
si-02.05_odp.02,SI-02,rev5,"{{ insert: param, si-02.05_odp.02 }}",insert param odp automatically to,free-text,single,What value does your organization use for: insert param odp automatically to?,,
si-02.05_odp.01,SI-02(05),rev5,"{{ insert: param, si-02.05_odp.01 }}",class sp800-53a are installed automatically to insert param,free-text,single,What value does your organization use for: class sp800-53a are installed automatically to insert param?,,
si-02.05_odp.02,SI-02,rev5,"{{ insert: param, si-02.05_odp.02 }}",odp are installed automatically to links href rel,free-text,single,What value does your organization use for: odp are installed automatically to links href rel?,,
si-02.06_odp,SI-2,rev5,"{{ insert: param, si-02.06_odp }}",versions of after updated versions have been installed,free-text,single,What value does your organization use for: versions of after updated versions have been installed?,,
si-02.06_odp,SI-02(06),rev5,"{{ insert: param, si-02.06_odp }}",versions of are removed after updated versions have,free-text,single,What value does your organization use for: versions of are removed after updated versions have?,,
si-03_odp.05,SI-03,rev5,"{{ insert: param, si-03_odp.05 }}",block malicious code quarantine malicious code take odp,free-text,single,What value does your organization use for: block malicious code quarantine malicious code take odp?,,
si-03_odp.01,SI-3,rev5,"{{ insert: param, si-03_odp.01 }}",Types of malicious code protection mechanisms,free-text,one_or_more,Which malicious code protection mechanisms does your organization implement at system entry and exit points? Select one or both: signature-based; non-signature-based.,signature-based | non-signature-based,
si-03_odp.02,SI-3,rev5,"{{ insert: param, si-03_odp.02 }}",Frequency of periodic malicious code scans,frequency,single,How often does your organization perform periodic system scans using malicious code protection mechanisms?,,
si-03_odp.03,SI-03,rev5,"{{ insert: param, si-03_odp.03 }}",Locations for real-time scans of files from external sources,free-text,one_or_more,Where does your organization perform real-time scans of files from external sources? Select one or both: endpoint; network entry and exit points.,endpoint | network entry and exit points,
si-03_odp.04,SI-3,rev5,"{{ insert: param, si-03_odp.04 }}",Responses to malicious code detection,free-text,one_or_more,"Which responses does your organization configure for malicious code detection? Select one or more: block malicious code; quarantine malicious code; take an organization-defined action. If you select the last option, identify that action.",block malicious code | quarantine malicious code | take an organization-defined action,
si-03_odp.06,SI-03,rev5,"{{ insert: param, si-03_odp.06 }}",Personnel or roles receiving malicious code alerts,free-text,single,Which personnel or roles must receive alerts when your organization detects malicious code?,,
si-03_odp.01,SI-03,rev5,"{{ insert: param, si-03_odp.01 }}",Types of malicious code protection mechanisms,free-text,one_or_more,Which malicious code protection mechanisms does your organization implement at system entry and exit points? Select one or both: signature-based; non-signature-based.,signature-based | non-signature-based,
si-03_odp.01,SI-03,rev5,"{{ insert: param, si-03_odp.01 }}",Types of malicious code protection mechanisms,free-text,one_or_more,Which malicious code protection mechanisms does your organization implement at system entry and exit points? Select one or both: signature-based; non-signature-based.,signature-based | non-signature-based,
si-03_odp.02,SI-03,rev5,"{{ insert: param, si-03_odp.02 }}",Frequency of periodic malicious code scans,frequency,single,How often does your organization perform periodic system scans using malicious code protection mechanisms?,,
si-03_odp.03,SI-03,rev5,"{{ insert: param, si-03_odp.03 }}",Locations for real-time scans of files from external sources,free-text,one_or_more,Where does your organization perform real-time scans of files from external sources? Select one or both: endpoint; network entry and exit points.,endpoint | network entry and exit points,
si-03_odp.04,SI-03,rev5,"{{ insert: param, si-03_odp.04 }}",Responses to malicious code detection,free-text,one_or_more,"Which responses does your organization configure for malicious code detection? Select one or more: block malicious code; quarantine malicious code; take an organization-defined action. If you select the last option, identify that action.",block malicious code | quarantine malicious code | take an organization-defined action,
si-03_odp.06,SI-03,rev5,"{{ insert: param, si-03_odp.06 }}",Personnel or roles receiving malicious code alerts,free-text,single,Which personnel or roles must receive alerts when your organization detects malicious code?,,
si-03.06_odp,SI-3,rev5,"{{ insert: param, si-03.06_odp }}",protection mechanisms by introducing known benign code into,free-text,single,What value does your organization use for: protection mechanisms by introducing known benign code into?,,
si-03.06_odp,SI-03(06),rev5,"{{ insert: param, si-03.06_odp }}",are tested by introducing known benign code into,free-text,single,What value does your organization use for: are tested by introducing known benign code into?,,
si-03.08_odp.02,SI-3,rev5,"{{ insert: param, si-03.08_odp.02 }}",kernel application programming interface on insert param odp,free-text,single,What value does your organization use for: kernel application programming interface on insert param odp?,,
si-03.08_odp.01,SI-03,rev5,"{{ insert: param, si-03.08_odp.01 }}",programming interface on insert param odp and,free-text,single,What value does your organization use for: programming interface on insert param odp and?,,
si-03.08_odp.03,SI-3,rev5,"{{ insert: param, si-03.08_odp.03 }}",organization-defined value,free-text,single,What value does your organization use for: organization-defined?,,
si-03.08_odp.01,SI-03(08),rev5,"{{ insert: param, si-03.08_odp.01 }}",class sp800-53a are detected through the kernel application,free-text,single,What value does your organization use for: class sp800-53a are detected through the kernel application?,,
si-03.08_odp.02,SI-03,rev5,"{{ insert: param, si-03.08_odp.02 }}",the kernel application programming interface on links href,free-text,single,What value does your organization use for: the kernel application programming interface on links href?,,
si-03.08_odp.03,SI-03(08),rev5,"{{ insert: param, si-03.08_odp.03 }}",class sp800-53a is are performed links href,free-text,single,What value does your organization use for: class sp800-53a is are performed links href?,,
si-03.10_odp,SI-3,rev5,"{{ insert: param, si-03.10_odp }}",the characteristics and behavior of malicious code and,free-text,single,What value does your organization use for: the characteristics and behavior of malicious code and?,,
si-03.10_odp,SI-03(10),rev5,"{{ insert: param, si-03.10_odp }}",class sp800-53a are employed to analyze the characteristics,free-text,single,What value does your organization use for: class sp800-53a are employed to analyze the characteristics?,,
si-04_odp.06,SI-04,rev5,"{{ insert: param, si-04_odp.06 }}",sp800-53a select how-many one-or-more choice as needed odp,free-text,single,What value does your organization use for: sp800-53a select how-many one-or-more choice as needed odp?,,
si-04_odp.01,SI-4,rev5,"{{ insert: param, si-04_odp.01 }}",in accordance with the following monitoring objectives and,free-text,single,What value does your organization use for: in accordance with the following monitoring objectives and?,,
si-04_odp.02,SI-4,rev5,"{{ insert: param, si-04_odp.02 }}",the system through the following techniques and methods,free-text,single,What value does your organization use for: the system through the following techniques and methods?,,
si-04_odp.03,SI-4,rev5,"{{ insert: param, si-04_odp.03 }}",Provide to insert param odp,free-text,single,What value does your organization use for: Provide to insert param odp?,,
si-04_odp.04,SI-04,rev5,"{{ insert: param, si-04_odp.04 }}",Provide insert param odp to insert param odp,free-text,single,What value does your organization use for: Provide insert param odp to insert param odp?,,
si-04_odp.05,SI-04,rev5,"{{ insert: param, si-04_odp.05 }}",param odp to insert param odp,free-text,single,What value does your organization use for: param odp to insert param odp?,,
si-04_odp.01,SI-04,rev5,"{{ insert: param, si-04_odp.01 }}",of potential attacks in accordance with links href,free-text,single,What value does your organization use for: of potential attacks in accordance with links href?,,
si-04_odp.02,SI-04,rev5,"{{ insert: param, si-04_odp.02 }}",the system is identified through links href rel,free-text,single,What value does your organization use for: the system is identified through links href rel?,,
si-04_odp.03,SI-04,rev5,"{{ insert: param, si-04_odp.03 }}",SI-04g class sp800-53a is provided to insert param,free-text,single,What value does your organization use for: SI-04g class sp800-53a is provided to insert param?,,
si-04_odp.04,SI-04,rev5,"{{ insert: param, si-04_odp.04 }}",odp is provided to insert param odp links,free-text,single,What value does your organization use for: odp is provided to insert param odp links?,,
si-04_odp.05,SI-04,rev5,"{{ insert: param, si-04_odp.05 }}",provided to insert param odp links href rel,free-text,single,What value does your organization use for: provided to insert param odp links href rel?,,
si-4.4_prm_1,SI-4,rev5,"{{ insert: param, si-4.4_prm_1 }}",and outbound communications traffic for insert param prm,free-text,single,What value does your organization use for: and outbound communications traffic for insert param prm?,,
si-4.4_prm_2,SI-4,rev5,"{{ insert: param, si-4.4_prm_2 }}",traffic insert param prm for,free-text,single,What value does your organization use for: traffic insert param prm for?,,
si-04.04_odp.01,SI-04(04),rev5,"{{ insert: param, si-04.04_odp.01 }}",communications traffic is monitored for insert param odp,free-text,single,What value does your organization use for: communications traffic is monitored for insert param odp?,,
si-04.04_odp.02,SI-04,rev5,"{{ insert: param, si-04.04_odp.02 }}",monitored insert param odp for links href,free-text,single,What value does your organization use for: monitored insert param odp for links href?,,
si-04.04_odp.03,SI-04(04),rev5,"{{ insert: param, si-04.04_odp.03 }}",communications traffic is monitored for insert param odp,free-text,single,What value does your organization use for: communications traffic is monitored for insert param odp?,,
si-04.04_odp.04,SI-04,rev5,"{{ insert: param, si-04.04_odp.04 }}",monitored insert param odp for links href,free-text,single,What value does your organization use for: monitored insert param odp for links href?,,
si-04.05_odp.01,SI-4,rev5,"{{ insert: param, si-04.05_odp.01 }}",Alert when the following system-generated indications of,free-text,single,What value does your organization use for: Alert when the following system-generated indications of?,,
si-04.05_odp.02,SI-04,rev5,"{{ insert: param, si-04.05_odp.02 }}",indications of compromise or potential compromise occur,free-text,single,What value does your organization use for: indications of compromise or potential compromise occur?,,
si-04.05_odp.01,SI-04(05),rev5,"{{ insert: param, si-04.05_odp.01 }}",class sp800-53a are alerted when system-generated insert param,free-text,single,What value does your organization use for: class sp800-53a are alerted when system-generated insert param?,,
si-04.05_odp.02,SI-04,rev5,"{{ insert: param, si-04.05_odp.02 }}",odp are alerted when system-generated occur links href,free-text,single,What value does your organization use for: odp are alerted when system-generated occur links href?,,
si-04.07_odp.01,SI-4,rev5,"{{ insert: param, si-04.07_odp.01 }}",Notify of detected suspicious events and,free-text,single,What value does your organization use for: Notify of detected suspicious events and?,,
si-04.07_odp.02,SI-4,rev5,"{{ insert: param, si-04.07_odp.02 }}",Take the following actions upon detection,free-text,single,What value does your organization use for: Take the following actions upon detection?,,
si-04.07_odp.01,SI-04(07),rev5,"{{ insert: param, si-04.07_odp.01 }}",class sp800-53a are notified of detected suspicious events,free-text,single,What value does your organization use for: class sp800-53a are notified of detected suspicious events?,,
si-04.07_odp.02,SI-04(07),rev5,"{{ insert: param, si-04.07_odp.02 }}",class sp800-53a are taken upon the detection of,free-text,single,What value does your organization use for: class sp800-53a are taken upon the detection of?,,
si-04.09_odp,SI-4,rev5,"{{ insert: param, si-04.09_odp }}",Test intrusion-monitoring tools and mechanisms,free-text,single,What value does your organization use for: Test intrusion-monitoring tools and mechanisms?,,
si-04.09_odp,SI-04(09),rev5,"{{ insert: param, si-04.09_odp }}",tools and mechanisms are tested links href rel,free-text,single,What value does your organization use for: tools and mechanisms are tested links href rel?,,
si-04.10_odp.01,SI-4,rev5,"{{ insert: param, si-04.10_odp.01 }}",provisions so that is visible to insert param,free-text,single,What value does your organization use for: provisions so that is visible to insert param?,,
si-04.10_odp.02,SI-04,rev5,"{{ insert: param, si-04.10_odp.02 }}",param odp is visible to,free-text,single,What value does your organization use for: param odp is visible to?,,
si-04.10_odp.01,SI-04(10),rev5,"{{ insert: param, si-04.10_odp.01 }}",made so that is visible to insert param,free-text,single,What value does your organization use for: made so that is visible to insert param?,,
si-04.10_odp.02,SI-04,rev5,"{{ insert: param, si-04.10_odp.02 }}",odp is visible to links href rel,free-text,single,What value does your organization use for: odp is visible to links href rel?,,
si-04.11_odp,SI-4,rev5,"{{ insert: param, si-04.11_odp }}",to the system and selected to discover anomalies,free-text,single,What value does your organization use for: to the system and selected to discover anomalies?,,
si-04.11_odp,SI-04(11),rev5,"{{ insert: param, si-04.11_odp }}",traffic at is analyzed to discover anomalies links,free-text,single,What value does your organization use for: traffic at is analyzed to discover anomalies links?,,
si-04.12_odp.01,SI-4,rev5,"{{ insert: param, si-04.12_odp.01 }}",required Alert using insert param odp,free-text,single,What value does your organization use for: required Alert using insert param odp?,,
si-04.12_odp.02,SI-04,rev5,"{{ insert: param, si-04.12_odp.02 }}",odp using when the following indications of inappropriate,free-text,single,What value does your organization use for: odp using when the following indications of inappropriate?,,
si-04.12_odp.03,SI-04,rev5,"{{ insert: param, si-04.12_odp.03 }}",activities with security or privacy implications occur,free-text,list,What value does your organization use for: activities with security or privacy implications occur?,,
si-04.12_odp.01,SI-04(12),rev5,"{{ insert: param, si-04.12_odp.01 }}",class sp800-53a is are alerted using insert param,free-text,single,What value does your organization use for: class sp800-53a is are alerted using insert param?,,
si-04.12_odp.02,SI-04,rev5,"{{ insert: param, si-04.12_odp.02 }}",is are alerted using when insert param odp,free-text,single,What value does your organization use for: is are alerted using when insert param odp?,,
si-04.12_odp.03,SI-04,rev5,"{{ insert: param, si-04.12_odp.03 }}",odp when indicate inappropriate or unusual activities with,free-text,single,What value does your organization use for: odp when indicate inappropriate or unusual activities with?,,
si-04.18_odp,SI-4,rev5,"{{ insert: param, si-04.18_odp }}",points to detect covert exfiltration of information,free-text,single,What value does your organization use for: points to detect covert exfiltration of information?,,
si-04.18_odp,SI-04(18),rev5,"{{ insert: param, si-04.18_odp }}",analyzed at to detect covert exfiltration of information,free-text,single,What value does your organization use for: analyzed at to detect covert exfiltration of information?,,
si-04.19_odp.01,SI-4,rev5,"{{ insert: param, si-04.19_odp.01 }}",Implement of individuals who have been identified,free-text,single,What value does your organization use for: Implement of individuals who have been identified?,,
si-04.19_odp.02,SI-04,rev5,"{{ insert: param, si-04.19_odp.02 }}",identified by as posing an increased level of,free-text,single,What value does your organization use for: identified by as posing an increased level of?,,
si-04.19_odp.01,SI-04(19),rev5,"{{ insert: param, si-04.19_odp.01 }}",class sp800-53a is implemented on individuals who have,free-text,single,What value does your organization use for: class sp800-53a is implemented on individuals who have?,,
si-04.19_odp.02,SI-04,rev5,"{{ insert: param, si-04.19_odp.02 }}",identified by as posing an increased level of,free-text,single,What value does your organization use for: identified by as posing an increased level of?,,
si-04.20_odp,SI-4,rev5,"{{ insert: param, si-04.20_odp }}",the following additional monitoring of privileged users,free-text,single,What value does your organization use for: the following additional monitoring of privileged users?,,
si-04.20_odp,SI-04(20),rev5,"{{ insert: param, si-04.20_odp }}",class sp800-53a of privileged users is implemented links,free-text,single,What value does your organization use for: class sp800-53a of privileged users is implemented links?,,
si-04.21_odp.02,SI-4,rev5,"{{ insert: param, si-04.21_odp.02 }}",additional monitoring of individuals during insert param odp,duration,single,"What value does your organization use for: additional monitoring of individuals during insert param odp? (answer with a duration, e.g., 30/60/90 days)",30 days | 60 days | 90 days,
si-04.21_odp.01,SI-04,rev5,"{{ insert: param, si-04.21_odp.01 }}",individuals during insert param odp,duration,single,"What value does your organization use for: individuals during insert param odp? (answer with a duration, e.g., 30/60/90 days)",30 days | 60 days | 90 days,
si-04.21_odp.01,SI-04(21),rev5,"{{ insert: param, si-04.21_odp.01 }}",class sp800-53a of individuals is implemented during insert,free-text,single,What value does your organization use for: class sp800-53a of individuals is implemented during insert?,,
si-04.21_odp.02,SI-04,rev5,"{{ insert: param, si-04.21_odp.02 }}",of individuals is implemented during links href rel,free-text,single,What value does your organization use for: of individuals is implemented during links href rel?,,
si-04.22_odp.03,SI-04(22),rev5,"{{ insert: param, si-04.22_odp.03 }}",sp800-53a select how-many one-or-more choice audit alert odp,free-text,single,What value does your organization use for: sp800-53a select how-many one-or-more choice audit alert odp?,,
si-04.22_odp.01,SI-4,rev5,"{{ insert: param, si-04.22_odp.01 }}",have not been authorized or approved by and,free-text,single,What value does your organization use for: have not been authorized or approved by and?,,
si-04.22_odp.02,SI-4,rev5,"{{ insert: param, si-04.22_odp.02 }}",when detected,free-text,single,What value does your organization use for: when detected?,,
si-04.22_odp.01,SI-04(22),rev5,"{{ insert: param, si-04.22_odp.01 }}",authorized or approved by are detected links href,free-text,single,What value does your organization use for: authorized or approved by are detected links href?,,
si-04.22_odp.02,SI-04(22),rev5,"{{ insert: param, si-04.22_odp.02 }}",class sp800-53a is are initiated when network services,free-text,single,What value does your organization use for: class sp800-53a is are initiated when network services?,,
si-04.23_odp.02,SI-4,rev5,"{{ insert: param, si-04.23_odp.02 }}",following host-based monitoring mechanisms at insert param odp,free-text,single,What value does your organization use for: following host-based monitoring mechanisms at insert param odp?,,
si-04.23_odp.01,SI-04,rev5,"{{ insert: param, si-04.23_odp.01 }}",mechanisms at insert param odp,free-text,single,What value does your organization use for: mechanisms at insert param odp?,,
si-04.23_odp.01,SI-04(23),rev5,"{{ insert: param, si-04.23_odp.01 }}",assessment-objective class sp800-53a are implemented on insert param,free-text,single,What value does your organization use for: assessment-objective class sp800-53a are implemented on insert param?,,
si-04.23_odp.02,SI-04,rev5,"{{ insert: param, si-04.23_odp.02 }}",odp are implemented on links href rel,free-text,single,What value does your organization use for: odp are implemented on links href rel?,,
si-04.24_odp.02,SI-4,rev5,"{{ insert: param, si-04.24_odp.02 }}",distribute to indicators of compromise provided by insert,free-text,single,What value does your organization use for: distribute to indicators of compromise provided by insert?,,
si-04.24_odp.01,SI-04,rev5,"{{ insert: param, si-04.24_odp.01 }}",odp indicators of compromise provided by,free-text,single,What value does your organization use for: odp indicators of compromise provided by?,,
si-04.24_odp.01,SI-04(24),rev5,"{{ insert: param, si-04.24_odp.01 }}",of compromise provided by are discovered links href,free-text,single,What value does your organization use for: of compromise provided by are discovered links href?,,
si-04.24_odp.01,SI-04(24),rev5,"{{ insert: param, si-04.24_odp.01 }}",of compromise provided by are collected links href,free-text,single,What value does your organization use for: of compromise provided by are collected links href?,,
si-04.24_odp.01,SI-04(24),rev5,"{{ insert: param, si-04.24_odp.01 }}",compromise provided by are distributed to insert param,free-text,single,What value does your organization use for: compromise provided by are distributed to insert param?,,
si-04.24_odp.02,SI-04,rev5,"{{ insert: param, si-04.24_odp.02 }}",odp are distributed to links href rel,free-text,single,What value does your organization use for: odp are distributed to links href rel?,,
si-05_odp.03,SI-05,rev5,"{{ insert: param, si-05_odp.03 }}",select how-many one-or-more choice insert param odp insert,free-text,single,What value does your organization use for: select how-many one-or-more choice insert param odp insert?,,
si-05_odp.04,SI-05,rev5,"{{ insert: param, si-05_odp.04 }}",one-or-more choice insert param odp insert param odp,free-text,single,What value does your organization use for: one-or-more choice insert param odp insert param odp?,,
si-05_odp.05,SI-05,rev5,"{{ insert: param, si-05_odp.05 }}",insert param odp insert param odp odp,free-text,single,What value does your organization use for: insert param odp insert param odp odp?,,
si-05_odp.01,SI-5,rev5,"{{ insert: param, si-05_odp.01 }}",advisories and directives from on an ongoing basis,free-text,single,What value does your organization use for: advisories and directives from on an ongoing basis?,,
si-05_odp.02,SI-5,rev5,"{{ insert: param, si-05_odp.02 }}",Disseminate security alerts advisories and directives to and,free-text,single,What value does your organization use for: Disseminate security alerts advisories and directives to and?,,
si-05_odp.01,SI-05,rev5,"{{ insert: param, si-05_odp.01 }}",received from on an ongoing basis links href,free-text,single,What value does your organization use for: received from on an ongoing basis links href?,,
si-05_odp.02,SI-05,rev5,"{{ insert: param, si-05_odp.02 }}",and directives are disseminated to links href rel,free-text,single,What value does your organization use for: and directives are disseminated to links href rel?,,
si-05.01_odp,SI-5,rev5,"{{ insert: param, si-05.01_odp }}",and advisory information throughout the organization using,threshold,single,"What value does your organization use for: and advisory information throughout the organization using? (answer with a threshold, e.g., count/percent/time)",5 failed login attempts | 24 hours | 90%,
si-05.01_odp,SI-05(01),rev5,"{{ insert: param, si-05.01_odp }}",class sp800-53a are used to broadcast security alert,free-text,single,What value does your organization use for: class sp800-53a are used to broadcast security alert?,,
si-06_odp.04,SI-06,rev5,"{{ insert: param, si-06_odp.04 }}",one-or-more choice upon command by user with appropriate,free-text,single,What value does your organization use for: one-or-more choice upon command by user with appropriate?,,
si-06_odp.05,SI-06,rev5,"{{ insert: param, si-06_odp.05 }}",upon command by user with appropriate privilege odp,free-text,single,What value does your organization use for: upon command by user with appropriate privilege odp?,,
si-06_odp.08,SI-06,rev5,"{{ insert: param, si-06_odp.08 }}",shut the system down restart the system odp,free-text,single,What value does your organization use for: shut the system down restart the system odp?,,
si-6_prm_1,SI-6,rev5,"{{ insert: param, si-6_prm_1 }}",Verify the correct operation of,free-text,single,What value does your organization use for: Verify the correct operation of?,,
si-06_odp.03,SI-6,rev5,"{{ insert: param, si-06_odp.03 }}",the verification of the functions specified in SI-6a,free-text,single,What value does your organization use for: the verification of the functions specified in SI-6a?,,
si-06_odp.06,SI-6,rev5,"{{ insert: param, si-06_odp.06 }}",Alert to failed security and privacy verification,free-text,single,What value does your organization use for: Alert to failed security and privacy verification?,,
si-06_odp.07,SI-6,rev5,"{{ insert: param, si-06_odp.07 }}",when anomalies are discovered,free-text,single,What value does your organization use for: when anomalies are discovered?,,
si-06_odp.01,SI-06,rev5,"{{ insert: param, si-06_odp.01 }}",class sp800-53a are verified to be operating correctly,free-text,single,What value does your organization use for: class sp800-53a are verified to be operating correctly?,,
si-06_odp.02,SI-06,rev5,"{{ insert: param, si-06_odp.02 }}",class sp800-53a are verified to be operating correctly,free-text,single,What value does your organization use for: class sp800-53a are verified to be operating correctly?,,
si-06_odp.01,SI-06,rev5,"{{ insert: param, si-06_odp.01 }}",SI-06b class sp800-53a are verified insert param odp,free-text,single,What value does your organization use for: SI-06b class sp800-53a are verified insert param odp?,,
si-06_odp.03,SI-06,rev5,"{{ insert: param, si-06_odp.03 }}",insert param odp are verified links href rel,free-text,single,What value does your organization use for: insert param odp are verified links href rel?,,
si-06_odp.02,SI-06,rev5,"{{ insert: param, si-06_odp.02 }}",SI-06b class sp800-53a are verified insert param odp,free-text,single,What value does your organization use for: SI-06b class sp800-53a are verified insert param odp?,,
si-06_odp.03,SI-06,rev5,"{{ insert: param, si-06_odp.03 }}",insert param odp are verified links href rel,free-text,single,What value does your organization use for: insert param odp are verified links href rel?,,
si-06_odp.06,SI-06,rev5,"{{ insert: param, si-06_odp.06 }}",class sp800-53a is are alerted to failed security,free-text,single,What value does your organization use for: class sp800-53a is are alerted to failed security?,,
si-06_odp.06,SI-06,rev5,"{{ insert: param, si-06_odp.06 }}",class sp800-53a is are alerted to failed privacy,free-text,single,What value does your organization use for: class sp800-53a is are alerted to failed privacy?,,
si-06_odp.07,SI-06,rev5,"{{ insert: param, si-06_odp.07 }}",class sp800-53a is are initiated when anomalies are,free-text,single,What value does your organization use for: class sp800-53a is are initiated when anomalies are?,,
si-06.03_odp,SI-6,rev5,"{{ insert: param, si-06.03_odp }}",of security and privacy function verification to,free-text,single,What value does your organization use for: of security and privacy function verification to?,,
si-06.03_odp,SI-06(03),rev5,"{{ insert: param, si-06.03_odp }}",function verification are reported to links href rel,free-text,single,What value does your organization use for: function verification are reported to links href rel?,,
si-06.03_odp,SI-06(03),rev5,"{{ insert: param, si-06.03_odp }}",function verification are reported to links href rel,free-text,single,What value does your organization use for: function verification are reported to links href rel?,,
si-7_prm_1,SI-7,rev5,"{{ insert: param, si-7_prm_1 }}",to the following software firmware and information and,free-text,single,What value does your organization use for: to the following software firmware and information and?,,
si-7_prm_2,SI-7,rev5,"{{ insert: param, si-7_prm_2 }}",to the software firmware and information are detected,free-text,single,What value does your organization use for: to the software firmware and information are detected?,,
si-07_odp.01,SI-07,rev5,"{{ insert: param, si-07_odp.01 }}",to detect unauthorized changes to links href rel,free-text,single,What value does your organization use for: to detect unauthorized changes to links href rel?,,
si-07_odp.02,SI-07,rev5,"{{ insert: param, si-07_odp.02 }}",to detect unauthorized changes to links href rel,free-text,single,What value does your organization use for: to detect unauthorized changes to links href rel?,,
si-07_odp.03,SI-07,rev5,"{{ insert: param, si-07_odp.03 }}",to detect unauthorized changes to links href rel,free-text,single,What value does your organization use for: to detect unauthorized changes to links href rel?,,
si-07_odp.04,SI-07,rev5,"{{ insert: param, si-07_odp.04 }}",class sp800-53a are taken when unauthorized changes to,free-text,single,What value does your organization use for: class sp800-53a are taken when unauthorized changes to?,,
si-07_odp.05,SI-07,rev5,"{{ insert: param, si-07_odp.05 }}",class sp800-53a are taken when unauthorized changes to,free-text,single,What value does your organization use for: class sp800-53a are taken when unauthorized changes to?,,
si-07_odp.06,SI-07,rev5,"{{ insert: param, si-07_odp.06 }}",class sp800-53a are taken when unauthorized changes to,free-text,single,What value does your organization use for: class sp800-53a are taken when unauthorized changes to?,,
si-7.1_prm_3,SI-07,rev5,"{{ insert: param, si-7.1_prm_3 }}",one-or-more choice at startup at insert param prm,free-text,single,What value does your organization use for: one-or-more choice at startup at insert param prm?,,
si-7.1_prm_4,SI-7,rev5,"{{ insert: param, si-7.1_prm_4 }}",startup at insert param prm prm,free-text,single,What value does your organization use for: startup at insert param prm prm?,,
si-07.01_odp.03,SI-07(01),rev5,"{{ insert: param, si-07.01_odp.03 }}",one-or-more choice at startup at insert param odp,free-text,single,What value does your organization use for: one-or-more choice at startup at insert param odp?,,
si-07.01_odp.04,SI-07,rev5,"{{ insert: param, si-07.01_odp.04 }}",startup at insert param odp odp,free-text,single,What value does your organization use for: startup at insert param odp odp?,,
si-07.01_odp.07,SI-07(01),rev5,"{{ insert: param, si-07.01_odp.07 }}",one-or-more choice at startup at insert param odp,free-text,single,What value does your organization use for: one-or-more choice at startup at insert param odp?,,
si-07.01_odp.08,SI-07,rev5,"{{ insert: param, si-07.01_odp.08 }}",startup at insert param odp odp,free-text,single,What value does your organization use for: startup at insert param odp odp?,,
si-07.01_odp.11,SI-07(01),rev5,"{{ insert: param, si-07.01_odp.11 }}",one-or-more choice at startup at insert param odp,free-text,single,What value does your organization use for: one-or-more choice at startup at insert param odp?,,
si-07.01_odp.12,SI-07,rev5,"{{ insert: param, si-07.01_odp.12 }}",startup at insert param odp odp,free-text,single,What value does your organization use for: startup at insert param odp odp?,,
si-7.1_prm_1,SI-7,rev5,"{{ insert: param, si-7.1_prm_1 }}",Perform an integrity check of insert param prm,free-text,single,What value does your organization use for: Perform an integrity check of insert param prm?,,
si-7.1_prm_2,SI-7,rev5,"{{ insert: param, si-7.1_prm_2 }}",check of insert param prm,free-text,single,What value does your organization use for: check of insert param prm?,,
si-07.01_odp.01,SI-07(01),rev5,"{{ insert: param, si-07.01_odp.01 }}",an integrity check of is performed insert param,free-text,single,What value does your organization use for: an integrity check of is performed insert param?,,
si-07.01_odp.02,SI-07,rev5,"{{ insert: param, si-07.01_odp.02 }}",param odp is performed links href rel,free-text,single,What value does your organization use for: param odp is performed links href rel?,,
si-07.01_odp.05,SI-07(01),rev5,"{{ insert: param, si-07.01_odp.05 }}",an integrity check of is performed insert param,free-text,single,What value does your organization use for: an integrity check of is performed insert param?,,
si-07.01_odp.06,SI-07,rev5,"{{ insert: param, si-07.01_odp.06 }}",param odp is performed links href rel,free-text,single,What value does your organization use for: param odp is performed links href rel?,,
si-07.01_odp.09,SI-07(01),rev5,"{{ insert: param, si-07.01_odp.09 }}",an integrity check of is performed insert param,free-text,single,What value does your organization use for: an integrity check of is performed insert param?,,
si-07.01_odp.10,SI-07,rev5,"{{ insert: param, si-07.01_odp.10 }}",param odp is performed links href rel,free-text,single,What value does your organization use for: param odp is performed links href rel?,,
si-07.02_odp,SI-7,rev5,"{{ insert: param, si-07.02_odp }}",notification to upon discovering discrepancies during integrity verification,free-text,single,What value does your organization use for: notification to upon discovering discrepancies during integrity verification?,,
si-07.02_odp,SI-07(02),rev5,"{{ insert: param, si-07.02_odp }}",notification to upon discovering discrepancies during integrity verification,free-text,single,What value does your organization use for: notification to upon discovering discrepancies during integrity verification?,,
si-07.05_odp.02,SI-07(05),rev5,"{{ insert: param, si-07.05_odp.02 }}",down the system restart the system implement odp,free-text,single,What value does your organization use for: down the system restart the system implement odp?,,
si-07.05_odp.01,SI-7,rev5,"{{ insert: param, si-07.05_odp.01 }}",required Automatically when integrity violations are discovered,free-text,single,What value does your organization use for: required Automatically when integrity violations are discovered?,,
si-07.05_odp.01,SI-07(05),rev5,"{{ insert: param, si-07.05_odp.01 }}",class sp800-53a are automatically performed when integrity violations,free-text,single,What value does your organization use for: class sp800-53a are automatically performed when integrity violations?,,
si-07.07_odp,SI-7,rev5,"{{ insert: param, si-07.07_odp }}",changes into the organizational incident response capability,free-text,single,What value does your organization use for: changes into the organizational incident response capability?,,
si-07.07_odp,SI-07(07),rev5,"{{ insert: param, si-07.07_odp }}",detection of are incorporated into the organizational incident,free-text,single,What value does your organization use for: detection of are incorporated into the organizational incident?,,
si-07.08_odp.02,SI-07(08),rev5,"{{ insert: param, si-07.08_odp.02 }}",record alert current user alert insert param odp,free-text,single,What value does your organization use for: record alert current user alert insert param odp?,,
si-07.08_odp.03,SI-07,rev5,"{{ insert: param, si-07.08_odp.03 }}",user alert insert param odp odp,free-text,single,What value does your organization use for: user alert insert param odp odp?,,
si-07.08_odp.01,SI-7,rev5,"{{ insert: param, si-07.08_odp.01 }}",the event and initiate the following actions,free-text,single,What value does your organization use for: the event and initiate the following actions?,,
si-07.08_odp.01,SI-07(08),rev5,"{{ insert: param, si-07.08_odp.01 }}",class sp800-53a is are initiated upon the detection,free-text,single,What value does your organization use for: class sp800-53a is are initiated upon the detection?,,
si-07.09_odp,SI-7,rev5,"{{ insert: param, si-07.09_odp }}",boot process of the following system components,free-text,single,What value does your organization use for: boot process of the following system components?,,
si-07.09_odp,SI-07(09),rev5,"{{ insert: param, si-07.09_odp }}",the boot process of is verified links href,free-text,single,What value does your organization use for: the boot process of is verified links href?,,
si-07.10_odp.02,SI-7,rev5,"{{ insert: param, si-07.10_odp.02 }}",integrity of boot firmware in insert param odp,free-text,single,What value does your organization use for: integrity of boot firmware in insert param odp?,,
si-07.10_odp.01,SI-07,rev5,"{{ insert: param, si-07.10_odp.01 }}",firmware in insert param odp,free-text,single,What value does your organization use for: firmware in insert param odp?,,
si-07.10_odp.01,SI-07(10),rev5,"{{ insert: param, si-07.10_odp.01 }}",class sp800-53a are implemented to protect the integrity,free-text,single,What value does your organization use for: class sp800-53a are implemented to protect the integrity?,,
si-07.10_odp.02,SI-07,rev5,"{{ insert: param, si-07.10_odp.02 }}",integrity of boot firmware in links href rel,free-text,single,What value does your organization use for: integrity of boot firmware in links href rel?,,
si-07.12_odp,SI-7,rev5,"{{ insert: param, si-07.12_odp }}",user-installed software be verified prior to execution,free-text,single,What value does your organization use for: user-installed software be verified prior to execution?,,
si-07.12_odp,SI-07(12),rev5,"{{ insert: param, si-07.12_odp }}",integrity of is verified prior to execution links,free-text,single,What value does your organization use for: integrity of is verified prior to execution links?,,
si-07.15_odp,SI-7,rev5,"{{ insert: param, si-07.15_odp }}",software or firmware components prior to installation,free-text,single,What value does your organization use for: software or firmware components prior to installation?,,
si-07.15_odp,SI-07(15),rev5,"{{ insert: param, si-07.15_odp }}",implemented to authenticate prior to installation links href,free-text,single,What value does your organization use for: implemented to authenticate prior to installation links href?,,
si-07.16_odp,SI-7,rev5,"{{ insert: param, si-07.16_odp }}",from executing without supervision for more than,free-text,single,What value does your organization use for: from executing without supervision for more than?,,
si-07.16_odp,SI-07(16),rev5,"{{ insert: param, si-07.16_odp }}",without supervision for more than links href rel,free-text,single,What value does your organization use for: without supervision for more than links href rel?,,
si-07.17_odp,SI-7,rev5,"{{ insert: param, si-07.17_odp }}",related Implement for application self-protection at runtime,free-text,single,What value does your organization use for: related Implement for application self-protection at runtime?,,
si-07.17_odp,SI-07(17),rev5,"{{ insert: param, si-07.17_odp }}",class sp800-53a are implemented for application self-protection at,free-text,single,What value does your organization use for: class sp800-53a are implemented for application self-protection at?,,
si-08.02_odp,SI-8,rev5,"{{ insert: param, si-08.02_odp }}",Automatically update spam protection mechanisms,free-text,single,What value does your organization use for: Automatically update spam protection mechanisms?,,
si-08.02_odp,SI-08(02),rev5,"{{ insert: param, si-08.02_odp }}",protection mechanisms are automatically updated links href rel,free-text,single,What value does your organization use for: protection mechanisms are automatically updated links href rel?,,
si-10_odp,SI-10,rev5,"{{ insert: param, si-10_odp }}",Check the validity of the following information inputs,free-text,single,What value does your organization use for: Check the validity of the following information inputs?,,
si-10_odp,SI-10,rev5,"{{ insert: param, si-10_odp }}",the validity of the is checked links href,free-text,single,What value does your organization use for: the validity of the is checked links href?,,
si-10_odp,SI-10,rev5,"{{ insert: param, si-10_odp }}",for input validation of the following information inputs,free-text,single,What value does your organization use for: for input validation of the following information inputs?,,
si-10.01_odp,SI-10,rev5,"{{ insert: param, si-10.01_odp }}",of the manual override capability to only and,free-text,single,What value does your organization use for: of the manual override capability to only and?,,
si-10_odp,SI-10(01),rev5,"{{ insert: param, si-10_odp }}",for the validation of is provided links href,free-text,single,What value does your organization use for: for the validation of is provided links href?,,
si-10.01_odp,SI-10(01),rev5,"{{ insert: param, si-10.01_odp }}",override capability is restricted to only links href,free-text,single,What value does your organization use for: override capability is restricted to only links href?,,
si-10.2_prm_1,SI-10,rev5,"{{ insert: param, si-10.2_prm_1 }}",Review and resolve input validation errors within,duration,single,"What value does your organization use for: Review and resolve input validation errors within? (answer with a duration, e.g., 30/60/90 days)",30 days | 60 days | 90 days,
si-10.02_odp.01,SI-10(02),rev5,"{{ insert: param, si-10.02_odp.01 }}",validation errors are reviewed within links href rel,duration,single,"What value does your organization use for: validation errors are reviewed within links href rel? (answer with a duration, e.g., 30/60/90 days)",30 days | 60 days | 90 days,
si-10.02_odp.02,SI-10(02),rev5,"{{ insert: param, si-10.02_odp.02 }}",validation errors are resolved within links href rel,duration,single,"What value does your organization use for: validation errors are resolved within links href rel? (answer with a duration, e.g., 30/60/90 days)",30 days | 60 days | 90 days,
si-10.05_odp.01,SI-10,rev5,"{{ insert: param, si-10.05_odp.01 }}",of information inputs to and or insert param,free-text,single,What value does your organization use for: of information inputs to and or insert param?,,
si-10.05_odp.02,SI-10,rev5,"{{ insert: param, si-10.05_odp.02 }}",insert param odp and or,free-text,single,What value does your organization use for: insert param odp and or?,,
si-10.05_odp.01,SI-10(05),rev5,"{{ insert: param, si-10.05_odp.01 }}",inputs is restricted to and or insert param,free-text,single,What value does your organization use for: inputs is restricted to and or insert param?,,
si-10.05_odp.02,SI-10,rev5,"{{ insert: param, si-10.05_odp.02 }}",param odp and or links href rel,free-text,single,What value does your organization use for: param odp and or links href rel?,,
si-11_odp,SI-11,rev5,"{{ insert: param, si-11_odp }}",Reveal error messages only to,free-text,single,What value does your organization use for: Reveal error messages only to?,,
si-11_odp,SI-11,rev5,"{{ insert: param, si-11_odp }}",messages are revealed only to links href rel,free-text,single,What value does your organization use for: messages are revealed only to links href rel?,,
si-12.01_odp,SI-12,rev5,"{{ insert: param, si-12.01_odp }}",the following elements of personally identifiable information,free-text,single,What value does your organization use for: the following elements of personally identifiable information?,,
si-12.01_odp,SI-12(01),rev5,"{{ insert: param, si-12.01_odp }}",life cycle is limited to links href rel,free-text,single,What value does your organization use for: life cycle is limited to links href rel?,,
si-12.2_prm_1,SI-12,rev5,"{{ insert: param, si-12.2_prm_1 }}",identifiable information for research testing or training,free-text,single,What value does your organization use for: identifiable information for research testing or training?,,
si-12.02_odp.01,SI-12(02),rev5,"{{ insert: param, si-12.02_odp.01 }}",class sp800-53a are used to minimize the use,free-text,single,What value does your organization use for: class sp800-53a are used to minimize the use?,,
si-12.02_odp.02,SI-12(02),rev5,"{{ insert: param, si-12.02_odp.02 }}",class sp800-53a are used to minimize the use,free-text,single,What value does your organization use for: class sp800-53a are used to minimize the use?,,
si-12.02_odp.03,SI-12(02),rev5,"{{ insert: param, si-12.02_odp.03 }}",class sp800-53a are used to minimize the use,free-text,single,What value does your organization use for: class sp800-53a are used to minimize the use?,,
si-12.3_prm_1,SI-12,rev5,"{{ insert: param, si-12.3_prm_1 }}",or erase information following the retention period,duration,single,"What value does your organization use for: or erase information following the retention period? (answer with a duration, e.g., 30/60/90 days)",30 days | 60 days | 90 days,
si-12.03_odp.01,SI-12(03),rev5,"{{ insert: param, si-12.03_odp.01 }}",class sp800-53a are used to dispose of information,duration,single,"What value does your organization use for: class sp800-53a are used to dispose of information? (answer with a duration, e.g., 30/60/90 days)",30 days | 60 days | 90 days,
si-12.03_odp.02,SI-12(03),rev5,"{{ insert: param, si-12.03_odp.02 }}",class sp800-53a are used to destroy information following,duration,single,"What value does your organization use for: class sp800-53a are used to destroy information following? (answer with a duration, e.g., 30/60/90 days)",30 days | 60 days | 90 days,
si-12.03_odp.03,SI-12(03),rev5,"{{ insert: param, si-12.03_odp.03 }}",class sp800-53a are used to erase information following,duration,single,"What value does your organization use for: class sp800-53a are used to erase information following? (answer with a duration, e.g., 30/60/90 days)",30 days | 60 days | 90 days,
si-13_odp.01,SI-13,rev5,"{{ insert: param, si-13_odp.01 }}",system components in specific environments of operation and,free-text,single,What value does your organization use for: system components in specific environments of operation and?,,
si-13_odp.02,SI-13,rev5,"{{ insert: param, si-13_odp.02 }}",standby components in accordance with the following criteria,free-text,single,What value does your organization use for: standby components in accordance with the following criteria?,,
si-13_odp.01,SI-13,rev5,"{{ insert: param, si-13_odp.01 }}",determined for in specific environments of operation links,free-text,single,What value does your organization use for: determined for in specific environments of operation links?,,
si-13_odp.02,SI-13,rev5,"{{ insert: param, si-13_odp.02 }}",are provided in accordance with links href rel,free-text,single,What value does your organization use for: are provided in accordance with links href rel?,,
si-13.01_odp,SI-13,rev5,"{{ insert: param, si-13.01_odp }}",no later than of mean time to failure,duration,single,"What value does your organization use for: no later than of mean time to failure? (answer with a duration, e.g., 30/60/90 days)",30 days | 60 days | 90 days,
si-13.01_odp,SI-13(01),rev5,"{{ insert: param, si-13.01_odp }}",later than of mean time to failure links,duration,single,"What value does your organization use for: later than of mean time to failure links? (answer with a duration, e.g., 30/60/90 days)",30 days | 60 days | 90 days,
si-13.03_odp,SI-13,rev5,"{{ insert: param, si-13.03_odp }}",component reaches of the mean time to failure,duration,single,"What value does your organization use for: component reaches of the mean time to failure? (answer with a duration, e.g., 30/60/90 days)",30 days | 60 days | 90 days,
si-13.03_odp,SI-13(03),rev5,"{{ insert: param, si-13.03_odp }}",component reaches of the mean time to failure,free-text,single,What value does your organization use for: component reaches of the mean time to failure?,,
si-13.04_odp.03,SI-13(04),rev5,"{{ insert: param, si-13.04_odp.03 }}",choice activate automatically shut down the system insert,free-text,single,What value does your organization use for: choice activate automatically shut down the system insert?,,
si-13.04_odp.04,SI-13,rev5,"{{ insert: param, si-13.04_odp.04 }}",odp automatically shut down the system odp,free-text,single,What value does your organization use for: odp automatically shut down the system odp?,,
si-13.04_odp.01,SI-13,rev5,"{{ insert: param, si-13.04_odp.01 }}",components are successfully and transparently installed within and,duration,single,"What value does your organization use for: components are successfully and transparently installed within and? (answer with a duration, e.g., 30/60/90 days)",30 days | 60 days | 90 days,
si-13.04_odp.02,SI-13,rev5,"{{ insert: param, si-13.04_odp.02 }}",organization-defined value,duration,single,"What value does your organization use for: organization-defined? (answer with a duration, e.g., 30/60/90 days)",30 days | 60 days | 90 days,
si-13.04_odp.01,SI-13(04),rev5,"{{ insert: param, si-13.04_odp.01 }}",installed within if system component failures are detected,duration,single,"What value does your organization use for: installed within if system component failures are detected? (answer with a duration, e.g., 30/60/90 days)",30 days | 60 days | 90 days,
si-13.04_odp.02,SI-13(04),rev5,"{{ insert: param, si-13.04_odp.02 }}",class sp800-53a are performed if system component failures,free-text,single,What value does your organization use for: class sp800-53a are performed if system component failures?,,
si-13.05_odp.01,SI-13,rev5,"{{ insert: param, si-13.05_odp.01 }}",related Provide insert param odp,free-text,single,What value does your organization use for: related Provide insert param odp?,,
si-13.05_odp.02,SI-13,rev5,"{{ insert: param, si-13.05_odp.02 }}",Provide insert param odp for the system,free-text,single,What value does your organization use for: Provide insert param odp for the system?,,
si-13.05_odp.01,SI-13(05),rev5,"{{ insert: param, si-13.05_odp.01 }}",assessment-objective class sp800-53a insert param odp,duration,single,"What value does your organization use for: assessment-objective class sp800-53a insert param odp? (answer with a duration, e.g., 30/60/90 days)",30 days | 60 days | 90 days,
si-13.05_odp.02,SI-13,rev5,"{{ insert: param, si-13.05_odp.02 }}",param odp is provided for the system links,free-text,single,What value does your organization use for: param odp is provided for the system links?,,
si-14_odp.03,SI-14,rev5,"{{ insert: param, si-14_odp.03 }}",choice upon end of session of use odp,free-text,single,What value does your organization use for: choice upon end of session of use odp?,,
si-14_odp.01,SI-14,rev5,"{{ insert: param, si-14_odp.01 }}",related Implement non-persistent that are initiated in known,free-text,single,What value does your organization use for: related Implement non-persistent that are initiated in known?,,
si-14_odp.02,SI-14,rev5,"{{ insert: param, si-14_odp.02 }}",that are initiated in known state and terminated,free-text,single,What value does your organization use for: that are initiated in known state and terminated?,,
si-14_odp.01,SI-14,rev5,"{{ insert: param, si-14_odp.01 }}",class sp800-53a non-persistent that are initiated in known,free-text,single,What value does your organization use for: class sp800-53a non-persistent that are initiated in known?,,
si-14_odp.01,SI-14,rev5,"{{ insert: param, si-14_odp.01 }}",class sp800-53a non-persistent are terminated insert param odp,free-text,single,What value does your organization use for: class sp800-53a non-persistent are terminated insert param odp?,,
si-14_odp.02,SI-14,rev5,"{{ insert: param, si-14_odp.02 }}",param odp are terminated links href rel assessment-for,free-text,single,What value does your organization use for: param odp are terminated links href rel assessment-for?,,
si-14.01_odp,SI-14,rev5,"{{ insert: param, si-14.01_odp }}",service refreshes from the following trusted sources,free-text,single,What value does your organization use for: service refreshes from the following trusted sources?,,
si-14.01_odp,SI-14(01),rev5,"{{ insert: param, si-14.01_odp }}",service refreshes are obtained from links href rel,free-text,single,What value does your organization use for: service refreshes are obtained from links href rel?,,
si-14.02_odp.02,SI-14(02),rev5,"{{ insert: param, si-14.02_odp.02 }}",class sp800-53a select choice refresh insert param odp,free-text,single,What value does your organization use for: class sp800-53a select choice refresh insert param odp?,,
si-14.02_odp.03,SI-14,rev5,"{{ insert: param, si-14.02_odp.03 }}",insert param odp generate insert param odp,free-text,single,What value does your organization use for: insert param odp generate insert param odp?,,
si-14.02_odp.04,SI-14,rev5,"{{ insert: param, si-14.02_odp.04 }}",insert param odp generate on demand odp,free-text,single,What value does your organization use for: insert param odp generate on demand odp?,,
si-14.02_odp.01,SI-14,rev5,"{{ insert: param, si-14.02_odp.01 }}",and,free-text,single,What value does your organization use for: and?,,
si-14.02_odp.01,SI-14(02),rev5,"{{ insert: param, si-14.02_odp.01 }}",class sp800-53a is performed links href,free-text,single,What value does your organization use for: class sp800-53a is performed links href?,,
si-14.03_odp,SI-14,rev5,"{{ insert: param, si-14.03_odp }}",system on demand and terminate connections after,free-text,single,What value does your organization use for: system on demand and terminate connections after?,,
si-14.03_odp,SI-14(03),rev5,"{{ insert: param, si-14.03_odp }}",the system are terminated after links href rel,free-text,single,What value does your organization use for: the system are terminated after links href rel?,,
si-15_odp,SI-15,rev5,"{{ insert: param, si-15_odp }}",the information is consistent with the expected content,free-text,single,What value does your organization use for: the information is consistent with the expected content?,,
si-15_odp,SI-15,rev5,"{{ insert: param, si-15_odp }}",output from is validated to ensure that the,free-text,single,What value does your organization use for: output from is validated to ensure that the?,,
si-16_odp,SI-16,rev5,"{{ insert: param, si-16_odp }}",protect the system memory from unauthorized code execution,free-text,single,What value does your organization use for: protect the system memory from unauthorized code execution?,,
si-16_odp,SI-16,rev5,"{{ insert: param, si-16_odp }}",class sp800-53a are implemented to protect the system,free-text,single,What value does your organization use for: class sp800-53a are implemented to protect the system?,,
si-17_prm_1,SI-17,rev5,"{{ insert: param, si-17_prm_1 }}",indicated fail-safe procedures when the indicated failures occur,free-text,single,What value does your organization use for: indicated fail-safe procedures when the indicated failures occur?,,
si-17_odp.01,SI-17,rev5,"{{ insert: param, si-17_odp.01 }}",assessment-objective class sp800-53a are implemented when insert param,free-text,single,What value does your organization use for: assessment-objective class sp800-53a are implemented when insert param?,,
si-17_odp.02,SI-17,rev5,"{{ insert: param, si-17_odp.02 }}",odp are implemented when occur links href rel,free-text,single,What value does your organization use for: odp are implemented when occur links href rel?,,
si-18_prm_1,SI-18,rev5,"{{ insert: param, si-18_prm_1 }}",identifiable information across the information life cycle and,free-text,single,What value does your organization use for: identifiable information across the information life cycle and?,,
si-18_odp.01,SI-18,rev5,"{{ insert: param, si-18_odp.01 }}",information life cycle is checked links href rel,free-text,single,What value does your organization use for: information life cycle is checked links href rel?,,
si-18_odp.02,SI-18,rev5,"{{ insert: param, si-18_odp.02 }}",information life cycle is checked links href rel,free-text,single,What value does your organization use for: information life cycle is checked links href rel?,,
si-18_odp.03,SI-18,rev5,"{{ insert: param, si-18_odp.03 }}",information life cycle is checked links href rel,free-text,single,What value does your organization use for: information life cycle is checked links href rel?,,
si-18_odp.04,SI-18,rev5,"{{ insert: param, si-18_odp.04 }}",information life cycle is checked links href rel,free-text,single,What value does your organization use for: information life cycle is checked links href rel?,,
si-18.01_odp,SI-18,rev5,"{{ insert: param, si-18.01_odp }}",determined regarding impact or incorrectly de-identified using,free-text,single,What value does your organization use for: determined regarding impact or incorrectly de-identified using?,,
si-18.01_odp,SI-18(01),rev5,"{{ insert: param, si-18.01_odp }}",class sp800-53a are used to correct or delete,free-text,single,What value does your organization use for: class sp800-53a are used to correct or delete?,,
si-18.05_odp,SI-18,rev5,"{{ insert: param, si-18.05_odp }}",Notify and individuals that the personally identifiable,free-text,single,What value does your organization use for: Notify and individuals that the personally identifiable?,,
si-18.05_odp,SI-18(05),rev5,"{{ insert: param, si-18.05_odp }}",class sp800-53a and individuals are notified when the,free-text,single,What value does your organization use for: class sp800-53a and individuals are notified when the?,,
si-19_odp.01,SI-19,rev5,"{{ insert: param, si-19_odp.01 }}",elements of personally identifiable information from datasets and,free-text,single,What value does your organization use for: elements of personally identifiable information from datasets and?,,
si-19_odp.02,SI-19,rev5,"{{ insert: param, si-19_odp.02 }}",Evaluate for effectiveness of de-identification,free-text,single,What value does your organization use for: Evaluate for effectiveness of de-identification?,,
si-19_odp.01,SI-19,rev5,"{{ insert: param, si-19_odp.01 }}",class sp800-53a are removed from datasets links href,free-text,single,What value does your organization use for: class sp800-53a are removed from datasets links href?,,
si-19_odp.02,SI-19,rev5,"{{ insert: param, si-19_odp.02 }}",effectiveness of de-identification is evaluated links href rel,free-text,single,What value does your organization use for: effectiveness of de-identification is evaluated links href rel?,,
si-20_odp,SI-20,rev5,"{{ insert: param, si-20_odp }}",been exfiltrated or improperly removed from the organization,free-text,single,What value does your organization use for: been exfiltrated or improperly removed from the organization?,,
si-20_odp,SI-20,rev5,"{{ insert: param, si-20_odp }}",embedded in to determine if organizational data has,free-text,single,What value does your organization use for: embedded in to determine if organizational data has?,,
si-21_odp.01,SI-21,rev5,"{{ insert: param, si-21_odp.01 }}",rel related Refresh at insert param odp,free-text,single,What value does your organization use for: rel related Refresh at insert param odp?,,
si-21_odp.02,SI-21,rev5,"{{ insert: param, si-21_odp.02 }}",odp at or generate the information on demand,free-text,single,What value does your organization use for: odp at or generate the information on demand?,,
si-21_odp.01,SI-21,rev5,"{{ insert: param, si-21_odp.01 }}",class sp800-53a the is refreshed insert param odp,free-text,single,What value does your organization use for: class sp800-53a the is refreshed insert param odp?,,
si-21_odp.02,SI-21,rev5,"{{ insert: param, si-21_odp.02 }}",is refreshed or is generated on demand and,free-text,single,What value does your organization use for: is refreshed or is generated on demand and?,,
si-22_odp.02,SI-22,rev5,"{{ insert: param, si-22_odp.02 }}",sources of information for insert param odp and,free-text,single,What value does your organization use for: sources of information for insert param odp and?,,
si-22_odp.01,SI-22,rev5,"{{ insert: param, si-22_odp.01 }}",sources of information for insert param odp and,free-text,single,What value does your organization use for: sources of information for insert param odp and?,,
si-22_odp.03,SI-22,rev5,"{{ insert: param, si-22_odp.03 }}",services on when the primary source of information,free-text,single,What value does your organization use for: services on when the primary source of information?,,
si-22_odp.01,SI-22,rev5,"{{ insert: param, si-22_odp.01 }}",assessment-objective SI-22a class sp800-53a for insert param odp,free-text,single,What value does your organization use for: assessment-objective SI-22a class sp800-53a for insert param odp?,,
si-22_odp.02,SI-22,rev5,"{{ insert: param, si-22_odp.02 }}",insert param odp for are identified links href,free-text,single,What value does your organization use for: insert param odp for are identified links href?,,
si-22_odp.03,SI-22,rev5,"{{ insert: param, si-22_odp.03 }}",services on when the primary source of information,free-text,single,What value does your organization use for: services on when the primary source of information?,,
si-23_odp.01,SI-23,rev5,"{{ insert: param, si-23_odp.01 }}",reference Based on,free-text,single,What value does your organization use for: reference Based on?,,
si-23_odp.02,SI-23,rev5,"{{ insert: param, si-23_odp.02 }}",Fragment the following information and,free-text,single,What value does your organization use for: Fragment the following information and?,,
si-23_odp.03,SI-23,rev5,"{{ insert: param, si-23_odp.03 }}",information across the following systems or system components,free-text,single,What value does your organization use for: information across the following systems or system components?,,
si-23_odp.01,SI-23,rev5,"{{ insert: param, si-23_odp.01 }}",SI-23a class sp800-53a under insert param odp is,free-text,single,What value does your organization use for: SI-23a class sp800-53a under insert param odp is?,,
si-23_odp.02,SI-23,rev5,"{{ insert: param, si-23_odp.02 }}",under insert param odp is fragmented links href,free-text,single,What value does your organization use for: under insert param odp is fragmented links href?,,
si-23_odp.01,SI-23,rev5,"{{ insert: param, si-23_odp.01 }}",sp800-53a under the fragmented information is distributed across,free-text,single,What value does your organization use for: sp800-53a under the fragmented information is distributed across?,,
si-23_odp.03,SI-23,rev5,"{{ insert: param, si-23_odp.03 }}",fragmented information is distributed across links href rel,free-text,single,What value does your organization use for: fragmented information is distributed across links href rel?,,
sr-1_prm_1,SR-1,rev5,"{{ insert: param, sr-1_prm_1 }}",Develop document and disseminate to,free-text,single,What value does your organization use for: Develop document and disseminate to?,,
sr-01_odp.03,SR-1,rev5,"{{ insert: param, sr-01_odp.03 }}",supply chain risk management policy that,free-text,single,What value does your organization use for: supply chain risk management policy that?,,
sr-01_odp.04,SR-1,rev5,"{{ insert: param, sr-01_odp.04 }}",Designate an to manage the development documentation and,free-text,single,What value does your organization use for: Designate an to manage the development documentation and?,,
sr-01_odp.05,SR-1,rev5,"{{ insert: param, sr-01_odp.05 }}",Policy and following insert param odp,free-text,single,What value does your organization use for: Policy and following insert param odp?,,
sr-01_odp.06,SR-01,rev5,"{{ insert: param, sr-01_odp.06 }}",Policy insert param odp and following and,free-text,single,What value does your organization use for: Policy insert param odp and following and?,,
sr-01_odp.07,SR-1,rev5,"{{ insert: param, sr-01_odp.07 }}",Procedures and following insert param odp,free-text,single,What value does your organization use for: Procedures and following insert param odp?,,
sr-01_odp.08,SR-01,rev5,"{{ insert: param, sr-01_odp.08 }}",Procedures insert param odp and following,free-text,single,What value does your organization use for: Procedures insert param odp and following?,,
sr-01_odp.01,SR-01,rev5,"{{ insert: param, sr-01_odp.01 }}",management policy is disseminated to links href rel,free-text,single,What value does your organization use for: management policy is disseminated to links href rel?,,
sr-01_odp.02,SR-01,rev5,"{{ insert: param, sr-01_odp.02 }}",management procedures are disseminated to links href rel,free-text,single,What value does your organization use for: management procedures are disseminated to links href rel?,,
sr-01_odp.03,SR-01,rev5,"{{ insert: param, sr-01_odp.03 }}",sp800-53a the supply chain risk management policy addresses,free-text,single,What value does your organization use for: sp800-53a the supply chain risk management policy addresses?,,
sr-01_odp.03,SR-01,rev5,"{{ insert: param, sr-01_odp.03 }}",sp800-53a the supply chain risk management policy addresses,free-text,single,What value does your organization use for: sp800-53a the supply chain risk management policy addresses?,,
sr-01_odp.03,SR-01,rev5,"{{ insert: param, sr-01_odp.03 }}",class sp800-53a supply chain risk management policy addresses,role,single,What value does your organization use for: class sp800-53a supply chain risk management policy addresses? (answer with a job title or role),System Administrator | Security Officer,
sr-01_odp.03,SR-01,rev5,"{{ insert: param, sr-01_odp.03 }}",sp800-53a the supply chain risk management policy addresses,free-text,single,What value does your organization use for: sp800-53a the supply chain risk management policy addresses?,,
sr-01_odp.03,SR-01,rev5,"{{ insert: param, sr-01_odp.03 }}",sp800-53a the supply chain risk management policy addresses,free-text,single,What value does your organization use for: sp800-53a the supply chain risk management policy addresses?,,
sr-01_odp.03,SR-01,rev5,"{{ insert: param, sr-01_odp.03 }}",sp800-53a the supply chain risk management policy addresses,org list,single,What value does your organization use for: sp800-53a the supply chain risk management policy addresses? (answer with a comma-separated list of org units),Security | HR | Finance,
sr-01_odp.03,SR-01,rev5,"{{ insert: param, sr-01_odp.03 }}",sp800-53a the supply chain risk management policy addresses,free-text,single,What value does your organization use for: sp800-53a the supply chain risk management policy addresses?,,
sr-01_odp.03,SR-01,rev5,"{{ insert: param, sr-01_odp.03 }}",sp800-53a the supply chain risk management policy is,free-text,single,What value does your organization use for: sp800-53a the supply chain risk management policy is?,,
sr-01_odp.04,SR-01,rev5,"{{ insert: param, sr-01_odp.04 }}",sp800-53a the is designated to manage the development,free-text,single,What value does your organization use for: sp800-53a the is designated to manage the development?,,
sr-01_odp.05,SR-01,rev5,"{{ insert: param, sr-01_odp.05 }}",management policy is reviewed and updated links href,free-text,single,What value does your organization use for: management policy is reviewed and updated links href?,,
sr-01_odp.06,SR-01,rev5,"{{ insert: param, sr-01_odp.06 }}",policy is reviewed and updated following links href,free-text,single,What value does your organization use for: policy is reviewed and updated following links href?,,
sr-01_odp.07,SR-01,rev5,"{{ insert: param, sr-01_odp.07 }}",management procedures are reviewed and updated links href,free-text,single,What value does your organization use for: management procedures are reviewed and updated links href?,,
sr-01_odp.08,SR-01,rev5,"{{ insert: param, sr-01_odp.08 }}",procedures are reviewed and updated following links href,free-text,single,What value does your organization use for: procedures are reviewed and updated following links href?,,
sr-02_odp.01,SR-2,rev5,"{{ insert: param, sr-02_odp.01 }}",the following systems system components or system services,free-text,single,What value does your organization use for: the following systems system components or system services?,,
sr-02_odp.02,SR-2,rev5,"{{ insert: param, sr-02_odp.02 }}",management plan or as required to address threat,free-text,single,What value does your organization use for: management plan or as required to address threat?,,
sr-02_odp.01,SR-02,rev5,"{{ insert: param, sr-02_odp.01 }}",the research and development of links href rel,free-text,single,What value does your organization use for: the research and development of links href rel?,,
sr-02_odp.01,SR-02,rev5,"{{ insert: param, sr-02_odp.01 }}",associated with the design of links href rel,free-text,single,What value does your organization use for: associated with the design of links href rel?,,
sr-02_odp.01,SR-02,rev5,"{{ insert: param, sr-02_odp.01 }}",associated with the manufacturing of links href rel,free-text,single,What value does your organization use for: associated with the manufacturing of links href rel?,,
sr-02_odp.01,SR-02,rev5,"{{ insert: param, sr-02_odp.01 }}",associated with the acquisition of links href rel,free-text,single,What value does your organization use for: associated with the acquisition of links href rel?,,
sr-02_odp.01,SR-02,rev5,"{{ insert: param, sr-02_odp.01 }}",associated with the delivery of links href rel,free-text,single,What value does your organization use for: associated with the delivery of links href rel?,,
sr-02_odp.01,SR-02,rev5,"{{ insert: param, sr-02_odp.01 }}",associated with the integration of links href rel,free-text,single,What value does your organization use for: associated with the integration of links href rel?,,
sr-02_odp.01,SR-02,rev5,"{{ insert: param, sr-02_odp.01 }}",the operation and maintenance of links href rel,free-text,single,What value does your organization use for: the operation and maintenance of links href rel?,,
sr-02_odp.01,SR-02,rev5,"{{ insert: param, sr-02_odp.01 }}",associated with the disposal of links href rel,free-text,single,What value does your organization use for: associated with the disposal of links href rel?,,
sr-02_odp.02,SR-02,rev5,"{{ insert: param, sr-02_odp.02 }}",and updated or as required to address threat,free-text,single,What value does your organization use for: and updated or as required to address threat?,,
sr-02.01_odp.01,SR-2,rev5,"{{ insert: param, sr-02.01_odp.01 }}",consisting of to lead and support the following,free-text,single,What value does your organization use for: consisting of to lead and support the following?,,
sr-02.01_odp.02,SR-02,rev5,"{{ insert: param, sr-02.01_odp.02 }}",lead and support the following SCRM activities,free-text,single,What value does your organization use for: lead and support the following SCRM activities?,,
sr-02.01_odp.01,SR-02(01),rev5,"{{ insert: param, sr-02.01_odp.01 }}",consisting of is established to lead and support,free-text,single,What value does your organization use for: consisting of is established to lead and support?,,
sr-02.01_odp.02,SR-02,rev5,"{{ insert: param, sr-02.01_odp.02 }}",established to lead and support links href rel,free-text,single,What value does your organization use for: established to lead and support links href rel?,,
sr-03_odp.05,SR-03,rev5,"{{ insert: param, sr-03_odp.05 }}",privacy plans supply chain risk management plan odp,free-text,single,What value does your organization use for: privacy plans supply chain risk management plan odp?,,
sr-03_odp.01,SR-3,rev5,"{{ insert: param, sr-03_odp.01 }}",and processes of in coordination with insert param,free-text,single,What value does your organization use for: and processes of in coordination with insert param?,,
sr-03_odp.02,SR-03,rev5,"{{ insert: param, sr-03_odp.02 }}",processes of insert param odp in coordination with,free-text,single,What value does your organization use for: processes of insert param odp in coordination with?,,
sr-03_odp.03,SR-3,rev5,"{{ insert: param, sr-03_odp.03 }}",harm or consequences from supply chain-related events and,free-text,single,What value does your organization use for: harm or consequences from supply chain-related events and?,,
sr-03_odp.04,SR-3,rev5,"{{ insert: param, sr-03_odp.04 }}",and implemented supply chain processes and controls in,free-text,single,What value does your organization use for: and implemented supply chain processes and controls in?,,
sr-03_odp.01,SR-03,rev5,"{{ insert: param, sr-03_odp.01 }}",chain elements and processes of links href rel,free-text,single,What value does your organization use for: chain elements and processes of links href rel?,,
sr-03_odp.01,SR-03,rev5,"{{ insert: param, sr-03_odp.01 }}",processes of is are coordinated with insert param,free-text,single,What value does your organization use for: processes of is are coordinated with insert param?,,
sr-03_odp.02,SR-03,rev5,"{{ insert: param, sr-03_odp.02 }}",odp is are coordinated with links href rel,free-text,single,What value does your organization use for: odp is are coordinated with links href rel?,,
sr-03_odp.03,SR-03,rev5,"{{ insert: param, sr-03_odp.03 }}",class sp800-53a are employed to protect against supply,free-text,single,What value does your organization use for: class sp800-53a are employed to protect against supply?,,
sr-03_odp.04,SR-03,rev5,"{{ insert: param, sr-03_odp.04 }}",and controls are documented in links href rel,free-text,single,What value does your organization use for: and controls are documented in links href rel?,,
sr-3.1_prm_1,SR-3,rev5,"{{ insert: param, sr-3.1_prm_1 }}",for the following system components and services,free-text,single,What value does your organization use for: for the following system components and services?,,
sr-03.01_odp.01,SR-03(01),rev5,"{{ insert: param, sr-03.01_odp.01 }}",of sources is employed for links href rel,free-text,single,What value does your organization use for: of sources is employed for links href rel?,,
sr-03.01_odp.02,SR-03(01),rev5,"{{ insert: param, sr-03.01_odp.02 }}",of sources is employed for links href rel,free-text,single,What value does your organization use for: of sources is employed for links href rel?,,
sr-03.02_odp,SR-3,rev5,"{{ insert: param, sr-03.02_odp }}",identifying and targeting the organizational supply chain,free-text,single,What value does your organization use for: identifying and targeting the organizational supply chain?,,
sr-03.02_odp,SR-03(02),rev5,"{{ insert: param, sr-03.02_odp }}",class sp800-53a are employed to limit harm from,free-text,single,What value does your organization use for: class sp800-53a are employed to limit harm from?,,
sr-04_odp,SR-4,rev5,"{{ insert: param, sr-04_odp }}",the following systems system components and associated data,frequency,single,"What value does your organization use for: the following systems system components and associated data? (answer with a frequency, e.g., daily/weekly/monthly)",daily | weekly | monthly | quarterly,
sr-04_odp,SR-04,rev5,"{{ insert: param, sr-04_odp }}",provenance is documented for links href rel assessment-for,free-text,single,What value does your organization use for: provenance is documented for links href rel assessment-for?,,
sr-04_odp,SR-04,rev5,"{{ insert: param, sr-04_odp }}",provenance is monitored for links href rel assessment-for,free-text,single,What value does your organization use for: provenance is monitored for links href rel assessment-for?,,
sr-04_odp,SR-04,rev5,"{{ insert: param, sr-04_odp }}",provenance is maintained for links href rel assessment-for,free-text,single,What value does your organization use for: provenance is maintained for links href rel assessment-for?,,
sr-04.01_odp,SR-4,rev5,"{{ insert: param, sr-04.01_odp }}",the identified system and critical system components,free-text,single,What value does your organization use for: the identified system and critical system components?,,
sr-04.01_odp,SR-04(01),rev5,"{{ insert: param, sr-04.01_odp }}",sp800-53a unique identification of is established links href,free-text,single,What value does your organization use for: sp800-53a unique identification of is established links href?,,
sr-04.01_odp,SR-04(01),rev5,"{{ insert: param, sr-04.01_odp }}",sp800-53a unique identification of is maintained links href,free-text,single,What value does your organization use for: sp800-53a unique identification of is maintained links href?,,
sr-04.02_odp,SR-4,rev5,"{{ insert: param, sr-04.02_odp }}",components for tracking through the supply chain,free-text,single,What value does your organization use for: components for tracking through the supply chain?,,
sr-04.02_odp,SR-04(02),rev5,"{{ insert: param, sr-04.02_odp }}",identification of is established for tracking through the,free-text,single,What value does your organization use for: identification of is established for tracking through the?,,
sr-04.02_odp,SR-04(02),rev5,"{{ insert: param, sr-04.02_odp }}",identification of is maintained for tracking through the,free-text,single,What value does your organization use for: identification of is maintained for tracking through the?,,
sr-4.3_prm_1,SR-4,rev5,"{{ insert: param, sr-4.3_prm_1 }}",is genuine and has not been altered,free-text,single,What value does your organization use for: is genuine and has not been altered?,,
sr-04.03_odp.01,SR-04(03),rev5,"{{ insert: param, sr-04.03_odp.01 }}",class sp800-53a are employed to validate that the,free-text,single,What value does your organization use for: class sp800-53a are employed to validate that the?,,
sr-04.03_odp.02,SR-04(03),rev5,"{{ insert: param, sr-04.03_odp.02 }}",class sp800-53a are employed to validate that the,free-text,single,What value does your organization use for: class sp800-53a are employed to validate that the?,,
sr-04.04_odp.01,SR-4,rev5,"{{ insert: param, sr-04.04_odp.01 }}",related Employ and conduct insert param,role,single,What value does your organization use for: related Employ and conduct insert param? (answer with a job title or role),System Administrator | Security Officer,
sr-04.04_odp.02,SR-04,rev5,"{{ insert: param, sr-04.04_odp.02 }}",and conduct to ensure the integrity of the,role,single,What value does your organization use for: and conduct to ensure the integrity of the? (answer with a job title or role),System Administrator | Security Officer,
sr-04.04_odp.01,SR-04(04),rev5,"{{ insert: param, sr-04.04_odp.01 }}",class sp800-53a are employed to ensure the integrity,free-text,single,What value does your organization use for: class sp800-53a are employed to ensure the integrity?,,
sr-04.04_odp.02,SR-04(04),rev5,"{{ insert: param, sr-04.04_odp.02 }}",class sp800-53a is conducted to ensure the integrity,free-text,single,What value does your organization use for: class sp800-53a is conducted to ensure the integrity?,,
sr-05_odp,SR-5,rev5,"{{ insert: param, sr-05_odp }}",protect against identify and mitigate supply chain risks,free-text,single,What value does your organization use for: protect against identify and mitigate supply chain risks?,,
sr-05_odp,SR-05,rev5,"{{ insert: param, sr-05_odp }}",class sp800-53a are employed to protect against supply,free-text,single,What value does your organization use for: class sp800-53a are employed to protect against supply?,,
sr-05_odp,SR-05,rev5,"{{ insert: param, sr-05_odp }}",class sp800-53a are employed to identify supply chain,free-text,single,What value does your organization use for: class sp800-53a are employed to identify supply chain?,,
sr-05_odp,SR-05,rev5,"{{ insert: param, sr-05_odp }}",class sp800-53a are employed to mitigate supply chain,free-text,single,What value does your organization use for: class sp800-53a are employed to mitigate supply chain?,,
sr-05.01_odp.02,SR-5,rev5,"{{ insert: param, sr-05.01_odp.02 }}",ensure an adequate supply of insert param odp,free-text,single,What value does your organization use for: ensure an adequate supply of insert param odp?,,
sr-05.01_odp.01,SR-05,rev5,"{{ insert: param, sr-05.01_odp.01 }}",supply of insert param odp,free-text,single,What value does your organization use for: supply of insert param odp?,,
sr-05.01_odp.01,SR-05(01),rev5,"{{ insert: param, sr-05.01_odp.01 }}",class sp800-53a are employed to ensure an adequate,free-text,single,What value does your organization use for: class sp800-53a are employed to ensure an adequate?,,
sr-05.01_odp.02,SR-05,rev5,"{{ insert: param, sr-05.01_odp.02 }}",ensure an adequate supply of links href rel,free-text,single,What value does your organization use for: ensure an adequate supply of links href rel?,,
sr-06_odp,SR-6,rev5,"{{ insert: param, sr-06_odp }}",system system component or system service they provide,free-text,single,What value does your organization use for: system system component or system service they provide?,,
sr-06_odp,SR-06,rev5,"{{ insert: param, sr-06_odp }}",are assessed and reviewed links href rel assessment-for,free-text,single,What value does your organization use for: are assessed and reviewed links href rel assessment-for?,,
sr-06.01_odp.01,SR-6,rev5,"{{ insert: param, sr-06.01_odp.01 }}",Employ of the following supply chain elements,free-text,single,What value does your organization use for: Employ of the following supply chain elements?,,
sr-06.01_odp.02,SR-06,rev5,"{{ insert: param, sr-06.01_odp.02 }}",the system system component or system service,duration,single,"What value does your organization use for: the system system component or system service? (answer with a duration, e.g., 30/60/90 days)",30 days | 60 days | 90 days,
sr-06.01_odp.01,SR-06(01),rev5,"{{ insert: param, sr-06.01_odp.01 }}",class sp800-53a is are employed on insert param,free-text,single,What value does your organization use for: class sp800-53a is are employed on insert param?,,
sr-06.01_odp.02,SR-06,rev5,"{{ insert: param, sr-06.01_odp.02 }}",employed on associated with the system system component,free-text,single,What value does your organization use for: employed on associated with the system system component?,,
sr-07_odp,SR-7,rev5,"{{ insert: param, sr-07_odp }}",for the system system component or system service,free-text,single,What value does your organization use for: for the system system component or system service?,,
sr-07_odp,SR-07,rev5,"{{ insert: param, sr-07_odp }}",class sp800-53a are employed to protect supply chain-related,free-text,single,What value does your organization use for: class sp800-53a are employed to protect supply chain-related?,,
sr-08_odp.02,SR-08,rev5,"{{ insert: param, sr-08_odp.02 }}",one-or-more choice notification of supply chain compromises odp,free-text,single,What value does your organization use for: one-or-more choice notification of supply chain compromises odp?,,
sr-08_odp.01,SR-8,rev5,"{{ insert: param, sr-08_odp.01 }}",system system component or system service for the,free-text,single,What value does your organization use for: system system component or system service for the?,,
sr-08_odp.01,SR-08,rev5,"{{ insert: param, sr-08_odp.01 }}",or system service for links href rel assessment-for,free-text,single,What value does your organization use for: or system service for links href rel assessment-for?,,
sr-10_odp.03,SR-10,rev5,"{{ insert: param, sr-10_odp.03 }}",choice at random at upon insert param odp,free-text,single,What value does your organization use for: choice at random at upon insert param odp?,,
sr-10_odp.04,SR-10,rev5,"{{ insert: param, sr-10_odp.04 }}",at random at insert param odp upon odp,free-text,single,What value does your organization use for: at random at insert param odp upon odp?,,
sr-10_odp.02,SR-10,rev5,"{{ insert: param, sr-10_odp.02 }}",or system components to detect tampering insert param,free-text,single,What value does your organization use for: or system components to detect tampering insert param?,,
sr-10_odp.01,SR-10,rev5,"{{ insert: param, sr-10_odp.01 }}",components insert param odp to detect tampering,frequency,single,"What value does your organization use for: components insert param odp to detect tampering? (answer with a frequency, e.g., daily/weekly/monthly)",daily | weekly | monthly | quarterly,
sr-10_odp.01,SR-10,rev5,"{{ insert: param, sr-10_odp.01 }}",assessment-objective class sp800-53a are inspected insert param odp,free-text,single,What value does your organization use for: assessment-objective class sp800-53a are inspected insert param odp?,,
sr-10_odp.02,SR-10,rev5,"{{ insert: param, sr-10_odp.02 }}",odp are inspected to detect tampering links href,free-text,single,What value does your organization use for: odp are inspected to detect tampering links href?,,
sr-11_odp.02,SR-11,rev5,"{{ insert: param, sr-11_odp.02 }}",choice source of counterfeit component insert param odp,free-text,single,What value does your organization use for: choice source of counterfeit component insert param odp?,,
sr-11_odp.03,SR-11,rev5,"{{ insert: param, sr-11_odp.03 }}",source of counterfeit component insert param odp odp,free-text,single,What value does your organization use for: source of counterfeit component insert param odp odp?,,
sr-11_odp.01,SR-11,rev5,"{{ insert: param, sr-11_odp.01 }}",Report counterfeit system components to,free-text,single,What value does your organization use for: Report counterfeit system components to?,,
sr-11_odp.01,SR-11,rev5,"{{ insert: param, sr-11_odp.01 }}",system components are reported to links href rel,free-text,single,What value does your organization use for: system components are reported to links href rel?,,
sr-11.01_odp,SR-11,rev5,"{{ insert: param, sr-11.01_odp }}",Train to detect counterfeit system components including,free-text,single,What value does your organization use for: Train to detect counterfeit system components including?,,
sr-11.01_odp,SR-11(01),rev5,"{{ insert: param, sr-11.01_odp }}",class sp800-53a are trained to detect counterfeit system,free-text,single,What value does your organization use for: class sp800-53a are trained to detect counterfeit system?,,
sr-11.02_odp,SR-11,rev5,"{{ insert: param, sr-11.02_odp }}",or repaired components awaiting return to service,free-text,single,What value does your organization use for: or repaired components awaiting return to service?,,
sr-11.02_odp,SR-11(02),rev5,"{{ insert: param, sr-11.02_odp }}",control over awaiting service or repair is maintained,free-text,single,What value does your organization use for: control over awaiting service or repair is maintained?,,
sr-11.02_odp,SR-11(02),rev5,"{{ insert: param, sr-11.02_odp }}",or repaired awaiting return to service is maintained,free-text,single,What value does your organization use for: or repaired awaiting return to service is maintained?,,
sr-11.03_odp,SR-11,rev5,"{{ insert: param, sr-11.03_odp }}",Scan for counterfeit system components,free-text,single,What value does your organization use for: Scan for counterfeit system components?,,
sr-11.03_odp,SR-11(03),rev5,"{{ insert: param, sr-11.03_odp }}",counterfeit system components is conducted links href rel,free-text,single,What value does your organization use for: counterfeit system components is conducted links href rel?,,
sr-12_odp.01,SR-12,rev5,"{{ insert: param, sr-12_odp.01 }}",Dispose of using the following techniques and methods,free-text,single,What value does your organization use for: Dispose of using the following techniques and methods?,,
sr-12_odp.02,SR-12,rev5,"{{ insert: param, sr-12_odp.02 }}",odp using the following techniques and methods,free-text,single,What value does your organization use for: odp using the following techniques and methods?,,
sr-12_odp.01,SR-12,rev5,"{{ insert: param, sr-12_odp.01 }}",class sp800-53a are disposed of using insert param,free-text,single,What value does your organization use for: class sp800-53a are disposed of using insert param?,,
sr-12_odp.02,SR-12,rev5,"{{ insert: param, sr-12_odp.02 }}",are disposed of using links href rel assessment-for,free-text,single,What value does your organization use for: are disposed of using links href rel assessment-for?,,
