dataset,query_id,query_ord,original_query,rewrite_rank,rewritten_query,model_id,gen_params_json,timestamp_et
rev5,1,1,When must account managers and the designated personnel be notified about user account changes?,0,When do account managers and designated personnel need to be informed about changes to user accounts?,Qwen/Qwen2.5-7B-Instruct,"{""model_id"": ""Qwen/Qwen2.5-7B-Instruct"", ""temperature"": 0.5, ""top_p"": 0.9, ""max_new_tokens"": 80, ""n_rewrites"": 3, ""seed"": 42}",2026-02-09 20:54:15-0500
rev5,1,1,When must account managers and the designated personnel be notified about user account changes?,1,What are the requirements for notifying account managers and designated personnel about user account modifications?,Qwen/Qwen2.5-7B-Instruct,"{""model_id"": ""Qwen/Qwen2.5-7B-Instruct"", ""temperature"": 0.5, ""top_p"": 0.9, ""max_new_tokens"": 80, ""n_rewrites"": 3, ""seed"": 42}",2026-02-09 20:54:15-0500
rev5,1,1,When must account managers and the designated personnel be notified about user account changes?,2,Under what circumstances should account managers and designated personnel be made aware of changes in user accounts?,Qwen/Qwen2.5-7B-Instruct,"{""model_id"": ""Qwen/Qwen2.5-7B-Instruct"", ""temperature"": 0.5, ""top_p"": 0.9, ""max_new_tokens"": 80, ""n_rewrites"": 3, ""seed"": 42}",2026-02-09 20:54:15-0500
rev5,2,2,What must an organization enforce regarding logical access to its information and systems?,0,What policies must an organization implement for logical access to its information and systems?,Qwen/Qwen2.5-7B-Instruct,"{""model_id"": ""Qwen/Qwen2.5-7B-Instruct"", ""temperature"": 0.5, ""top_p"": 0.9, ""max_new_tokens"": 80, ""n_rewrites"": 3, ""seed"": 42}",2026-02-09 20:54:15-0500
rev5,2,2,What must an organization enforce regarding logical access to its information and systems?,1,Must an organization establish rules for logical access to its information and systems?,Qwen/Qwen2.5-7B-Instruct,"{""model_id"": ""Qwen/Qwen2.5-7B-Instruct"", ""temperature"": 0.5, ""top_p"": 0.9, ""max_new_tokens"": 80, ""n_rewrites"": 3, ""seed"": 42}",2026-02-09 20:54:15-0500
rev5,2,2,What must an organization enforce regarding logical access to its information and systems?,2,What are the mandatory measures an organization should take to control logical access to its information and systems?,Qwen/Qwen2.5-7B-Instruct,"{""model_id"": ""Qwen/Qwen2.5-7B-Instruct"", ""temperature"": 0.5, ""top_p"": 0.9, ""max_new_tokens"": 80, ""n_rewrites"": 3, ""seed"": 42}",2026-02-09 20:54:15-0500
rev5,3,3,What principle should be employed to limit user and process access to the minimum necessary for assigned tasks?,0,What principle ensures that user and process access is restricted to the minimum necessary for assigned tasks?,Qwen/Qwen2.5-7B-Instruct,"{""model_id"": ""Qwen/Qwen2.5-7B-Instruct"", ""temperature"": 0.5, ""top_p"": 0.9, ""max_new_tokens"": 80, ""n_rewrites"": 3, ""seed"": 42}",2026-02-09 20:54:15-0500
rev5,3,3,What principle should be employed to limit user and process access to the minimum necessary for assigned tasks?,1,Which principle dictates that access should be limited to the minimum necessary for performing assigned tasks?,Qwen/Qwen2.5-7B-Instruct,"{""model_id"": ""Qwen/Qwen2.5-7B-Instruct"", ""temperature"": 0.5, ""top_p"": 0.9, ""max_new_tokens"": 80, ""n_rewrites"": 3, ""seed"": 42}",2026-02-09 20:54:15-0500
rev5,3,3,What principle should be employed to limit user and process access to the minimum necessary for assigned tasks?,2,What guideline is used to ensure user and process access is minimized to only what is necessary for their assigned tasks?,Qwen/Qwen2.5-7B-Instruct,"{""model_id"": ""Qwen/Qwen2.5-7B-Instruct"", ""temperature"": 0.5, ""top_p"": 0.9, ""max_new_tokens"": 80, ""n_rewrites"": 3, ""seed"": 42}",2026-02-09 20:54:15-0500
rev5,4,4,How must a system be configured to handle consecutive invalid logon attempts?,0,What technical configurations are required for managing consecutive failed login attempts in a system?,Qwen/Qwen2.5-7B-Instruct,"{""model_id"": ""Qwen/Qwen2.5-7B-Instruct"", ""temperature"": 0.5, ""top_p"": 0.9, ""max_new_tokens"": 80, ""n_rewrites"": 3, ""seed"": 42}",2026-02-09 20:54:15-0500
rev5,4,4,How must a system be configured to handle consecutive invalid logon attempts?,1,What settings should be implemented to address multiple unsuccessful authentication tries within a system?,Qwen/Qwen2.5-7B-Instruct,"{""model_id"": ""Qwen/Qwen2.5-7B-Instruct"", ""temperature"": 0.5, ""top_p"": 0.9, ""max_new_tokens"": 80, ""n_rewrites"": 3, ""seed"": 42}",2026-02-09 20:54:15-0500
rev5,4,4,How must a system be configured to handle consecutive invalid logon attempts?,2,What are the necessary system configurations to ensure proper handling of repeated invalid login attempts?,Qwen/Qwen2.5-7B-Instruct,"{""model_id"": ""Qwen/Qwen2.5-7B-Instruct"", ""temperature"": 0.5, ""top_p"": 0.9, ""max_new_tokens"": 80, ""n_rewrites"": 3, ""seed"": 42}",2026-02-09 20:54:15-0500
rev5,5,5,What actions must a system take to lock a session and what is required for a user to re-establish access?,0,What technical steps are necessary for a system to initiate a session lock and what credentials are needed for a user to regain access?,Qwen/Qwen2.5-7B-Instruct,"{""model_id"": ""Qwen/Qwen2.5-7B-Instruct"", ""temperature"": 0.5, ""top_p"": 0.9, ""max_new_tokens"": 80, ""n_rewrites"": 3, ""seed"": 42}",2026-02-09 20:54:15-0500
rev5,5,5,What actions must a system take to lock a session and what is required for a user to re-establish access?,1,What technical procedures must a system follow to lock a session and what authentication factors are required for a user to re-establish access?,Qwen/Qwen2.5-7B-Instruct,"{""model_id"": ""Qwen/Qwen2.5-7B-Instruct"", ""temperature"": 0.5, ""top_p"": 0.9, ""max_new_tokens"": 80, ""n_rewrites"": 3, ""seed"": 42}",2026-02-09 20:54:15-0500
rev5,5,5,What actions must a system take to lock a session and what is required for a user to re-establish access?,2,How does a system lock a session and what is needed for a user to re-enable access to the system?,Qwen/Qwen2.5-7B-Instruct,"{""model_id"": ""Qwen/Qwen2.5-7B-Instruct"", ""temperature"": 0.5, ""top_p"": 0.9, ""max_new_tokens"": 80, ""n_rewrites"": 3, ""seed"": 42}",2026-02-09 20:54:15-0500
rev5,6,6,"What are the requirements for security and privacy literacy training, including its frequency, triggers for updates, and content sources?",0,"What are the essential elements of security and privacy literacy training, such as how often it should be conducted, when updates are necessary, and where the content comes from?",Qwen/Qwen2.5-7B-Instruct,"{""model_id"": ""Qwen/Qwen2.5-7B-Instruct"", ""temperature"": 0.5, ""top_p"": 0.9, ""max_new_tokens"": 80, ""n_rewrites"": 3, ""seed"": 42}",2026-02-09 20:54:15-0500
rev5,6,6,"What are the requirements for security and privacy literacy training, including its frequency, triggers for updates, and content sources?",1,"What are the key components of security and privacy literacy training, including its regularity, circumstances that require updates, and the origin of the training materials?",Qwen/Qwen2.5-7B-Instruct,"{""model_id"": ""Qwen/Qwen2.5-7B-Instruct"", ""temperature"": 0.5, ""top_p"": 0.9, ""max_new_tokens"": 80, ""n_rewrites"": 3, ""seed"": 42}",2026-02-09 20:54:15-0500
rev5,6,6,"What are the requirements for security and privacy literacy training, including its frequency, triggers for updates, and content sources?",2,"How do we determine the necessary aspects of security and privacy literacy training, such as its",Qwen/Qwen2.5-7B-Instruct,"{""model_id"": ""Qwen/Qwen2.5-7B-Instruct"", ""temperature"": 0.5, ""top_p"": 0.9, ""max_new_tokens"": 80, ""n_rewrites"": 3, ""seed"": 42}",2026-02-09 20:54:15-0500
rev5,7,7,Organizations should determine the content of training based on what?,0,What factors should organizations consider when defining the content of training?,Qwen/Qwen2.5-7B-Instruct,"{""model_id"": ""Qwen/Qwen2.5-7B-Instruct"", ""temperature"": 0.5, ""top_p"": 0.9, ""max_new_tokens"": 80, ""n_rewrites"": 3, ""seed"": 42}",2026-02-09 20:54:15-0500
rev5,7,7,Organizations should determine the content of training based on what?,1,What elements should organizations evaluate to establish the content of their training programs?,Qwen/Qwen2.5-7B-Instruct,"{""model_id"": ""Qwen/Qwen2.5-7B-Instruct"", ""temperature"": 0.5, ""top_p"": 0.9, ""max_new_tokens"": 80, ""n_rewrites"": 3, ""seed"": 42}",2026-02-09 20:54:15-0500
rev5,7,7,Organizations should determine the content of training based on what?,2,Based on what criteria should organizations decide the content of their training sessions?,Qwen/Qwen2.5-7B-Instruct,"{""model_id"": ""Qwen/Qwen2.5-7B-Instruct"", ""temperature"": 0.5, ""top_p"": 0.9, ""max_new_tokens"": 80, ""n_rewrites"": 3, ""seed"": 42}",2026-02-09 20:54:15-0500
rev5,8,8,"How must an organization document, monitor, and retain records of its security and privacy training activities?",0,"What are the necessary steps for documenting, monitoring, and retaining records of security and privacy training activities in an organization?",Qwen/Qwen2.5-7B-Instruct,"{""model_id"": ""Qwen/Qwen2.5-7B-Instruct"", ""temperature"": 0.5, ""top_p"": 0.9, ""max_new_tokens"": 80, ""n_rewrites"": 3, ""seed"": 42}",2026-02-09 20:54:15-0500
rev5,8,8,"How must an organization document, monitor, and retain records of its security and privacy training activities?",1,"What technical methods should an organization employ to document, monitor, and retain records of its security and privacy training activities?",Qwen/Qwen2.5-7B-Instruct,"{""model_id"": ""Qwen/Qwen2.5-7B-Instruct"", ""temperature"": 0.5, ""top_p"": 0.9, ""max_new_tokens"": 80, ""n_rewrites"": 3, ""seed"": 42}",2026-02-09 20:54:15-0500
rev5,8,8,"How must an organization document, monitor, and retain records of its security and privacy training activities?",2,"An organization needs to outline how it should document, track, and maintain records of security and privacy training activities.",Qwen/Qwen2.5-7B-Instruct,"{""model_id"": ""Qwen/Qwen2.5-7B-Instruct"", ""temperature"": 0.5, ""top_p"": 0.9, ""max_new_tokens"": 80, ""n_rewrites"": 3, ""seed"": 42}",2026-02-09 20:54:15-0500
rev5,9,9,What type of activity should be included in literacy training to simulate real-world incidents?,0,What kinds of activities are recommended for simulating real-world scenarios in literacy training?,Qwen/Qwen2.5-7B-Instruct,"{""model_id"": ""Qwen/Qwen2.5-7B-Instruct"", ""temperature"": 0.5, ""top_p"": 0.9, ""max_new_tokens"": 80, ""n_rewrites"": 3, ""seed"": 42}",2026-02-09 20:54:15-0500
rev5,9,9,What type of activity should be included in literacy training to simulate real-world incidents?,1,Which types of exercises should be incorporated into literacy training to mimic actual incidents?,Qwen/Qwen2.5-7B-Instruct,"{""model_id"": ""Qwen/Qwen2.5-7B-Instruct"", ""temperature"": 0.5, ""top_p"": 0.9, ""max_new_tokens"": 80, ""n_rewrites"": 3, ""seed"": 42}",2026-02-09 20:54:15-0500
rev5,9,9,What type of activity should be included in literacy training to simulate real-world incidents?,2,"In literacy training, what activities can be used to represent real-world situations effectively?",Qwen/Qwen2.5-7B-Instruct,"{""model_id"": ""Qwen/Qwen2.5-7B-Instruct"", ""temperature"": 0.5, ""top_p"": 0.9, ""max_new_tokens"": 80, ""n_rewrites"": 3, ""seed"": 42}",2026-02-09 20:54:15-0500
rev5,10,10,What method does AT-3(3) specify for reinforcing objectives in role-based security training?,0,What specific method does AT-3(3) outline for enhancing objectives in role-based security training?,Qwen/Qwen2.5-7B-Instruct,"{""model_id"": ""Qwen/Qwen2.5-7B-Instruct"", ""temperature"": 0.5, ""top_p"": 0.9, ""max_new_tokens"": 80, ""n_rewrites"": 3, ""seed"": 42}",2026-02-09 20:54:15-0500
rev5,10,10,What method does AT-3(3) specify for reinforcing objectives in role-based security training?,1,Which technique is specified by AT-3(3) for strengthening objectives in role-based security training programs?,Qwen/Qwen2.5-7B-Instruct,"{""model_id"": ""Qwen/Qwen2.5-7B-Instruct"", ""temperature"": 0.5, ""top_p"": 0.9, ""max_new_tokens"": 80, ""n_rewrites"": 3, ""seed"": 42}",2026-02-09 20:54:15-0500
rev5,10,10,What method does AT-3(3) specify for reinforcing objectives in role-based security training?,2,AT-3(3) what procedure is defined for improving objectives in role-based security training?,Qwen/Qwen2.5-7B-Instruct,"{""model_id"": ""Qwen/Qwen2.5-7B-Instruct"", ""temperature"": 0.5, ""top_p"": 0.9, ""max_new_tokens"": 80, ""n_rewrites"": 3, ""seed"": 42}",2026-02-09 20:54:15-0500
rev5,11,11,"What are the organizational responsibilities for defining, justifying, and maintaining the types of events to be logged by a system?",0,"What are the organizational duties in defining, justifying, and maintaining the types of events to be logged by a system?",Qwen/Qwen2.5-7B-Instruct,"{""model_id"": ""Qwen/Qwen2.5-7B-Instruct"", ""temperature"": 0.5, ""top_p"": 0.9, ""max_new_tokens"": 80, ""n_rewrites"": 3, ""seed"": 42}",2026-02-09 20:54:15-0500
rev5,11,11,"What are the organizational responsibilities for defining, justifying, and maintaining the types of events to be logged by a system?",1,"What are the organizational roles for establishing, validating, and updating the types of events to be recorded by a system?",Qwen/Qwen2.5-7B-Instruct,"{""model_id"": ""Qwen/Qwen2.5-7B-Instruct"", ""temperature"": 0.5, ""top_p"": 0.9, ""max_new_tokens"": 80, ""n_rewrites"": 3, ""seed"": 42}",2026-02-09 20:54:15-0500
rev5,11,11,"What are the organizational responsibilities for defining, justifying, and maintaining the types of events to be logged by a system?",2,"Who within an organization is responsible for setting, defending, and keeping current the types of events to be logged by a system?",Qwen/Qwen2.5-7B-Instruct,"{""model_id"": ""Qwen/Qwen2.5-7B-Instruct"", ""temperature"": 0.5, ""top_p"": 0.9, ""max_new_tokens"": 80, ""n_rewrites"": 3, ""seed"": 42}",2026-02-09 20:54:15-0500
rev5,12,12,What information must each audit record contain to support after-the-fact investigation of security incidents?,0,What technical details should be included in audit logs for post-incident analysis?,Qwen/Qwen2.5-7B-Instruct,"{""model_id"": ""Qwen/Qwen2.5-7B-Instruct"", ""temperature"": 0.5, ""top_p"": 0.9, ""max_new_tokens"": 80, ""n_rewrites"": 3, ""seed"": 42}",2026-02-09 20:54:15-0500
rev5,12,12,What information must each audit record contain to support after-the-fact investigation of security incidents?,1,What specific data points need to be captured in audit records for thorough security incident review?,Qwen/Qwen2.5-7B-Instruct,"{""model_id"": ""Qwen/Qwen2.5-7B-Instruct"", ""temperature"": 0.5, ""top_p"": 0.9, ""max_new_tokens"": 80, ""n_rewrites"": 3, ""seed"": 42}",2026-02-09 20:54:15-0500
rev5,12,12,What information must each audit record contain to support after-the-fact investigation of security incidents?,2,How can we ensure that audit entries contain necessary information for investigating security breaches afterward?,Qwen/Qwen2.5-7B-Instruct,"{""model_id"": ""Qwen/Qwen2.5-7B-Instruct"", ""temperature"": 0.5, ""top_p"": 0.9, ""max_new_tokens"": 80, ""n_rewrites"": 3, ""seed"": 42}",2026-02-09 20:54:15-0500
rev5,13,13,What factors must an organization consider when allocating audit log storage capacity to prevent the loss of audit data?,0,What technical factors should an organization evaluate for adequate audit log storage to avoid data loss?,Qwen/Qwen2.5-7B-Instruct,"{""model_id"": ""Qwen/Qwen2.5-7B-Instruct"", ""temperature"": 0.5, ""top_p"": 0.9, ""max_new_tokens"": 80, ""n_rewrites"": 3, ""seed"": 42}",2026-02-09 20:54:15-0500
rev5,13,13,What factors must an organization consider when allocating audit log storage capacity to prevent the loss of audit data?,1,What technical aspects must a company assess for sufficient audit log storage to prevent losing audit information?,Qwen/Qwen2.5-7B-Instruct,"{""model_id"": ""Qwen/Qwen2.5-7B-Instruct"", ""temperature"": 0.5, ""top_p"": 0.9, ""max_new_tokens"": 80, ""n_rewrites"": 3, ""seed"": 42}",2026-02-09 20:54:15-0500
rev5,13,13,What factors must an organization consider when allocating audit log storage capacity to prevent the loss of audit data?,2,"When determining audit log storage requirements to ensure no audit data is lost, what key considerations should an organization take into account?",Qwen/Qwen2.5-7B-Instruct,"{""model_id"": ""Qwen/Qwen2.5-7B-Instruct"", ""temperature"": 0.5, ""top_p"": 0.9, ""max_new_tokens"": 80, ""n_rewrites"": 3, ""seed"": 42}",2026-02-09 20:54:15-0500
rev5,14,14,"What is the required process for reviewing system audit records, and what actions should be taken based on the findings?",0,What are the necessary steps for examining system audit logs and what measures should be implemented following the review?,Qwen/Qwen2.5-7B-Instruct,"{""model_id"": ""Qwen/Qwen2.5-7B-Instruct"", ""temperature"": 0.5, ""top_p"": 0.9, ""max_new_tokens"": 80, ""n_rewrites"": 3, ""seed"": 42}",2026-02-09 20:54:15-0500
rev5,14,14,"What is the required process for reviewing system audit records, and what actions should be taken based on the findings?",1,What are the essential procedures for inspecting system audit records and what actions need to be executed based on the analysis?,Qwen/Qwen2.5-7B-Instruct,"{""model_id"": ""Qwen/Qwen2.5-7B-Instruct"", ""temperature"": 0.5, ""top_p"": 0.9, ""max_new_tokens"": 80, ""n_rewrites"": 3, ""seed"": 42}",2026-02-09 20:54:15-0500
rev5,14,14,"What is the required process for reviewing system audit records, and what actions should be taken based on the findings?",2,How should one conduct the review of system audit trails and what subsequent actions are recommended after identifying issues?,Qwen/Qwen2.5-7B-Instruct,"{""model_id"": ""Qwen/Qwen2.5-7B-Instruct"", ""temperature"": 0.5, ""top_p"": 0.9, ""max_new_tokens"": 80, ""n_rewrites"": 3, ""seed"": 42}",2026-02-09 20:54:15-0500
rev5,15,15,What are the requirements for generating and recording time stamps in audit records to ensure accuracy?,0,What are the key elements for creating and logging timestamps in audit logs to maintain precision?,Qwen/Qwen2.5-7B-Instruct,"{""model_id"": ""Qwen/Qwen2.5-7B-Instruct"", ""temperature"": 0.5, ""top_p"": 0.9, ""max_new_tokens"": 80, ""n_rewrites"": 3, ""seed"": 42}",2026-02-09 20:54:15-0500
rev5,15,15,What are the requirements for generating and recording time stamps in audit records to ensure accuracy?,1,How do we define and document timestamp generation and recording processes in audit entries to guarantee accuracy?,Qwen/Qwen2.5-7B-Instruct,"{""model_id"": ""Qwen/Qwen2.5-7B-Instruct"", ""temperature"": 0.5, ""top_p"": 0.9, ""max_new_tokens"": 80, ""n_rewrites"": 3, ""seed"": 42}",2026-02-09 20:54:15-0500
rev5,15,15,What are the requirements for generating and recording time stamps in audit records to ensure accuracy?,2,What technical standards should be followed for timestamp creation and documentation in audit records to ensure their accuracy?,Qwen/Qwen2.5-7B-Instruct,"{""model_id"": ""Qwen/Qwen2.5-7B-Instruct"", ""temperature"": 0.5, ""top_p"": 0.9, ""max_new_tokens"": 80, ""n_rewrites"": 3, ""seed"": 42}",2026-02-09 20:54:15-0500
rev5,16,16,"Describe the key steps of the formal control assessment process, from planning to reporting.",0,What are the essential stages in conducting a formal control assessment from start to finish?,Qwen/Qwen2.5-7B-Instruct,"{""model_id"": ""Qwen/Qwen2.5-7B-Instruct"", ""temperature"": 0.5, ""top_p"": 0.9, ""max_new_tokens"": 80, ""n_rewrites"": 3, ""seed"": 42}",2026-02-09 20:54:15-0500
rev5,16,16,"Describe the key steps of the formal control assessment process, from planning to reporting.",1,"What are the main phases involved in performing a formal control assessment, including preparation through documentation?",Qwen/Qwen2.5-7B-Instruct,"{""model_id"": ""Qwen/Qwen2.5-7B-Instruct"", ""temperature"": 0.5, ""top_p"": 0.9, ""max_new_tokens"": 80, ""n_rewrites"": 3, ""seed"": 42}",2026-02-09 20:54:15-0500
rev5,16,16,"Describe the key steps of the formal control assessment process, from planning to reporting.",2,"Can you outline the critical steps in executing a formal control assessment, starting with planning and concluding with reporting?",Qwen/Qwen2.5-7B-Instruct,"{""model_id"": ""Qwen/Qwen2.5-7B-Instruct"", ""temperature"": 0.5, ""top_p"": 0.9, ""max_new_tokens"": 80, ""n_rewrites"": 3, ""seed"": 42}",2026-02-09 20:54:15-0500
rev5,17,17,"What are the requirements for managing and securing information exchanges between systems, including the associated agreements?",0,What are the key requirements for handling and protecting data transfers between systems along with relevant contracts?,Qwen/Qwen2.5-7B-Instruct,"{""model_id"": ""Qwen/Qwen2.5-7B-Instruct"", ""temperature"": 0.5, ""top_p"": 0.9, ""max_new_tokens"": 80, ""n_rewrites"": 3, ""seed"": 42}",2026-02-09 20:54:15-0500
rev5,17,17,"What are the requirements for managing and securing information exchanges between systems, including the associated agreements?",1,"What are the essential standards for managing and safeguarding information exchanges among systems, including pertinent agreements?",Qwen/Qwen2.5-7B-Instruct,"{""model_id"": ""Qwen/Qwen2.5-7B-Instruct"", ""temperature"": 0.5, ""top_p"": 0.9, ""max_new_tokens"": 80, ""n_rewrites"": 3, ""seed"": 42}",2026-02-09 20:54:15-0500
rev5,17,17,"What are the requirements for managing and securing information exchanges between systems, including the associated agreements?",2,"Can you outline the necessary protocols for controlling and securing data sharing between systems, including the related legal agreements?",Qwen/Qwen2.5-7B-Instruct,"{""model_id"": ""Qwen/Qwen2.5-7B-Instruct"", ""temperature"": 0.5, ""top_p"": 0.9, ""max_new_tokens"": 80, ""n_rewrites"": 3, ""seed"": 42}",2026-02-09 20:54:15-0500
rev5,18,18,What is the purpose of a plan of action and milestones in addressing identified control weaknesses?,0,What is the role of a plan of action and milestones when dealing with identified control deficiencies?,Qwen/Qwen2.5-7B-Instruct,"{""model_id"": ""Qwen/Qwen2.5-7B-Instruct"", ""temperature"": 0.5, ""top_p"": 0.9, ""max_new_tokens"": 80, ""n_rewrites"": 3, ""seed"": 42}",2026-02-09 20:54:15-0500
rev5,18,18,What is the purpose of a plan of action and milestones in addressing identified control weaknesses?,1,what is the significance of having a plan of action and milestones for addressing recognized control weaknesses?,Qwen/Qwen2.5-7B-Instruct,"{""model_id"": ""Qwen/Qwen2.5-7B-Instruct"", ""temperature"": 0.5, ""top_p"": 0.9, ""max_new_tokens"": 80, ""n_rewrites"": 3, ""seed"": 42}",2026-02-09 20:54:15-0500
rev5,18,18,What is the purpose of a plan of action and milestones in addressing identified control weaknesses?,2,In what way do plan of action and milestones contribute to tackling identified control weaknesses?,Qwen/Qwen2.5-7B-Instruct,"{""model_id"": ""Qwen/Qwen2.5-7B-Instruct"", ""temperature"": 0.5, ""top_p"": 0.9, ""max_new_tokens"": 80, ""n_rewrites"": 3, ""seed"": 42}",2026-02-09 20:54:15-0500
rev5,19,19,What are the primary responsibilities of an authorizing official regarding system authorization?,0,What are the main duties of an authorizing official in the context of system authorization?,Qwen/Qwen2.5-7B-Instruct,"{""model_id"": ""Qwen/Qwen2.5-7B-Instruct"", ""temperature"": 0.5, ""top_p"": 0.9, ""max_new_tokens"": 80, ""n_rewrites"": 3, ""seed"": 42}",2026-02-09 20:54:15-0500
rev5,19,19,What are the primary responsibilities of an authorizing official regarding system authorization?,1,What technical roles does an authorizing official play concerning system authorization?,Qwen/Qwen2.5-7B-Instruct,"{""model_id"": ""Qwen/Qwen2.5-7B-Instruct"", ""temperature"": 0.5, ""top_p"": 0.9, ""max_new_tokens"": 80, ""n_rewrites"": 3, ""seed"": 42}",2026-02-09 20:54:15-0500
rev5,19,19,What are the primary responsibilities of an authorizing official regarding system authorization?,2,What are the key functions of an authorizing official in relation to system authorization?,Qwen/Qwen2.5-7B-Instruct,"{""model_id"": ""Qwen/Qwen2.5-7B-Instruct"", ""temperature"": 0.5, ""top_p"": 0.9, ""max_new_tokens"": 80, ""n_rewrites"": 3, ""seed"": 42}",2026-02-09 20:54:15-0500
rev5,20,20,What are the requirements for implementing a system-level continuous monitoring strategy?,0,What are the necessary components for a system-level continuous monitoring approach?,Qwen/Qwen2.5-7B-Instruct,"{""model_id"": ""Qwen/Qwen2.5-7B-Instruct"", ""temperature"": 0.5, ""top_p"": 0.9, ""max_new_tokens"": 80, ""n_rewrites"": 3, ""seed"": 42}",2026-02-09 20:54:15-0500
rev5,20,20,What are the requirements for implementing a system-level continuous monitoring strategy?,1,What are the essential elements required for establishing a system-wide continuous monitoring strategy?,Qwen/Qwen2.5-7B-Instruct,"{""model_id"": ""Qwen/Qwen2.5-7B-Instruct"", ""temperature"": 0.5, ""top_p"": 0.9, ""max_new_tokens"": 80, ""n_rewrites"": 3, ""seed"": 42}",2026-02-09 20:54:15-0500
rev5,20,20,What are the requirements for implementing a system-level continuous monitoring strategy?,2,How do you define the requirements for a comprehensive system-level continuous monitoring plan?,Qwen/Qwen2.5-7B-Instruct,"{""model_id"": ""Qwen/Qwen2.5-7B-Instruct"", ""temperature"": 0.5, ""top_p"": 0.9, ""max_new_tokens"": 80, ""n_rewrites"": 3, ""seed"": 42}",2026-02-09 20:54:15-0500
rev5,21,21,What are the lifecycle requirements for system baseline configurations?,0,What are the lifecycle management requirements for establishing system baseline configurations?,Qwen/Qwen2.5-7B-Instruct,"{""model_id"": ""Qwen/Qwen2.5-7B-Instruct"", ""temperature"": 0.5, ""top_p"": 0.9, ""max_new_tokens"": 80, ""n_rewrites"": 3, ""seed"": 42}",2026-02-09 20:54:15-0500
rev5,21,21,What are the lifecycle requirements for system baseline configurations?,1,What are the phases and requirements involved in maintaining system baseline configurations over their lifecycle?,Qwen/Qwen2.5-7B-Instruct,"{""model_id"": ""Qwen/Qwen2.5-7B-Instruct"", ""temperature"": 0.5, ""top_p"": 0.9, ""max_new_tokens"": 80, ""n_rewrites"": 3, ""seed"": 42}",2026-02-09 20:54:15-0500
rev5,21,21,What are the lifecycle requirements for system baseline configurations?,2,Can you outline the lifecycle steps required for setting up baseline configurations for systems?,Qwen/Qwen2.5-7B-Instruct,"{""model_id"": ""Qwen/Qwen2.5-7B-Instruct"", ""temperature"": 0.5, ""top_p"": 0.9, ""max_new_tokens"": 80, ""n_rewrites"": 3, ""seed"": 42}",2026-02-09 20:54:15-0500
rev5,22,22,What must an organization do to manage configuration-controlled changes?,0,How should an organization handle configuration-controlled changes effectively?,Qwen/Qwen2.5-7B-Instruct,"{""model_id"": ""Qwen/Qwen2.5-7B-Instruct"", ""temperature"": 0.5, ""top_p"": 0.9, ""max_new_tokens"": 80, ""n_rewrites"": 3, ""seed"": 42}",2026-02-09 20:54:15-0500
rev5,22,22,What must an organization do to manage configuration-controlled changes?,1,What actions must an organization take to manage configuration-controlled changes properly?,Qwen/Qwen2.5-7B-Instruct,"{""model_id"": ""Qwen/Qwen2.5-7B-Instruct"", ""temperature"": 0.5, ""top_p"": 0.9, ""max_new_tokens"": 80, ""n_rewrites"": 3, ""seed"": 42}",2026-02-09 20:54:15-0500
rev5,22,22,What must an organization do to manage configuration-controlled changes?,2,"To ensure effective management of configuration-controlled changes, what steps must an organization follow?",Qwen/Qwen2.5-7B-Instruct,"{""model_id"": ""Qwen/Qwen2.5-7B-Instruct"", ""temperature"": 0.5, ""top_p"": 0.9, ""max_new_tokens"": 80, ""n_rewrites"": 3, ""seed"": 42}",2026-02-09 20:54:15-0500
rev5,23,23,What should be analyzed before implementing a system change?,0,What technical components need assessment prior to executing a system modification?,Qwen/Qwen2.5-7B-Instruct,"{""model_id"": ""Qwen/Qwen2.5-7B-Instruct"", ""temperature"": 0.5, ""top_p"": 0.9, ""max_new_tokens"": 80, ""n_rewrites"": 3, ""seed"": 42}",2026-02-09 20:54:15-0500
rev5,23,23,What should be analyzed before implementing a system change?,1,What aspects should be evaluated before a system update is deployed?,Qwen/Qwen2.5-7B-Instruct,"{""model_id"": ""Qwen/Qwen2.5-7B-Instruct"", ""temperature"": 0.5, ""top_p"": 0.9, ""max_new_tokens"": 80, ""n_rewrites"": 3, ""seed"": 42}",2026-02-09 20:54:15-0500
rev5,23,23,What should be analyzed before implementing a system change?,2,Which factors require analysis before a system alteration is implemented?,Qwen/Qwen2.5-7B-Instruct,"{""model_id"": ""Qwen/Qwen2.5-7B-Instruct"", ""temperature"": 0.5, ""top_p"": 0.9, ""max_new_tokens"": 80, ""n_rewrites"": 3, ""seed"": 42}",2026-02-09 20:54:15-0500
rev5,24,24,"How should configuration settings be established, approved, and monitored?",0,"What are the best practices for establishing, approving, and monitoring configuration settings?",Qwen/Qwen2.5-7B-Instruct,"{""model_id"": ""Qwen/Qwen2.5-7B-Instruct"", ""temperature"": 0.5, ""top_p"": 0.9, ""max_new_tokens"": 80, ""n_rewrites"": 3, ""seed"": 42}",2026-02-09 20:54:15-0500
rev5,24,24,"How should configuration settings be established, approved, and monitored?",1,"How can we ensure that configuration settings are properly set up, validated, and continuously watched?",Qwen/Qwen2.5-7B-Instruct,"{""model_id"": ""Qwen/Qwen2.5-7B-Instruct"", ""temperature"": 0.5, ""top_p"": 0.9, ""max_new_tokens"": 80, ""n_rewrites"": 3, ""seed"": 42}",2026-02-09 20:54:15-0500
rev5,24,24,"How should configuration settings be established, approved, and monitored?",2,"What steps are recommended for configuring, authorizing, and overseeing system settings?",Qwen/Qwen2.5-7B-Instruct,"{""model_id"": ""Qwen/Qwen2.5-7B-Instruct"", ""temperature"": 0.5, ""top_p"": 0.9, ""max_new_tokens"": 80, ""n_rewrites"": 3, ""seed"": 42}",2026-02-09 20:54:15-0500
rev5,25,25,"What are the requirements for developing, maintaining, and updating a system component inventory?",0,"What are the technical requirements for creating, managing, and revising a system component list?",Qwen/Qwen2.5-7B-Instruct,"{""model_id"": ""Qwen/Qwen2.5-7B-Instruct"", ""temperature"": 0.5, ""top_p"": 0.9, ""max_new_tokens"": 80, ""n_rewrites"": 3, ""seed"": 42}",2026-02-09 20:54:15-0500
rev5,25,25,"What are the requirements for developing, maintaining, and updating a system component inventory?",1,"What are the necessary steps and criteria for developing, sustaining, and updating a system component inventory?",Qwen/Qwen2.5-7B-Instruct,"{""model_id"": ""Qwen/Qwen2.5-7B-Instruct"", ""temperature"": 0.5, ""top_p"": 0.9, ""max_new_tokens"": 80, ""n_rewrites"": 3, ""seed"": 42}",2026-02-09 20:54:15-0500
rev5,25,25,"What are the requirements for developing, maintaining, and updating a system component inventory?",2,"What technical standards and processes should be followed when creating, maintaining, and updating a system component catalog?",Qwen/Qwen2.5-7B-Instruct,"{""model_id"": ""Qwen/Qwen2.5-7B-Instruct"", ""temperature"": 0.5, ""top_p"": 0.9, ""max_new_tokens"": 80, ""n_rewrites"": 3, ""seed"": 42}",2026-02-09 20:54:15-0500
rev5,26,26,"What are the key elements that must be included in a contingency plan, and how should it be reviewed, distributed, and updated?",0,"What are the essential components of a contingency plan and what is the process for reviewing, disseminating, and maintaining it?",Qwen/Qwen2.5-7B-Instruct,"{""model_id"": ""Qwen/Qwen2.5-7B-Instruct"", ""temperature"": 0.5, ""top_p"": 0.9, ""max_new_tokens"": 80, ""n_rewrites"": 3, ""seed"": 42}",2026-02-09 20:54:15-0500
rev5,26,26,"What are the key elements that must be included in a contingency plan, and how should it be reviewed, distributed, and updated?",1,"What must be included in a contingency plan and what procedures should be followed for its review, distribution, and updating?",Qwen/Qwen2.5-7B-Instruct,"{""model_id"": ""Qwen/Qwen2.5-7B-Instruct"", ""temperature"": 0.5, ""top_p"": 0.9, ""max_new_tokens"": 80, ""n_rewrites"": 3, ""seed"": 42}",2026-02-09 20:54:15-0500
rev5,26,26,"What are the key elements that must be included in a contingency plan, and how should it be reviewed, distributed, and updated?",2,"Can you outline the critical parts of a contingency plan along with the methods for its examination, sharing, and revision?",Qwen/Qwen2.5-7B-Instruct,"{""model_id"": ""Qwen/Qwen2.5-7B-Instruct"", ""temperature"": 0.5, ""top_p"": 0.9, ""max_new_tokens"": 80, ""n_rewrites"": 3, ""seed"": 42}",2026-02-09 20:54:15-0500
rev5,27,27,When and how should contingency training be provided to system users based on their assigned roles and responsibilities?,0,When and how should contingency training be given to system users depending on their roles and responsibilities?,Qwen/Qwen2.5-7B-Instruct,"{""model_id"": ""Qwen/Qwen2.5-7B-Instruct"", ""temperature"": 0.5, ""top_p"": 0.9, ""max_new_tokens"": 80, ""n_rewrites"": 3, ""seed"": 42}",2026-02-09 20:54:15-0500
rev5,27,27,When and how should contingency training be provided to system users based on their assigned roles and responsibilities?,1,What are the appropriate times and methods for providing contingency training to system users according to their roles and responsibilities?,Qwen/Qwen2.5-7B-Instruct,"{""model_id"": ""Qwen/Qwen2.5-7B-Instruct"", ""temperature"": 0.5, ""top_p"": 0.9, ""max_new_tokens"": 80, ""n_rewrites"": 3, ""seed"": 42}",2026-02-09 20:54:15-0500
rev5,27,27,When and how should contingency training be provided to system users based on their assigned roles and responsibilities?,2,Can you outline when and how contingency training should be conducted for system users based on their roles and responsibilities?,Qwen/Qwen2.5-7B-Instruct,"{""model_id"": ""Qwen/Qwen2.5-7B-Instruct"", ""temperature"": 0.5, ""top_p"": 0.9, ""max_new_tokens"": 80, ""n_rewrites"": 3, ""seed"": 42}",2026-02-09 20:54:15-0500
rev5,28,28,"How frequently must contingency plans be tested, and what should be done after reviewing the test results?",0,"When must contingency plans be regularly exercised, and what steps follow the review of test outcomes?",Qwen/Qwen2.5-7B-Instruct,"{""model_id"": ""Qwen/Qwen2.5-7B-Instruct"", ""temperature"": 0.5, ""top_p"": 0.9, ""max_new_tokens"": 80, ""n_rewrites"": 3, ""seed"": 42}",2026-02-09 20:54:15-0500
rev5,28,28,"How frequently must contingency plans be tested, and what should be done after reviewing the test results?",1,"What are the required frequencies for testing contingency plans, and what actions should be taken post-review of test findings?",Qwen/Qwen2.5-7B-Instruct,"{""model_id"": ""Qwen/Qwen2.5-7B-Instruct"", ""temperature"": 0.5, ""top_p"": 0.9, ""max_new_tokens"": 80, ""n_rewrites"": 3, ""seed"": 42}",2026-02-09 20:54:15-0500
rev5,28,28,"How frequently must contingency plans be tested, and what should be done after reviewing the test results?",2,"How often should contingency plans be tested, and what procedures should follow the analysis of test results?",Qwen/Qwen2.5-7B-Instruct,"{""model_id"": ""Qwen/Qwen2.5-7B-Instruct"", ""temperature"": 0.5, ""top_p"": 0.9, ""max_new_tokens"": 80, ""n_rewrites"": 3, ""seed"": 42}",2026-02-09 20:54:15-0500
rev5,29,29,What are the requirements for establishing and maintaining an alternate processing site to resume essential operations?,0,What are the key factors in setting up and sustaining an alternative processing facility for critical business functions?,Qwen/Qwen2.5-7B-Instruct,"{""model_id"": ""Qwen/Qwen2.5-7B-Instruct"", ""temperature"": 0.5, ""top_p"": 0.9, ""max_new_tokens"": 80, ""n_rewrites"": 3, ""seed"": 42}",2026-02-09 20:54:15-0500
rev5,29,29,What are the requirements for establishing and maintaining an alternate processing site to resume essential operations?,1,What are the necessary steps and considerations for creating and preserving an alternate site to restore vital operations?,Qwen/Qwen2.5-7B-Instruct,"{""model_id"": ""Qwen/Qwen2.5-7B-Instruct"", ""temperature"": 0.5, ""top_p"": 0.9, ""max_new_tokens"": 80, ""n_rewrites"": 3, ""seed"": 42}",2026-02-09 20:54:15-0500
rev5,29,29,What are the requirements for establishing and maintaining an alternate processing site to resume essential operations?,2,How can we ensure the proper establishment and ongoing maintenance of a secondary processing location to support crucial operations?,Qwen/Qwen2.5-7B-Instruct,"{""model_id"": ""Qwen/Qwen2.5-7B-Instruct"", ""temperature"": 0.5, ""top_p"": 0.9, ""max_new_tokens"": 80, ""n_rewrites"": 3, ""seed"": 42}",2026-02-09 20:54:15-0500
rev5,30,30,What actions must be taken to ensure that system and user-level information is backed up and that backup data remains protected?,0,What technical steps are necessary to ensure system and user level information is backed up securely?,Qwen/Qwen2.5-7B-Instruct,"{""model_id"": ""Qwen/Qwen2.5-7B-Instruct"", ""temperature"": 0.5, ""top_p"": 0.9, ""max_new_tokens"": 80, ""n_rewrites"": 3, ""seed"": 42}",2026-02-09 20:54:15-0500
rev5,30,30,What actions must be taken to ensure that system and user-level information is backed up and that backup data remains protected?,1,What measures should be implemented to safeguard system and user level data during the backup process?,Qwen/Qwen2.5-7B-Instruct,"{""model_id"": ""Qwen/Qwen2.5-7B-Instruct"", ""temperature"": 0.5, ""top_p"": 0.9, ""max_new_tokens"": 80, ""n_rewrites"": 3, ""seed"": 42}",2026-02-09 20:54:15-0500
rev5,30,30,What actions must be taken to ensure that system and user-level information is backed up and that backup data remains protected?,2,How can we guarantee that both system and user data are properly backed up and protected against unauthorized access?,Qwen/Qwen2.5-7B-Instruct,"{""model_id"": ""Qwen/Qwen2.5-7B-Instruct"", ""temperature"": 0.5, ""top_p"": 0.9, ""max_new_tokens"": 80, ""n_rewrites"": 3, ""seed"": 42}",2026-02-09 20:54:15-0500
rev5,31,31,How must organizations identify and authenticate users and associate them with processes acting on their behalf?,0,What are the methods for identifying and authenticating users and linking them to processes performed on their behalf?,Qwen/Qwen2.5-7B-Instruct,"{""model_id"": ""Qwen/Qwen2.5-7B-Instruct"", ""temperature"": 0.5, ""top_p"": 0.9, ""max_new_tokens"": 80, ""n_rewrites"": 3, ""seed"": 42}",2026-02-09 20:54:15-0500
rev5,31,31,How must organizations identify and authenticate users and associate them with processes acting on their behalf?,1,What techniques should organizations use to verify and authenticate users and connect them to the processes they initiate?,Qwen/Qwen2.5-7B-Instruct,"{""model_id"": ""Qwen/Qwen2.5-7B-Instruct"", ""temperature"": 0.5, ""top_p"": 0.9, ""max_new_tokens"": 80, ""n_rewrites"": 3, ""seed"": 42}",2026-02-09 20:54:15-0500
rev5,31,31,How must organizations identify and authenticate users and associate them with processes acting on their behalf?,2,"How can organizations ensure proper identification, authentication, and association of users with the processes executed on their behalf?",Qwen/Qwen2.5-7B-Instruct,"{""model_id"": ""Qwen/Qwen2.5-7B-Instruct"", ""temperature"": 0.5, ""top_p"": 0.9, ""max_new_tokens"": 80, ""n_rewrites"": 3, ""seed"": 42}",2026-02-09 20:54:15-0500
rev5,32,32,"What are the requirements for assigning, authorizing, and preventing reuse of system identifiers for individuals, groups, or devices?",0,"What are the technical requirements for assigning, authorizing, and preventing the reuse of system identifiers for individuals, groups, or devices?",Qwen/Qwen2.5-7B-Instruct,"{""model_id"": ""Qwen/Qwen2.5-7B-Instruct"", ""temperature"": 0.5, ""top_p"": 0.9, ""max_new_tokens"": 80, ""n_rewrites"": 3, ""seed"": 42}",2026-02-09 20:54:15-0500
rev5,32,32,"What are the requirements for assigning, authorizing, and preventing reuse of system identifiers for individuals, groups, or devices?",1,"What are the expanded technical requirements for assigning, authorizing, and preventing the reuse of system identifiers for individuals, groups, or devices?",Qwen/Qwen2.5-7B-Instruct,"{""model_id"": ""Qwen/Qwen2.5-7B-Instruct"", ""temperature"": 0.5, ""top_p"": 0.9, ""max_new_tokens"": 80, ""n_rewrites"": 3, ""seed"": 42}",2026-02-09 20:54:15-0500
rev5,32,32,"What are the requirements for assigning, authorizing, and preventing reuse of system identifiers for individuals, groups, or devices?",2,"What are the detailed requirements for assigning, authorizing, and preventing the reuse of system identifiers for individuals, groups, or devices?",Qwen/Qwen2.5-7B-Instruct,"{""model_id"": ""Qwen/Qwen2.5-7B-Instruct"", ""temperature"": 0.5, ""top_p"": 0.9, ""max_new_tokens"": 80, ""n_rewrites"": 3, ""seed"": 42}",2026-02-09 20:54:15-0500
rev5,33,33,"How should organizations manage authenticators, including their distribution, protection, and periodic updates?",0,"What are the best practices for managing authenticators in organizations regarding distribution, protection, and periodic updates?",Qwen/Qwen2.5-7B-Instruct,"{""model_id"": ""Qwen/Qwen2.5-7B-Instruct"", ""temperature"": 0.5, ""top_p"": 0.9, ""max_new_tokens"": 80, ""n_rewrites"": 3, ""seed"": 42}",2026-02-09 20:54:15-0500
rev5,33,33,"How should organizations manage authenticators, including their distribution, protection, and periodic updates?",1,"How can organizations effectively handle the distribution, safeguarding, and regular updating of authenticators?",Qwen/Qwen2.5-7B-Instruct,"{""model_id"": ""Qwen/Qwen2.5-7B-Instruct"", ""temperature"": 0.5, ""top_p"": 0.9, ""max_new_tokens"": 80, ""n_rewrites"": 3, ""seed"": 42}",2026-02-09 20:54:15-0500
rev5,33,33,"How should organizations manage authenticators, including their distribution, protection, and periodic updates?",2,"What steps should companies take to manage authenticators, including how to distribute, protect, and update them regularly?",Qwen/Qwen2.5-7B-Instruct,"{""model_id"": ""Qwen/Qwen2.5-7B-Instruct"", ""temperature"": 0.5, ""top_p"": 0.9, ""max_new_tokens"": 80, ""n_rewrites"": 3, ""seed"": 42}",2026-02-09 20:54:15-0500
rev5,34,34,What does NIST require to protect authentication information from disclosure during the authentication process?,0,Nist requirements for protecting authentication data during login,Qwen/Qwen2.5-7B-Instruct,"{""model_id"": ""Qwen/Qwen2.5-7B-Instruct"", ""temperature"": 0.5, ""top_p"": 0.9, ""max_new_tokens"": 80, ""n_rewrites"": 3, ""seed"": 42}",2026-02-09 20:54:15-0500
rev5,34,34,What does NIST require to protect authentication information from disclosure during the authentication process?,1,Nist guidelines for safeguarding authentication credentials during verification,Qwen/Qwen2.5-7B-Instruct,"{""model_id"": ""Qwen/Qwen2.5-7B-Instruct"", ""temperature"": 0.5, ""top_p"": 0.9, ""max_new_tokens"": 80, ""n_rewrites"": 3, ""seed"": 42}",2026-02-09 20:54:15-0500
rev5,34,34,What does NIST require to protect authentication information from disclosure during the authentication process?,2,What are the nist standards for securing authentication details during the authentication procedure,Qwen/Qwen2.5-7B-Instruct,"{""model_id"": ""Qwen/Qwen2.5-7B-Instruct"", ""temperature"": 0.5, ""top_p"": 0.9, ""max_new_tokens"": 80, ""n_rewrites"": 3, ""seed"": 42}",2026-02-09 20:54:15-0500
rev5,35,35,How should organizations handle identification and authentication of non-organizational users accessing federal systems?,0,What are the best practices for identifying and authenticating external users in federal systems?,Qwen/Qwen2.5-7B-Instruct,"{""model_id"": ""Qwen/Qwen2.5-7B-Instruct"", ""temperature"": 0.5, ""top_p"": 0.9, ""max_new_tokens"": 80, ""n_rewrites"": 3, ""seed"": 42}",2026-02-09 20:54:15-0500
rev5,35,35,How should organizations handle identification and authentication of non-organizational users accessing federal systems?,1,How can organizations securely manage the identification and authentication of non-employee users accessing federal IT systems?,Qwen/Qwen2.5-7B-Instruct,"{""model_id"": ""Qwen/Qwen2.5-7B-Instruct"", ""temperature"": 0.5, ""top_p"": 0.9, ""max_new_tokens"": 80, ""n_rewrites"": 3, ""seed"": 42}",2026-02-09 20:54:15-0500
rev5,35,35,How should organizations handle identification and authentication of non-organizational users accessing federal systems?,2,What methodologies do security experts recommend for verifying the identity of external users accessing federal systems?,Qwen/Qwen2.5-7B-Instruct,"{""model_id"": ""Qwen/Qwen2.5-7B-Instruct"", ""temperature"": 0.5, ""top_p"": 0.9, ""max_new_tokens"": 80, ""n_rewrites"": 3, ""seed"": 42}",2026-02-09 20:54:15-0500
rev5,36,36,"When should incident response training be provided, and how often should its content be reviewed and updated?",0,"When is incident response training typically scheduled, and what is the frequency of reviewing and updating its content?",Qwen/Qwen2.5-7B-Instruct,"{""model_id"": ""Qwen/Qwen2.5-7B-Instruct"", ""temperature"": 0.5, ""top_p"": 0.9, ""max_new_tokens"": 80, ""n_rewrites"": 3, ""seed"": 42}",2026-02-09 20:54:15-0500
rev5,36,36,"When should incident response training be provided, and how often should its content be reviewed and updated?",1,"When should incident response training be conducted, and how frequently should the training materials be examined and revised?",Qwen/Qwen2.5-7B-Instruct,"{""model_id"": ""Qwen/Qwen2.5-7B-Instruct"", ""temperature"": 0.5, ""top_p"": 0.9, ""max_new_tokens"": 80, ""n_rewrites"": 3, ""seed"": 42}",2026-02-09 20:54:15-0500
rev5,36,36,"When should incident response training be provided, and how often should its content be reviewed and updated?",2,"What is the recommended timing for incident response training, and how often should the training content be checked and updated?",Qwen/Qwen2.5-7B-Instruct,"{""model_id"": ""Qwen/Qwen2.5-7B-Instruct"", ""temperature"": 0.5, ""top_p"": 0.9, ""max_new_tokens"": 80, ""n_rewrites"": 3, ""seed"": 42}",2026-02-09 20:54:15-0500
rev5,37,37,"How often should organizations test the effectiveness of their incident response capabilities, and what kinds of tests may be used?",0,What are the recommended frequencies for testing incident response capabilities and what types of tests can be employed?,Qwen/Qwen2.5-7B-Instruct,"{""model_id"": ""Qwen/Qwen2.5-7B-Instruct"", ""temperature"": 0.5, ""top_p"": 0.9, ""max_new_tokens"": 80, ""n_rewrites"": 3, ""seed"": 42}",2026-02-09 20:54:15-0500
rev5,37,37,"How often should organizations test the effectiveness of their incident response capabilities, and what kinds of tests may be used?",1,"When should organizations conduct tests to ensure the effectiveness of their incident response plans, and what methods are typically used?",Qwen/Qwen2.5-7B-Instruct,"{""model_id"": ""Qwen/Qwen2.5-7B-Instruct"", ""temperature"": 0.5, ""top_p"": 0.9, ""max_new_tokens"": 80, ""n_rewrites"": 3, ""seed"": 42}",2026-02-09 20:54:15-0500
rev5,37,37,"How often should organizations test the effectiveness of their incident response capabilities, and what kinds of tests may be used?",2,"How frequently should companies assess the effectiveness of their incident response procedures, and what kinds of testing approaches are suggested?",Qwen/Qwen2.5-7B-Instruct,"{""model_id"": ""Qwen/Qwen2.5-7B-Instruct"", ""temperature"": 0.5, ""top_p"": 0.9, ""max_new_tokens"": 80, ""n_rewrites"": 3, ""seed"": 42}",2026-02-09 20:54:15-0500
rev5,38,38,"What are the key elements of implementing an effective incident handling capability, including coordination and lessons learned?",0,What are the essential components for establishing a robust incident response process that includes coordination and post-incident analysis?,Qwen/Qwen2.5-7B-Instruct,"{""model_id"": ""Qwen/Qwen2.5-7B-Instruct"", ""temperature"": 0.5, ""top_p"": 0.9, ""max_new_tokens"": 80, ""n_rewrites"": 3, ""seed"": 42}",2026-02-09 20:54:15-0500
rev5,38,38,"What are the key elements of implementing an effective incident handling capability, including coordination and lessons learned?",1,How can one effectively set up an incident handling framework that involves coordination and learning from past incidents?,Qwen/Qwen2.5-7B-Instruct,"{""model_id"": ""Qwen/Qwen2.5-7B-Instruct"", ""temperature"": 0.5, ""top_p"": 0.9, ""max_new_tokens"": 80, ""n_rewrites"": 3, ""seed"": 42}",2026-02-09 20:54:15-0500
rev5,38,38,"What are the key elements of implementing an effective incident handling capability, including coordination and lessons learned?",2,Can you outline the critical aspects of building an efficient incident management system with a focus on coordination and drawing lessons from incidents?,Qwen/Qwen2.5-7B-Instruct,"{""model_id"": ""Qwen/Qwen2.5-7B-Instruct"", ""temperature"": 0.5, ""top_p"": 0.9, ""max_new_tokens"": 80, ""n_rewrites"": 3, ""seed"": 42}",2026-02-09 20:54:15-0500
rev5,39,39,What information should organizations maintain and analyze when documenting and reviewing security incidents?,0,What technical details should organizations keep and examine during security incident documentation and review?,Qwen/Qwen2.5-7B-Instruct,"{""model_id"": ""Qwen/Qwen2.5-7B-Instruct"", ""temperature"": 0.5, ""top_p"": 0.9, ""max_new_tokens"": 80, ""n_rewrites"": 3, ""seed"": 42}",2026-02-09 20:54:15-0500
rev5,39,39,What information should organizations maintain and analyze when documenting and reviewing security incidents?,1,When should organizations record and assess specific information for security incidents?,Qwen/Qwen2.5-7B-Instruct,"{""model_id"": ""Qwen/Qwen2.5-7B-Instruct"", ""temperature"": 0.5, ""top_p"": 0.9, ""max_new_tokens"": 80, ""n_rewrites"": 3, ""seed"": 42}",2026-02-09 20:54:15-0500
rev5,39,39,What information should organizations maintain and analyze when documenting and reviewing security incidents?,2,What kind of data should companies retain and scrutinize while documenting and evaluating security incidents?,Qwen/Qwen2.5-7B-Instruct,"{""model_id"": ""Qwen/Qwen2.5-7B-Instruct"", ""temperature"": 0.5, ""top_p"": 0.9, ""max_new_tokens"": 80, ""n_rewrites"": 3, ""seed"": 42}",2026-02-09 20:54:15-0500
rev5,40,40,"What are the reporting requirements for suspected or confirmed incidents, including notification timeframes and recipients?",0,"What are the specific reporting requirements for suspected or confirmed incidents, including the required timeframes for notifications and the appropriate recipients?",Qwen/Qwen2.5-7B-Instruct,"{""model_id"": ""Qwen/Qwen2.5-7B-Instruct"", ""temperature"": 0.5, ""top_p"": 0.9, ""max_new_tokens"": 80, ""n_rewrites"": 3, ""seed"": 42}",2026-02-09 20:54:15-0500
rev5,40,40,"What are the reporting requirements for suspected or confirmed incidents, including notification timeframes and recipients?",1,"What are the detailed reporting obligations for identified or verified incidents, encompassing the necessary notification timelines and designated recipients?",Qwen/Qwen2.5-7B-Instruct,"{""model_id"": ""Qwen/Qwen2.5-7B-Instruct"", ""temperature"": 0.5, ""top_p"": 0.9, ""max_new_tokens"": 80, ""n_rewrites"": 3, ""seed"": 42}",2026-02-09 20:54:15-0500
rev5,40,40,"What are the reporting requirements for suspected or confirmed incidents, including notification timeframes and recipients?",2,"What are the exact reporting standards for recognized or reported incidents, including the mandated notification periods and intended recipients?",Qwen/Qwen2.5-7B-Instruct,"{""model_id"": ""Qwen/Qwen2.5-7B-Instruct"", ""temperature"": 0.5, ""top_p"": 0.9, ""max_new_tokens"": 80, ""n_rewrites"": 3, ""seed"": 42}",2026-02-09 20:54:15-0500
rev5,41,41,What are the key considerations for a controlled system maintenance program?,0,What are the primary factors to consider in a controlled system maintenance plan?,Qwen/Qwen2.5-7B-Instruct,"{""model_id"": ""Qwen/Qwen2.5-7B-Instruct"", ""temperature"": 0.5, ""top_p"": 0.9, ""max_new_tokens"": 80, ""n_rewrites"": 3, ""seed"": 42}",2026-02-09 20:54:15-0500
rev5,41,41,What are the key considerations for a controlled system maintenance program?,1,What are the essential elements for a controlled system maintenance regimen?,Qwen/Qwen2.5-7B-Instruct,"{""model_id"": ""Qwen/Qwen2.5-7B-Instruct"", ""temperature"": 0.5, ""top_p"": 0.9, ""max_new_tokens"": 80, ""n_rewrites"": 3, ""seed"": 42}",2026-02-09 20:54:15-0500
rev5,41,41,What are the key considerations for a controlled system maintenance program?,2,What should be taken into account when establishing a controlled system maintenance procedure?,Qwen/Qwen2.5-7B-Instruct,"{""model_id"": ""Qwen/Qwen2.5-7B-Instruct"", ""temperature"": 0.5, ""top_p"": 0.9, ""max_new_tokens"": 80, ""n_rewrites"": 3, ""seed"": 42}",2026-02-09 20:54:15-0500
rev5,42,42,"How should organizations approve, control, and periodically review the use of system maintenance tools?",0,"What are the best practices for organizations to approve, manage, and regularly assess the utilization of system maintenance tools?",Qwen/Qwen2.5-7B-Instruct,"{""model_id"": ""Qwen/Qwen2.5-7B-Instruct"", ""temperature"": 0.5, ""top_p"": 0.9, ""max_new_tokens"": 80, ""n_rewrites"": 3, ""seed"": 42}",2026-02-09 20:54:15-0500
rev5,42,42,"How should organizations approve, control, and periodically review the use of system maintenance tools?",1,"What technical controls and procedures should organizations implement to ensure proper approval, governance, and periodic evaluation of system maintenance tools?",Qwen/Qwen2.5-7B-Instruct,"{""model_id"": ""Qwen/Qwen2.5-7B-Instruct"", ""temperature"": 0.5, ""top_p"": 0.9, ""max_new_tokens"": 80, ""n_rewrites"": 3, ""seed"": 42}",2026-02-09 20:54:15-0500
rev5,42,42,"How should organizations approve, control, and periodically review the use of system maintenance tools?",2,"Can organizations establish effective mechanisms to approve, regulate, and review the use of system maintenance tools on a regular basis?",Qwen/Qwen2.5-7B-Instruct,"{""model_id"": ""Qwen/Qwen2.5-7B-Instruct"", ""temperature"": 0.5, ""top_p"": 0.9, ""max_new_tokens"": 80, ""n_rewrites"": 3, ""seed"": 42}",2026-02-09 20:54:15-0500
rev5,43,43,"What must organizations do to authorize, secure, and record nonlocal maintenance and diagnostic activities?",0,"What technical measures should organizations implement for authorizing, securing, and documenting nonlocal maintenance and diagnostic activities?",Qwen/Qwen2.5-7B-Instruct,"{""model_id"": ""Qwen/Qwen2.5-7B-Instruct"", ""temperature"": 0.5, ""top_p"": 0.9, ""max_new_tokens"": 80, ""n_rewrites"": 3, ""seed"": 42}",2026-02-09 20:54:15-0500
rev5,43,43,"What must organizations do to authorize, secure, and record nonlocal maintenance and diagnostic activities?",1,"How can organizations ensure proper authorization, security, and logging of nonlocal maintenance and diagnostic operations?",Qwen/Qwen2.5-7B-Instruct,"{""model_id"": ""Qwen/Qwen2.5-7B-Instruct"", ""temperature"": 0.5, ""top_p"": 0.9, ""max_new_tokens"": 80, ""n_rewrites"": 3, ""seed"": 42}",2026-02-09 20:54:15-0500
rev5,43,43,"What must organizations do to authorize, secure, and record nonlocal maintenance and diagnostic activities?",2,"What steps must companies take to authorize, protect, and document remote maintenance and diagnostic activities effectively?",Qwen/Qwen2.5-7B-Instruct,"{""model_id"": ""Qwen/Qwen2.5-7B-Instruct"", ""temperature"": 0.5, ""top_p"": 0.9, ""max_new_tokens"": 80, ""n_rewrites"": 3, ""seed"": 42}",2026-02-09 20:54:15-0500
rev5,44,44,What process should be established for authorizing maintenance personnel and ensuring appropriate escorting and access control during maintenance?,0,What are the steps to establish a process for authorizing maintenance personnel and ensuring proper escorting and access control during maintenance activities?,Qwen/Qwen2.5-7B-Instruct,"{""model_id"": ""Qwen/Qwen2.5-7B-Instruct"", ""temperature"": 0.5, ""top_p"": 0.9, ""max_new_tokens"": 80, ""n_rewrites"": 3, ""seed"": 42}",2026-02-09 20:54:15-0500
rev5,44,44,What process should be established for authorizing maintenance personnel and ensuring appropriate escorting and access control during maintenance?,1,What technical controls should be implemented to authorize maintenance personnel and ensure appropriate escorting and access management during maintenance operations?,Qwen/Qwen2.5-7B-Instruct,"{""model_id"": ""Qwen/Qwen2.5-7B-Instruct"", ""temperature"": 0.5, ""top_p"": 0.9, ""max_new_tokens"": 80, ""n_rewrites"": 3, ""seed"": 42}",2026-02-09 20:54:15-0500
rev5,44,44,What process should be established for authorizing maintenance personnel and ensuring appropriate escorting and access control during maintenance?,2,How can we develop a comprehensive procedure for authorizing maintenance staff and maintaining secure escorting and access during maintenance tasks?,Qwen/Qwen2.5-7B-Instruct,"{""model_id"": ""Qwen/Qwen2.5-7B-Instruct"", ""temperature"": 0.5, ""top_p"": 0.9, ""max_new_tokens"": 80, ""n_rewrites"": 3, ""seed"": 42}",2026-02-09 20:54:15-0500
rev5,45,45,How should organizations identify critical system components and obtain maintenance support to mitigate risk when those components fail?,0,What are the best practices for identifying key system elements and securing maintenance support to reduce risks associated with their failure?,Qwen/Qwen2.5-7B-Instruct,"{""model_id"": ""Qwen/Qwen2.5-7B-Instruct"", ""temperature"": 0.5, ""top_p"": 0.9, ""max_new_tokens"": 80, ""n_rewrites"": 3, ""seed"": 42}",2026-02-09 20:54:15-0500
rev5,45,45,How should organizations identify critical system components and obtain maintenance support to mitigate risk when those components fail?,1,How can organizations effectively pinpoint essential system components and ensure maintenance support to minimize risks in case of component failure?,Qwen/Qwen2.5-7B-Instruct,"{""model_id"": ""Qwen/Qwen2.5-7B-Instruct"", ""temperature"": 0.5, ""top_p"": 0.9, ""max_new_tokens"": 80, ""n_rewrites"": 3, ""seed"": 42}",2026-02-09 20:54:15-0500
rev5,45,45,How should organizations identify critical system components and obtain maintenance support to mitigate risk when those components fail?,2,What steps should companies take to recognize vital system parts and acquire maintenance support to address potential risks when these parts malfunction?,Qwen/Qwen2.5-7B-Instruct,"{""model_id"": ""Qwen/Qwen2.5-7B-Instruct"", ""temperature"": 0.5, ""top_p"": 0.9, ""max_new_tokens"": 80, ""n_rewrites"": 3, ""seed"": 42}",2026-02-09 20:54:15-0500
rev5,46,46,How should access to both digital and non-digital system media be restricted to authorized individuals?,0,How can access to both digital and physical system media be controlled for only authorized users?,Qwen/Qwen2.5-7B-Instruct,"{""model_id"": ""Qwen/Qwen2.5-7B-Instruct"", ""temperature"": 0.5, ""top_p"": 0.9, ""max_new_tokens"": 80, ""n_rewrites"": 3, ""seed"": 42}",2026-02-09 20:54:15-0500
rev5,46,46,How should access to both digital and non-digital system media be restricted to authorized individuals?,1,What technical measures can be implemented to ensure that only authorized personnel have access to both digital and non-digital system media?,Qwen/Qwen2.5-7B-Instruct,"{""model_id"": ""Qwen/Qwen2.5-7B-Instruct"", ""temperature"": 0.5, ""top_p"": 0.9, ""max_new_tokens"": 80, ""n_rewrites"": 3, ""seed"": 42}",2026-02-09 20:54:15-0500
rev5,46,46,How should access to both digital and non-digital system media be restricted to authorized individuals?,2,Can you provide guidance on restricting access to both electronic and non-electronic system media to just authorized individuals?,Qwen/Qwen2.5-7B-Instruct,"{""model_id"": ""Qwen/Qwen2.5-7B-Instruct"", ""temperature"": 0.5, ""top_p"": 0.9, ""max_new_tokens"": 80, ""n_rewrites"": 3, ""seed"": 42}",2026-02-09 20:54:15-0500
rev5,47,47,"What requirements apply to marking system media with handling or distribution limitations, and when may media be exempt from marking?",0,What specific requirements exist for marking system media with handling or distribution restrictions and under what conditions can marking be waived?,Qwen/Qwen2.5-7B-Instruct,"{""model_id"": ""Qwen/Qwen2.5-7B-Instruct"", ""temperature"": 0.5, ""top_p"": 0.9, ""max_new_tokens"": 80, ""n_rewrites"": 3, ""seed"": 42}",2026-02-09 20:54:15-0500
rev5,47,47,"What requirements apply to marking system media with handling or distribution limitations, and when may media be exempt from marking?",1,What technical standards govern the marking of system media with handling or distribution limitations and in what scenarios might such media be exempt from being marked?,Qwen/Qwen2.5-7B-Instruct,"{""model_id"": ""Qwen/Qwen2.5-7B-Instruct"", ""temperature"": 0.5, ""top_p"": 0.9, ""max_new_tokens"": 80, ""n_rewrites"": 3, ""seed"": 42}",2026-02-09 20:54:15-0500
rev5,47,47,"What requirements apply to marking system media with handling or distribution limitations, and when may media be exempt from marking?",2,When are system media that have handling or distribution limitations required to be marked and when could marking be omitted?,Qwen/Qwen2.5-7B-Instruct,"{""model_id"": ""Qwen/Qwen2.5-7B-Instruct"", ""temperature"": 0.5, ""top_p"": 0.9, ""max_new_tokens"": 80, ""n_rewrites"": 3, ""seed"": 42}",2026-02-09 20:54:15-0500
rev5,48,48,How must organizations physically control and securely store system media to prevent unauthorized access or tampering?,0,What are the necessary physical controls and secure storage methods for system media to ensure no unauthorized access or tampering?,Qwen/Qwen2.5-7B-Instruct,"{""model_id"": ""Qwen/Qwen2.5-7B-Instruct"", ""temperature"": 0.5, ""top_p"": 0.9, ""max_new_tokens"": 80, ""n_rewrites"": 3, ""seed"": 42}",2026-02-09 20:54:15-0500
rev5,48,48,How must organizations physically control and securely store system media to prevent unauthorized access or tampering?,1,What technical measures should organizations implement to safeguard system media from physical breaches and unauthorized alterations?,Qwen/Qwen2.5-7B-Instruct,"{""model_id"": ""Qwen/Qwen2.5-7B-Instruct"", ""temperature"": 0.5, ""top_p"": 0.9, ""max_new_tokens"": 80, ""n_rewrites"": 3, ""seed"": 42}",2026-02-09 20:54:15-0500
rev5,48,48,How must organizations physically control and securely store system media to prevent unauthorized access or tampering?,2,What are the essential physical security protocols for storing system media to avoid both unauthorized access and tampering?,Qwen/Qwen2.5-7B-Instruct,"{""model_id"": ""Qwen/Qwen2.5-7B-Instruct"", ""temperature"": 0.5, ""top_p"": 0.9, ""max_new_tokens"": 80, ""n_rewrites"": 3, ""seed"": 42}",2026-02-09 20:54:15-0500
rev5,49,49,"What safeguards should be in place for transporting system media outside controlled areas, including accountability and documentation requirements?",0,"What technical safeguards are necessary for the transportation of system media beyond secure zones, including accountability and documentation protocols?",Qwen/Qwen2.5-7B-Instruct,"{""model_id"": ""Qwen/Qwen2.5-7B-Instruct"", ""temperature"": 0.5, ""top_p"": 0.9, ""max_new_tokens"": 80, ""n_rewrites"": 3, ""seed"": 42}",2026-02-09 20:54:15-0500
rev5,49,49,"What safeguards should be in place for transporting system media outside controlled areas, including accountability and documentation requirements?",1,"What technical safeguards must be implemented for moving system media out of restricted areas, ensuring proper accountability and record-keeping procedures?",Qwen/Qwen2.5-7B-Instruct,"{""model_id"": ""Qwen/Qwen2.5-7B-Instruct"", ""temperature"": 0.5, ""top_p"": 0.9, ""max_new_tokens"": 80, ""n_rewrites"": 3, ""seed"": 42}",2026-02-09 20:54:15-0500
rev5,49,49,"What safeguards should be in place for transporting system media outside controlled areas, including accountability and documentation requirements?",2,"When transporting system media outside of secured locations, what are the essential safety measures and documentation requirements to maintain accountability?",Qwen/Qwen2.5-7B-Instruct,"{""model_id"": ""Qwen/Qwen2.5-7B-Instruct"", ""temperature"": 0.5, ""top_p"": 0.9, ""max_new_tokens"": 80, ""n_rewrites"": 3, ""seed"": 42}",2026-02-09 20:54:15-0500
rev5,50,50,"What are the requirements for sanitizing system media prior to disposal, reuse, or release from organizational control?",0,"What are the necessary steps for purifying system storage before disposal, reuse, or liberation from company oversight?",Qwen/Qwen2.5-7B-Instruct,"{""model_id"": ""Qwen/Qwen2.5-7B-Instruct"", ""temperature"": 0.5, ""top_p"": 0.9, ""max_new_tokens"": 80, ""n_rewrites"": 3, ""seed"": 42}",2026-02-09 20:54:15-0500
rev5,50,50,"What are the requirements for sanitizing system media prior to disposal, reuse, or release from organizational control?",1,"What are the technical specifications for cleaning system media before disposal, reuse, or removal from organizational management?",Qwen/Qwen2.5-7B-Instruct,"{""model_id"": ""Qwen/Qwen2.5-7B-Instruct"", ""temperature"": 0.5, ""top_p"": 0.9, ""max_new_tokens"": 80, ""n_rewrites"": 3, ""seed"": 42}",2026-02-09 20:54:15-0500
rev5,50,50,"What are the requirements for sanitizing system media prior to disposal, reuse, or release from organizational control?",2,"What criteria must be met for securely erasing data from system media before disposal, reuse, or handover from organizational control?",Qwen/Qwen2.5-7B-Instruct,"{""model_id"": ""Qwen/Qwen2.5-7B-Instruct"", ""temperature"": 0.5, ""top_p"": 0.9, ""max_new_tokens"": 80, ""n_rewrites"": 3, ""seed"": 42}",2026-02-09 20:54:15-0500
rev5,51,51,"What are the requirements for managing facility access authorizations, credentials, and access lists for individuals entering secured areas?",0,"What are the necessary criteria for overseeing access permissions, identification, and entry lists for persons in restricted zones?",Qwen/Qwen2.5-7B-Instruct,"{""model_id"": ""Qwen/Qwen2.5-7B-Instruct"", ""temperature"": 0.5, ""top_p"": 0.9, ""max_new_tokens"": 80, ""n_rewrites"": 3, ""seed"": 42}",2026-02-09 20:54:15-0500
rev5,51,51,"What are the requirements for managing facility access authorizations, credentials, and access lists for individuals entering secured areas?",1,"What technical specifications are needed for handling facility access permissions, credentials, and visitor entry records for secure areas?",Qwen/Qwen2.5-7B-Instruct,"{""model_id"": ""Qwen/Qwen2.5-7B-Instruct"", ""temperature"": 0.5, ""top_p"": 0.9, ""max_new_tokens"": 80, ""n_rewrites"": 3, ""seed"": 42}",2026-02-09 20:54:15-0500
rev5,51,51,"What are the requirements for managing facility access authorizations, credentials, and access lists for individuals entering secured areas?",2,"What are the essential standards for controlling access authorizations, identification methods, and entry lists for people entering safeguarded regions?",Qwen/Qwen2.5-7B-Instruct,"{""model_id"": ""Qwen/Qwen2.5-7B-Instruct"", ""temperature"": 0.5, ""top_p"": 0.9, ""max_new_tokens"": 80, ""n_rewrites"": 3, ""seed"": 42}",2026-02-09 20:54:15-0500
rev5,52,52,"What considerations, components, and types of controls are involved in implementing physical access control?",0,What are the key elements and types of controls needed for physical access control implementation?,Qwen/Qwen2.5-7B-Instruct,"{""model_id"": ""Qwen/Qwen2.5-7B-Instruct"", ""temperature"": 0.5, ""top_p"": 0.9, ""max_new_tokens"": 80, ""n_rewrites"": 3, ""seed"": 42}",2026-02-09 20:54:15-0500
rev5,52,52,"What considerations, components, and types of controls are involved in implementing physical access control?",1,What technical factors and control types should be considered during physical access control setup?,Qwen/Qwen2.5-7B-Instruct,"{""model_id"": ""Qwen/Qwen2.5-7B-Instruct"", ""temperature"": 0.5, ""top_p"": 0.9, ""max_new_tokens"": 80, ""n_rewrites"": 3, ""seed"": 42}",2026-02-09 20:54:15-0500
rev5,52,52,"What considerations, components, and types of controls are involved in implementing physical access control?",2,What are the essential aspects and control varieties to take into account when implementing physical access control systems?,Qwen/Qwen2.5-7B-Instruct,"{""model_id"": ""Qwen/Qwen2.5-7B-Instruct"", ""temperature"": 0.5, ""top_p"": 0.9, ""max_new_tokens"": 80, ""n_rewrites"": 3, ""seed"": 42}",2026-02-09 20:54:15-0500
rev5,53,53,What controls should organizations use to protect system distribution and transmission lines from physical damage or interception?,0,What technical controls are recommended for safeguarding system distribution and transmission lines against physical harm or eavesdropping?,Qwen/Qwen2.5-7B-Instruct,"{""model_id"": ""Qwen/Qwen2.5-7B-Instruct"", ""temperature"": 0.5, ""top_p"": 0.9, ""max_new_tokens"": 80, ""n_rewrites"": 3, ""seed"": 42}",2026-02-09 20:54:15-0500
rev5,53,53,What controls should organizations use to protect system distribution and transmission lines from physical damage or interception?,1,What measures can organizations implement to secure their system distribution and transmission lines from physical damage and unauthorized access?,Qwen/Qwen2.5-7B-Instruct,"{""model_id"": ""Qwen/Qwen2.5-7B-Instruct"", ""temperature"": 0.5, ""top_p"": 0.9, ""max_new_tokens"": 80, ""n_rewrites"": 3, ""seed"": 42}",2026-02-09 20:54:15-0500
rev5,53,53,What controls should organizations use to protect system distribution and transmission lines from physical damage or interception?,2,How can companies ensure the protection of their system distribution and transmission lines from physical threats and interception?,Qwen/Qwen2.5-7B-Instruct,"{""model_id"": ""Qwen/Qwen2.5-7B-Instruct"", ""temperature"": 0.5, ""top_p"": 0.9, ""max_new_tokens"": 80, ""n_rewrites"": 3, ""seed"": 42}",2026-02-09 20:54:15-0500
rev5,54,54,"How should physical access to output devices such as monitors, printers, or copiers be restricted and monitored?",0,"What are the best practices for restricting and monitoring physical access to output devices like monitors, printers, or copiers?",Qwen/Qwen2.5-7B-Instruct,"{""model_id"": ""Qwen/Qwen2.5-7B-Instruct"", ""temperature"": 0.5, ""top_p"": 0.9, ""max_new_tokens"": 80, ""n_rewrites"": 3, ""seed"": 42}",2026-02-09 20:54:15-0500
rev5,54,54,"How should physical access to output devices such as monitors, printers, or copiers be restricted and monitored?",1,"What technical measures can be implemented to secure and monitor access to output devices including monitors, printers, and copiers?",Qwen/Qwen2.5-7B-Instruct,"{""model_id"": ""Qwen/Qwen2.5-7B-Instruct"", ""temperature"": 0.5, ""top_p"": 0.9, ""max_new_tokens"": 80, ""n_rewrites"": 3, ""seed"": 42}",2026-02-09 20:54:15-0500
rev5,54,54,"How should physical access to output devices such as monitors, printers, or copiers be restricted and monitored?",2,"How can we effectively control and observe who has physical access to output devices such as monitors, printers, or copiers?",Qwen/Qwen2.5-7B-Instruct,"{""model_id"": ""Qwen/Qwen2.5-7B-Instruct"", ""temperature"": 0.5, ""top_p"": 0.9, ""max_new_tokens"": 80, ""n_rewrites"": 3, ""seed"": 42}",2026-02-09 20:54:15-0500
rev5,55,55,What measures should be implemented to monitor and review physical access logs and respond to security incidents in facilities housing systems?,0,How can we ensure effective monitoring and review of physical access logs and timely response to security incidents in facility environments?,Qwen/Qwen2.5-7B-Instruct,"{""model_id"": ""Qwen/Qwen2.5-7B-Instruct"", ""temperature"": 0.5, ""top_p"": 0.9, ""max_new_tokens"": 80, ""n_rewrites"": 3, ""seed"": 42}",2026-02-09 20:54:15-0500
rev5,55,55,What measures should be implemented to monitor and review physical access logs and respond to security incidents in facilities housing systems?,1,What technical controls are necessary for the surveillance and examination of physical access records and the prompt handling of security breaches in building settings?,Qwen/Qwen2.5-7B-Instruct,"{""model_id"": ""Qwen/Qwen2.5-7B-Instruct"", ""temperature"": 0.5, ""top_p"": 0.9, ""max_new_tokens"": 80, ""n_rewrites"": 3, ""seed"": 42}",2026-02-09 20:54:15-0500
rev5,55,55,What measures should be implemented to monitor and review physical access logs and respond to security incidents in facilities housing systems?,2,Can you outline the best practices for keeping track of physical access logs and addressing security events in locations that house IT systems?,Qwen/Qwen2.5-7B-Instruct,"{""model_id"": ""Qwen/Qwen2.5-7B-Instruct"", ""temperature"": 0.5, ""top_p"": 0.9, ""max_new_tokens"": 80, ""n_rewrites"": 3, ""seed"": 42}",2026-02-09 20:54:15-0500
rev5,56,56,What is the guidance of control PL-2?,0,What are the guidelines for control PL-2?,Qwen/Qwen2.5-7B-Instruct,"{""model_id"": ""Qwen/Qwen2.5-7B-Instruct"", ""temperature"": 0.5, ""top_p"": 0.9, ""max_new_tokens"": 80, ""n_rewrites"": 3, ""seed"": 42}",2026-02-09 20:54:15-0500
rev5,56,56,What is the guidance of control PL-2?,1,What are the best practices specified in control PL-2?,Qwen/Qwen2.5-7B-Instruct,"{""model_id"": ""Qwen/Qwen2.5-7B-Instruct"", ""temperature"": 0.5, ""top_p"": 0.9, ""max_new_tokens"": 80, ""n_rewrites"": 3, ""seed"": 42}",2026-02-09 20:54:15-0500
rev5,56,56,What is the guidance of control PL-2?,2,Can you provide the detailed guidance for control PL-2?,Qwen/Qwen2.5-7B-Instruct,"{""model_id"": ""Qwen/Qwen2.5-7B-Instruct"", ""temperature"": 0.5, ""top_p"": 0.9, ""max_new_tokens"": 80, ""n_rewrites"": 3, ""seed"": 42}",2026-02-09 20:54:15-0500
rev5,57,57,What considerations are involved in establishing rules of behavior regarding their application to different user types and the methods for documenting acknowledgment?,0,What are the key factors in setting up behavioral guidelines that apply to various user categories along with the procedures for recording acceptance?,Qwen/Qwen2.5-7B-Instruct,"{""model_id"": ""Qwen/Qwen2.5-7B-Instruct"", ""temperature"": 0.5, ""top_p"": 0.9, ""max_new_tokens"": 80, ""n_rewrites"": 3, ""seed"": 42}",2026-02-09 20:54:15-0500
rev5,57,57,What considerations are involved in establishing rules of behavior regarding their application to different user types and the methods for documenting acknowledgment?,1,"When creating behavioral rules for different user groups, what aspects should be considered and how can acknowledgment be effectively documented?",Qwen/Qwen2.5-7B-Instruct,"{""model_id"": ""Qwen/Qwen2.5-7B-Instruct"", ""temperature"": 0.5, ""top_p"": 0.9, ""max_new_tokens"": 80, ""n_rewrites"": 3, ""seed"": 42}",2026-02-09 20:54:15-0500
rev5,57,57,What considerations are involved in establishing rules of behavior regarding their application to different user types and the methods for documenting acknowledgment?,2,"In the process of defining behavioral norms for multiple user types, what elements need to be taken into account and what are the best practices for documenting user acknowledgment?",Qwen/Qwen2.5-7B-Instruct,"{""model_id"": ""Qwen/Qwen2.5-7B-Instruct"", ""temperature"": 0.5, ""top_p"": 0.9, ""max_new_tokens"": 80, ""n_rewrites"": 3, ""seed"": 42}",2026-02-09 20:54:15-0500
rev5,58,58,"What is the purpose of a Concept of Operations, and how often should it be reviewed and updated?",0,What are the objectives of a Concept of Operations document and its frequency of review and update?,Qwen/Qwen2.5-7B-Instruct,"{""model_id"": ""Qwen/Qwen2.5-7B-Instruct"", ""temperature"": 0.5, ""top_p"": 0.9, ""max_new_tokens"": 80, ""n_rewrites"": 3, ""seed"": 42}",2026-02-09 20:54:15-0500
rev5,58,58,"What is the purpose of a Concept of Operations, and how often should it be reviewed and updated?",1,What are the goals and requirements of a Concept of Operations document and how frequently should it be evaluated and revised?,Qwen/Qwen2.5-7B-Instruct,"{""model_id"": ""Qwen/Qwen2.5-7B-Instruct"", ""temperature"": 0.5, ""top_p"": 0.9, ""max_new_tokens"": 80, ""n_rewrites"": 3, ""seed"": 42}",2026-02-09 20:54:15-0500
rev5,58,58,"What is the purpose of a Concept of Operations, and how often should it be reviewed and updated?",2,What is the intended function of a Concept of Operations document and how regularly should it be assessed and updated?,Qwen/Qwen2.5-7B-Instruct,"{""model_id"": ""Qwen/Qwen2.5-7B-Instruct"", ""temperature"": 0.5, ""top_p"": 0.9, ""max_new_tokens"": 80, ""n_rewrites"": 3, ""seed"": 42}",2026-02-09 20:54:15-0500
rev5,59,59,What should security and privacy architectures describe to ensure protection of information and integration with the enterprise architecture?,0,security and privacy architectures should include details on protection methods and enterprise integration,Qwen/Qwen2.5-7B-Instruct,"{""model_id"": ""Qwen/Qwen2.5-7B-Instruct"", ""temperature"": 0.5, ""top_p"": 0.9, ""max_new_tokens"": 80, ""n_rewrites"": 3, ""seed"": 42}",2026-02-09 20:54:15-0500
rev5,59,59,What should security and privacy architectures describe to ensure protection of information and integration with the enterprise architecture?,1,security and privacy architectures need to cover protection mechanisms and alignment with the overall enterprise structure,Qwen/Qwen2.5-7B-Instruct,"{""model_id"": ""Qwen/Qwen2.5-7B-Instruct"", ""temperature"": 0.5, ""top_p"": 0.9, ""max_new_tokens"": 80, ""n_rewrites"": 3, ""seed"": 42}",2026-02-09 20:54:15-0500
rev5,59,59,What should security and privacy architectures describe to ensure protection of information and integration with the enterprise architecture?,2,what aspects must security and privacy architectures address to guarantee information protection and compatibility with the enterprise architecture,Qwen/Qwen2.5-7B-Instruct,"{""model_id"": ""Qwen/Qwen2.5-7B-Instruct"", ""temperature"": 0.5, ""top_p"": 0.9, ""max_new_tokens"": 80, ""n_rewrites"": 3, ""seed"": 42}",2026-02-09 20:54:15-0500
rev5,60,60,"How does the concept of tailoring allow organizations to customize control baselines to their mission, environment, and risk profile?",0,"What is the role of tailoring in enabling organizations to adjust control baselines according to their mission, environment, and risk profile?",Qwen/Qwen2.5-7B-Instruct,"{""model_id"": ""Qwen/Qwen2.5-7B-Instruct"", ""temperature"": 0.5, ""top_p"": 0.9, ""max_new_tokens"": 80, ""n_rewrites"": 3, ""seed"": 42}",2026-02-09 20:54:15-0500
rev5,60,60,"How does the concept of tailoring allow organizations to customize control baselines to their mission, environment, and risk profile?",1,"How does tailoring permit organizations to modify control baselines based on their mission, environment, and risk profile?",Qwen/Qwen2.5-7B-Instruct,"{""model_id"": ""Qwen/Qwen2.5-7B-Instruct"", ""temperature"": 0.5, ""top_p"": 0.9, ""max_new_tokens"": 80, ""n_rewrites"": 3, ""seed"": 42}",2026-02-09 20:54:15-0500
rev5,60,60,"How does the concept of tailoring allow organizations to customize control baselines to their mission, environment, and risk profile?",2,"Can tailoring help organizations tailor control baselines to fit their specific mission, environment, and risk profile needs?",Qwen/Qwen2.5-7B-Instruct,"{""model_id"": ""Qwen/Qwen2.5-7B-Instruct"", ""temperature"": 0.5, ""top_p"": 0.9, ""max_new_tokens"": 80, ""n_rewrites"": 3, ""seed"": 42}",2026-02-09 20:54:15-0500
rev5,61,61,"Who serves as the senior agency information security officer, and what is their role within federal agencies?",0,What are the responsibilities of the senior agency information security officer in federal agencies?,Qwen/Qwen2.5-7B-Instruct,"{""model_id"": ""Qwen/Qwen2.5-7B-Instruct"", ""temperature"": 0.5, ""top_p"": 0.9, ""max_new_tokens"": 80, ""n_rewrites"": 3, ""seed"": 42}",2026-02-09 20:54:15-0500
rev5,61,61,"Who serves as the senior agency information security officer, and what is their role within federal agencies?",1,What is the role of the senior agency information security officer in federal government?,Qwen/Qwen2.5-7B-Instruct,"{""model_id"": ""Qwen/Qwen2.5-7B-Instruct"", ""temperature"": 0.5, ""top_p"": 0.9, ""max_new_tokens"": 80, ""n_rewrites"": 3, ""seed"": 42}",2026-02-09 20:54:15-0500
rev5,61,61,"Who serves as the senior agency information security officer, and what is their role within federal agencies?",2,Who holds the position of senior agency information security officer and what duties do they perform in federal agencies?,Qwen/Qwen2.5-7B-Instruct,"{""model_id"": ""Qwen/Qwen2.5-7B-Instruct"", ""temperature"": 0.5, ""top_p"": 0.9, ""max_new_tokens"": 80, ""n_rewrites"": 3, ""seed"": 42}",2026-02-09 20:54:15-0500
rev5,62,62,What is the purpose of a plan of action and milestones process within the organization's risk management strategy?,0,What are the objectives of incorporating a plan of action and milestones in the organization's risk management approach?,Qwen/Qwen2.5-7B-Instruct,"{""model_id"": ""Qwen/Qwen2.5-7B-Instruct"", ""temperature"": 0.5, ""top_p"": 0.9, ""max_new_tokens"": 80, ""n_rewrites"": 3, ""seed"": 42}",2026-02-09 20:54:15-0500
rev5,62,62,What is the purpose of a plan of action and milestones process within the organization's risk management strategy?,1,What are the reasons for including a plan of action and milestones in the organization's risk management strategy?,Qwen/Qwen2.5-7B-Instruct,"{""model_id"": ""Qwen/Qwen2.5-7B-Instruct"", ""temperature"": 0.5, ""top_p"": 0.9, ""max_new_tokens"": 80, ""n_rewrites"": 3, ""seed"": 42}",2026-02-09 20:54:15-0500
rev5,62,62,What is the purpose of a plan of action and milestones process within the organization's risk management strategy?,2,How does the plan of action and milestones process contribute to the organization's risk management framework?,Qwen/Qwen2.5-7B-Instruct,"{""model_id"": ""Qwen/Qwen2.5-7B-Instruct"", ""temperature"": 0.5, ""top_p"": 0.9, ""max_new_tokens"": 80, ""n_rewrites"": 3, ""seed"": 42}",2026-02-09 20:54:15-0500
rev5,63,63,How are measures of performance used to evaluate the effectiveness of security and privacy programs?,0,What metrics are utilized to assess the efficacy of security and privacy initiatives?,Qwen/Qwen2.5-7B-Instruct,"{""model_id"": ""Qwen/Qwen2.5-7B-Instruct"", ""temperature"": 0.5, ""top_p"": 0.9, ""max_new_tokens"": 80, ""n_rewrites"": 3, ""seed"": 42}",2026-02-09 20:54:15-0500
rev5,63,63,How are measures of performance used to evaluate the effectiveness of security and privacy programs?,1,How do performance indicators contribute to the evaluation of security and privacy programs?,Qwen/Qwen2.5-7B-Instruct,"{""model_id"": ""Qwen/Qwen2.5-7B-Instruct"", ""temperature"": 0.5, ""top_p"": 0.9, ""max_new_tokens"": 80, ""n_rewrites"": 3, ""seed"": 42}",2026-02-09 20:54:15-0500
rev5,63,63,How are measures of performance used to evaluate the effectiveness of security and privacy programs?,2,In what ways do performance measures help in assessing the effectiveness of security and privacy programs?,Qwen/Qwen2.5-7B-Instruct,"{""model_id"": ""Qwen/Qwen2.5-7B-Instruct"", ""temperature"": 0.5, ""top_p"": 0.9, ""max_new_tokens"": 80, ""n_rewrites"": 3, ""seed"": 42}",2026-02-09 20:54:15-0500
rev5,64,64,"What considerations must be incorporated into the enterprise architecture to address security, privacy, and risk?",0,"What technical elements should be integrated into the enterprise architecture to ensure security, privacy, and risk management?",Qwen/Qwen2.5-7B-Instruct,"{""model_id"": ""Qwen/Qwen2.5-7B-Instruct"", ""temperature"": 0.5, ""top_p"": 0.9, ""max_new_tokens"": 80, ""n_rewrites"": 3, ""seed"": 42}",2026-02-09 20:54:15-0500
rev5,64,64,"What considerations must be incorporated into the enterprise architecture to address security, privacy, and risk?",1,"How can we effectively incorporate security, privacy, and risk factors into the design of our enterprise architecture?",Qwen/Qwen2.5-7B-Instruct,"{""model_id"": ""Qwen/Qwen2.5-7B-Instruct"", ""temperature"": 0.5, ""top_p"": 0.9, ""max_new_tokens"": 80, ""n_rewrites"": 3, ""seed"": 42}",2026-02-09 20:54:15-0500
rev5,64,64,"What considerations must be incorporated into the enterprise architecture to address security, privacy, and risk?",2,"Which aspects of security, privacy, and risk need to be considered when developing the enterprise architecture?",Qwen/Qwen2.5-7B-Instruct,"{""model_id"": ""Qwen/Qwen2.5-7B-Instruct"", ""temperature"": 0.5, ""top_p"": 0.9, ""max_new_tokens"": 80, ""n_rewrites"": 3, ""seed"": 42}",2026-02-09 20:54:15-0500
rev5,65,65,"What are the key components of an organization's risk management strategy, and how should it be implemented and updated?",0,What are the essential elements of a company's risk management plan and what is the process for implementation and revision?,Qwen/Qwen2.5-7B-Instruct,"{""model_id"": ""Qwen/Qwen2.5-7B-Instruct"", ""temperature"": 0.5, ""top_p"": 0.9, ""max_new_tokens"": 80, ""n_rewrites"": 3, ""seed"": 42}",2026-02-09 20:54:15-0500
rev5,65,65,"What are the key components of an organization's risk management strategy, and how should it be implemented and updated?",1,What are the critical parts of an organization's risk management approach and how can it be put into practice and kept current?,Qwen/Qwen2.5-7B-Instruct,"{""model_id"": ""Qwen/Qwen2.5-7B-Instruct"", ""temperature"": 0.5, ""top_p"": 0.9, ""max_new_tokens"": 80, ""n_rewrites"": 3, ""seed"": 42}",2026-02-09 20:54:15-0500
rev5,65,65,"What are the key components of an organization's risk management strategy, and how should it be implemented and updated?",2,How do you define the main aspects of an enterprise's risk management strategy and ensure its effective execution and periodic updating?,Qwen/Qwen2.5-7B-Instruct,"{""model_id"": ""Qwen/Qwen2.5-7B-Instruct"", ""temperature"": 0.5, ""top_p"": 0.9, ""max_new_tokens"": 80, ""n_rewrites"": 3, ""seed"": 42}",2026-02-09 20:54:15-0500
rev5,66,66,"What process should the organization use to assign, review, and update position risk designations and establish screening criteria for personnel?",0,"What are the steps an organization should follow to assign, review, and update position risk designations along with establishing screening criteria for personnel?",Qwen/Qwen2.5-7B-Instruct,"{""model_id"": ""Qwen/Qwen2.5-7B-Instruct"", ""temperature"": 0.5, ""top_p"": 0.9, ""max_new_tokens"": 80, ""n_rewrites"": 3, ""seed"": 42}",2026-02-09 20:54:15-0500
rev5,66,66,"What process should the organization use to assign, review, and update position risk designations and establish screening criteria for personnel?",1,"How can an organization properly assign, review, and update position risk designations while also setting up screening criteria for personnel?",Qwen/Qwen2.5-7B-Instruct,"{""model_id"": ""Qwen/Qwen2.5-7B-Instruct"", ""temperature"": 0.5, ""top_p"": 0.9, ""max_new_tokens"": 80, ""n_rewrites"": 3, ""seed"": 42}",2026-02-09 20:54:15-0500
rev5,66,66,"What process should the organization use to assign, review, and update position risk designations and establish screening criteria for personnel?",2,"What process should an organization implement to assign, review, and update position risk designations and develop screening criteria for personnel?",Qwen/Qwen2.5-7B-Instruct,"{""model_id"": ""Qwen/Qwen2.5-7B-Instruct"", ""temperature"": 0.5, ""top_p"": 0.9, ""max_new_tokens"": 80, ""n_rewrites"": 3, ""seed"": 42}",2026-02-09 20:54:15-0500
rev5,67,67,When and how must individuals be screened before authorizing or maintaining access to organizational systems?,0,When and what methods must be used to screen individuals before granting them access to organizational systems?,Qwen/Qwen2.5-7B-Instruct,"{""model_id"": ""Qwen/Qwen2.5-7B-Instruct"", ""temperature"": 0.5, ""top_p"": 0.9, ""max_new_tokens"": 80, ""n_rewrites"": 3, ""seed"": 42}",2026-02-09 20:54:15-0500
rev5,67,67,When and how must individuals be screened before authorizing or maintaining access to organizational systems?,1,What are the required screening procedures for individuals before they are authorized to access organizational systems?,Qwen/Qwen2.5-7B-Instruct,"{""model_id"": ""Qwen/Qwen2.5-7B-Instruct"", ""temperature"": 0.5, ""top_p"": 0.9, ""max_new_tokens"": 80, ""n_rewrites"": 3, ""seed"": 42}",2026-02-09 20:54:15-0500
rev5,67,67,When and how must individuals be screened before authorizing or maintaining access to organizational systems?,2,"Screening protocols for individuals prior to accessing organizational systems, what are they?",Qwen/Qwen2.5-7B-Instruct,"{""model_id"": ""Qwen/Qwen2.5-7B-Instruct"", ""temperature"": 0.5, ""top_p"": 0.9, ""max_new_tokens"": 80, ""n_rewrites"": 3, ""seed"": 42}",2026-02-09 20:54:15-0500
rev5,68,68,What steps must be taken when an individual's employment or role is terminated?,0,What technical steps are required upon termination of an employee's position?,Qwen/Qwen2.5-7B-Instruct,"{""model_id"": ""Qwen/Qwen2.5-7B-Instruct"", ""temperature"": 0.5, ""top_p"": 0.9, ""max_new_tokens"": 80, ""n_rewrites"": 3, ""seed"": 42}",2026-02-09 20:54:15-0500
rev5,68,68,What steps must be taken when an individual's employment or role is terminated?,1,What technical measures should be implemented when an employee's role is ended?,Qwen/Qwen2.5-7B-Instruct,"{""model_id"": ""Qwen/Qwen2.5-7B-Instruct"", ""temperature"": 0.5, ""top_p"": 0.9, ""max_new_tokens"": 80, ""n_rewrites"": 3, ""seed"": 42}",2026-02-09 20:54:15-0500
rev5,68,68,What steps must be taken when an individual's employment or role is terminated?,2,"Upon termination of an employee's position, what technical procedures must be followed?",Qwen/Qwen2.5-7B-Instruct,"{""model_id"": ""Qwen/Qwen2.5-7B-Instruct"", ""temperature"": 0.5, ""top_p"": 0.9, ""max_new_tokens"": 80, ""n_rewrites"": 3, ""seed"": 42}",2026-02-09 20:54:15-0500
rev5,69,69,"What actions should the organization take to review, modify, and communicate access authorizations for reassigned or transferred personnel?",0,"What technical steps should an organization implement to review, update, and disseminate access permissions for employees who have changed roles or departments?",Qwen/Qwen2.5-7B-Instruct,"{""model_id"": ""Qwen/Qwen2.5-7B-Instruct"", ""temperature"": 0.5, ""top_p"": 0.9, ""max_new_tokens"": 80, ""n_rewrites"": 3, ""seed"": 42}",2026-02-09 20:54:15-0500
rev5,69,69,"What actions should the organization take to review, modify, and communicate access authorizations for reassigned or transferred personnel?",1,"How can an organization ensure that access authorizations are properly reviewed, adjusted, and communicated when personnel are reassigned or transferred?",Qwen/Qwen2.5-7B-Instruct,"{""model_id"": ""Qwen/Qwen2.5-7B-Instruct"", ""temperature"": 0.5, ""top_p"": 0.9, ""max_new_tokens"": 80, ""n_rewrites"": 3, ""seed"": 42}",2026-02-09 20:54:15-0500
rev5,69,69,"What actions should the organization take to review, modify, and communicate access authorizations for reassigned or transferred personnel?",2,"What processes should an organization follow to review, revise, and inform employees about their access permissions after they have been reassigned or transferred?",Qwen/Qwen2.5-7B-Instruct,"{""model_id"": ""Qwen/Qwen2.5-7B-Instruct"", ""temperature"": 0.5, ""top_p"": 0.9, ""max_new_tokens"": 80, ""n_rewrites"": 3, ""seed"": 42}",2026-02-09 20:54:15-0500
rev5,70,70,"What requirements apply to developing, reviewing, and signing access agreements for individuals requiring system access?",0,"What are the necessary standards for creating, evaluating, and finalizing access agreements for users needing system entry?",Qwen/Qwen2.5-7B-Instruct,"{""model_id"": ""Qwen/Qwen2.5-7B-Instruct"", ""temperature"": 0.5, ""top_p"": 0.9, ""max_new_tokens"": 80, ""n_rewrites"": 3, ""seed"": 42}",2026-02-09 20:54:15-0500
rev5,70,70,"What requirements apply to developing, reviewing, and signing access agreements for individuals requiring system access?",1,"What criteria should be considered when crafting, assessing, and approving access agreements for personnel with system access?",Qwen/Qwen2.5-7B-Instruct,"{""model_id"": ""Qwen/Qwen2.5-7B-Instruct"", ""temperature"": 0.5, ""top_p"": 0.9, ""max_new_tokens"": 80, ""n_rewrites"": 3, ""seed"": 42}",2026-02-09 20:54:15-0500
rev5,70,70,"What requirements apply to developing, reviewing, and signing access agreements for individuals requiring system access?",2,"What are the essential guidelines for producing, examining, and endorsing access agreements for individuals granted system access?",Qwen/Qwen2.5-7B-Instruct,"{""model_id"": ""Qwen/Qwen2.5-7B-Instruct"", ""temperature"": 0.5, ""top_p"": 0.9, ""max_new_tokens"": 80, ""n_rewrites"": 3, ""seed"": 42}",2026-02-09 20:54:15-0500
rev5,71,71,"How should organizations determine, document, and restrict the purposes and lawful basis for processing personally identifiable information?",0,"What are the steps organizations should follow to determine, document, and limit the reasons and legal grounds for handling personal data?",Qwen/Qwen2.5-7B-Instruct,"{""model_id"": ""Qwen/Qwen2.5-7B-Instruct"", ""temperature"": 0.5, ""top_p"": 0.9, ""max_new_tokens"": 80, ""n_rewrites"": 3, ""seed"": 42}",2026-02-09 20:54:15-0500
rev5,71,71,"How should organizations determine, document, and restrict the purposes and lawful basis for processing personally identifiable information?",1,"How can organizations properly define, record, and constrain the objectives and legal justifications for processing personal identifiable information?",Qwen/Qwen2.5-7B-Instruct,"{""model_id"": ""Qwen/Qwen2.5-7B-Instruct"", ""temperature"": 0.5, ""top_p"": 0.9, ""max_new_tokens"": 80, ""n_rewrites"": 3, ""seed"": 42}",2026-02-09 20:54:15-0500
rev5,71,71,"How should organizations determine, document, and restrict the purposes and lawful basis for processing personally identifiable information?",2,"What processes should organizations implement to establish, document, and limit the purposes and lawful bases for managing personally identifiable information?",Qwen/Qwen2.5-7B-Instruct,"{""model_id"": ""Qwen/Qwen2.5-7B-Instruct"", ""temperature"": 0.5, ""top_p"": 0.9, ""max_new_tokens"": 80, ""n_rewrites"": 3, ""seed"": 42}",2026-02-09 20:54:15-0500
rev5,72,72,"What must organizations identify and document about the purposes and conditions for collecting, using, and sharing PII, and how should they handle changes to those purposes?",0,"What are the required steps for organizations to identify and document purposes and conditions for handling PII, and what procedures should be in place for changes?",Qwen/Qwen2.5-7B-Instruct,"{""model_id"": ""Qwen/Qwen2.5-7B-Instruct"", ""temperature"": 0.5, ""top_p"": 0.9, ""max_new_tokens"": 80, ""n_rewrites"": 3, ""seed"": 42}",2026-02-09 20:54:15-0500
rev5,72,72,"What must organizations identify and document about the purposes and conditions for collecting, using, and sharing PII, and how should they handle changes to those purposes?",1,"What technical measures must organizations implement to clearly define and document the purposes and conditions for collecting, using, and sharing PII, and how should these definitions be updated when there are changes?",Qwen/Qwen2.5-7B-Instruct,"{""model_id"": ""Qwen/Qwen2.5-7B-Instruct"", ""temperature"": 0.5, ""top_p"": 0.9, ""max_new_tokens"": 80, ""n_rewrites"": 3, ""seed"": 42}",2026-02-09 20:54:15-0500
rev5,72,72,"What must organizations identify and document about the purposes and conditions for collecting, using, and sharing PII, and how should they handle changes to those purposes?",2,Organizations need to establish clear documentation for the purposes and conditions of P,Qwen/Qwen2.5-7B-Instruct,"{""model_id"": ""Qwen/Qwen2.5-7B-Instruct"", ""temperature"": 0.5, ""top_p"": 0.9, ""max_new_tokens"": 80, ""n_rewrites"": 3, ""seed"": 42}",2026-02-09 20:54:15-0500
rev5,73,73,"How should organizations obtain and manage individual consent for processing PII, and what factors should be considered when determining the appropriate consent mechanism?",0,What are the best practices for organizations to acquire and handle personal information consent and which elements need to be evaluated for selecting the right consent method?,Qwen/Qwen2.5-7B-Instruct,"{""model_id"": ""Qwen/Qwen2.5-7B-Instruct"", ""temperature"": 0.5, ""top_p"": 0.9, ""max_new_tokens"": 80, ""n_rewrites"": 3, ""seed"": 42}",2026-02-09 20:54:15-0500
rev5,73,73,"How should organizations obtain and manage individual consent for processing PII, and what factors should be considered when determining the appropriate consent mechanism?",1,"When processing PII, what steps should companies take to ensure they properly obtain and maintain individual consent, and what criteria should they assess to choose the suitable consent approach?",Qwen/Qwen2.5-7B-Instruct,"{""model_id"": ""Qwen/Qwen2.5-7B-Instruct"", ""temperature"": 0.5, ""top_p"": 0.9, ""max_new_tokens"": 80, ""n_rewrites"": 3, ""seed"": 42}",2026-02-09 20:54:15-0500
rev5,73,73,"How should organizations obtain and manage individual consent for processing PII, and what factors should be considered when determining the appropriate consent mechanism?",2,"Can organizations effectively manage and obtain individual consent for PII processing by following specific procedures, and what",Qwen/Qwen2.5-7B-Instruct,"{""model_id"": ""Qwen/Qwen2.5-7B-Instruct"", ""temperature"": 0.5, ""top_p"": 0.9, ""max_new_tokens"": 80, ""n_rewrites"": 3, ""seed"": 42}",2026-02-09 20:54:15-0500
rev5,74,74,"What information should be included in privacy notices to individuals, and when must such notices be provided or updated?",0,What technical details must be included in privacy notices for individuals and when must these notices be provided or updated?,Qwen/Qwen2.5-7B-Instruct,"{""model_id"": ""Qwen/Qwen2.5-7B-Instruct"", ""temperature"": 0.5, ""top_p"": 0.9, ""max_new_tokens"": 80, ""n_rewrites"": 3, ""seed"": 42}",2026-02-09 20:54:15-0500
rev5,74,74,"What information should be included in privacy notices to individuals, and when must such notices be provided or updated?",1,What technical terms and concepts should be covered in privacy notices for individuals and what are the timelines for providing and updating them?,Qwen/Qwen2.5-7B-Instruct,"{""model_id"": ""Qwen/Qwen2.5-7B-Instruct"", ""temperature"": 0.5, ""top_p"": 0.9, ""max_new_tokens"": 80, ""n_rewrites"": 3, ""seed"": 42}",2026-02-09 20:54:15-0500
rev5,74,74,"What information should be included in privacy notices to individuals, and when must such notices be provided or updated?",2,"When are privacy notices for individuals required to be provided and what key information must they include, and when must they be updated?",Qwen/Qwen2.5-7B-Instruct,"{""model_id"": ""Qwen/Qwen2.5-7B-Instruct"", ""temperature"": 0.5, ""top_p"": 0.9, ""max_new_tokens"": 80, ""n_rewrites"": 3, ""seed"": 42}",2026-02-09 20:54:15-0500
rev5,75,75,What must organizations do to publish and maintain accurate system of records Notices for systems that contain PII?,0,What are the requirements for organizations to ensure accurate system of records notices for PII-containing systems?,Qwen/Qwen2.5-7B-Instruct,"{""model_id"": ""Qwen/Qwen2.5-7B-Instruct"", ""temperature"": 0.5, ""top_p"": 0.9, ""max_new_tokens"": 80, ""n_rewrites"": 3, ""seed"": 42}",2026-02-09 20:54:15-0500
rev5,75,75,What must organizations do to publish and maintain accurate system of records Notices for systems that contain PII?,1,What steps should organizations take to publish and maintain accurate system of records notices for systems that hold PII?,Qwen/Qwen2.5-7B-Instruct,"{""model_id"": ""Qwen/Qwen2.5-7B-Instruct"", ""temperature"": 0.5, ""top_p"": 0.9, ""max_new_tokens"": 80, ""n_rewrites"": 3, ""seed"": 42}",2026-02-09 20:54:15-0500
rev5,75,75,What must organizations do to publish and maintain accurate system of records Notices for systems that contain PII?,2,How can organizations guarantee the accuracy of system of records notices for systems that process PII?,Qwen/Qwen2.5-7B-Instruct,"{""model_id"": ""Qwen/Qwen2.5-7B-Instruct"", ""temperature"": 0.5, ""top_p"": 0.9, ""max_new_tokens"": 80, ""n_rewrites"": 3, ""seed"": 42}",2026-02-09 20:54:15-0500
rev5,76,76,"What steps are required to categorize a system and its information, and who must approve the decision?",0,What technical steps are needed for categorizing a system and its information and who should approve such decisions?,Qwen/Qwen2.5-7B-Instruct,"{""model_id"": ""Qwen/Qwen2.5-7B-Instruct"", ""temperature"": 0.5, ""top_p"": 0.9, ""max_new_tokens"": 80, ""n_rewrites"": 3, ""seed"": 42}",2026-02-09 20:54:15-0500
rev5,76,76,"What steps are required to categorize a system and its information, and who must approve the decision?",1,What technical measures are necessary for classifying a system and its data and who has to give the final approval?,Qwen/Qwen2.5-7B-Instruct,"{""model_id"": ""Qwen/Qwen2.5-7B-Instruct"", ""temperature"": 0.5, ""top_p"": 0.9, ""max_new_tokens"": 80, ""n_rewrites"": 3, ""seed"": 42}",2026-02-09 20:54:15-0500
rev5,76,76,"What steps are required to categorize a system and its information, and who must approve the decision?",2,What processes are involved in categorizing a system and its information and who needs to approve this categorization?,Qwen/Qwen2.5-7B-Instruct,"{""model_id"": ""Qwen/Qwen2.5-7B-Instruct"", ""temperature"": 0.5, ""top_p"": 0.9, ""max_new_tokens"": 80, ""n_rewrites"": 3, ""seed"": 42}",2026-02-09 20:54:15-0500
rev5,77,77,"How should organizations conduct and document risk assessments, and how often should the results be reviewed?",0,"What are the best practices for conducting and documenting risk assessments in organizations, and how frequently should these assessments be reviewed?",Qwen/Qwen2.5-7B-Instruct,"{""model_id"": ""Qwen/Qwen2.5-7B-Instruct"", ""temperature"": 0.5, ""top_p"": 0.9, ""max_new_tokens"": 80, ""n_rewrites"": 3, ""seed"": 42}",2026-02-09 20:54:15-0500
rev5,77,77,"How should organizations conduct and document risk assessments, and how often should the results be reviewed?",1,"What key steps should organizations follow when performing risk assessments and maintaining documentation, and what is the recommended frequency for reviewing these assessments?",Qwen/Qwen2.5-7B-Instruct,"{""model_id"": ""Qwen/Qwen2.5-7B-Instruct"", ""temperature"": 0.5, ""top_p"": 0.9, ""max_new_tokens"": 80, ""n_rewrites"": 3, ""seed"": 42}",2026-02-09 20:54:15-0500
rev5,77,77,"How should organizations conduct and document risk assessments, and how often should the results be reviewed?",2,"When should organizations carry out and document risk assessments, and how regularly should the outcomes be evaluated?",Qwen/Qwen2.5-7B-Instruct,"{""model_id"": ""Qwen/Qwen2.5-7B-Instruct"", ""temperature"": 0.5, ""top_p"": 0.9, ""max_new_tokens"": 80, ""n_rewrites"": 3, ""seed"": 42}",2026-02-09 20:54:15-0500
rev5,78,78,"What are the requirements for scanning systems for vulnerabilities, remediating identified risks, and sharing vulnerability information?",0,"What are the necessary steps for scanning systems to identify vulnerabilities, addressing the found risks, and exchanging vulnerability data?",Qwen/Qwen2.5-7B-Instruct,"{""model_id"": ""Qwen/Qwen2.5-7B-Instruct"", ""temperature"": 0.5, ""top_p"": 0.9, ""max_new_tokens"": 80, ""n_rewrites"": 3, ""seed"": 42}",2026-02-09 20:54:15-0500
rev5,78,78,"What are the requirements for scanning systems for vulnerabilities, remediating identified risks, and sharing vulnerability information?",1,"What are the essential procedures for scanning systems to detect vulnerabilities, mitigating the discovered risks, and sharing vulnerability details?",Qwen/Qwen2.5-7B-Instruct,"{""model_id"": ""Qwen/Qwen2.5-7B-Instruct"", ""temperature"": 0.5, ""top_p"": 0.9, ""max_new_tokens"": 80, ""n_rewrites"": 3, ""seed"": 42}",2026-02-09 20:54:15-0500
rev5,78,78,"What are the requirements for scanning systems for vulnerabilities, remediating identified risks, and sharing vulnerability information?",2,"What are the required actions for scanning systems to find vulnerabilities, handling the identified risks, and disseminating vulnerability information?",Qwen/Qwen2.5-7B-Instruct,"{""model_id"": ""Qwen/Qwen2.5-7B-Instruct"", ""temperature"": 0.5, ""top_p"": 0.9, ""max_new_tokens"": 80, ""n_rewrites"": 3, ""seed"": 42}",2026-02-09 20:54:15-0500
rev5,79,79,"What options may organizations consider when responding to identified risks, and how does risk tolerance affect these decisions?",0,What technical options can organizations explore in response to recognized risks and what role does risk tolerance play in these choices?,Qwen/Qwen2.5-7B-Instruct,"{""model_id"": ""Qwen/Qwen2.5-7B-Instruct"", ""temperature"": 0.5, ""top_p"": 0.9, ""max_new_tokens"": 80, ""n_rewrites"": 3, ""seed"": 42}",2026-02-09 20:54:15-0500
rev5,79,79,"What options may organizations consider when responding to identified risks, and how does risk tolerance affect these decisions?",1,How do different risk tolerance levels influence the options available to organizations in their risk management responses?,Qwen/Qwen2.5-7B-Instruct,"{""model_id"": ""Qwen/Qwen2.5-7B-Instruct"", ""temperature"": 0.5, ""top_p"": 0.9, ""max_new_tokens"": 80, ""n_rewrites"": 3, ""seed"": 42}",2026-02-09 20:54:15-0500
rev5,79,79,"What options may organizations consider when responding to identified risks, and how does risk tolerance affect these decisions?",2,In what ways does an organization's risk tolerance shape its approach to managing identified risks and what alternative actions might it take?,Qwen/Qwen2.5-7B-Instruct,"{""model_id"": ""Qwen/Qwen2.5-7B-Instruct"", ""temperature"": 0.5, ""top_p"": 0.9, ""max_new_tokens"": 80, ""n_rewrites"": 3, ""seed"": 42}",2026-02-09 20:54:15-0500
rev5,80,80,"What is the purpose of performing a criticality analysis, and when should it be conducted?",0,What are the objectives of conducting a criticality analysis and at what times should it be performed?,Qwen/Qwen2.5-7B-Instruct,"{""model_id"": ""Qwen/Qwen2.5-7B-Instruct"", ""temperature"": 0.5, ""top_p"": 0.9, ""max_new_tokens"": 80, ""n_rewrites"": 3, ""seed"": 42}",2026-02-09 20:54:15-0500
rev5,80,80,"What is the purpose of performing a criticality analysis, and when should it be conducted?",1,what is the importance of carrying out a criticality analysis and under what circumstances should it be executed?,Qwen/Qwen2.5-7B-Instruct,"{""model_id"": ""Qwen/Qwen2.5-7B-Instruct"", ""temperature"": 0.5, ""top_p"": 0.9, ""max_new_tokens"": 80, ""n_rewrites"": 3, ""seed"": 42}",2026-02-09 20:54:15-0500
rev5,80,80,"What is the purpose of performing a criticality analysis, and when should it be conducted?",2,why is it necessary to perform a criticality analysis and in what scenarios should this analysis be conducted?,Qwen/Qwen2.5-7B-Instruct,"{""model_id"": ""Qwen/Qwen2.5-7B-Instruct"", ""temperature"": 0.5, ""top_p"": 0.9, ""max_new_tokens"": 80, ""n_rewrites"": 3, ""seed"": 42}",2026-02-09 20:54:15-0500
rev5,81,81,"In SA-5, what documentation should be obtained or developed?",0,What documentation is required or needed for compliance with SA-5?,Qwen/Qwen2.5-7B-Instruct,"{""model_id"": ""Qwen/Qwen2.5-7B-Instruct"", ""temperature"": 0.5, ""top_p"": 0.9, ""max_new_tokens"": 80, ""n_rewrites"": 3, ""seed"": 42}",2026-02-09 20:54:15-0500
rev5,81,81,"In SA-5, what documentation should be obtained or developed?",1,What types of documentation should be acquired or created in accordance with SA-5?,Qwen/Qwen2.5-7B-Instruct,"{""model_id"": ""Qwen/Qwen2.5-7B-Instruct"", ""temperature"": 0.5, ""top_p"": 0.9, ""max_new_tokens"": 80, ""n_rewrites"": 3, ""seed"": 42}",2026-02-09 20:54:15-0500
rev5,81,81,"In SA-5, what documentation should be obtained or developed?",2,What kinds of documentation must be obtained or developed under SA-5?,Qwen/Qwen2.5-7B-Instruct,"{""model_id"": ""Qwen/Qwen2.5-7B-Instruct"", ""temperature"": 0.5, ""top_p"": 0.9, ""max_new_tokens"": 80, ""n_rewrites"": 3, ""seed"": 42}",2026-02-09 20:54:15-0500
rev5,82,82,"In SA-8, which security and privacy engineering principles should be applied?",0,What security and privacy engineering principles are recommended in SA-8?,Qwen/Qwen2.5-7B-Instruct,"{""model_id"": ""Qwen/Qwen2.5-7B-Instruct"", ""temperature"": 0.5, ""top_p"": 0.9, ""max_new_tokens"": 80, ""n_rewrites"": 3, ""seed"": 42}",2026-02-09 20:54:15-0500
rev5,82,82,"In SA-8, which security and privacy engineering principles should be applied?",1,Which security and privacy engineering principles should be implemented according to SA-8?,Qwen/Qwen2.5-7B-Instruct,"{""model_id"": ""Qwen/Qwen2.5-7B-Instruct"", ""temperature"": 0.5, ""top_p"": 0.9, ""max_new_tokens"": 80, ""n_rewrites"": 3, ""seed"": 42}",2026-02-09 20:54:15-0500
rev5,82,82,"In SA-8, which security and privacy engineering principles should be applied?",2,Can you list the security and privacy engineering principles applicable to SA-8?,Qwen/Qwen2.5-7B-Instruct,"{""model_id"": ""Qwen/Qwen2.5-7B-Instruct"", ""temperature"": 0.5, ""top_p"": 0.9, ""max_new_tokens"": 80, ""n_rewrites"": 3, ""seed"": 42}",2026-02-09 20:54:15-0500
rev5,83,83,What are the requirements for ensuring external service providers comply with organizational security and privacy expectations?,0,What are the necessary conditions to guarantee that external service providers adhere to our organization's security and privacy standards?,Qwen/Qwen2.5-7B-Instruct,"{""model_id"": ""Qwen/Qwen2.5-7B-Instruct"", ""temperature"": 0.5, ""top_p"": 0.9, ""max_new_tokens"": 80, ""n_rewrites"": 3, ""seed"": 42}",2026-02-09 20:54:15-0500
rev5,83,83,What are the requirements for ensuring external service providers comply with organizational security and privacy expectations?,1,Are there specific criteria we need to meet to ensure external service providers follow our security and privacy policies?,Qwen/Qwen2.5-7B-Instruct,"{""model_id"": ""Qwen/Qwen2.5-7B-Instruct"", ""temperature"": 0.5, ""top_p"": 0.9, ""max_new_tokens"": 80, ""n_rewrites"": 3, ""seed"": 42}",2026-02-09 20:54:15-0500
rev5,83,83,What are the requirements for ensuring external service providers comply with organizational security and privacy expectations?,2,How can we establish that external service providers meet our security and privacy requirements?,Qwen/Qwen2.5-7B-Instruct,"{""model_id"": ""Qwen/Qwen2.5-7B-Instruct"", ""temperature"": 0.5, ""top_p"": 0.9, ""max_new_tokens"": 80, ""n_rewrites"": 3, ""seed"": 42}",2026-02-09 20:54:15-0500
rev5,84,84,"What should be required from system developers regarding configuration management, approved changes, and flaw tracking?",0,"What are the necessary requirements for system developers concerning configuration management, authorized modifications, and defect tracking?",Qwen/Qwen2.5-7B-Instruct,"{""model_id"": ""Qwen/Qwen2.5-7B-Instruct"", ""temperature"": 0.5, ""top_p"": 0.9, ""max_new_tokens"": 80, ""n_rewrites"": 3, ""seed"": 42}",2026-02-09 20:54:15-0500
rev5,84,84,"What should be required from system developers regarding configuration management, approved changes, and flaw tracking?",1,"What technical standards must system developers adhere to in terms of configuration management, sanctioned updates, and issue tracking?",Qwen/Qwen2.5-7B-Instruct,"{""model_id"": ""Qwen/Qwen2.5-7B-Instruct"", ""temperature"": 0.5, ""top_p"": 0.9, ""max_new_tokens"": 80, ""n_rewrites"": 3, ""seed"": 42}",2026-02-09 20:54:15-0500
rev5,84,84,"What should be required from system developers regarding configuration management, approved changes, and flaw tracking?",2,"What are the essential guidelines that system developers need to follow with respect to configuration management, permitted changes, and bug tracking?",Qwen/Qwen2.5-7B-Instruct,"{""model_id"": ""Qwen/Qwen2.5-7B-Instruct"", ""temperature"": 0.5, ""top_p"": 0.9, ""max_new_tokens"": 80, ""n_rewrites"": 3, ""seed"": 42}",2026-02-09 20:54:15-0500
rev5,85,85,What are developers required to produce and correct under a system's security and privacy assessment plan?,0,What technical outputs must developers provide and rectify during a system's security and privacy assessment?,Qwen/Qwen2.5-7B-Instruct,"{""model_id"": ""Qwen/Qwen2.5-7B-Instruct"", ""temperature"": 0.5, ""top_p"": 0.9, ""max_new_tokens"": 80, ""n_rewrites"": 3, ""seed"": 42}",2026-02-09 20:54:15-0500
rev5,85,85,What are developers required to produce and correct under a system's security and privacy assessment plan?,1,What are the specific actions and deliverables that developers need to generate and amend in a security and privacy assessment plan?,Qwen/Qwen2.5-7B-Instruct,"{""model_id"": ""Qwen/Qwen2.5-7B-Instruct"", ""temperature"": 0.5, ""top_p"": 0.9, ""max_new_tokens"": 80, ""n_rewrites"": 3, ""seed"": 42}",2026-02-09 20:54:15-0500
rev5,85,85,What are developers required to produce and correct under a system's security and privacy assessment plan?,2,What tasks and documents should developers create and fix as part of a system's security and privacy evaluation?,Qwen/Qwen2.5-7B-Instruct,"{""model_id"": ""Qwen/Qwen2.5-7B-Instruct"", ""temperature"": 0.5, ""top_p"": 0.9, ""max_new_tokens"": 80, ""n_rewrites"": 3, ""seed"": 42}",2026-02-09 20:54:15-0500
rev5,86,86,"How should communications be monitored and controlled at system interfaces, and how must external connections be managed to protect organizational networks?",0,What are the best practices for monitoring and controlling communications at system interfaces and managing external connections to safeguard organizational networks?,Qwen/Qwen2.5-7B-Instruct,"{""model_id"": ""Qwen/Qwen2.5-7B-Instruct"", ""temperature"": 0.5, ""top_p"": 0.9, ""max_new_tokens"": 80, ""n_rewrites"": 3, ""seed"": 42}",2026-02-09 20:54:15-0500
rev5,86,86,"How should communications be monitored and controlled at system interfaces, and how must external connections be managed to protect organizational networks?",1,How can we effectively monitor and control communications at system interfaces while ensuring secure management of external connections to protect organizational networks?,Qwen/Qwen2.5-7B-Instruct,"{""model_id"": ""Qwen/Qwen2.5-7B-Instruct"", ""temperature"": 0.5, ""top_p"": 0.9, ""max_new_tokens"": 80, ""n_rewrites"": 3, ""seed"": 42}",2026-02-09 20:54:15-0500
rev5,86,86,"How should communications be monitored and controlled at system interfaces, and how must external connections be managed to protect organizational networks?",2,What techniques should be employed for the monitoring and control of communications at system interfaces and the management of external connections to ensure the security of organizational networks?,Qwen/Qwen2.5-7B-Instruct,"{""model_id"": ""Qwen/Qwen2.5-7B-Instruct"", ""temperature"": 0.5, ""top_p"": 0.9, ""max_new_tokens"": 80, ""n_rewrites"": 3, ""seed"": 42}",2026-02-09 20:54:15-0500
rev5,87,87,What measures should be implemented to protect the confidentiality and integrity of transmitted information across internal and external networks?,0,What technical measures are recommended for ensuring the confidentiality and integrity of data during transmission over both internal and external networks?,Qwen/Qwen2.5-7B-Instruct,"{""model_id"": ""Qwen/Qwen2.5-7B-Instruct"", ""temperature"": 0.5, ""top_p"": 0.9, ""max_new_tokens"": 80, ""n_rewrites"": 3, ""seed"": 42}",2026-02-09 20:54:15-0500
rev5,87,87,What measures should be implemented to protect the confidentiality and integrity of transmitted information across internal and external networks?,1,Which controls should be put in place to safeguard the privacy and accuracy of information being transferred through internal and external network connections?,Qwen/Qwen2.5-7B-Instruct,"{""model_id"": ""Qwen/Qwen2.5-7B-Instruct"", ""temperature"": 0.5, ""top_p"": 0.9, ""max_new_tokens"": 80, ""n_rewrites"": 3, ""seed"": 42}",2026-02-09 20:54:15-0500
rev5,87,87,What measures should be implemented to protect the confidentiality and integrity of transmitted information across internal and external networks?,2,How can we ensure that the security and reliability of transmitted information are maintained when moving data between internal and external networks?,Qwen/Qwen2.5-7B-Instruct,"{""model_id"": ""Qwen/Qwen2.5-7B-Instruct"", ""temperature"": 0.5, ""top_p"": 0.9, ""max_new_tokens"": 80, ""n_rewrites"": 3, ""seed"": 42}",2026-02-09 20:54:15-0500
rev5,88,88,What requirements apply to establishing and managing cryptographic keys used within the system?,0,What are the necessary standards for creating and maintaining cryptographic keys in our system?,Qwen/Qwen2.5-7B-Instruct,"{""model_id"": ""Qwen/Qwen2.5-7B-Instruct"", ""temperature"": 0.5, ""top_p"": 0.9, ""max_new_tokens"": 80, ""n_rewrites"": 3, ""seed"": 42}",2026-02-09 20:54:15-0500
rev5,88,88,What requirements apply to establishing and managing cryptographic keys used within the system?,1,What technical specifications must be followed for the generation and management of cryptographic keys within the system?,Qwen/Qwen2.5-7B-Instruct,"{""model_id"": ""Qwen/Qwen2.5-7B-Instruct"", ""temperature"": 0.5, ""top_p"": 0.9, ""max_new_tokens"": 80, ""n_rewrites"": 3, ""seed"": 42}",2026-02-09 20:54:15-0500
rev5,88,88,What requirements apply to establishing and managing cryptographic keys used within the system?,2,What guidelines should be adhered to for the establishment and administration of cryptographic keys in the system?,Qwen/Qwen2.5-7B-Instruct,"{""model_id"": ""Qwen/Qwen2.5-7B-Instruct"", ""temperature"": 0.5, ""top_p"": 0.9, ""max_new_tokens"": 80, ""n_rewrites"": 3, ""seed"": 42}",2026-02-09 20:54:15-0500
rev5,89,89,"How should cryptographic mechanisms be selected and implemented to comply with applicable laws, policies, and standards?",0,"What are the steps for choosing and implementing cryptographic mechanisms in alignment with legal requirements, organizational policies, and industry standards?",Qwen/Qwen2.5-7B-Instruct,"{""model_id"": ""Qwen/Qwen2.5-7B-Instruct"", ""temperature"": 0.5, ""top_p"": 0.9, ""max_new_tokens"": 80, ""n_rewrites"": 3, ""seed"": 42}",2026-02-09 20:54:15-0500
rev5,89,89,"How should cryptographic mechanisms be selected and implemented to comply with applicable laws, policies, and standards?",1,"Which cryptographic mechanisms should be selected and implemented to meet the needs of legal, policy, and standard compliance?",Qwen/Qwen2.5-7B-Instruct,"{""model_id"": ""Qwen/Qwen2.5-7B-Instruct"", ""temperature"": 0.5, ""top_p"": 0.9, ""max_new_tokens"": 80, ""n_rewrites"": 3, ""seed"": 42}",2026-02-09 20:54:15-0500
rev5,89,89,"How should cryptographic mechanisms be selected and implemented to comply with applicable laws, policies, and standards?",2,"Can you outline the process for selecting and implementing cryptographic mechanisms to ensure compliance with laws, policies, and standards?",Qwen/Qwen2.5-7B-Instruct,"{""model_id"": ""Qwen/Qwen2.5-7B-Instruct"", ""temperature"": 0.5, ""top_p"": 0.9, ""max_new_tokens"": 80, ""n_rewrites"": 3, ""seed"": 42}",2026-02-09 20:54:15-0500
rev5,90,90,What protections must be applied to ensure the confidentiality and integrity of information at rest within system components?,0,What technical measures are required to safeguard the confidentiality and integrity of data stored in system elements?,Qwen/Qwen2.5-7B-Instruct,"{""model_id"": ""Qwen/Qwen2.5-7B-Instruct"", ""temperature"": 0.5, ""top_p"": 0.9, ""max_new_tokens"": 80, ""n_rewrites"": 3, ""seed"": 42}",2026-02-09 20:54:15-0500
rev5,90,90,What protections must be applied to ensure the confidentiality and integrity of information at rest within system components?,1,Which specific controls need to be implemented to protect the confidentiality and integrity of information stored in system parts?,Qwen/Qwen2.5-7B-Instruct,"{""model_id"": ""Qwen/Qwen2.5-7B-Instruct"", ""temperature"": 0.5, ""top_p"": 0.9, ""max_new_tokens"": 80, ""n_rewrites"": 3, ""seed"": 42}",2026-02-09 20:54:15-0500
rev5,90,90,What protections must be applied to ensure the confidentiality and integrity of information at rest within system components?,2,What are the necessary security controls to maintain the confidentiality and integrity of data within system components?,Qwen/Qwen2.5-7B-Instruct,"{""model_id"": ""Qwen/Qwen2.5-7B-Instruct"", ""temperature"": 0.5, ""top_p"": 0.9, ""max_new_tokens"": 80, ""n_rewrites"": 3, ""seed"": 42}",2026-02-09 20:54:15-0500
rev5,91,91,"What actions must organizations take to identify, report, test, and install security-relevant software and firmware updates?",0,"How can organizations ensure they identify, report, test, and install security-relevant software and firmware updates effectively?",Qwen/Qwen2.5-7B-Instruct,"{""model_id"": ""Qwen/Qwen2.5-7B-Instruct"", ""temperature"": 0.5, ""top_p"": 0.9, ""max_new_tokens"": 80, ""n_rewrites"": 3, ""seed"": 42}",2026-02-09 20:54:15-0500
rev5,91,91,"What actions must organizations take to identify, report, test, and install security-relevant software and firmware updates?",1,"What technical steps should organizations follow to detect, document, evaluate, and apply security-related software and firmware patches?",Qwen/Qwen2.5-7B-Instruct,"{""model_id"": ""Qwen/Qwen2.5-7B-Instruct"", ""temperature"": 0.5, ""top_p"": 0.9, ""max_new_tokens"": 80, ""n_rewrites"": 3, ""seed"": 42}",2026-02-09 20:54:15-0500
rev5,91,91,"What actions must organizations take to identify, report, test, and install security-relevant software and firmware updates?",2,"What measures should companies implement to recognize, communicate, assess, and deploy security-critical software and firmware upgrades?",Qwen/Qwen2.5-7B-Instruct,"{""model_id"": ""Qwen/Qwen2.5-7B-Instruct"", ""temperature"": 0.5, ""top_p"": 0.9, ""max_new_tokens"": 80, ""n_rewrites"": 3, ""seed"": 42}",2026-02-09 20:54:15-0500
rev5,92,92,What are the requirements for implementing and managing malicious-code protection mechanisms across the system?,0,What are the necessary steps and policies for setting up and overseeing malicious-code protection in a system?,Qwen/Qwen2.5-7B-Instruct,"{""model_id"": ""Qwen/Qwen2.5-7B-Instruct"", ""temperature"": 0.5, ""top_p"": 0.9, ""max_new_tokens"": 80, ""n_rewrites"": 3, ""seed"": 42}",2026-02-09 20:54:15-0500
rev5,92,92,What are the requirements for implementing and managing malicious-code protection mechanisms across the system?,1,Are there specific guidelines and procedures needed for establishing and maintaining malicious-code protection throughout a system?,Qwen/Qwen2.5-7B-Instruct,"{""model_id"": ""Qwen/Qwen2.5-7B-Instruct"", ""temperature"": 0.5, ""top_p"": 0.9, ""max_new_tokens"": 80, ""n_rewrites"": 3, ""seed"": 42}",2026-02-09 20:54:15-0500
rev5,92,92,What are the requirements for implementing and managing malicious-code protection mechanisms across the system?,2,Could you outline the essential criteria and management practices required for implementing and overseeing malicious-code protection mechanisms in a system?,Qwen/Qwen2.5-7B-Instruct,"{""model_id"": ""Qwen/Qwen2.5-7B-Instruct"", ""temperature"": 0.5, ""top_p"": 0.9, ""max_new_tokens"": 80, ""n_rewrites"": 3, ""seed"": 42}",2026-02-09 20:54:15-0500
rev5,93,93,"How should systems be monitored to detect attacks, unauthorized connections, and anomalous activities, and how should such events be analyzed and reported?",0,"What are the best practices for monitoring systems to identify attacks, unauthorized access, and unusual behaviors along with the methods for analyzing and reporting these incidents?",Qwen/Qwen2.5-7B-Instruct,"{""model_id"": ""Qwen/Qwen2.5-7B-Instruct"", ""temperature"": 0.5, ""top_p"": 0.9, ""max_new_tokens"": 80, ""n_rewrites"": 3, ""seed"": 42}",2026-02-09 20:54:15-0500
rev5,93,93,"How should systems be monitored to detect attacks, unauthorized connections, and anomalous activities, and how should such events be analyzed and reported?",1,"How can we effectively monitor our systems for detecting attacks, unauthorized logins, and abnormal activities and what processes should be in place for analyzing and documenting these events?",Qwen/Qwen2.5-7B-Instruct,"{""model_id"": ""Qwen/Qwen2.5-7B-Instruct"", ""temperature"": 0.5, ""top_p"": 0.9, ""max_new_tokens"": 80, ""n_rewrites"": 3, ""seed"": 42}",2026-02-09 20:54:15-0500
rev5,93,93,"How should systems be monitored to detect attacks, unauthorized connections, and anomalous activities, and how should such events be analyzed and reported?",2,"What technical measures should be implemented to monitor systems for attacks, unauthorized connections, and anomalies, and",Qwen/Qwen2.5-7B-Instruct,"{""model_id"": ""Qwen/Qwen2.5-7B-Instruct"", ""temperature"": 0.5, ""top_p"": 0.9, ""max_new_tokens"": 80, ""n_rewrites"": 3, ""seed"": 42}",2026-02-09 20:54:15-0500
rev5,94,94,"What integrity-verification mechanisms should be employed to detect unauthorized changes to software, firmware, or data?",0,"What types of integrity verification mechanisms are recommended for identifying unauthorized modifications in software, firmware, or data?",Qwen/Qwen2.5-7B-Instruct,"{""model_id"": ""Qwen/Qwen2.5-7B-Instruct"", ""temperature"": 0.5, ""top_p"": 0.9, ""max_new_tokens"": 80, ""n_rewrites"": 3, ""seed"": 42}",2026-02-09 20:54:15-0500
rev5,94,94,"What integrity-verification mechanisms should be employed to detect unauthorized changes to software, firmware, or data?",1,"How can we ensure that integrity verification mechanisms are used to spot any unauthorized alterations in software, firmware, or data?",Qwen/Qwen2.5-7B-Instruct,"{""model_id"": ""Qwen/Qwen2.5-7B-Instruct"", ""temperature"": 0.5, ""top_p"": 0.9, ""max_new_tokens"": 80, ""n_rewrites"": 3, ""seed"": 42}",2026-02-09 20:54:15-0500
rev5,94,94,"What integrity-verification mechanisms should be employed to detect unauthorized changes to software, firmware, or data?",2,"Which integrity-checking methods are appropriate for detecting any unauthorized changes in software, firmware, or data?",Qwen/Qwen2.5-7B-Instruct,"{""model_id"": ""Qwen/Qwen2.5-7B-Instruct"", ""temperature"": 0.5, ""top_p"": 0.9, ""max_new_tokens"": 80, ""n_rewrites"": 3, ""seed"": 42}",2026-02-09 20:54:15-0500
rev5,95,95,How should organizations validate system inputs to prevent injection or cross-site scripting attacks?,0,What are the best practices for validating system inputs to avoid injection and cross-site scripting attacks?,Qwen/Qwen2.5-7B-Instruct,"{""model_id"": ""Qwen/Qwen2.5-7B-Instruct"", ""temperature"": 0.5, ""top_p"": 0.9, ""max_new_tokens"": 80, ""n_rewrites"": 3, ""seed"": 42}",2026-02-09 20:54:15-0500
rev5,95,95,How should organizations validate system inputs to prevent injection or cross-site scripting attacks?,1,How can organizations ensure the validation of system inputs to mitigate injection and cross-site scripting risks?,Qwen/Qwen2.5-7B-Instruct,"{""model_id"": ""Qwen/Qwen2.5-7B-Instruct"", ""temperature"": 0.5, ""top_p"": 0.9, ""max_new_tokens"": 80, ""n_rewrites"": 3, ""seed"": 42}",2026-02-09 20:54:15-0500
rev5,95,95,How should organizations validate system inputs to prevent injection or cross-site scripting attacks?,2,What methods should companies use to validate input data in systems to protect against injection and cross-site scripting vulnerabilities?,Qwen/Qwen2.5-7B-Instruct,"{""model_id"": ""Qwen/Qwen2.5-7B-Instruct"", ""temperature"": 0.5, ""top_p"": 0.9, ""max_new_tokens"": 80, ""n_rewrites"": 3, ""seed"": 42}",2026-02-09 20:54:15-0500
rev5,96,96,"What elements must be included in a supply-chain risk management plan, and how often should it be reviewed and protected from unauthorized disclosure?",0,What technical elements need to be part of a supply-chain risk management plan and how frequently should it be assessed and safeguarded against unapproved access?,Qwen/Qwen2.5-7B-Instruct,"{""model_id"": ""Qwen/Qwen2.5-7B-Instruct"", ""temperature"": 0.5, ""top_p"": 0.9, ""max_new_tokens"": 80, ""n_rewrites"": 3, ""seed"": 42}",2026-02-09 20:54:15-0500
rev5,96,96,"What elements must be included in a supply-chain risk management plan, and how often should it be reviewed and protected from unauthorized disclosure?",1,What key components should a supply-chain risk management plan encompass and at what interval should it be evaluated and secured against unauthorized exposure?,Qwen/Qwen2.5-7B-Instruct,"{""model_id"": ""Qwen/Qwen2.5-7B-Instruct"", ""temperature"": 0.5, ""top_p"": 0.9, ""max_new_tokens"": 80, ""n_rewrites"": 3, ""seed"": 42}",2026-02-09 20:54:15-0500
rev5,96,96,"What elements must be included in a supply-chain risk management plan, and how often should it be reviewed and protected from unauthorized disclosure?",2,Could you outline the essential components of a supply-chain risk management plan and specify the frequency of its review and protection measures against accidental or,Qwen/Qwen2.5-7B-Instruct,"{""model_id"": ""Qwen/Qwen2.5-7B-Instruct"", ""temperature"": 0.5, ""top_p"": 0.9, ""max_new_tokens"": 80, ""n_rewrites"": 3, ""seed"": 42}",2026-02-09 20:54:15-0500
rev5,97,97,How should organizations identify and address weaknesses in supply-chain elements and document protective controls and processes?,0,What are the steps organizations can take to detect and rectify vulnerabilities within supply-chain components and ensure proper documentation of protective measures?,Qwen/Qwen2.5-7B-Instruct,"{""model_id"": ""Qwen/Qwen2.5-7B-Instruct"", ""temperature"": 0.5, ""top_p"": 0.9, ""max_new_tokens"": 80, ""n_rewrites"": 3, ""seed"": 42}",2026-02-09 20:54:15-0500
rev5,97,97,How should organizations identify and address weaknesses in supply-chain elements and document protective controls and processes?,1,How can organizations effectively pinpoint and handle weaknesses in their supply-chain segments and document safeguarding protocols and procedures?,Qwen/Qwen2.5-7B-Instruct,"{""model_id"": ""Qwen/Qwen2.5-7B-Instruct"", ""temperature"": 0.5, ""top_p"": 0.9, ""max_new_tokens"": 80, ""n_rewrites"": 3, ""seed"": 42}",2026-02-09 20:54:15-0500
rev5,97,97,How should organizations identify and address weaknesses in supply-chain elements and document protective controls and processes?,2,What methods should organizations employ to recognize and manage deficiencies in supply-chain aspects and document protective controls and operational procedures?,Qwen/Qwen2.5-7B-Instruct,"{""model_id"": ""Qwen/Qwen2.5-7B-Instruct"", ""temperature"": 0.5, ""top_p"": 0.9, ""max_new_tokens"": 80, ""n_rewrites"": 3, ""seed"": 42}",2026-02-09 20:54:15-0500
rev5,98,98,"What acquisition and contracting practices should be employed to protect the supply chain from counterfeit, tampered, or malicious components?",0,"What are the best acquisition and contracting strategies to safeguard against counterfeit, tampered, or malicious components in the supply chain?",Qwen/Qwen2.5-7B-Instruct,"{""model_id"": ""Qwen/Qwen2.5-7B-Instruct"", ""temperature"": 0.5, ""top_p"": 0.9, ""max_new_tokens"": 80, ""n_rewrites"": 3, ""seed"": 42}",2026-02-09 20:54:15-0500
rev5,98,98,"What acquisition and contracting practices should be employed to protect the supply chain from counterfeit, tampered, or malicious components?",1,"Which acquisition and contracting procedures can be used to ensure the supply chain is protected from counterfeit, tampered, or malicious parts?",Qwen/Qwen2.5-7B-Instruct,"{""model_id"": ""Qwen/Qwen2.5-7B-Instruct"", ""temperature"": 0.5, ""top_p"": 0.9, ""max_new_tokens"": 80, ""n_rewrites"": 3, ""seed"": 42}",2026-02-09 20:54:15-0500
rev5,98,98,"What acquisition and contracting practices should be employed to protect the supply chain from counterfeit, tampered, or malicious components?",2,"What measures should be taken in acquisition and contracting to prevent the supply chain from being compromised by counterfeit, tampered, or malicious components?",Qwen/Qwen2.5-7B-Instruct,"{""model_id"": ""Qwen/Qwen2.5-7B-Instruct"", ""temperature"": 0.5, ""top_p"": 0.9, ""max_new_tokens"": 80, ""n_rewrites"": 3, ""seed"": 42}",2026-02-09 20:54:15-0500
rev5,99,99,How frequently should supply-chain-related risks be assessed and reviewed for suppliers and contractors?,0,What is the recommended frequency for assessing and reviewing supply-chain-related risks with suppliers and contractors?,Qwen/Qwen2.5-7B-Instruct,"{""model_id"": ""Qwen/Qwen2.5-7B-Instruct"", ""temperature"": 0.5, ""top_p"": 0.9, ""max_new_tokens"": 80, ""n_rewrites"": 3, ""seed"": 42}",2026-02-09 20:54:15-0500
rev5,99,99,How frequently should supply-chain-related risks be assessed and reviewed for suppliers and contractors?,1,When should supply-chain-related risks be evaluated and monitored for suppliers and contractors?,Qwen/Qwen2.5-7B-Instruct,"{""model_id"": ""Qwen/Qwen2.5-7B-Instruct"", ""temperature"": 0.5, ""top_p"": 0.9, ""max_new_tokens"": 80, ""n_rewrites"": 3, ""seed"": 42}",2026-02-09 20:54:15-0500
rev5,99,99,How frequently should supply-chain-related risks be assessed and reviewed for suppliers and contractors?,2,At what interval are supply-chain-related risks typically assessed and reviewed for suppliers and contractors?,Qwen/Qwen2.5-7B-Instruct,"{""model_id"": ""Qwen/Qwen2.5-7B-Instruct"", ""temperature"": 0.5, ""top_p"": 0.9, ""max_new_tokens"": 80, ""n_rewrites"": 3, ""seed"": 42}",2026-02-09 20:54:15-0500
rev5,100,100,"What policies and procedures should be developed to detect, prevent, and report counterfeit components within the system?",0,"What technical policies and procedures need to be established for identifying, stopping, and documenting counterfeit parts in our system?",Qwen/Qwen2.5-7B-Instruct,"{""model_id"": ""Qwen/Qwen2.5-7B-Instruct"", ""temperature"": 0.5, ""top_p"": 0.9, ""max_new_tokens"": 80, ""n_rewrites"": 3, ""seed"": 42}",2026-02-09 20:54:15-0500
rev5,100,100,"What policies and procedures should be developed to detect, prevent, and report counterfeit components within the system?",1,"What related technical guidelines and steps should be implemented to spot, block, and record counterfeit components within the system?",Qwen/Qwen2.5-7B-Instruct,"{""model_id"": ""Qwen/Qwen2.5-7B-Instruct"", ""temperature"": 0.5, ""top_p"": 0.9, ""max_new_tokens"": 80, ""n_rewrites"": 3, ""seed"": 42}",2026-02-09 20:54:15-0500
rev5,100,100,"What policies and procedures should be developed to detect, prevent, and report counterfeit components within the system?",2,"How can we create effective policies and procedures to recognize, prevent, and document the presence of counterfeit parts in our system?",Qwen/Qwen2.5-7B-Instruct,"{""model_id"": ""Qwen/Qwen2.5-7B-Instruct"", ""temperature"": 0.5, ""top_p"": 0.9, ""max_new_tokens"": 80, ""n_rewrites"": 3, ""seed"": 42}",2026-02-09 20:54:15-0500
