framework_version,query_id,operator,operator_label,applicable,nonapplicable_reason,detected,error_tags,mutated_field,original_value,mutated_value,baseline_contract_sha256,mutated_contract_sha256,question
rev5,1,valid_active_id_swap,Valid active-revision ID swap,True,,True,SpanNotVerbatim,evidence_spans[0].source_id,ac-2_smt.h.1,ac-2_smt.h.2,02d17feb627624ab2d5e7224486e849cad999a4b88016b88add8e6b0cc289fe9,b5d9b76ffd1bb0af8df2aae5a28d8b08fec73f713ebb7eea820143121ba2fcdb,When must account managers and the designated personnel be notified about user account changes?
rev5,1,span_character_change,One-character span alteration,True,,True,SpanNotVerbatim,evidence_spans[0].span_text[3],i,j,02d17feb627624ab2d5e7224486e849cad999a4b88016b88add8e6b0cc289fe9,6926fa5d2776fa79a69f63516269c093f4127a8f1472940a260e2b79ccc9e496,When must account managers and the designated personnel be notified about user account changes?
rev5,1,rev4_only_id_in_rev5,Rev. 4-only ID in Rev. 5,True,,True,UnknownSourceId,evidence_spans[0].source_id,ac-2_smt.h.1,ac-1.a.1_obj,02d17feb627624ab2d5e7224486e849cad999a4b88016b88add8e6b0cc289fe9,cb0e28e5060bfe6b82263f5a629ecf574757d599f3184abe89ed9e81cfa7f0d3,When must account managers and the designated personnel be notified about user account changes?
rev5,1,drop_odp_entry,Remove one ODP-list entry,True,,False,,odp_required_list[3],ac-02_odp.08,<removed>,02d17feb627624ab2d5e7224486e849cad999a4b88016b88add8e6b0cc289fe9,8c40de40190bbfaabf9bff2e86b76a6d1ff8d4b581e3d36e04440ea86ae2e31d,When must account managers and the designated personnel be notified about user account changes?
rev5,1,flip_status,Status flip,True,,True,OKButUnresolvedODPPlaceholders,status,PARAMS_REQUIRED,OK,02d17feb627624ab2d5e7224486e849cad999a4b88016b88add8e6b0cc289fe9,de68f218828be6a349d38a47e72cd5d2dd1b463e899e546b60bf64b5fd00beb7,When must account managers and the designated personnel be notified about user account changes?
rev5,2,valid_active_id_swap,Valid active-revision ID swap,True,,True,SpanNotVerbatim,evidence_spans[0].source_id,ac-3_smt,ac-4.10_gdn,ad881d9c66a69d9311eaf174e7956b22f0232ed3e5c5bf6dd6bff5923c102edd,09a3ba6b2b30eca78b4d4da3ae59cb2887c26953f641985930958c109cf66505,What must an organization enforce regarding logical access to its information and systems?
rev5,2,span_character_change,One-character span alteration,True,,True,SpanNotVerbatim,evidence_spans[0].span_text[0],E,F,ad881d9c66a69d9311eaf174e7956b22f0232ed3e5c5bf6dd6bff5923c102edd,4e338395cb8ce3ffa18e33f9f9e9aff803e50dd182d6ac542a4f7e7b3190b7cc,What must an organization enforce regarding logical access to its information and systems?
rev5,2,rev4_only_id_in_rev5,Rev. 4-only ID in Rev. 5,True,,True,UnknownSourceId,evidence_spans[0].source_id,ac-3_smt,ac-1.a.1_obj.1,ad881d9c66a69d9311eaf174e7956b22f0232ed3e5c5bf6dd6bff5923c102edd,a981422049e032e5417a6cf4cc677166c51bbf9ee2e68e9bfead0e9be48900d2,What must an organization enforce regarding logical access to its information and systems?
rev5,2,drop_odp_entry,Remove one ODP-list entry,False,empty odp_required_list,False,,,,,ad881d9c66a69d9311eaf174e7956b22f0232ed3e5c5bf6dd6bff5923c102edd,,What must an organization enforce regarding logical access to its information and systems?
rev5,2,flip_status,Status flip,True,,True,ParamsRequiredButNoPlaceholders|ParamsRequiredButODPListEmpty,status,OK,PARAMS_REQUIRED,ad881d9c66a69d9311eaf174e7956b22f0232ed3e5c5bf6dd6bff5923c102edd,7b9f274af43457f4507545539ef15318b6e8fcb60e70eea78912bad50307d3c3,What must an organization enforce regarding logical access to its information and systems?
rev5,3,valid_active_id_swap,Valid active-revision ID swap,True,,True,SpanNotVerbatim,evidence_spans[0].source_id,ac-6_smt,ac-7.2_gdn,09f0bfa9e5d3c1daa35d185e20ffdee7d9f731ad3070ffa17c5cb948fd1d3850,a762ef80eff3089b69c77e0d7fb84776ddea42099c06680b105689ae2bf4387b,What principle should be employed to limit user and process access to the minimum necessary for assigned tasks?
rev5,3,span_character_change,One-character span alteration,True,,True,SpanNotVerbatim,evidence_spans[0].span_text[0],E,F,09f0bfa9e5d3c1daa35d185e20ffdee7d9f731ad3070ffa17c5cb948fd1d3850,8e2176d7d30f70aaa5d47ebf1ff0d5518c62ae3670908497c1c6e078b0201d59,What principle should be employed to limit user and process access to the minimum necessary for assigned tasks?
rev5,3,rev4_only_id_in_rev5,Rev. 4-only ID in Rev. 5,True,,True,UnknownSourceId,evidence_spans[0].source_id,ac-6_smt,ac-1.a.1_obj.1.a,09f0bfa9e5d3c1daa35d185e20ffdee7d9f731ad3070ffa17c5cb948fd1d3850,f25559abbc845c97f763550bba686324fc6e1c0d404420118f748e97717664f4,What principle should be employed to limit user and process access to the minimum necessary for assigned tasks?
rev5,3,drop_odp_entry,Remove one ODP-list entry,False,empty odp_required_list,False,,,,,09f0bfa9e5d3c1daa35d185e20ffdee7d9f731ad3070ffa17c5cb948fd1d3850,,What principle should be employed to limit user and process access to the minimum necessary for assigned tasks?
rev5,3,flip_status,Status flip,True,,True,ParamsRequiredButNoPlaceholders|ParamsRequiredButODPListEmpty,status,OK,PARAMS_REQUIRED,09f0bfa9e5d3c1daa35d185e20ffdee7d9f731ad3070ffa17c5cb948fd1d3850,e4599c2610011819a0e4ffc46bf2edf3e66e607eaf6c1ec879c624f356cf66e6,What principle should be employed to limit user and process access to the minimum necessary for assigned tasks?
rev5,4,valid_active_id_swap,Valid active-revision ID swap,True,,True,SpanNotVerbatim,evidence_spans[0].source_id,ac-7_smt,ac-7_smt.a,7d80d44d6721fa1db55200a4224d55f352d1b50e9403b020574246db6d0c47fa,969037c75105ae235929f2b5a955901603511ddb97e159a2c527feebc82c429a,How must a system be configured to handle consecutive invalid logon attempts?
rev5,4,span_character_change,One-character span alteration,True,,True,SpanNotVerbatim,evidence_spans[0].span_text[0],a,b,7d80d44d6721fa1db55200a4224d55f352d1b50e9403b020574246db6d0c47fa,dda08e12dd43440e0a6aa70a2f814e42b28ce24838e26da4cf8767034cb87556,How must a system be configured to handle consecutive invalid logon attempts?
rev5,4,rev4_only_id_in_rev5,Rev. 4-only ID in Rev. 5,True,,True,UnknownSourceId,evidence_spans[0].source_id,ac-7_smt,ac-1.a.1_obj.1.b,7d80d44d6721fa1db55200a4224d55f352d1b50e9403b020574246db6d0c47fa,3eac56dc25e3f7d18501cba4f45604a41cd808064d617bbb77bedc4387a50c0c,How must a system be configured to handle consecutive invalid logon attempts?
rev5,4,drop_odp_entry,Remove one ODP-list entry,True,,False,,odp_required_list[2],ac-07_odp.03,<removed>,7d80d44d6721fa1db55200a4224d55f352d1b50e9403b020574246db6d0c47fa,65ef993127deafe0fca21c2e422b496ffb20cf8dfac42e15936649f131c484de,How must a system be configured to handle consecutive invalid logon attempts?
rev5,4,flip_status,Status flip,True,,True,OKButUnresolvedODPPlaceholders,status,PARAMS_REQUIRED,OK,7d80d44d6721fa1db55200a4224d55f352d1b50e9403b020574246db6d0c47fa,de55d11983eb19fdea48aaca2f63963791e4352a0b9fb86520bba97b4c83a356,How must a system be configured to handle consecutive invalid logon attempts?
rev5,5,valid_active_id_swap,Valid active-revision ID swap,True,,True,SpanNotVerbatim,evidence_spans[0].source_id,ac-11_smt.a,ac-11_smt.b,4751b57778125ca7aefebcb5e635b13ec6c6c505c08300a3b045f75f1d32719b,ed724d7e199f431f485eeeb9b5d9ad7c420d1dcae497e3de48959a1f01b5a186,What actions must a system take to lock a session and what is required for a user to re-establish access?
rev5,5,span_character_change,One-character span alteration,True,,True,SpanNotVerbatim,evidence_spans[0].span_text[0],P,Q,4751b57778125ca7aefebcb5e635b13ec6c6c505c08300a3b045f75f1d32719b,58e9844e120545486bd48e37364eb2465a0331b45ba868c3b234aa6f1e6fcbbb,What actions must a system take to lock a session and what is required for a user to re-establish access?
rev5,5,rev4_only_id_in_rev5,Rev. 4-only ID in Rev. 5,True,,True,UnknownSourceId,evidence_spans[0].source_id,ac-11_smt.a,ac-1.a.1_obj.1.c,4751b57778125ca7aefebcb5e635b13ec6c6c505c08300a3b045f75f1d32719b,86478d238b5faf2c71a2e10fa95730b790cc5eee9094c4a177fa47b91d9354d3,What actions must a system take to lock a session and what is required for a user to re-establish access?
rev5,5,drop_odp_entry,Remove one ODP-list entry,True,,True,ParamsRequiredButODPListEmpty,odp_required_list[0],ac-11_odp.01,<removed>,4751b57778125ca7aefebcb5e635b13ec6c6c505c08300a3b045f75f1d32719b,c5597c515e889a4d38f2d02ed1af4bd78e039b9c0a69e1d44947c06c316815cb,What actions must a system take to lock a session and what is required for a user to re-establish access?
rev5,5,flip_status,Status flip,True,,True,OKButUnresolvedODPPlaceholders,status,PARAMS_REQUIRED,OK,4751b57778125ca7aefebcb5e635b13ec6c6c505c08300a3b045f75f1d32719b,feab8fdbe6cbbbe073efc99c0fe267218b69aaadc68328977563b7ac26a7f8da,What actions must a system take to lock a session and what is required for a user to re-establish access?
rev5,6,valid_active_id_swap,Valid active-revision ID swap,True,,True,SpanNotVerbatim,evidence_spans[0].source_id,at-2_smt,at-2_smt.a,6e54de225b9dfa4b163db5311c5f2f598c37ee750e203bacaafb5602aa490eac,6029b37cc00c47bd56c29ae77bfbb1a266827403ac6dea7f212c2dcc0929db92,"What are the requirements for security and privacy literacy training, including its frequency, triggers for updates, and content sources?"
rev5,6,span_character_change,One-character span alteration,True,,True,SpanNotVerbatim,evidence_spans[0].span_text[0],a,b,6e54de225b9dfa4b163db5311c5f2f598c37ee750e203bacaafb5602aa490eac,556ff3a2f9deebe2a01c8976278604ce8a59155134d0d4ecfafc960b284f374c,"What are the requirements for security and privacy literacy training, including its frequency, triggers for updates, and content sources?"
rev5,6,rev4_only_id_in_rev5,Rev. 4-only ID in Rev. 5,True,,True,UnknownSourceId,evidence_spans[0].source_id,at-2_smt,ac-1.a.1_obj.1.d,6e54de225b9dfa4b163db5311c5f2f598c37ee750e203bacaafb5602aa490eac,050e0b7663c8281ed55b59b07921f58ab050a8afd3520ccd0e65821892b81656,"What are the requirements for security and privacy literacy training, including its frequency, triggers for updates, and content sources?"
rev5,6,drop_odp_entry,Remove one ODP-list entry,True,,False,,odp_required_list[4],at-2_prm_2,<removed>,6e54de225b9dfa4b163db5311c5f2f598c37ee750e203bacaafb5602aa490eac,b655b34e010c96fb51bd4ddc414993b005fcdc799091a8b169d3e24e3efd28da,"What are the requirements for security and privacy literacy training, including its frequency, triggers for updates, and content sources?"
rev5,6,flip_status,Status flip,True,,True,OKButUnresolvedODPPlaceholders,status,PARAMS_REQUIRED,OK,6e54de225b9dfa4b163db5311c5f2f598c37ee750e203bacaafb5602aa490eac,da2492584e5dec5b1fecc35339fa5a553233928442b228b809ccf3fcd979694d,"What are the requirements for security and privacy literacy training, including its frequency, triggers for updates, and content sources?"
rev5,7,valid_active_id_swap,Valid active-revision ID swap,True,,True,SpanNotVerbatim,evidence_spans[0].source_id,at-2_smt.a.1,at-2_smt.a.2,b0d1f7cb1c7205719abb32c5a7d10eea6308e5c98d68bee8d529b11b6f4bf46f,f228b1a1038b0d1e6a5d0235f6b8fd339c5805ddc8f64d47ea1f7cfb24249e94,Organizations should determine the content of training based on what?
rev5,7,span_character_change,One-character span alteration,True,,True,SpanNotVerbatim,evidence_spans[0].span_text[0],A,B,b0d1f7cb1c7205719abb32c5a7d10eea6308e5c98d68bee8d529b11b6f4bf46f,9d83d47a5046cc5a35853fa0b41c24493497921d05fe6de8232244d76bbb0007,Organizations should determine the content of training based on what?
rev5,7,rev4_only_id_in_rev5,Rev. 4-only ID in Rev. 5,True,,True,UnknownSourceId,evidence_spans[0].source_id,at-2_smt.a.1,ac-1.a.1_obj.1.e,b0d1f7cb1c7205719abb32c5a7d10eea6308e5c98d68bee8d529b11b6f4bf46f,2a3989cf5170d186de8efeb172298c84b70013f54fa41da455b873c0f5853a9a,Organizations should determine the content of training based on what?
rev5,7,drop_odp_entry,Remove one ODP-list entry,True,,False,,odp_required_list[4],at-2_prm_2,<removed>,b0d1f7cb1c7205719abb32c5a7d10eea6308e5c98d68bee8d529b11b6f4bf46f,1d7b4482233e7ab6597b47f41200db223bcfd6e50e56093a9789e7b8118a2062,Organizations should determine the content of training based on what?
rev5,7,flip_status,Status flip,True,,True,OKButUnresolvedODPPlaceholders,status,PARAMS_REQUIRED,OK,b0d1f7cb1c7205719abb32c5a7d10eea6308e5c98d68bee8d529b11b6f4bf46f,f3aec34ee1e1fd9b17707ff9a7926491f94b603b90892dac569c8f1179b55446,Organizations should determine the content of training based on what?
rev5,8,valid_active_id_swap,Valid active-revision ID swap,True,,True,SpanNotVerbatim,evidence_spans[0].source_id,at-4_smt,at-4_smt.a,3f2b5241d55883cb5a224660ba65ec6d6735348a4006bc87b8e98fa243e9b409,a6e4cbc14597c06ede6de5843985a3a8dbda9c5c0960672328ecb6a271357069,"How must an organization document, monitor, and retain records of its security and privacy training activities?"
rev5,8,span_character_change,One-character span alteration,True,,True,SpanNotVerbatim,evidence_spans[0].span_text[0],a,b,3f2b5241d55883cb5a224660ba65ec6d6735348a4006bc87b8e98fa243e9b409,6c94322b73f98eb1338256c7c750850b1ffd18dd13b58c3a780b042f8ece7b0b,"How must an organization document, monitor, and retain records of its security and privacy training activities?"
rev5,8,rev4_only_id_in_rev5,Rev. 4-only ID in Rev. 5,True,,True,UnknownSourceId,evidence_spans[0].source_id,at-4_smt,ac-1.a.1_obj.1.f,3f2b5241d55883cb5a224660ba65ec6d6735348a4006bc87b8e98fa243e9b409,73915a9f8364fcfb23f8265b821b1a38c5605603dfe1be23fd0c097bdab666e8,"How must an organization document, monitor, and retain records of its security and privacy training activities?"
rev5,8,drop_odp_entry,Remove one ODP-list entry,True,,True,ParamsRequiredButODPListEmpty,odp_required_list[0],at-04_odp,<removed>,3f2b5241d55883cb5a224660ba65ec6d6735348a4006bc87b8e98fa243e9b409,a27026b8e34029f11e24dd78da72542f28218543d5f221322645c213f771caf7,"How must an organization document, monitor, and retain records of its security and privacy training activities?"
rev5,8,flip_status,Status flip,True,,True,OKButUnresolvedODPPlaceholders,status,PARAMS_REQUIRED,OK,3f2b5241d55883cb5a224660ba65ec6d6735348a4006bc87b8e98fa243e9b409,3fa28ebc66c72cd9f8d519bf1098a44262666df10c2cb3bd373773a1b66a1021,"How must an organization document, monitor, and retain records of its security and privacy training activities?"
rev5,9,valid_active_id_swap,Valid active-revision ID swap,True,,True,SpanNotVerbatim,evidence_spans[0].source_id,at-2_smt.a.1,at-2_smt.a.2,e2e321d1b611fe9dd8abbcf2b796398017c04621f1381773f0ef6d7a8839b6f6,19c922101cd4a3a561aca981744d88796624ce22067642b8ac22dcd276f44107,What type of activity should be included in literacy training to simulate real-world incidents?
rev5,9,span_character_change,One-character span alteration,True,,True,SpanNotVerbatim,evidence_spans[0].span_text[0],A,B,e2e321d1b611fe9dd8abbcf2b796398017c04621f1381773f0ef6d7a8839b6f6,f27cc565881d06cd3233a7211c9e83b8f799d73012e1d0978c828ba5fd0ace33,What type of activity should be included in literacy training to simulate real-world incidents?
rev5,9,rev4_only_id_in_rev5,Rev. 4-only ID in Rev. 5,True,,True,UnknownSourceId,evidence_spans[0].source_id,at-2_smt.a.1,ac-1.a.1_obj.1.g,e2e321d1b611fe9dd8abbcf2b796398017c04621f1381773f0ef6d7a8839b6f6,0dcfac027ef8cea7b6b240ce4723b4e868de0cf8d11ddf20c804b2f2285e1061,What type of activity should be included in literacy training to simulate real-world incidents?
rev5,9,drop_odp_entry,Remove one ODP-list entry,True,,False,,odp_required_list[4],at-2_prm_2,<removed>,e2e321d1b611fe9dd8abbcf2b796398017c04621f1381773f0ef6d7a8839b6f6,16616430bfabd738fb5f033baef1467233a5c7be9ad4656975b9c7bfbfe61918,What type of activity should be included in literacy training to simulate real-world incidents?
rev5,9,flip_status,Status flip,True,,True,OKButUnresolvedODPPlaceholders,status,PARAMS_REQUIRED,OK,e2e321d1b611fe9dd8abbcf2b796398017c04621f1381773f0ef6d7a8839b6f6,9c581a01626b6f285e9a507862ba560bb134d92679a71d9aa3e2b8bd30e9ba7b,What type of activity should be included in literacy training to simulate real-world incidents?
rev5,10,valid_active_id_swap,Valid active-revision ID swap,True,,True,SpanNotVerbatim,evidence_spans[0].source_id,at-3_smt.a,at-3_smt.a.1,d9ac0a988ea045dd5b71833e594321eaea7df55ffd2649f2664962dad5a0b361,d9004d981cd67558ee1d2293af508da451f36f7fc513a2f64f41e500a09b9688,What method does AT-3(3) specify for reinforcing objectives in role-based security training?
rev5,10,span_character_change,One-character span alteration,True,,True,SpanNotVerbatim,evidence_spans[0].span_text[0],P,Q,d9ac0a988ea045dd5b71833e594321eaea7df55ffd2649f2664962dad5a0b361,d359af8920265a5f5dc150dd241ee003f9bb0983d1f19a49095dd2ff30a6c684,What method does AT-3(3) specify for reinforcing objectives in role-based security training?
rev5,10,rev4_only_id_in_rev5,Rev. 4-only ID in Rev. 5,True,,True,UnknownSourceId,evidence_spans[0].source_id,at-3_smt.a,ac-1.a.1_obj.2,d9ac0a988ea045dd5b71833e594321eaea7df55ffd2649f2664962dad5a0b361,0db65485a367cec99b9addc8d0afedffaf45b5829ddf0a0bd27708e5fc5bb02d,What method does AT-3(3) specify for reinforcing objectives in role-based security training?
rev5,10,drop_odp_entry,Remove one ODP-list entry,True,,False,,odp_required_list[3],at-3_prm_1,<removed>,d9ac0a988ea045dd5b71833e594321eaea7df55ffd2649f2664962dad5a0b361,840a11ca678c5bb1568a39c838eeba80019c8fb636eaa44490a6ab94ac862eda,What method does AT-3(3) specify for reinforcing objectives in role-based security training?
rev5,10,flip_status,Status flip,True,,True,OKButUnresolvedODPPlaceholders,status,PARAMS_REQUIRED,OK,d9ac0a988ea045dd5b71833e594321eaea7df55ffd2649f2664962dad5a0b361,abd985fe0d170b077009dccfc6c428024a9310a3232d7fc57e1262d3d6e6104d,What method does AT-3(3) specify for reinforcing objectives in role-based security training?
rev5,11,valid_active_id_swap,Valid active-revision ID swap,True,,True,SpanNotVerbatim,evidence_spans[0].source_id,au-2_smt,au-2_smt.a,319d4dec6bb5732bd512d7ebe94c52b9ccb41a845ee1a1782bcdebc472d3108a,c650dd9caf28c7bb538145efdcc5498f5bcdcf7e59f1712adcca54256d8f8858,"What are the organizational responsibilities for defining, justifying, and maintaining the types of events to be logged by a system?"
rev5,11,span_character_change,One-character span alteration,True,,True,SpanNotVerbatim,evidence_spans[0].span_text[0],a,b,319d4dec6bb5732bd512d7ebe94c52b9ccb41a845ee1a1782bcdebc472d3108a,fcb7247d8f2a789a3b2a08528ef76f9d9bae66bf325e18aec11a03c28efb6b1b,"What are the organizational responsibilities for defining, justifying, and maintaining the types of events to be logged by a system?"
rev5,11,rev4_only_id_in_rev5,Rev. 4-only ID in Rev. 5,True,,True,UnknownSourceId,evidence_spans[0].source_id,au-2_smt,ac-1.a.1_obj.3,319d4dec6bb5732bd512d7ebe94c52b9ccb41a845ee1a1782bcdebc472d3108a,bf99a6d6af11fcb082002ba53a4275a422dfd12f42c7100a6d690a2a9870152c,"What are the organizational responsibilities for defining, justifying, and maintaining the types of events to be logged by a system?"
rev5,11,drop_odp_entry,Remove one ODP-list entry,True,,False,,odp_required_list[2],au-2_prm_2,<removed>,319d4dec6bb5732bd512d7ebe94c52b9ccb41a845ee1a1782bcdebc472d3108a,031e2482629e36fdd2b3ced83d07badb83b66c4ae36d5337f28caf2ad182a515,"What are the organizational responsibilities for defining, justifying, and maintaining the types of events to be logged by a system?"
rev5,11,flip_status,Status flip,True,,True,OKButUnresolvedODPPlaceholders,status,PARAMS_REQUIRED,OK,319d4dec6bb5732bd512d7ebe94c52b9ccb41a845ee1a1782bcdebc472d3108a,60b7fb819a604980787bde671f6386fa913f481c746975fa1be24de957766b5a,"What are the organizational responsibilities for defining, justifying, and maintaining the types of events to be logged by a system?"
rev5,12,valid_active_id_swap,Valid active-revision ID swap,True,,True,SpanNotVerbatim,evidence_spans[0].source_id,au-3_smt,au-3_smt.a,a1d79669b22789a936cb50cbefe5f0d437d880b190bd142f58b730d03101a65b,e3028d5ec4984a577f8da03db030d1c764eadfeddf02ba401d44eeffc9303d56,What information must each audit record contain to support after-the-fact investigation of security incidents?
rev5,12,span_character_change,One-character span alteration,True,,True,SpanNotVerbatim,evidence_spans[0].span_text[0],E,F,a1d79669b22789a936cb50cbefe5f0d437d880b190bd142f58b730d03101a65b,5fedb2e8b4bbaa11e9d7519695c698ebc13eafbdd64eddfd96509b22855d1e6a,What information must each audit record contain to support after-the-fact investigation of security incidents?
rev5,12,rev4_only_id_in_rev5,Rev. 4-only ID in Rev. 5,True,,True,UnknownSourceId,evidence_spans[0].source_id,au-3_smt,ac-1.a.2_obj,a1d79669b22789a936cb50cbefe5f0d437d880b190bd142f58b730d03101a65b,28dc88f38fdeadfaf74d4e9bfe8e14d71965b3b597f3f3b9aafc45bf07dba0bd,What information must each audit record contain to support after-the-fact investigation of security incidents?
rev5,12,drop_odp_entry,Remove one ODP-list entry,False,empty odp_required_list,False,,,,,a1d79669b22789a936cb50cbefe5f0d437d880b190bd142f58b730d03101a65b,,What information must each audit record contain to support after-the-fact investigation of security incidents?
rev5,12,flip_status,Status flip,True,,True,ParamsRequiredButNoPlaceholders|ParamsRequiredButODPListEmpty,status,OK,PARAMS_REQUIRED,a1d79669b22789a936cb50cbefe5f0d437d880b190bd142f58b730d03101a65b,25514d9d8c6bf9daeb3964bf804ca84bbead54c98d76a27daa8015ef9b66f1b2,What information must each audit record contain to support after-the-fact investigation of security incidents?
rev5,13,valid_active_id_swap,Valid active-revision ID swap,True,,True,SpanNotVerbatim,evidence_spans[0].source_id,au-4_smt,au-5.1_gdn,9cb228126ffaacfc333753e6009cbd84897b444f8fff90d97b6b0b3b06ebd25e,dffa9951e9adc9ed2023a4bfcbffe32165021b42651bd4c083ed80b22e857c37,What factors must an organization consider when allocating audit log storage capacity to prevent the loss of audit data?
rev5,13,span_character_change,One-character span alteration,True,,True,SpanNotVerbatim,evidence_spans[0].span_text[0],A,B,9cb228126ffaacfc333753e6009cbd84897b444f8fff90d97b6b0b3b06ebd25e,44afdd71f860d2c83f74cd6a3f41ce0b3e46a2f880042c1fd36a13cce1c01bc9,What factors must an organization consider when allocating audit log storage capacity to prevent the loss of audit data?
rev5,13,rev4_only_id_in_rev5,Rev. 4-only ID in Rev. 5,True,,True,UnknownSourceId,evidence_spans[0].source_id,au-4_smt,ac-1.a.2_obj.1,9cb228126ffaacfc333753e6009cbd84897b444f8fff90d97b6b0b3b06ebd25e,98d1ba39b2f3542b85e3ebb89e3210c653838481af0ed287ade1698db3ba1d1c,What factors must an organization consider when allocating audit log storage capacity to prevent the loss of audit data?
rev5,13,drop_odp_entry,Remove one ODP-list entry,True,,True,ParamsRequiredButODPListEmpty,odp_required_list[0],au-04_odp,<removed>,9cb228126ffaacfc333753e6009cbd84897b444f8fff90d97b6b0b3b06ebd25e,b46fcca7fd3ef98bac56b5ecb6cb9e671b0b6f7de82a2899e50a7b899887ae5e,What factors must an organization consider when allocating audit log storage capacity to prevent the loss of audit data?
rev5,13,flip_status,Status flip,True,,True,OKButUnresolvedODPPlaceholders,status,PARAMS_REQUIRED,OK,9cb228126ffaacfc333753e6009cbd84897b444f8fff90d97b6b0b3b06ebd25e,f0013e6e996e44edd493995d33e2f1a91867755a5982450b7aea4cc26b663813,What factors must an organization consider when allocating audit log storage capacity to prevent the loss of audit data?
rev5,14,valid_active_id_swap,Valid active-revision ID swap,True,,True,SpanNotVerbatim,evidence_spans[0].source_id,au-6_smt.a,au-6_smt.b,26d3113f3d3bd4c80e4ff537381b04dd1df8609a669a75ba5197a7453dcf0365,7bcb0ef38361da3e0ef0a8e4b735908dc93a24a1ad4d7e906a7c993d07a76c2c,"What is the required process for reviewing system audit records, and what actions should be taken based on the findings?"
rev5,14,span_character_change,One-character span alteration,True,,True,SpanNotVerbatim,evidence_spans[0].span_text[0],R,S,26d3113f3d3bd4c80e4ff537381b04dd1df8609a669a75ba5197a7453dcf0365,18c57871f3f1f6ea44a38d10f04ef80a396de20e458f5f8f09abb897ae3bafa9,"What is the required process for reviewing system audit records, and what actions should be taken based on the findings?"
rev5,14,rev4_only_id_in_rev5,Rev. 4-only ID in Rev. 5,True,,True,UnknownSourceId,evidence_spans[0].source_id,au-6_smt.a,ac-1.a.2_obj.2,26d3113f3d3bd4c80e4ff537381b04dd1df8609a669a75ba5197a7453dcf0365,0f38f4fbabda76179f222ef63def280071534e68bc9261047a43ff7e4feff8c2,"What is the required process for reviewing system audit records, and what actions should be taken based on the findings?"
rev5,14,drop_odp_entry,Remove one ODP-list entry,True,,False,,odp_required_list[2],au-06_odp.03,<removed>,26d3113f3d3bd4c80e4ff537381b04dd1df8609a669a75ba5197a7453dcf0365,465f19ed9ee6ac153d392ca472c2251271c349af9178dc93b2da076a94423689,"What is the required process for reviewing system audit records, and what actions should be taken based on the findings?"
rev5,14,flip_status,Status flip,True,,True,OKButUnresolvedODPPlaceholders,status,PARAMS_REQUIRED,OK,26d3113f3d3bd4c80e4ff537381b04dd1df8609a669a75ba5197a7453dcf0365,4917c8adaf2723f7dd8d7a261b6cb5e2e650a3a3ae7d70bf4a7228c30f7d0d87,"What is the required process for reviewing system audit records, and what actions should be taken based on the findings?"
rev5,15,valid_active_id_swap,Valid active-revision ID swap,True,,True,SpanNotVerbatim,evidence_spans[0].source_id,au-8_smt.a,au-8_smt.b,4d4db0b2b9d97e470c8b0d223a73ec8beb4021199aa18e8c9dc45b28e32c856c,96e91ccadb65acb436b9c5c06a306cb85e04b160c9b51a8dd6923ec1ffee9684,What are the requirements for generating and recording time stamps in audit records to ensure accuracy?
rev5,15,span_character_change,One-character span alteration,True,,True,SpanNotVerbatim,evidence_spans[0].span_text[0],U,V,4d4db0b2b9d97e470c8b0d223a73ec8beb4021199aa18e8c9dc45b28e32c856c,5c414c1d8fc22a9188dd92821495efbb03836d1c37a741c8c84d8f3d6bc45217,What are the requirements for generating and recording time stamps in audit records to ensure accuracy?
rev5,15,rev4_only_id_in_rev5,Rev. 4-only ID in Rev. 5,True,,True,UnknownSourceId,evidence_spans[0].source_id,au-8_smt.a,ac-1.a.2_obj.3,4d4db0b2b9d97e470c8b0d223a73ec8beb4021199aa18e8c9dc45b28e32c856c,3837ec3b00ef38c87d77898a1ad817c7cfe082b6e29b080f9df8e58e0af282ed,What are the requirements for generating and recording time stamps in audit records to ensure accuracy?
rev5,15,drop_odp_entry,Remove one ODP-list entry,True,,True,ParamsRequiredButODPListEmpty,odp_required_list[0],au-08_odp,<removed>,4d4db0b2b9d97e470c8b0d223a73ec8beb4021199aa18e8c9dc45b28e32c856c,5d9e90b9d7638bebde9c173608a0bb6b06d8106b5d0357df8c07013d55aed973,What are the requirements for generating and recording time stamps in audit records to ensure accuracy?
rev5,15,flip_status,Status flip,True,,True,OKButUnresolvedODPPlaceholders,status,PARAMS_REQUIRED,OK,4d4db0b2b9d97e470c8b0d223a73ec8beb4021199aa18e8c9dc45b28e32c856c,c170d8e481bb5c96a741f124d692f00deee33fcc2dcaf02e13ff93bc64cf51fa,What are the requirements for generating and recording time stamps in audit records to ensure accuracy?
rev5,16,valid_active_id_swap,Valid active-revision ID swap,True,,True,SpanNotVerbatim,evidence_spans[0].source_id,ca-2_smt,ca-2_smt.a,aeccf6165eebdbbcfdf1559162bbf28657473aa9103f18097a8d14b97eec0e87,9c3d73e782af7db2c946fcfbcb4d888a24e31ae2d29e3ce86a776b464934c7d6,"Describe the key steps of the formal control assessment process, from planning to reporting."
rev5,16,span_character_change,One-character span alteration,True,,True,SpanNotVerbatim,evidence_spans[0].span_text[0],a,b,aeccf6165eebdbbcfdf1559162bbf28657473aa9103f18097a8d14b97eec0e87,c8bf2f687c2d2343f17eda63b0f779c3f48a0f96b48e264ba21194737b564ad5,"Describe the key steps of the formal control assessment process, from planning to reporting."
rev5,16,rev4_only_id_in_rev5,Rev. 4-only ID in Rev. 5,True,,True,UnknownSourceId,evidence_spans[0].source_id,ca-2_smt,ac-1.a_obj,aeccf6165eebdbbcfdf1559162bbf28657473aa9103f18097a8d14b97eec0e87,ac5988d85af3937c0fb213beed15aa7da351af637d1a196e0881cb8155083b2e,"Describe the key steps of the formal control assessment process, from planning to reporting."
rev5,16,drop_odp_entry,Remove one ODP-list entry,True,,False,,odp_required_list[1],ca-02_odp.02,<removed>,aeccf6165eebdbbcfdf1559162bbf28657473aa9103f18097a8d14b97eec0e87,62f36b714119cba9cb63ca77699a69111087e1a0990a46d6c7ba105c4864fc05,"Describe the key steps of the formal control assessment process, from planning to reporting."
rev5,16,flip_status,Status flip,True,,True,OKButUnresolvedODPPlaceholders,status,PARAMS_REQUIRED,OK,aeccf6165eebdbbcfdf1559162bbf28657473aa9103f18097a8d14b97eec0e87,1ed56e282c8df6e7a8973b65d9980566415565e089c82c69598c372e6d726d7d,"Describe the key steps of the formal control assessment process, from planning to reporting."
rev5,17,valid_active_id_swap,Valid active-revision ID swap,True,,True,SpanNotVerbatim,evidence_spans[0].source_id,ca-3_smt,ca-3_smt.a,3db65d5bdf8e37d3a86c425c73c9b2cc8dad2fbc5dbef658231a2c91267887cb,afc9013c536b40e3f1669190cbad23036b80367ce9d353aaa6a35d7dcf1ddbbd,"What are the requirements for managing and securing information exchanges between systems, including the associated agreements?"
rev5,17,span_character_change,One-character span alteration,True,,True,SpanNotVerbatim,evidence_spans[0].span_text[0],a,b,3db65d5bdf8e37d3a86c425c73c9b2cc8dad2fbc5dbef658231a2c91267887cb,29ce1a5f1465f108a6780c67a984f0a7e0222fbaf33138102042d02e26949fe3,"What are the requirements for managing and securing information exchanges between systems, including the associated agreements?"
rev5,17,rev4_only_id_in_rev5,Rev. 4-only ID in Rev. 5,True,,True,UnknownSourceId,evidence_spans[0].source_id,ca-3_smt,ac-1.b.1_obj,3db65d5bdf8e37d3a86c425c73c9b2cc8dad2fbc5dbef658231a2c91267887cb,f25b21ca3e466175b8762e1017b60869bfee47b0b1a20149bfae44530d46d652,"What are the requirements for managing and securing information exchanges between systems, including the associated agreements?"
rev5,17,drop_odp_entry,Remove one ODP-list entry,True,,False,,odp_required_list[1],ca-03_odp.03,<removed>,3db65d5bdf8e37d3a86c425c73c9b2cc8dad2fbc5dbef658231a2c91267887cb,d15a0563bc8784a055d0187e75c899a4510a65b90cceea5e32d2f9f19501ee66,"What are the requirements for managing and securing information exchanges between systems, including the associated agreements?"
rev5,17,flip_status,Status flip,True,,True,OKButUnresolvedODPPlaceholders,status,PARAMS_REQUIRED,OK,3db65d5bdf8e37d3a86c425c73c9b2cc8dad2fbc5dbef658231a2c91267887cb,0b777b03fb01bb7a1339cf0f293959ef8660f11c591a3054ea70a54375ef5ee9,"What are the requirements for managing and securing information exchanges between systems, including the associated agreements?"
rev5,18,valid_active_id_swap,Valid active-revision ID swap,True,,True,SpanNotVerbatim,evidence_spans[0].source_id,ca-5_smt.b,ca-6.1_gdn,e4238dbcf8eda817dbaab18423837c20fd1e673c8430a9160bcdbce9caf1213b,55a776dab24398fd1f68f36ac0ae9349f85c6bb870c7e99ba7c8db712f0e01a8,What is the purpose of a plan of action and milestones in addressing identified control weaknesses?
rev5,18,span_character_change,One-character span alteration,True,,True,SpanNotVerbatim,evidence_spans[0].span_text[0],U,V,e4238dbcf8eda817dbaab18423837c20fd1e673c8430a9160bcdbce9caf1213b,99bf5925fda2605b5197c55b0703f36769ede5bc03edb33617a1e89e274e3eeb,What is the purpose of a plan of action and milestones in addressing identified control weaknesses?
rev5,18,rev4_only_id_in_rev5,Rev. 4-only ID in Rev. 5,True,,True,UnknownSourceId,evidence_spans[0].source_id,ca-5_smt.b,ac-1.b.1_obj.1,e4238dbcf8eda817dbaab18423837c20fd1e673c8430a9160bcdbce9caf1213b,408d68afa7b6b8a97266ccb8f7debc0bc269328b943a1978e424784791ad936e,What is the purpose of a plan of action and milestones in addressing identified control weaknesses?
rev5,18,drop_odp_entry,Remove one ODP-list entry,True,,True,ParamsRequiredButODPListEmpty,odp_required_list[0],ca-05_odp,<removed>,e4238dbcf8eda817dbaab18423837c20fd1e673c8430a9160bcdbce9caf1213b,0b3551da2840da79e0fc840a5636c2588f5f034e7ebf9cb7234cd311d0b3da4e,What is the purpose of a plan of action and milestones in addressing identified control weaknesses?
rev5,18,flip_status,Status flip,True,,True,OKButUnresolvedODPPlaceholders,status,PARAMS_REQUIRED,OK,e4238dbcf8eda817dbaab18423837c20fd1e673c8430a9160bcdbce9caf1213b,005bce44716369fbe6bf17242657a32e7d9c2691230d5a614bef1eace06773eb,What is the purpose of a plan of action and milestones in addressing identified control weaknesses?
rev5,19,valid_active_id_swap,Valid active-revision ID swap,True,,True,SpanNotVerbatim,evidence_spans[0].source_id,ca-6_smt.e,ca-7.1_gdn,16b3d77a5e41d7692553164f578a7d09b19c11ff353abe128938c8f29612b0b0,a0b84b9796ad03b5df3d4fff13102117c760e0d02e539ae2c4d9986a4eaeaf9f,What are the primary responsibilities of an authorizing official regarding system authorization?
rev5,19,span_character_change,One-character span alteration,True,,True,SpanNotVerbatim,evidence_spans[0].span_text[0],U,V,16b3d77a5e41d7692553164f578a7d09b19c11ff353abe128938c8f29612b0b0,5a927e5582b3a939b2514be3d8f054a64ef5881f3f3ff52b22a0de816c0a633b,What are the primary responsibilities of an authorizing official regarding system authorization?
rev5,19,rev4_only_id_in_rev5,Rev. 4-only ID in Rev. 5,True,,True,UnknownSourceId,evidence_spans[0].source_id,ca-6_smt.e,ac-1.b.1_obj.2,16b3d77a5e41d7692553164f578a7d09b19c11ff353abe128938c8f29612b0b0,edbf39b697aca625497dd53c34ab0e38aa239da0c64181e839ccdb8b8815ac4e,What are the primary responsibilities of an authorizing official regarding system authorization?
rev5,19,drop_odp_entry,Remove one ODP-list entry,True,,True,ParamsRequiredButODPListEmpty,odp_required_list[0],ca-06_odp,<removed>,16b3d77a5e41d7692553164f578a7d09b19c11ff353abe128938c8f29612b0b0,1f9b71d404ba312adab8079ce77b399f13b5c6a7ba57ffce3bf0baa116710f67,What are the primary responsibilities of an authorizing official regarding system authorization?
rev5,19,flip_status,Status flip,True,,True,OKButUnresolvedODPPlaceholders,status,PARAMS_REQUIRED,OK,16b3d77a5e41d7692553164f578a7d09b19c11ff353abe128938c8f29612b0b0,d4053252ab702995a0fa518e2bc956f6798ba3383f4ec7983258853ff9f004ac,What are the primary responsibilities of an authorizing official regarding system authorization?
rev5,20,valid_active_id_swap,Valid active-revision ID swap,True,,True,SpanNotVerbatim,evidence_spans[0].source_id,ca-7_smt,ca-7_smt.a,cdd9e5c270c05960207cb71bd94a8fafd0149f1b701b7f9ad8367fe0402f9144,bb8fb441340c81d80005d400e59eb13e00bcab7752a61a9b215403cf537f350e,What are the requirements for implementing a system-level continuous monitoring strategy?
rev5,20,span_character_change,One-character span alteration,True,,True,SpanNotVerbatim,evidence_spans[0].span_text[0],D,E,cdd9e5c270c05960207cb71bd94a8fafd0149f1b701b7f9ad8367fe0402f9144,e448633c5e656d235a40c7c74ce73e8fe06f1c89dec98a24a04448977573ca7b,What are the requirements for implementing a system-level continuous monitoring strategy?
rev5,20,rev4_only_id_in_rev5,Rev. 4-only ID in Rev. 5,True,,True,UnknownSourceId,evidence_spans[0].source_id,ca-7_smt,ac-1.b.2_obj,cdd9e5c270c05960207cb71bd94a8fafd0149f1b701b7f9ad8367fe0402f9144,f2b8eb5f76116d1049d79b6b3fdca006b9243d9579c5a90cba6a80c1c0b00283,What are the requirements for implementing a system-level continuous monitoring strategy?
rev5,20,drop_odp_entry,Remove one ODP-list entry,True,,False,,odp_required_list[4],ca-7_prm_5,<removed>,cdd9e5c270c05960207cb71bd94a8fafd0149f1b701b7f9ad8367fe0402f9144,b075d9d58126e76a64d5706e2ec51de98939cb848d339caf17bee78358d10ad1,What are the requirements for implementing a system-level continuous monitoring strategy?
rev5,20,flip_status,Status flip,True,,True,OKButUnresolvedODPPlaceholders,status,PARAMS_REQUIRED,OK,cdd9e5c270c05960207cb71bd94a8fafd0149f1b701b7f9ad8367fe0402f9144,bc7ccd5d28b8e687e18e74b1846d839498c3e0d3ce9e38522e7cb0f48f7c617c,What are the requirements for implementing a system-level continuous monitoring strategy?
rev5,21,valid_active_id_swap,Valid active-revision ID swap,True,,True,SpanNotVerbatim,evidence_spans[0].source_id,cm-2_smt,cm-2_smt.a,54bf66a7450247b805344499a91a434ab1a056bfc4eecdabd599664f3d57bf9d,095e6a7812defad2f7061595773e7240ac30f4a9fedb379eb623b574967a567f,What are the lifecycle requirements for system baseline configurations?
rev5,21,span_character_change,One-character span alteration,True,,True,SpanNotVerbatim,evidence_spans[0].span_text[0],a,b,54bf66a7450247b805344499a91a434ab1a056bfc4eecdabd599664f3d57bf9d,51bb174d21175aa8d8d8f3ee0a24fa48ac7ab9e6e8c2467795a868d8b7763d54,What are the lifecycle requirements for system baseline configurations?
rev5,21,rev4_only_id_in_rev5,Rev. 4-only ID in Rev. 5,True,,True,UnknownSourceId,evidence_spans[0].source_id,cm-2_smt,ac-1.b.2_obj.1,54bf66a7450247b805344499a91a434ab1a056bfc4eecdabd599664f3d57bf9d,82d3c0913a7f8ada43202575c9abf47a2220231cc5f1b37d22fc359ecb45eb42,What are the lifecycle requirements for system baseline configurations?
rev5,21,drop_odp_entry,Remove one ODP-list entry,True,,False,,odp_required_list[1],cm-02_odp.02,<removed>,54bf66a7450247b805344499a91a434ab1a056bfc4eecdabd599664f3d57bf9d,8f993c18967b0b094ad6225314374ae1556fd156af55866e8e08b7e2cf78f6f2,What are the lifecycle requirements for system baseline configurations?
rev5,21,flip_status,Status flip,True,,True,OKButUnresolvedODPPlaceholders,status,PARAMS_REQUIRED,OK,54bf66a7450247b805344499a91a434ab1a056bfc4eecdabd599664f3d57bf9d,117d3c8cb944b1a7e867fdd083a08db0568f0f9c2ed8c3b5b101bd30947fba89,What are the lifecycle requirements for system baseline configurations?
rev5,22,valid_active_id_swap,Valid active-revision ID swap,True,,True,SpanNotVerbatim,evidence_spans[0].source_id,cm-3_smt,cm-3_smt.a,8797f8312e460cd5d1087b76a6ae71c1e443bef63cb72bd35cb648a180d4e2f7,9b26e1ad080d6df6a0ee7b4a50b2c8e5a59cc9e5b6809c56b222fd4ff68d92eb,What must an organization do to manage configuration-controlled changes?
rev5,22,span_character_change,One-character span alteration,True,,True,SpanNotVerbatim,evidence_spans[0].span_text[0],a,b,8797f8312e460cd5d1087b76a6ae71c1e443bef63cb72bd35cb648a180d4e2f7,0837f3083ad9b0ce88d8ad099caab3e55b46d97b60d50715e307db5676795d73,What must an organization do to manage configuration-controlled changes?
rev5,22,rev4_only_id_in_rev5,Rev. 4-only ID in Rev. 5,True,,True,UnknownSourceId,evidence_spans[0].source_id,cm-3_smt,ac-1.b.2_obj.2,8797f8312e460cd5d1087b76a6ae71c1e443bef63cb72bd35cb648a180d4e2f7,a6984484fc1604cafc73b7ff9328b1abef324e12044e04d7bb760fff5c13ac13,What must an organization do to manage configuration-controlled changes?
rev5,22,drop_odp_entry,Remove one ODP-list entry,True,,False,,odp_required_list[2],cm-03_odp.03,<removed>,8797f8312e460cd5d1087b76a6ae71c1e443bef63cb72bd35cb648a180d4e2f7,b6fea7230d7262e5644f6a01ec760404af630f2ce21def3f5b120402b7315f65,What must an organization do to manage configuration-controlled changes?
rev5,22,flip_status,Status flip,True,,True,OKButUnresolvedODPPlaceholders,status,PARAMS_REQUIRED,OK,8797f8312e460cd5d1087b76a6ae71c1e443bef63cb72bd35cb648a180d4e2f7,f3ca7a0ec9afebf661e36975da050ce69c5e423a018fb52953a1b8f6ebe26738,What must an organization do to manage configuration-controlled changes?
rev5,23,valid_active_id_swap,Valid active-revision ID swap,True,,True,SpanNotVerbatim,evidence_spans[0].source_id,cm-3_smt.e,cm-3_smt.f,7c2a39670470c1bbefb84a4e05e9bca51f7eaeed7b1f7d9a507e576975651459,1c3145e2bfff396033334fc51074bd1f578ddc8c4a1fe1996faacfce114ecf09,What should be analyzed before implementing a system change?
rev5,23,span_character_change,One-character span alteration,True,,True,SpanNotVerbatim,evidence_spans[0].span_text[0],R,S,7c2a39670470c1bbefb84a4e05e9bca51f7eaeed7b1f7d9a507e576975651459,e8da4439a44d9c6f17929fdeb3517fe4a9d957a1d4a82f3001eba4f6f31cf65a,What should be analyzed before implementing a system change?
rev5,23,rev4_only_id_in_rev5,Rev. 4-only ID in Rev. 5,True,,True,UnknownSourceId,evidence_spans[0].source_id,cm-3_smt.e,ac-1.b_obj,7c2a39670470c1bbefb84a4e05e9bca51f7eaeed7b1f7d9a507e576975651459,1584d3214fb2f3d93a93462360867afba7fa76ea7bc0feb6460de1c480f1b318,What should be analyzed before implementing a system change?
rev5,23,drop_odp_entry,Remove one ODP-list entry,True,,False,,odp_required_list[2],cm-03_odp.03,<removed>,7c2a39670470c1bbefb84a4e05e9bca51f7eaeed7b1f7d9a507e576975651459,a35b12d648bf26790d2c6954b81837aa8d058a5fdde5cb3be612fd5326223cd7,What should be analyzed before implementing a system change?
rev5,23,flip_status,Status flip,True,,True,OKButUnresolvedODPPlaceholders,status,PARAMS_REQUIRED,OK,7c2a39670470c1bbefb84a4e05e9bca51f7eaeed7b1f7d9a507e576975651459,64c837d16f7d4236bc1abf998f06002f9c7033d20e2d9a9f8d7bcc75be8443ab,What should be analyzed before implementing a system change?
rev5,24,valid_active_id_swap,Valid active-revision ID swap,True,,True,SpanNotVerbatim,evidence_spans[0].source_id,cm-6_smt,cm-6_smt.a,50dd1227d1302ca19aaa4e36ae45c37851de0516599d5446eb50dbdcd71802ac,45932a1f07c2479c82a0905e73c7bc1d8b70a48dad01e3657104629c73585534,"How should configuration settings be established, approved, and monitored?"
rev5,24,span_character_change,One-character span alteration,True,,True,SpanNotVerbatim,evidence_spans[0].span_text[0],a,b,50dd1227d1302ca19aaa4e36ae45c37851de0516599d5446eb50dbdcd71802ac,027767f961cd056ef1d3c5b2f7cd66053a206448c1f4255c90ddb2e9405d4598,"How should configuration settings be established, approved, and monitored?"
rev5,24,rev4_only_id_in_rev5,Rev. 4-only ID in Rev. 5,True,,True,UnknownSourceId,evidence_spans[0].source_id,cm-6_smt,ac-10_obj.1,50dd1227d1302ca19aaa4e36ae45c37851de0516599d5446eb50dbdcd71802ac,c2e0b4a78d6ee027a982033913b235d04ea7ae251605ffe4996c8a4b64ee24e1,"How should configuration settings be established, approved, and monitored?"
rev5,24,drop_odp_entry,Remove one ODP-list entry,True,,False,,odp_required_list[2],cm-06_odp.03,<removed>,50dd1227d1302ca19aaa4e36ae45c37851de0516599d5446eb50dbdcd71802ac,f7f1648afdfa6d9db70d88a930c52f21013f8988755ee471dd038abdd3a6068b,"How should configuration settings be established, approved, and monitored?"
rev5,24,flip_status,Status flip,True,,True,OKButUnresolvedODPPlaceholders,status,PARAMS_REQUIRED,OK,50dd1227d1302ca19aaa4e36ae45c37851de0516599d5446eb50dbdcd71802ac,de321a4679a8e241fd628073fbf064ec4d92c4c72720b4e5577f30c3cb5bcc03,"How should configuration settings be established, approved, and monitored?"
rev5,25,valid_active_id_swap,Valid active-revision ID swap,True,,True,SpanNotVerbatim,evidence_spans[0].source_id,cm-8_smt,cm-8_smt.a,5d91c766005637dc2a660966bc7261918bddd7a2d1102b72be9089e61ac058fc,641d99c3951cbad4e2adb07df5d2bee565f2566af1ae280d70586aabd952d004,"What are the requirements for developing, maintaining, and updating a system component inventory?"
rev5,25,span_character_change,One-character span alteration,True,,True,SpanNotVerbatim,evidence_spans[0].span_text[0],a,b,5d91c766005637dc2a660966bc7261918bddd7a2d1102b72be9089e61ac058fc,7aa4b0aa1cbcc7dff37fcdcf914ce39fc9f64737895b4971191b25d0cad18847,"What are the requirements for developing, maintaining, and updating a system component inventory?"
rev5,25,rev4_only_id_in_rev5,Rev. 4-only ID in Rev. 5,True,,True,UnknownSourceId,evidence_spans[0].source_id,cm-8_smt,ac-10_obj.2,5d91c766005637dc2a660966bc7261918bddd7a2d1102b72be9089e61ac058fc,b0419d0647606b890ec5c16cf5fde4b65b65a831252ed6c9b1ffcae9b7598d75,"What are the requirements for developing, maintaining, and updating a system component inventory?"
rev5,25,drop_odp_entry,Remove one ODP-list entry,True,,False,,odp_required_list[1],cm-08_odp.02,<removed>,5d91c766005637dc2a660966bc7261918bddd7a2d1102b72be9089e61ac058fc,e894bc08ffea7afc92a27d3742f9bea4862225c294efd4c7d0867cca20890634,"What are the requirements for developing, maintaining, and updating a system component inventory?"
rev5,25,flip_status,Status flip,True,,True,OKButUnresolvedODPPlaceholders,status,PARAMS_REQUIRED,OK,5d91c766005637dc2a660966bc7261918bddd7a2d1102b72be9089e61ac058fc,1747fff5f69c0feb28c969255380c5c8c1efe165fbf61ef264e8e93e4d745546,"What are the requirements for developing, maintaining, and updating a system component inventory?"
rev5,26,valid_active_id_swap,Valid active-revision ID swap,True,,True,SpanNotVerbatim,evidence_spans[0].source_id,cp-2_smt,cp-2_smt.a,fd06d631b8f5adc7d7a4c6c7bf0e9121cf412dd01860ec8dc655332224cccd74,34bbca23880fbf83c37e24f9243302a5a55f3e4269b501c743217b17ec09cb06,"What are the key elements that must be included in a contingency plan, and how should it be reviewed, distributed, and updated?"
rev5,26,span_character_change,One-character span alteration,True,,True,SpanNotVerbatim,evidence_spans[0].span_text[0],a,b,fd06d631b8f5adc7d7a4c6c7bf0e9121cf412dd01860ec8dc655332224cccd74,de75577d062b8b39f11a43a3e793bb534cd2e9e0b05373e7a6493ceadfd49438,"What are the key elements that must be included in a contingency plan, and how should it be reviewed, distributed, and updated?"
rev5,26,rev4_only_id_in_rev5,Rev. 4-only ID in Rev. 5,True,,True,UnknownSourceId,evidence_spans[0].source_id,cp-2_smt,ac-10_obj.3,fd06d631b8f5adc7d7a4c6c7bf0e9121cf412dd01860ec8dc655332224cccd74,8ad1dd444ee9249a400f7be9b21c1cd44e9e5d7d1c35357fe5ba5ad8ff5f894b,"What are the key elements that must be included in a contingency plan, and how should it be reviewed, distributed, and updated?"
rev5,26,drop_odp_entry,Remove one ODP-list entry,True,,False,,odp_required_list[3],cp-2_prm_4,<removed>,fd06d631b8f5adc7d7a4c6c7bf0e9121cf412dd01860ec8dc655332224cccd74,b43be917fd11b93e724a65100f5f989677158476dbc6fcc28ffb75d534015741,"What are the key elements that must be included in a contingency plan, and how should it be reviewed, distributed, and updated?"
rev5,26,flip_status,Status flip,True,,True,OKButUnresolvedODPPlaceholders,status,PARAMS_REQUIRED,OK,fd06d631b8f5adc7d7a4c6c7bf0e9121cf412dd01860ec8dc655332224cccd74,d28ca69043a4bf86ed8023c3eb7e6c62697471d1fbc60fc590070edf1c01b4e1,"What are the key elements that must be included in a contingency plan, and how should it be reviewed, distributed, and updated?"
rev5,27,valid_active_id_swap,Valid active-revision ID swap,True,,True,SpanNotVerbatim,evidence_spans[0].source_id,cp-3_smt,cp-3_smt.a,d8962b3b2fff6e0be0928769ceaa97488b83e91bf65e025c7e0875eead090b15,c183b93e474c419cce4afc0534bea43a6a2b9d2cbc6283d78e424f65aabd11ca,When and how should contingency training be provided to system users based on their assigned roles and responsibilities?
rev5,27,span_character_change,One-character span alteration,True,,True,SpanNotVerbatim,evidence_spans[0].span_text[0],a,b,d8962b3b2fff6e0be0928769ceaa97488b83e91bf65e025c7e0875eead090b15,ca02e29118d896d532c63fc51e638522511c4369d639c10c6db923576a1ae3e4,When and how should contingency training be provided to system users based on their assigned roles and responsibilities?
rev5,27,rev4_only_id_in_rev5,Rev. 4-only ID in Rev. 5,True,,True,UnknownSourceId,evidence_spans[0].source_id,cp-3_smt,ac-10_prm_1,d8962b3b2fff6e0be0928769ceaa97488b83e91bf65e025c7e0875eead090b15,e68f6428327d421799b51bf2df163b8f30be6881d1de54aa2fdb55d4a4047a8f,When and how should contingency training be provided to system users based on their assigned roles and responsibilities?
rev5,27,drop_odp_entry,Remove one ODP-list entry,True,,False,,odp_required_list[3],cp-03_odp.04,<removed>,d8962b3b2fff6e0be0928769ceaa97488b83e91bf65e025c7e0875eead090b15,0cccd8fea621a66a0a8ddd49bf0899746fcae220d16e0d9da26745671d0b6099,When and how should contingency training be provided to system users based on their assigned roles and responsibilities?
rev5,27,flip_status,Status flip,True,,True,OKButUnresolvedODPPlaceholders,status,PARAMS_REQUIRED,OK,d8962b3b2fff6e0be0928769ceaa97488b83e91bf65e025c7e0875eead090b15,fcf20772c8619d7a2bc1a4538e10e77967ec74b584577d54a99d55d7f7af5b03,When and how should contingency training be provided to system users based on their assigned roles and responsibilities?
rev5,28,valid_active_id_swap,Valid active-revision ID swap,True,,True,SpanNotVerbatim,evidence_spans[0].source_id,cp-4_smt.a,cp-4_smt.b,f1000dbd001b81e5227db20e6f4b7cfca25ac6a5983cd42fa4752404a6664447,3b22e86c491a9e3bbb34a24557145bb521d2a0e5c0d297d2c3beb8299952e9d9,"How frequently must contingency plans be tested, and what should be done after reviewing the test results?"
rev5,28,span_character_change,One-character span alteration,True,,True,SpanNotVerbatim,evidence_spans[0].span_text[0],T,U,f1000dbd001b81e5227db20e6f4b7cfca25ac6a5983cd42fa4752404a6664447,b4e369e93b92d57bdb42a284e4871f0b0954603dab4805e3547150e5b11ba29d,"How frequently must contingency plans be tested, and what should be done after reviewing the test results?"
rev5,28,rev4_only_id_in_rev5,Rev. 4-only ID in Rev. 5,True,,True,UnknownSourceId,evidence_spans[0].source_id,cp-4_smt.a,ac-10_prm_2,f1000dbd001b81e5227db20e6f4b7cfca25ac6a5983cd42fa4752404a6664447,4c6051025f36a1f6603f5494eddd69c3b027efd69dc886a07061cf9fd7ad87a5,"How frequently must contingency plans be tested, and what should be done after reviewing the test results?"
rev5,28,drop_odp_entry,Remove one ODP-list entry,True,,False,,odp_required_list[1],cp-4_prm_2,<removed>,f1000dbd001b81e5227db20e6f4b7cfca25ac6a5983cd42fa4752404a6664447,21ca61c876303f78f9e8c38a3799178f9ee071e8bfaa1971432d90691438eee1,"How frequently must contingency plans be tested, and what should be done after reviewing the test results?"
rev5,28,flip_status,Status flip,True,,True,OKButUnresolvedODPPlaceholders,status,PARAMS_REQUIRED,OK,f1000dbd001b81e5227db20e6f4b7cfca25ac6a5983cd42fa4752404a6664447,9c3448ab79912f1fa6a5a8c9f3752a88f4e0c0f654b13107598150a46561bb7f,"How frequently must contingency plans be tested, and what should be done after reviewing the test results?"
rev5,29,valid_active_id_swap,Valid active-revision ID swap,True,,True,SpanNotVerbatim,evidence_spans[0].source_id,cp-7_smt.a,cp-7_smt.b,8d30806e5e56a4decd74175fc00ee9abdee5d6b97be43bed9d11823b28489162,3729389d81131853043aff7dbae0502d31ede3b350d28995fc9de67558b0f44c,What are the requirements for establishing and maintaining an alternate processing site to resume essential operations?
rev5,29,span_character_change,One-character span alteration,True,,True,SpanNotVerbatim,evidence_spans[0].span_text[0],E,F,8d30806e5e56a4decd74175fc00ee9abdee5d6b97be43bed9d11823b28489162,2de5afc1aa10ce416a6e65ea53e9e3e0000603eeeaee7f79e24006193d94d02b,What are the requirements for establishing and maintaining an alternate processing site to resume essential operations?
rev5,29,rev4_only_id_in_rev5,Rev. 4-only ID in Rev. 5,True,,True,UnknownSourceId,evidence_spans[0].source_id,cp-7_smt.a,ac-11.a_obj,8d30806e5e56a4decd74175fc00ee9abdee5d6b97be43bed9d11823b28489162,acb5ef9e40318bc42fad6e9020de62bd471e527d75543dbab5cc63f860d74d8f,What are the requirements for establishing and maintaining an alternate processing site to resume essential operations?
rev5,29,drop_odp_entry,Remove one ODP-list entry,True,,False,,odp_required_list[1],cp-07_odp.02,<removed>,8d30806e5e56a4decd74175fc00ee9abdee5d6b97be43bed9d11823b28489162,54f5f2b71b3725939229c9157460c66d5878a799ee8936e62df82f17895325c4,What are the requirements for establishing and maintaining an alternate processing site to resume essential operations?
rev5,29,flip_status,Status flip,True,,True,OKButUnresolvedODPPlaceholders,status,PARAMS_REQUIRED,OK,8d30806e5e56a4decd74175fc00ee9abdee5d6b97be43bed9d11823b28489162,00c8b0c24f5cd5c4eca072816ea822ec5073ab79915bbda4455247df2ac98fdb,What are the requirements for establishing and maintaining an alternate processing site to resume essential operations?
rev5,30,valid_active_id_swap,Valid active-revision ID swap,True,,True,SpanNotVerbatim,evidence_spans[0].source_id,cp-9_smt.a,cp-9_smt.b,4c4dcf472d66ababc8b096f82c1503eb1a36b41ce524aa6afdf84a9e1cec335c,28d8d41f9c21a9f180ad0d87dba32bd6a333015fa6655967ad8e40fe7b49ef17,What actions must be taken to ensure that system and user-level information is backed up and that backup data remains protected?
rev5,30,span_character_change,One-character span alteration,True,,True,SpanNotVerbatim,evidence_spans[0].span_text[0],C,D,4c4dcf472d66ababc8b096f82c1503eb1a36b41ce524aa6afdf84a9e1cec335c,fcb9f2a58b58e13c2f79cc1babde8947fd231473ba5b7f7377c0de0a3e60091e,What actions must be taken to ensure that system and user-level information is backed up and that backup data remains protected?
rev5,30,rev4_only_id_in_rev5,Rev. 4-only ID in Rev. 5,True,,True,UnknownSourceId,evidence_spans[0].source_id,cp-9_smt.a,ac-11.a_obj.1,4c4dcf472d66ababc8b096f82c1503eb1a36b41ce524aa6afdf84a9e1cec335c,cd50b24474d08f59aad19c7cad05c3ff2a8eb2cbb6d2bc496bdcd1da5cd6a77f,What actions must be taken to ensure that system and user-level information is backed up and that backup data remains protected?
rev5,30,drop_odp_entry,Remove one ODP-list entry,True,,False,,odp_required_list[3],cp-09_odp.04,<removed>,4c4dcf472d66ababc8b096f82c1503eb1a36b41ce524aa6afdf84a9e1cec335c,b7ea5300e2af3e59bc5f190f7de6c161a507cf6054f4668e7076474e9c9abd2d,What actions must be taken to ensure that system and user-level information is backed up and that backup data remains protected?
rev5,30,flip_status,Status flip,True,,True,OKButUnresolvedODPPlaceholders,status,PARAMS_REQUIRED,OK,4c4dcf472d66ababc8b096f82c1503eb1a36b41ce524aa6afdf84a9e1cec335c,395f187db3ae7329ead3b59108a3883ba335d1b7c2cc674f05b4829cb0ed57a5,What actions must be taken to ensure that system and user-level information is backed up and that backup data remains protected?
rev5,31,valid_active_id_swap,Valid active-revision ID swap,True,,True,SpanNotVerbatim,evidence_spans[0].source_id,ia-2_smt,ia-3.1_gdn,f2b937f477b893dfa8aabd53abe4fdc4d98a0a9869bdbe10a20661a0667bc10a,a6b423a9a89fc5089bcec530e3840d51b55df5253a15d8b2c2daca759cb3890a,How must organizations identify and authenticate users and associate them with processes acting on their behalf?
rev5,31,span_character_change,One-character span alteration,True,,True,SpanNotVerbatim,evidence_spans[0].span_text[0],U,V,f2b937f477b893dfa8aabd53abe4fdc4d98a0a9869bdbe10a20661a0667bc10a,c128f2feeabccc0426a3a2e80e643df1ee2e7c1d0422c6a9ca37ba2ab2cec709,How must organizations identify and authenticate users and associate them with processes acting on their behalf?
rev5,31,rev4_only_id_in_rev5,Rev. 4-only ID in Rev. 5,True,,True,UnknownSourceId,evidence_spans[0].source_id,ia-2_smt,ac-11.a_obj.2,f2b937f477b893dfa8aabd53abe4fdc4d98a0a9869bdbe10a20661a0667bc10a,5b50d419c8191243775c645e0101ed49661d056689588958f25ee4b32b172141,How must organizations identify and authenticate users and associate them with processes acting on their behalf?
rev5,31,drop_odp_entry,Remove one ODP-list entry,False,empty odp_required_list,False,,,,,f2b937f477b893dfa8aabd53abe4fdc4d98a0a9869bdbe10a20661a0667bc10a,,How must organizations identify and authenticate users and associate them with processes acting on their behalf?
rev5,31,flip_status,Status flip,True,,True,ParamsRequiredButNoPlaceholders|ParamsRequiredButODPListEmpty,status,OK,PARAMS_REQUIRED,f2b937f477b893dfa8aabd53abe4fdc4d98a0a9869bdbe10a20661a0667bc10a,811bcc10bc7a5a1467131d62a249bb46321002d016ffd29bb09290caade2a413,How must organizations identify and authenticate users and associate them with processes acting on their behalf?
rev5,32,valid_active_id_swap,Valid active-revision ID swap,True,,True,SpanNotVerbatim,evidence_spans[0].source_id,ia-4_smt,ia-4_smt.a,6bb27f5e0168c73b0644b7b571e3c8d4f98598236ebe574a86f0e1373c1f3287,f2202d750dc1353d51bdf262511d4829e5f47603001687bbae48ecaf6e4ca724,"What are the requirements for assigning, authorizing, and preventing reuse of system identifiers for individuals, groups, or devices?"
rev5,32,span_character_change,One-character span alteration,True,,True,SpanNotVerbatim,evidence_spans[0].span_text[0],M,N,6bb27f5e0168c73b0644b7b571e3c8d4f98598236ebe574a86f0e1373c1f3287,c5d149f7c1d9042dbb93752e2696a82fe90b916e98f70b291d301155391402ec,"What are the requirements for assigning, authorizing, and preventing reuse of system identifiers for individuals, groups, or devices?"
rev5,32,rev4_only_id_in_rev5,Rev. 4-only ID in Rev. 5,True,,True,UnknownSourceId,evidence_spans[0].source_id,ia-4_smt,ac-11.b_obj,6bb27f5e0168c73b0644b7b571e3c8d4f98598236ebe574a86f0e1373c1f3287,25d8545cb2e7aee34fa281604bf8916b99eb079e0bcc6b3404ef77a00503cfec,"What are the requirements for assigning, authorizing, and preventing reuse of system identifiers for individuals, groups, or devices?"
rev5,32,drop_odp_entry,Remove one ODP-list entry,True,,False,,odp_required_list[1],ia-04_odp.02,<removed>,6bb27f5e0168c73b0644b7b571e3c8d4f98598236ebe574a86f0e1373c1f3287,7e63b40d4b371dc2180c25ea9290b82d5ca1695cbf6b63788b6066a728987c6a,"What are the requirements for assigning, authorizing, and preventing reuse of system identifiers for individuals, groups, or devices?"
rev5,32,flip_status,Status flip,True,,True,OKButUnresolvedODPPlaceholders,status,PARAMS_REQUIRED,OK,6bb27f5e0168c73b0644b7b571e3c8d4f98598236ebe574a86f0e1373c1f3287,122c80ee97fe3affc14a4800cfbb0627dc35ebaf5c483b6bb0dfd218e0e4a201,"What are the requirements for assigning, authorizing, and preventing reuse of system identifiers for individuals, groups, or devices?"
rev5,33,valid_active_id_swap,Valid active-revision ID swap,True,,True,SpanNotVerbatim,evidence_spans[0].source_id,ia-5_smt.a,ia-5_smt.b,07b01e39d47fd65d0626e650c14739bebc1a0b319ee9e4ef0a77f4c5a5e85e51,a5aafee5602d1401e313987bce85625fe0625b569fcb7015423e0213139e3fac,"How should organizations manage authenticators, including their distribution, protection, and periodic updates?"
rev5,33,span_character_change,One-character span alteration,True,,True,SpanNotVerbatim,evidence_spans[0].span_text[0],V,W,07b01e39d47fd65d0626e650c14739bebc1a0b319ee9e4ef0a77f4c5a5e85e51,3ded8a19eb9bb3c48da0486e9630a0f57677ab22ae4b9f1766832047529a1441,"How should organizations manage authenticators, including their distribution, protection, and periodic updates?"
rev5,33,rev4_only_id_in_rev5,Rev. 4-only ID in Rev. 5,True,,True,UnknownSourceId,evidence_spans[0].source_id,ia-5_smt.a,ac-11_prm_1,07b01e39d47fd65d0626e650c14739bebc1a0b319ee9e4ef0a77f4c5a5e85e51,764d31685e6bf7face2ae293f8a1086e0ed9c6298498e26a06b36c06ea0ba431,"How should organizations manage authenticators, including their distribution, protection, and periodic updates?"
rev5,33,drop_odp_entry,Remove one ODP-list entry,True,,False,,odp_required_list[1],ia-05_odp.02,<removed>,07b01e39d47fd65d0626e650c14739bebc1a0b319ee9e4ef0a77f4c5a5e85e51,70d4abfbdbe9b9b3e9d60298a4310295b0df24f900b0951aa348b989635c4b35,"How should organizations manage authenticators, including their distribution, protection, and periodic updates?"
rev5,33,flip_status,Status flip,True,,True,OKButUnresolvedODPPlaceholders,status,PARAMS_REQUIRED,OK,07b01e39d47fd65d0626e650c14739bebc1a0b319ee9e4ef0a77f4c5a5e85e51,24f17dfeb38c8d05f16735cf1db97001e224ee906112e7753c960a67a7d84e4d,"How should organizations manage authenticators, including their distribution, protection, and periodic updates?"
rev5,34,valid_active_id_swap,Valid active-revision ID swap,True,,True,SpanNotVerbatim,evidence_spans[0].source_id,ia-5_smt.f,ia-5_smt.g,ef54761a49a8709822e0ea6bc50dabce482bc6bb620829ea84ae8c3c3161c334,1f5f0f38513c85800c05577496f7985683e5a32c26cfd5b80f0968580ab44218,What does NIST require to protect authentication information from disclosure during the authentication process?
rev5,34,span_character_change,One-character span alteration,True,,True,SpanNotVerbatim,evidence_spans[0].span_text[0],C,D,ef54761a49a8709822e0ea6bc50dabce482bc6bb620829ea84ae8c3c3161c334,fe65a8c39f01a164d39fccd61614ff35471d3fb1596f524af64e6cc6d8520a7c,What does NIST require to protect authentication information from disclosure during the authentication process?
rev5,34,rev4_only_id_in_rev5,Rev. 4-only ID in Rev. 5,True,,True,UnknownSourceId,evidence_spans[0].source_id,ia-5_smt.f,ac-12.1.a_obj,ef54761a49a8709822e0ea6bc50dabce482bc6bb620829ea84ae8c3c3161c334,0d59155e30b370984c842cc6b7c0f4bb01d0ef217fb06329b7c3d7727dffa4cc,What does NIST require to protect authentication information from disclosure during the authentication process?
rev5,34,drop_odp_entry,Remove one ODP-list entry,True,,False,,odp_required_list[1],ia-05_odp.02,<removed>,ef54761a49a8709822e0ea6bc50dabce482bc6bb620829ea84ae8c3c3161c334,8c517d2fd7c158007e38485b564205835cde4e961448de11cdb88cc27d0b8178,What does NIST require to protect authentication information from disclosure during the authentication process?
rev5,34,flip_status,Status flip,True,,True,OKButUnresolvedODPPlaceholders,status,PARAMS_REQUIRED,OK,ef54761a49a8709822e0ea6bc50dabce482bc6bb620829ea84ae8c3c3161c334,63ae078899fe6b666a29630fecc269a65337b37b1e35d144a3c2326198dc24cc,What does NIST require to protect authentication information from disclosure during the authentication process?
rev5,35,valid_active_id_swap,Valid active-revision ID swap,True,,True,SpanNotVerbatim,evidence_spans[0].source_id,ia-8_smt,ia-9_gdn,5a0e352976a7711b91061dd5a9130b159fe58da4fff8f76292e9a2f8f49f95e9,974a521a24442584a35f64db4c3e8cfa7f9fc3ef3291c37ef5126b91ba488a7c,How should organizations handle identification and authentication of non-organizational users accessing federal systems?
rev5,35,span_character_change,One-character span alteration,True,,True,SpanNotVerbatim,evidence_spans[0].span_text[0],U,V,5a0e352976a7711b91061dd5a9130b159fe58da4fff8f76292e9a2f8f49f95e9,c40751320b99a2ba8699aa4077191372577129bcdd33bfc950338514657e46a5,How should organizations handle identification and authentication of non-organizational users accessing federal systems?
rev5,35,rev4_only_id_in_rev5,Rev. 4-only ID in Rev. 5,True,,True,UnknownSourceId,evidence_spans[0].source_id,ia-8_smt,ac-12.1.a_obj.1,5a0e352976a7711b91061dd5a9130b159fe58da4fff8f76292e9a2f8f49f95e9,079d70866526188201736d4abf224478b37c92f534fbf0d314d12323af8d905e,How should organizations handle identification and authentication of non-organizational users accessing federal systems?
rev5,35,drop_odp_entry,Remove one ODP-list entry,False,empty odp_required_list,False,,,,,5a0e352976a7711b91061dd5a9130b159fe58da4fff8f76292e9a2f8f49f95e9,,How should organizations handle identification and authentication of non-organizational users accessing federal systems?
rev5,35,flip_status,Status flip,True,,True,ParamsRequiredButNoPlaceholders|ParamsRequiredButODPListEmpty,status,OK,PARAMS_REQUIRED,5a0e352976a7711b91061dd5a9130b159fe58da4fff8f76292e9a2f8f49f95e9,e55d3a4670f577ae4aea8db3f8159546619cdb9f777f15720714002dd340f9de,How should organizations handle identification and authentication of non-organizational users accessing federal systems?
rev5,36,valid_active_id_swap,Valid active-revision ID swap,True,,True,SpanNotVerbatim,evidence_spans[0].source_id,ir-2_smt,ir-2_smt.a,ab87b444b07aa284c5d077e4dc0d10abd98abf142e694668ea8d22fecef63d00,513137f4266b676e8d3509ced13a2397f78596a599dd708b1117594a5c53b615,"When should incident response training be provided, and how often should its content be reviewed and updated?"
rev5,36,span_character_change,One-character span alteration,True,,True,SpanNotVerbatim,evidence_spans[0].span_text[0],a,b,ab87b444b07aa284c5d077e4dc0d10abd98abf142e694668ea8d22fecef63d00,e0d4533671bdcff56402754526eb745f67a4261846937164f6d41d1aa5526cc7,"When should incident response training be provided, and how often should its content be reviewed and updated?"
rev5,36,rev4_only_id_in_rev5,Rev. 4-only ID in Rev. 5,True,,True,UnknownSourceId,evidence_spans[0].source_id,ir-2_smt,ac-12.1.a_obj.2,ab87b444b07aa284c5d077e4dc0d10abd98abf142e694668ea8d22fecef63d00,a3bb69bd5e9073dc93a7ee7686723778d2528864a291cc4de1ca279dca3b6c0f,"When should incident response training be provided, and how often should its content be reviewed and updated?"
rev5,36,drop_odp_entry,Remove one ODP-list entry,True,,False,,odp_required_list[3],ir-02_odp.04,<removed>,ab87b444b07aa284c5d077e4dc0d10abd98abf142e694668ea8d22fecef63d00,532610bf5768732887fcf497ff31000ca81122f3280ffc5d5cea8055695b6c81,"When should incident response training be provided, and how often should its content be reviewed and updated?"
rev5,36,flip_status,Status flip,True,,True,OKButUnresolvedODPPlaceholders,status,PARAMS_REQUIRED,OK,ab87b444b07aa284c5d077e4dc0d10abd98abf142e694668ea8d22fecef63d00,28c1a1f8ec8606d27d27468a10fd51ec25192f5b02b791b4b071221c381b06d7,"When should incident response training be provided, and how often should its content be reviewed and updated?"
rev5,37,valid_active_id_swap,Valid active-revision ID swap,True,,True,SpanNotVerbatim,evidence_spans[0].source_id,ir-3_smt,ir-4.10_gdn,c0dd8e45fd4f04351d1a752b87157b52ab43077cb96afdcd524636e85413b629,e49b978b5f47a83926e019113ddd233a09383fe9a98e5b6b8619477aebcea26f,"How often should organizations test the effectiveness of their incident response capabilities, and what kinds of tests may be used?"
rev5,37,span_character_change,One-character span alteration,True,,True,SpanNotVerbatim,evidence_spans[0].span_text[0],T,U,c0dd8e45fd4f04351d1a752b87157b52ab43077cb96afdcd524636e85413b629,81a7acd474322dfa51990d67a2c5564d64b2914c0cb9bf6cf54ab6d17452634b,"How often should organizations test the effectiveness of their incident response capabilities, and what kinds of tests may be used?"
rev5,37,rev4_only_id_in_rev5,Rev. 4-only ID in Rev. 5,True,,True,UnknownSourceId,evidence_spans[0].source_id,ir-3_smt,ac-12.1.b_obj,c0dd8e45fd4f04351d1a752b87157b52ab43077cb96afdcd524636e85413b629,948f636697439a03975c8baa37dea379044a8c799a5d8aa0e4addb0e96e60e52,"How often should organizations test the effectiveness of their incident response capabilities, and what kinds of tests may be used?"
rev5,37,drop_odp_entry,Remove one ODP-list entry,True,,False,,odp_required_list[1],ir-03_odp.02,<removed>,c0dd8e45fd4f04351d1a752b87157b52ab43077cb96afdcd524636e85413b629,aaebbcd2e742223be462db1d825d0f7635de53192b0208efa0d190f4d22dd1ca,"How often should organizations test the effectiveness of their incident response capabilities, and what kinds of tests may be used?"
rev5,37,flip_status,Status flip,True,,True,OKButUnresolvedODPPlaceholders,status,PARAMS_REQUIRED,OK,c0dd8e45fd4f04351d1a752b87157b52ab43077cb96afdcd524636e85413b629,9f034666ae8628087e11e641c627de18ba0d6787b279b72945ba0c383c1aecd2,"How often should organizations test the effectiveness of their incident response capabilities, and what kinds of tests may be used?"
rev5,38,valid_active_id_swap,Valid active-revision ID swap,True,,True,SpanNotVerbatim,evidence_spans[0].source_id,ir-4_smt,ir-4_smt.a,6f8bf72eeb16ba27c7f259945f3fc174775d4cb362d100e30bd2ca41338cbeb4,16c64b12b0e637f1c09844f4b61a763ca9c5cc91382eb74c7dc46890644e5624,"What are the key elements of implementing an effective incident handling capability, including coordination and lessons learned?"
rev5,38,span_character_change,One-character span alteration,True,,True,SpanNotVerbatim,evidence_spans[0].span_text[0],a,b,6f8bf72eeb16ba27c7f259945f3fc174775d4cb362d100e30bd2ca41338cbeb4,ef47715f3b7db43b1dbfc2912cfa551215de3cde61a8bc12731cc08ae0793985,"What are the key elements of implementing an effective incident handling capability, including coordination and lessons learned?"
rev5,38,rev4_only_id_in_rev5,Rev. 4-only ID in Rev. 5,True,,True,UnknownSourceId,evidence_spans[0].source_id,ir-4_smt,ac-12.1_prm_1,6f8bf72eeb16ba27c7f259945f3fc174775d4cb362d100e30bd2ca41338cbeb4,4fd8e2e42f608a229123c7469ff7d6d578106dea8a0ad701981c7010ca5d1a6a,"What are the key elements of implementing an effective incident handling capability, including coordination and lessons learned?"
rev5,38,drop_odp_entry,Remove one ODP-list entry,False,empty odp_required_list,False,,,,,6f8bf72eeb16ba27c7f259945f3fc174775d4cb362d100e30bd2ca41338cbeb4,,"What are the key elements of implementing an effective incident handling capability, including coordination and lessons learned?"
rev5,38,flip_status,Status flip,True,,True,ParamsRequiredButNoPlaceholders|ParamsRequiredButODPListEmpty,status,OK,PARAMS_REQUIRED,6f8bf72eeb16ba27c7f259945f3fc174775d4cb362d100e30bd2ca41338cbeb4,58b79a3cb74d804a8dcaf66639c8a7e125e26f3a947e4263d174120e000769e6,"What are the key elements of implementing an effective incident handling capability, including coordination and lessons learned?"
rev5,39,valid_active_id_swap,Valid active-revision ID swap,True,,True,SpanNotVerbatim,evidence_spans[0].source_id,ir-5_smt,ir-6.1_gdn,0d3aa14c541d9226b5a3110097fb26998a8656c50dcea86d0dc569fb068dd7fd,f3bf8a6a9b8ae52300f6204c08dce947eebf47b1f2fe64d1de30d55c349ccfff,What information should organizations maintain and analyze when documenting and reviewing security incidents?
rev5,39,span_character_change,One-character span alteration,True,,True,SpanNotVerbatim,evidence_spans[0].span_text[0],T,U,0d3aa14c541d9226b5a3110097fb26998a8656c50dcea86d0dc569fb068dd7fd,50d905a8663685ebc20e46e73619fcfd6c5098b8c723609b80f7a0f0b65447f1,What information should organizations maintain and analyze when documenting and reviewing security incidents?
rev5,39,rev4_only_id_in_rev5,Rev. 4-only ID in Rev. 5,True,,True,UnknownSourceId,evidence_spans[0].source_id,ir-5_smt,ac-12.1_smt.a,0d3aa14c541d9226b5a3110097fb26998a8656c50dcea86d0dc569fb068dd7fd,37a973dd53e6949fc7c31d22388c80d2a5a7798ecd5b81fe64827e9d559071d3,What information should organizations maintain and analyze when documenting and reviewing security incidents?
rev5,39,drop_odp_entry,Remove one ODP-list entry,False,empty odp_required_list,False,,,,,0d3aa14c541d9226b5a3110097fb26998a8656c50dcea86d0dc569fb068dd7fd,,What information should organizations maintain and analyze when documenting and reviewing security incidents?
rev5,39,flip_status,Status flip,True,,True,ParamsRequiredButNoPlaceholders|ParamsRequiredButODPListEmpty,status,OK,PARAMS_REQUIRED,0d3aa14c541d9226b5a3110097fb26998a8656c50dcea86d0dc569fb068dd7fd,e2f0d44d0acacfd7a2eaf5fc28de6b919a17a6c137355bbba0b3b8eb702630d6,What information should organizations maintain and analyze when documenting and reviewing security incidents?
rev5,40,valid_active_id_swap,Valid active-revision ID swap,True,,True,SpanNotVerbatim,evidence_spans[0].source_id,ir-6_smt,ir-6_smt.a,6b7332a9f6fd1be4bb65572047464097aa3aaef91eaa9d0a273b27200bb17d44,55f79aaaeadbcac5f55e91d8eeea7f39ee83f83fc50115149e39d45f26c8af4a,"What are the reporting requirements for suspected or confirmed incidents, including notification timeframes and recipients?"
rev5,40,span_character_change,One-character span alteration,True,,True,SpanNotVerbatim,evidence_spans[0].span_text[0],a,b,6b7332a9f6fd1be4bb65572047464097aa3aaef91eaa9d0a273b27200bb17d44,68d814e3c89e28af94b2aed5c61873cc16f8990efaa250c15d3ddcd6fd36819e,"What are the reporting requirements for suspected or confirmed incidents, including notification timeframes and recipients?"
rev5,40,rev4_only_id_in_rev5,Rev. 4-only ID in Rev. 5,True,,True,UnknownSourceId,evidence_spans[0].source_id,ir-6_smt,ac-12.1_smt.b,6b7332a9f6fd1be4bb65572047464097aa3aaef91eaa9d0a273b27200bb17d44,d0ad5ecb63c19230d5be71680f5e437a5383993bce583f2d1070511fb9ad659f,"What are the reporting requirements for suspected or confirmed incidents, including notification timeframes and recipients?"
rev5,40,drop_odp_entry,Remove one ODP-list entry,True,,False,,odp_required_list[1],ir-06_odp.02,<removed>,6b7332a9f6fd1be4bb65572047464097aa3aaef91eaa9d0a273b27200bb17d44,1128226ea84d9113cf7a50c66df306f9a814194f4628f6bf146ed4a61aa149c2,"What are the reporting requirements for suspected or confirmed incidents, including notification timeframes and recipients?"
rev5,40,flip_status,Status flip,True,,True,OKButUnresolvedODPPlaceholders,status,PARAMS_REQUIRED,OK,6b7332a9f6fd1be4bb65572047464097aa3aaef91eaa9d0a273b27200bb17d44,32d8e2251af29e6c218e5a0038b22b03e40737f91dd1298d40cbcd22048a8ae7,"What are the reporting requirements for suspected or confirmed incidents, including notification timeframes and recipients?"
rev5,41,valid_active_id_swap,Valid active-revision ID swap,True,,True,SpanNotVerbatim,evidence_spans[0].source_id,ma-2_smt,ma-2_smt.a,972ae1175b38eafe24856739b409712562a40e2957d30fe72910222f08f0cfcb,d58b45787c6ed1df8de69577527bd306bc874d24b5ad7369ed24e7050467d832,What are the key considerations for a controlled system maintenance program?
rev5,41,span_character_change,One-character span alteration,True,,True,SpanNotVerbatim,evidence_spans[0].span_text[0],a,b,972ae1175b38eafe24856739b409712562a40e2957d30fe72910222f08f0cfcb,cf7d349e85c893b9237cb25a46a7689e0989bb6b5703eef86a99b1b23ac9b71d,What are the key considerations for a controlled system maintenance program?
rev5,41,rev4_only_id_in_rev5,Rev. 4-only ID in Rev. 5,True,,True,UnknownSourceId,evidence_spans[0].source_id,ma-2_smt,ac-12_obj.1,972ae1175b38eafe24856739b409712562a40e2957d30fe72910222f08f0cfcb,a2ca3d79984ffd0fbca9db3a66e8dba0a415b66be30a1c37ec6f8f61e38133a7,What are the key considerations for a controlled system maintenance program?
rev5,41,drop_odp_entry,Remove one ODP-list entry,True,,False,,odp_required_list[2],ma-02_odp.03,<removed>,972ae1175b38eafe24856739b409712562a40e2957d30fe72910222f08f0cfcb,b13e2e224aca1d273a51420f310d866fb1185ec3909012778a938c9adee60fce,What are the key considerations for a controlled system maintenance program?
rev5,41,flip_status,Status flip,True,,True,OKButUnresolvedODPPlaceholders,status,PARAMS_REQUIRED,OK,972ae1175b38eafe24856739b409712562a40e2957d30fe72910222f08f0cfcb,b2f0a6384a09e8c90523c5b3799dfb33c2f1d964b5769ec99b127043c4e82876,What are the key considerations for a controlled system maintenance program?
rev5,42,valid_active_id_swap,Valid active-revision ID swap,True,,True,SpanNotVerbatim,evidence_spans[0].source_id,ma-3_smt.a,ma-3_smt.b,75a65106d24bb5697608b24b156c5f1197c995aef468aeb02cb513f9f5a23407,c7a07390b708d1f2cce180daaaf3c3b7b03edfebd3ca4b5f20431ebac8d36710,"How should organizations approve, control, and periodically review the use of system maintenance tools?"
rev5,42,span_character_change,One-character span alteration,True,,True,SpanNotVerbatim,evidence_spans[0].span_text[0],A,B,75a65106d24bb5697608b24b156c5f1197c995aef468aeb02cb513f9f5a23407,4cc3f32a7bdcbb26d72d877443e625048532024ab599a7cfde27280f63dd2d6f,"How should organizations approve, control, and periodically review the use of system maintenance tools?"
rev5,42,rev4_only_id_in_rev5,Rev. 4-only ID in Rev. 5,True,,True,UnknownSourceId,evidence_spans[0].source_id,ma-3_smt.a,ac-12_obj.2,75a65106d24bb5697608b24b156c5f1197c995aef468aeb02cb513f9f5a23407,4df3a4841978d0cf5b5fcd1b260bba50af14a4f5bf4215281943cf066ed2ec96,"How should organizations approve, control, and periodically review the use of system maintenance tools?"
rev5,42,drop_odp_entry,Remove one ODP-list entry,True,,True,ParamsRequiredButODPListEmpty,odp_required_list[0],ma-03_odp,<removed>,75a65106d24bb5697608b24b156c5f1197c995aef468aeb02cb513f9f5a23407,1f0d04697dd031715f5cbbd3ee515b431eb99449771ca657dad55789384bf580,"How should organizations approve, control, and periodically review the use of system maintenance tools?"
rev5,42,flip_status,Status flip,True,,True,OKButUnresolvedODPPlaceholders,status,PARAMS_REQUIRED,OK,75a65106d24bb5697608b24b156c5f1197c995aef468aeb02cb513f9f5a23407,6ef738a8e9e99bf9e0259226e119a9e9bbadd63b6c095237db02e883026489c1,"How should organizations approve, control, and periodically review the use of system maintenance tools?"
rev5,43,valid_active_id_swap,Valid active-revision ID swap,True,,True,SpanNotVerbatim,evidence_spans[0].source_id,ma-4_smt.a,ma-4_smt.b,a6149520f5dae2d15de981654229926f0cb3006db3aceb6cccdd93f9c40c3d45,3f68beeecb1f8da0dea044a084c5d97a6627ab06d523d5cbbd240026e8c29d5a,"What must organizations do to authorize, secure, and record nonlocal maintenance and diagnostic activities?"
rev5,43,span_character_change,One-character span alteration,True,,True,SpanNotVerbatim,evidence_spans[0].span_text[0],A,B,a6149520f5dae2d15de981654229926f0cb3006db3aceb6cccdd93f9c40c3d45,89eabbaae0796939b05dda50497a3974c7a543f5815a47cd5aa149087e55c097,"What must organizations do to authorize, secure, and record nonlocal maintenance and diagnostic activities?"
rev5,43,rev4_only_id_in_rev5,Rev. 4-only ID in Rev. 5,True,,True,UnknownSourceId,evidence_spans[0].source_id,ma-4_smt.a,ac-12_prm_1,a6149520f5dae2d15de981654229926f0cb3006db3aceb6cccdd93f9c40c3d45,773062477409c6bdb6cfd4a4256e3ebb0e01a3e079abdd780590a4e0d81bb6ad,"What must organizations do to authorize, secure, and record nonlocal maintenance and diagnostic activities?"
rev5,43,drop_odp_entry,Remove one ODP-list entry,False,empty odp_required_list,False,,,,,a6149520f5dae2d15de981654229926f0cb3006db3aceb6cccdd93f9c40c3d45,,"What must organizations do to authorize, secure, and record nonlocal maintenance and diagnostic activities?"
rev5,43,flip_status,Status flip,True,,True,ParamsRequiredButNoPlaceholders|ParamsRequiredButODPListEmpty,status,OK,PARAMS_REQUIRED,a6149520f5dae2d15de981654229926f0cb3006db3aceb6cccdd93f9c40c3d45,4a2e90d8c5dad7560b43c6c6db19ea4f96cbb77a624eb6af2f8e11a0fec076b5,"What must organizations do to authorize, secure, and record nonlocal maintenance and diagnostic activities?"
rev5,44,valid_active_id_swap,Valid active-revision ID swap,True,,True,SpanNotVerbatim,evidence_spans[0].source_id,ma-5_smt,ma-5_smt.a,8cd3f44da683c35de31c4893f522f3da1001c580f4e48860799c361e6f7425ec,5cf5d7fe0be165cc6c100c0f62b436bb3b3f9c9b3f8543f89d59c760955004b6,What process should be established for authorizing maintenance personnel and ensuring appropriate escorting and access control during maintenance?
rev5,44,span_character_change,One-character span alteration,True,,True,SpanNotVerbatim,evidence_spans[0].span_text[0],a,b,8cd3f44da683c35de31c4893f522f3da1001c580f4e48860799c361e6f7425ec,0ab9538816700f1cbd21479d46234b813f9ee634d81b330086620fba48b381bc,What process should be established for authorizing maintenance personnel and ensuring appropriate escorting and access control during maintenance?
rev5,44,rev4_only_id_in_rev5,Rev. 4-only ID in Rev. 5,True,,True,UnknownSourceId,evidence_spans[0].source_id,ma-5_smt,ac-14.a_obj,8cd3f44da683c35de31c4893f522f3da1001c580f4e48860799c361e6f7425ec,a6a0fc698831f30e6819caa6a7fa4d3b2c783d2d6d00aa8db43c431265c4e916,What process should be established for authorizing maintenance personnel and ensuring appropriate escorting and access control during maintenance?
rev5,44,drop_odp_entry,Remove one ODP-list entry,False,empty odp_required_list,False,,,,,8cd3f44da683c35de31c4893f522f3da1001c580f4e48860799c361e6f7425ec,,What process should be established for authorizing maintenance personnel and ensuring appropriate escorting and access control during maintenance?
rev5,44,flip_status,Status flip,True,,True,ParamsRequiredButNoPlaceholders|ParamsRequiredButODPListEmpty,status,OK,PARAMS_REQUIRED,8cd3f44da683c35de31c4893f522f3da1001c580f4e48860799c361e6f7425ec,f7221af39ab3bfa3f50c69f0afbb3686bc27205b2c367aff9008876edd3f2d6c,What process should be established for authorizing maintenance personnel and ensuring appropriate escorting and access control during maintenance?
rev5,45,valid_active_id_swap,Valid active-revision ID swap,True,,True,SpanNotVerbatim,evidence_spans[0].source_id,ma-6_smt,ma-7_gdn,364c58f719cfd6ffe5254ae2a18662b141375bff93b8f166e679d3b538d05b7f,cbaabeaafb60caf975ff10ccc52395c603c43c66d05b43b6a03aaa5d98479881,How should organizations identify critical system components and obtain maintenance support to mitigate risk when those components fail?
rev5,45,span_character_change,One-character span alteration,True,,True,SpanNotVerbatim,evidence_spans[0].span_text[0],O,P,364c58f719cfd6ffe5254ae2a18662b141375bff93b8f166e679d3b538d05b7f,c3607032756305e679ef2354f269ed5abb46b9ae7cdb4e3ad20dae4ea126342c,How should organizations identify critical system components and obtain maintenance support to mitigate risk when those components fail?
rev5,45,rev4_only_id_in_rev5,Rev. 4-only ID in Rev. 5,True,,True,UnknownSourceId,evidence_spans[0].source_id,ma-6_smt,ac-14.a_obj.1,364c58f719cfd6ffe5254ae2a18662b141375bff93b8f166e679d3b538d05b7f,b2e1237bf12fd272cfe9fcea83e77db11d0a22e4da7db372ae4d648ba61c6cb2,How should organizations identify critical system components and obtain maintenance support to mitigate risk when those components fail?
rev5,45,drop_odp_entry,Remove one ODP-list entry,True,,False,,odp_required_list[1],ma-06_odp.02,<removed>,364c58f719cfd6ffe5254ae2a18662b141375bff93b8f166e679d3b538d05b7f,966be6863efaf7cb917c2b404f8b33cb12d5495c5ccd758b272c048774700aa9,How should organizations identify critical system components and obtain maintenance support to mitigate risk when those components fail?
rev5,45,flip_status,Status flip,True,,True,OKButUnresolvedODPPlaceholders,status,PARAMS_REQUIRED,OK,364c58f719cfd6ffe5254ae2a18662b141375bff93b8f166e679d3b538d05b7f,3420d4559acd62abf8d3b388b37e6af0160e0ee1caf5566f869917f176be44c9,How should organizations identify critical system components and obtain maintenance support to mitigate risk when those components fail?
rev5,46,valid_active_id_swap,Valid active-revision ID swap,True,,True,SpanNotVerbatim,evidence_spans[0].source_id,mp-2_smt,mp-3_gdn,8155ca7e56c3c119c97e03f3d523c4597317df926fbb89886bfb1a708f3ec66d,16445b3ec744ef8313711b9e5813d5734189e68fbe56c2f8a01edb68f49fad45,How should access to both digital and non-digital system media be restricted to authorized individuals?
rev5,46,span_character_change,One-character span alteration,True,,True,SpanNotVerbatim,evidence_spans[0].span_text[0],R,S,8155ca7e56c3c119c97e03f3d523c4597317df926fbb89886bfb1a708f3ec66d,6d5e10c62a3278f2bc846d6b69be7228fc0fc0ef7683d6031b723bd6ae4e281f,How should access to both digital and non-digital system media be restricted to authorized individuals?
rev5,46,rev4_only_id_in_rev5,Rev. 4-only ID in Rev. 5,True,,True,UnknownSourceId,evidence_spans[0].source_id,mp-2_smt,ac-14.a_obj.2,8155ca7e56c3c119c97e03f3d523c4597317df926fbb89886bfb1a708f3ec66d,97479097daa60041b3c49ed53df3e30ba8725e5df6af2cd3dc6704cfc0c90638,How should access to both digital and non-digital system media be restricted to authorized individuals?
rev5,46,drop_odp_entry,Remove one ODP-list entry,True,,False,,odp_required_list[1],mp-2_prm_2,<removed>,8155ca7e56c3c119c97e03f3d523c4597317df926fbb89886bfb1a708f3ec66d,8419a917724643b95aded133775d6dd2f994b86eb90d450ba786460024d9fcc4,How should access to both digital and non-digital system media be restricted to authorized individuals?
rev5,46,flip_status,Status flip,True,,True,OKButUnresolvedODPPlaceholders,status,PARAMS_REQUIRED,OK,8155ca7e56c3c119c97e03f3d523c4597317df926fbb89886bfb1a708f3ec66d,d6d3013b6cea59617760d39a76e04014d922cc7518019df9b87304b361086ab2,How should access to both digital and non-digital system media be restricted to authorized individuals?
rev5,47,valid_active_id_swap,Valid active-revision ID swap,True,,True,SpanNotVerbatim,evidence_spans[0].source_id,mp-3_smt.a,mp-3_smt.b,2f647fe3eef283233cd4101fa690f5d7855843329dadc8dbe5a1e8f840764592,a34dd812ad8f7ee006c21771786095ceaafda58e442c1bae5c1e09f9cabcad2d,"What requirements apply to marking system media with handling or distribution limitations, and when may media be exempt from marking?"
rev5,47,span_character_change,One-character span alteration,True,,True,SpanNotVerbatim,evidence_spans[0].span_text[0],M,N,2f647fe3eef283233cd4101fa690f5d7855843329dadc8dbe5a1e8f840764592,f60a366fea6ebc124f2b76bdd784aedb15204423fc1ffe5094d32780b74d1add,"What requirements apply to marking system media with handling or distribution limitations, and when may media be exempt from marking?"
rev5,47,rev4_only_id_in_rev5,Rev. 4-only ID in Rev. 5,True,,True,UnknownSourceId,evidence_spans[0].source_id,mp-3_smt.a,ac-14.b_obj,2f647fe3eef283233cd4101fa690f5d7855843329dadc8dbe5a1e8f840764592,8d0cc05c260a24eaf5cded0479d7131751172d0c2e694d8e86425a25b2da9da4,"What requirements apply to marking system media with handling or distribution limitations, and when may media be exempt from marking?"
rev5,47,drop_odp_entry,Remove one ODP-list entry,True,,False,,odp_required_list[1],mp-03_odp.02,<removed>,2f647fe3eef283233cd4101fa690f5d7855843329dadc8dbe5a1e8f840764592,0486bdaa3fa88cc7f6df70c75f0e07cd4950c0a63392af197c1244c7ef3006c1,"What requirements apply to marking system media with handling or distribution limitations, and when may media be exempt from marking?"
rev5,47,flip_status,Status flip,True,,True,OKButUnresolvedODPPlaceholders,status,PARAMS_REQUIRED,OK,2f647fe3eef283233cd4101fa690f5d7855843329dadc8dbe5a1e8f840764592,9143c4b59751427d60663b620f5c8657090c673c3cc5124501f2011053f1628f,"What requirements apply to marking system media with handling or distribution limitations, and when may media be exempt from marking?"
rev5,48,valid_active_id_swap,Valid active-revision ID swap,True,,True,SpanNotVerbatim,evidence_spans[0].source_id,mp-4_smt,mp-4_smt.a,552e5d7ccb8e320e2866e9f781202b5de2cffb7d970bb4d2d9af0e287314591b,98f17a7f1370b936cd779e34826a86dc5ce1b5603b181ecaa78c931e9500afb8,How must organizations physically control and securely store system media to prevent unauthorized access or tampering?
rev5,48,span_character_change,One-character span alteration,True,,True,SpanNotVerbatim,evidence_spans[0].span_text[0],a,b,552e5d7ccb8e320e2866e9f781202b5de2cffb7d970bb4d2d9af0e287314591b,90b961cd3cc6e8f347441d9444a44fcde51239c7324d80515cf68e7208c02347,How must organizations physically control and securely store system media to prevent unauthorized access or tampering?
rev5,48,rev4_only_id_in_rev5,Rev. 4-only ID in Rev. 5,True,,True,UnknownSourceId,evidence_spans[0].source_id,mp-4_smt,ac-14_prm_1,552e5d7ccb8e320e2866e9f781202b5de2cffb7d970bb4d2d9af0e287314591b,36fbd410788c33902fd4817390c2bfd5be0749fc2231ec958df772507fc91664,How must organizations physically control and securely store system media to prevent unauthorized access or tampering?
rev5,48,drop_odp_entry,Remove one ODP-list entry,True,,False,,odp_required_list[1],mp-4_prm_2,<removed>,552e5d7ccb8e320e2866e9f781202b5de2cffb7d970bb4d2d9af0e287314591b,7d9c3a2758d37b5d97e0cfc7455f4ff42a693706b262841c81820a3420f7d27f,How must organizations physically control and securely store system media to prevent unauthorized access or tampering?
rev5,48,flip_status,Status flip,True,,True,OKButUnresolvedODPPlaceholders,status,PARAMS_REQUIRED,OK,552e5d7ccb8e320e2866e9f781202b5de2cffb7d970bb4d2d9af0e287314591b,4743069f2a77fbfe8b2b3a6fd14d324b3c43e8e40bf402bbc560b5fca982932e,How must organizations physically control and securely store system media to prevent unauthorized access or tampering?
rev5,49,valid_active_id_swap,Valid active-revision ID swap,True,,True,SpanNotVerbatim,evidence_spans[0].source_id,mp-5_smt.a,mp-5_smt.b,517956247323572a9257c7586371f4ef9ca6095848f135cda25b7b991e9bc36d,88e6a7d717dc21fe9be859aaa0b5584ba99124a4af4b289344523249f05dfd4d,"What safeguards should be in place for transporting system media outside controlled areas, including accountability and documentation requirements?"
rev5,49,span_character_change,One-character span alteration,True,,True,SpanNotVerbatim,evidence_spans[0].span_text[0],P,Q,517956247323572a9257c7586371f4ef9ca6095848f135cda25b7b991e9bc36d,f2e0fe22cefb4e93065c3577f0b706d15f8c44846eeb912a00b66fac6e2434e2,"What safeguards should be in place for transporting system media outside controlled areas, including accountability and documentation requirements?"
rev5,49,rev4_only_id_in_rev5,Rev. 4-only ID in Rev. 5,True,,True,UnknownSourceId,evidence_spans[0].source_id,mp-5_smt.a,ac-16.1_obj.1,517956247323572a9257c7586371f4ef9ca6095848f135cda25b7b991e9bc36d,0b1fbadc01b47f50a7bdb43ed4837f1d864714d8df3cebe89bf23a0cace9a64c,"What safeguards should be in place for transporting system media outside controlled areas, including accountability and documentation requirements?"
rev5,49,drop_odp_entry,Remove one ODP-list entry,True,,False,,odp_required_list[1],mp-5_prm_2,<removed>,517956247323572a9257c7586371f4ef9ca6095848f135cda25b7b991e9bc36d,17a8d9c9b22330795c65337304662450f04c4a2d3dcb4ea29cd926bdf8dd466f,"What safeguards should be in place for transporting system media outside controlled areas, including accountability and documentation requirements?"
rev5,49,flip_status,Status flip,True,,True,OKButUnresolvedODPPlaceholders,status,PARAMS_REQUIRED,OK,517956247323572a9257c7586371f4ef9ca6095848f135cda25b7b991e9bc36d,1aa3abf6a1dd91fdad6c1e521b4d06b02349a5381ac1e6555928c4267915a3d1,"What safeguards should be in place for transporting system media outside controlled areas, including accountability and documentation requirements?"
rev5,50,valid_active_id_swap,Valid active-revision ID swap,True,,True,SpanNotVerbatim,evidence_spans[0].source_id,mp-6_smt.a,mp-6_smt.b,4471c58f9fb8cfef3ed45f848b5c4ed76813088616c78fb481f3027bbf44b15a,30f8f12401bd4e608049ca7e81b4598d91dbbd6b8f61d44c945bfb5ec86e7ac2,"What are the requirements for sanitizing system media prior to disposal, reuse, or release from organizational control?"
rev5,50,span_character_change,One-character span alteration,True,,True,SpanNotVerbatim,evidence_spans[0].span_text[0],S,T,4471c58f9fb8cfef3ed45f848b5c4ed76813088616c78fb481f3027bbf44b15a,db2a20d76257b52d6d1a982cbd40c8e644d62cf6c54c27744d47f0d41d446f37,"What are the requirements for sanitizing system media prior to disposal, reuse, or release from organizational control?"
rev5,50,rev4_only_id_in_rev5,Rev. 4-only ID in Rev. 5,True,,True,UnknownSourceId,evidence_spans[0].source_id,mp-6_smt.a,ac-16.1_obj.2,4471c58f9fb8cfef3ed45f848b5c4ed76813088616c78fb481f3027bbf44b15a,2ce6e7fa72c417e15184a91e3b9cc0b28926846a1df08569064accc290f6a437,"What are the requirements for sanitizing system media prior to disposal, reuse, or release from organizational control?"
rev5,50,drop_odp_entry,Remove one ODP-list entry,True,,False,,odp_required_list[1],mp-6_prm_2,<removed>,4471c58f9fb8cfef3ed45f848b5c4ed76813088616c78fb481f3027bbf44b15a,2ac4da0eefc42b072261c73de1dfc931f0356babfa40278266ad06a49eefc668,"What are the requirements for sanitizing system media prior to disposal, reuse, or release from organizational control?"
rev5,50,flip_status,Status flip,True,,True,OKButUnresolvedODPPlaceholders,status,PARAMS_REQUIRED,OK,4471c58f9fb8cfef3ed45f848b5c4ed76813088616c78fb481f3027bbf44b15a,ca40bc717dee7d44d867c52d10c9fcc14c1cbb67e4824d035aad4556e89b0cd7,"What are the requirements for sanitizing system media prior to disposal, reuse, or release from organizational control?"
rev5,51,valid_active_id_swap,Valid active-revision ID swap,True,,True,SpanNotVerbatim,evidence_spans[0].source_id,pe-2_smt.a,pe-2_smt.b,d924660de4a27e5daf03b10534b5d27829eac4aa227006c0b0265f2452221e99,77392691e0708e07372a7c89f1b02433a466fcb8b7ca95c881d7d014c95a4add,"What are the requirements for managing facility access authorizations, credentials, and access lists for individuals entering secured areas?"
rev5,51,span_character_change,One-character span alteration,True,,True,SpanNotVerbatim,evidence_spans[0].span_text[0],D,E,d924660de4a27e5daf03b10534b5d27829eac4aa227006c0b0265f2452221e99,d4786565e77f9bc0b6139f603d25555d7eb35966fdb70dfee667a01ecb1da2d8,"What are the requirements for managing facility access authorizations, credentials, and access lists for individuals entering secured areas?"
rev5,51,rev4_only_id_in_rev5,Rev. 4-only ID in Rev. 5,True,,True,UnknownSourceId,evidence_spans[0].source_id,pe-2_smt.a,ac-16.1_obj.3,d924660de4a27e5daf03b10534b5d27829eac4aa227006c0b0265f2452221e99,fb6e23045b4981d017d3ba64a2fde7d22987b9d50d73f866fbc3cb67b58dca83,"What are the requirements for managing facility access authorizations, credentials, and access lists for individuals entering secured areas?"
rev5,51,drop_odp_entry,Remove one ODP-list entry,True,,True,ParamsRequiredButODPListEmpty,odp_required_list[0],pe-02_odp,<removed>,d924660de4a27e5daf03b10534b5d27829eac4aa227006c0b0265f2452221e99,b1cdf3b5b66ee7aa29717aca10fa29e996007429fac2c213119ee2dc152d9156,"What are the requirements for managing facility access authorizations, credentials, and access lists for individuals entering secured areas?"
rev5,51,flip_status,Status flip,True,,True,OKButUnresolvedODPPlaceholders,status,PARAMS_REQUIRED,OK,d924660de4a27e5daf03b10534b5d27829eac4aa227006c0b0265f2452221e99,26fcac4c247a0668e402da6dd5fb325821cdd23e97af14aabd95447469742909,"What are the requirements for managing facility access authorizations, credentials, and access lists for individuals entering secured areas?"
rev5,52,valid_active_id_swap,Valid active-revision ID swap,True,,True,SpanNotVerbatim,evidence_spans[0].source_id,pe-3_smt.a,pe-3_smt.a.1,e514c3a9e765b922b3f7d3e87f949de8f43d9af5a4ae5d1ee0902663344fffb8,30acdf6b9e4627ca73db884b479dd35963512ffa18753a25bd0dd49ca6ae7359,"What considerations, components, and types of controls are involved in implementing physical access control?"
rev5,52,span_character_change,One-character span alteration,True,,True,SpanNotVerbatim,evidence_spans[0].span_text[0],E,F,e514c3a9e765b922b3f7d3e87f949de8f43d9af5a4ae5d1ee0902663344fffb8,4fba4167f17796ae1be37422e1124f1ed9801030158ae248f2bb44865c35d4f4,"What considerations, components, and types of controls are involved in implementing physical access control?"
rev5,52,rev4_only_id_in_rev5,Rev. 4-only ID in Rev. 5,True,,True,UnknownSourceId,evidence_spans[0].source_id,pe-3_smt.a,ac-16.3_obj.1,e514c3a9e765b922b3f7d3e87f949de8f43d9af5a4ae5d1ee0902663344fffb8,b81ca48d05d1a6280c02500e41828575c23b9fe81c9606b9e8e9411f1ed1d352,"What considerations, components, and types of controls are involved in implementing physical access control?"
rev5,52,drop_odp_entry,Remove one ODP-list entry,True,,False,,odp_required_list[3],pe-03_odp.05,<removed>,e514c3a9e765b922b3f7d3e87f949de8f43d9af5a4ae5d1ee0902663344fffb8,d78d22fb4d1337514845d67ecfa89a8e8bf19b5927ac85e549f93d546d459a53,"What considerations, components, and types of controls are involved in implementing physical access control?"
rev5,52,flip_status,Status flip,True,,True,OKButUnresolvedODPPlaceholders,status,PARAMS_REQUIRED,OK,e514c3a9e765b922b3f7d3e87f949de8f43d9af5a4ae5d1ee0902663344fffb8,bcf2ee803fa048d998ee1aef0394ed883c483c69b8395191b6be6857afd0ed70,"What considerations, components, and types of controls are involved in implementing physical access control?"
rev5,53,valid_active_id_swap,Valid active-revision ID swap,True,,True,SpanNotVerbatim,evidence_spans[0].source_id,sc-8_smt,si-01_odp.01,9af8a8ba1be06698d9f96cde87c01dc81a778ad61b54058de3821318446ccad6,4b56a82983701e1414246e251933dcf33f825ed3a7e2a99e3445b5e121849346,What controls should organizations use to protect system distribution and transmission lines from physical damage or interception?
rev5,53,span_character_change,One-character span alteration,True,,True,SpanNotVerbatim,evidence_spans[0].span_text[0],P,Q,9af8a8ba1be06698d9f96cde87c01dc81a778ad61b54058de3821318446ccad6,eb4b90d9287a9f08e895d5f7a258a0a4577bff8ea491479722fc31906dfe6ed2,What controls should organizations use to protect system distribution and transmission lines from physical damage or interception?
rev5,53,rev4_only_id_in_rev5,Rev. 4-only ID in Rev. 5,True,,True,UnknownSourceId,evidence_spans[0].source_id,sc-8_smt,ac-16.3_obj.2,9af8a8ba1be06698d9f96cde87c01dc81a778ad61b54058de3821318446ccad6,19aecf3ed8aa20b7aff588206845021bf4390b823173f923982945f21d7379f1,What controls should organizations use to protect system distribution and transmission lines from physical damage or interception?
rev5,53,drop_odp_entry,Remove one ODP-list entry,True,,True,ParamsRequiredButODPListEmpty,odp_required_list[0],sc-08_odp,<removed>,9af8a8ba1be06698d9f96cde87c01dc81a778ad61b54058de3821318446ccad6,010922ad8924ca29a06a3ee6b21f568fd5cb889d5406c250d60ef3befdea77f4,What controls should organizations use to protect system distribution and transmission lines from physical damage or interception?
rev5,53,flip_status,Status flip,True,,True,OKButUnresolvedODPPlaceholders,status,PARAMS_REQUIRED,OK,9af8a8ba1be06698d9f96cde87c01dc81a778ad61b54058de3821318446ccad6,240c1be11f4c7c4f3e0693adb64b47a974c745f485dabbca1130c64313515f84,What controls should organizations use to protect system distribution and transmission lines from physical damage or interception?
rev5,54,valid_active_id_swap,Valid active-revision ID swap,True,,True,SpanNotVerbatim,evidence_spans[0].source_id,pe-5_gdn,pe-5_obj,71cad556dd23ef469a44b598c413ce2464f0ac5b16ecf546395b57500dbe6958,4708598855672b8de1fcbbd62f61b2fc7c35c4c3f320a139f7865dec3c28e6a1,"How should physical access to output devices such as monitors, printers, or copiers be restricted and monitored?"
rev5,54,span_character_change,One-character span alteration,True,,True,SpanNotVerbatim,evidence_spans[0].span_text[0],C,D,71cad556dd23ef469a44b598c413ce2464f0ac5b16ecf546395b57500dbe6958,3099d1e8f3923ab6733f0d964505c290cc1e1511f9fbb3135de2403453ef21d0,"How should physical access to output devices such as monitors, printers, or copiers be restricted and monitored?"
rev5,54,rev4_only_id_in_rev5,Rev. 4-only ID in Rev. 5,True,,True,UnknownSourceId,evidence_spans[0].source_id,pe-5_gdn,ac-16.3_obj.3,71cad556dd23ef469a44b598c413ce2464f0ac5b16ecf546395b57500dbe6958,49847f7c0532c111fe42549add3c22eb2a631af0bb85d8d777f2ee0530c35a2f,"How should physical access to output devices such as monitors, printers, or copiers be restricted and monitored?"
rev5,54,drop_odp_entry,Remove one ODP-list entry,True,,True,ParamsRequiredButODPListEmpty,odp_required_list[0],pe-05_odp,<removed>,71cad556dd23ef469a44b598c413ce2464f0ac5b16ecf546395b57500dbe6958,1f61ba98be563eb1638a06dc65d9812affcbc242e5accadd92e2d1a388c2d3f8,"How should physical access to output devices such as monitors, printers, or copiers be restricted and monitored?"
rev5,54,flip_status,Status flip,True,,True,OKButUnresolvedODPPlaceholders,status,PARAMS_REQUIRED,OK,71cad556dd23ef469a44b598c413ce2464f0ac5b16ecf546395b57500dbe6958,0891325f8d8c1cb3bd765e33c0c75d4541721c2cfb54d3178e4f63453aad7333,"How should physical access to output devices such as monitors, printers, or copiers be restricted and monitored?"
rev5,55,valid_active_id_swap,Valid active-revision ID swap,True,,True,SpanNotVerbatim,evidence_spans[0].source_id,pe-6_smt,pe-6_smt.a,18cb7ff495c55b50da0fd8028a229be0ec5307f66a92432686cc271853cae738,184272969a7637ef7ad94ed46409b069422aa6c6a3b98f3a84f28ffbdee18919,What measures should be implemented to monitor and review physical access logs and respond to security incidents in facilities housing systems?
rev5,55,span_character_change,One-character span alteration,True,,True,SpanNotVerbatim,evidence_spans[0].span_text[0],a,b,18cb7ff495c55b50da0fd8028a229be0ec5307f66a92432686cc271853cae738,eacfec12b6e31fb16f6bfd4904d5ac7a01ffd51b6cc7cfac3b0813e0a96293d9,What measures should be implemented to monitor and review physical access logs and respond to security incidents in facilities housing systems?
rev5,55,rev4_only_id_in_rev5,Rev. 4-only ID in Rev. 5,True,,True,UnknownSourceId,evidence_spans[0].source_id,pe-6_smt,ac-16.4_obj.1,18cb7ff495c55b50da0fd8028a229be0ec5307f66a92432686cc271853cae738,9cff2bc389606be12fdd27b20fa120ce89741dcc26fb3ae4807d0b7b3b61a0f5,What measures should be implemented to monitor and review physical access logs and respond to security incidents in facilities housing systems?
rev5,55,drop_odp_entry,Remove one ODP-list entry,True,,False,,odp_required_list[1],pe-06_odp.02,<removed>,18cb7ff495c55b50da0fd8028a229be0ec5307f66a92432686cc271853cae738,a78081cc713c6a890d8904a34f3c572452377efad5a4579d6c633b48953400af,What measures should be implemented to monitor and review physical access logs and respond to security incidents in facilities housing systems?
rev5,55,flip_status,Status flip,True,,True,OKButUnresolvedODPPlaceholders,status,PARAMS_REQUIRED,OK,18cb7ff495c55b50da0fd8028a229be0ec5307f66a92432686cc271853cae738,2b6ed6b6bc299c467f1b420765b2b6fb0c29b6f238971aef6f073ae2a6c1ae82,What measures should be implemented to monitor and review physical access logs and respond to security incidents in facilities housing systems?
rev5,56,valid_active_id_swap,Valid active-revision ID swap,True,,True,SpanNotVerbatim,evidence_spans[0].source_id,pl-2_smt.b,pl-2_smt.c,966d93dbc871d31fbc8f16e9eebdcc7f15d2f79c2f3de1a1788c05dd450f9993,b490e2fb3f3f0663d7ca59d1841d4b8f6178884417848f44a8b435e3bf0417a6,What is the guidance of control PL-2?
rev5,56,span_character_change,One-character span alteration,True,,True,SpanNotVerbatim,evidence_spans[0].span_text[0],D,E,966d93dbc871d31fbc8f16e9eebdcc7f15d2f79c2f3de1a1788c05dd450f9993,8762189f62d569ab4217e5f6d72b35ff4dad7421d3aeb1dd5e3befded7c77f5f,What is the guidance of control PL-2?
rev5,56,rev4_only_id_in_rev5,Rev. 4-only ID in Rev. 5,True,,True,UnknownSourceId,evidence_spans[0].source_id,pl-2_smt.b,ac-16.4_obj.2,966d93dbc871d31fbc8f16e9eebdcc7f15d2f79c2f3de1a1788c05dd450f9993,b4c603f6b1d0c8788675dc7621385e143f0f8f276f3a62f29e3f934f447c7229,What is the guidance of control PL-2?
rev5,56,drop_odp_entry,Remove one ODP-list entry,True,,False,,odp_required_list[2],pl-02_odp.03,<removed>,966d93dbc871d31fbc8f16e9eebdcc7f15d2f79c2f3de1a1788c05dd450f9993,291fa2d32675daa11317c1551d86888032f3ea1ab7f55213bc35d05a24eaed54,What is the guidance of control PL-2?
rev5,56,flip_status,Status flip,True,,True,OKButUnresolvedODPPlaceholders,status,PARAMS_REQUIRED,OK,966d93dbc871d31fbc8f16e9eebdcc7f15d2f79c2f3de1a1788c05dd450f9993,b67eada9d2cd03de0d367aa2c39a8cbf8110230b11d98cccef041ad921243f0a,What is the guidance of control PL-2?
rev5,57,valid_active_id_swap,Valid active-revision ID swap,True,,True,SpanNotVerbatim,evidence_spans[0].source_id,pl-4_gdn,pl-4_obj,d43ad5288222062da84d145655d1b56d35c1e4fa9279eb4dc239d1a51eb39ce7,37d4b8d633a09da8a52989315e643cd69caba657e880c6e2aa9b70e97aefb8b0,What considerations are involved in establishing rules of behavior regarding their application to different user types and the methods for documenting acknowledgment?
rev5,57,span_character_change,One-character span alteration,True,,True,SpanNotVerbatim,evidence_spans[0].span_text[0],R,S,d43ad5288222062da84d145655d1b56d35c1e4fa9279eb4dc239d1a51eb39ce7,6b8acdde75e71c7558d4c81b0b14b0f802e8b9a72d57cb75b9894547fde987df,What considerations are involved in establishing rules of behavior regarding their application to different user types and the methods for documenting acknowledgment?
rev5,57,rev4_only_id_in_rev5,Rev. 4-only ID in Rev. 5,True,,True,UnknownSourceId,evidence_spans[0].source_id,pl-4_gdn,ac-16.4_obj.3,d43ad5288222062da84d145655d1b56d35c1e4fa9279eb4dc239d1a51eb39ce7,4e6de69f0ce6c2668e0e934b28a7e5bd19b43fadcd1a6f082945336092b1d3e5,What considerations are involved in establishing rules of behavior regarding their application to different user types and the methods for documenting acknowledgment?
rev5,57,drop_odp_entry,Remove one ODP-list entry,True,,False,,odp_required_list[1],pl-04_odp.02,<removed>,d43ad5288222062da84d145655d1b56d35c1e4fa9279eb4dc239d1a51eb39ce7,3aa7d0fc3cf815ca13888f163c64b9ea20dae1f5d84542294ccaecab5de5db39,What considerations are involved in establishing rules of behavior regarding their application to different user types and the methods for documenting acknowledgment?
rev5,57,flip_status,Status flip,True,,True,OKButUnresolvedODPPlaceholders,status,PARAMS_REQUIRED,OK,d43ad5288222062da84d145655d1b56d35c1e4fa9279eb4dc239d1a51eb39ce7,e386fc7d9724ca041c5f68a905057e6d577319064ceddf0de6b72eab0d1aa206,What considerations are involved in establishing rules of behavior regarding their application to different user types and the methods for documenting acknowledgment?
rev5,58,valid_active_id_swap,Valid active-revision ID swap,True,,True,SpanNotVerbatim,evidence_spans[0].source_id,pl-7_smt.b,pl-8.1_gdn,b2c2446c2a42642210245299fe60879ea19091ac280babd724b4d53b36a51b24,175f93d2ba903ae2fb4cb97557e31083b6526143b1c235cf02e838dbdb3416f3,"What is the purpose of a Concept of Operations, and how often should it be reviewed and updated?"
rev5,58,span_character_change,One-character span alteration,True,,True,SpanNotVerbatim,evidence_spans[0].span_text[0],R,S,b2c2446c2a42642210245299fe60879ea19091ac280babd724b4d53b36a51b24,df51d19dc6c767cbe477ded5acb02fe40f74180d6b39fd7f91d956fd03ed8ab1,"What is the purpose of a Concept of Operations, and how often should it be reviewed and updated?"
rev5,58,rev4_only_id_in_rev5,Rev. 4-only ID in Rev. 5,True,,True,UnknownSourceId,evidence_spans[0].source_id,pl-7_smt.b,ac-16.5_obj.1,b2c2446c2a42642210245299fe60879ea19091ac280babd724b4d53b36a51b24,afba180d475b3430d78fb26a7926100f36f3628a627476e86f64b636abc97a20,"What is the purpose of a Concept of Operations, and how often should it be reviewed and updated?"
rev5,58,drop_odp_entry,Remove one ODP-list entry,True,,True,ParamsRequiredButODPListEmpty,odp_required_list[0],pl-07_odp,<removed>,b2c2446c2a42642210245299fe60879ea19091ac280babd724b4d53b36a51b24,68a9dec1ffbdb422113980d4de8cc30276b948085cc7ae4d6bf6c5b7557076e0,"What is the purpose of a Concept of Operations, and how often should it be reviewed and updated?"
rev5,58,flip_status,Status flip,True,,True,OKButUnresolvedODPPlaceholders,status,PARAMS_REQUIRED,OK,b2c2446c2a42642210245299fe60879ea19091ac280babd724b4d53b36a51b24,7db9e9e8c6e6ea99e337795e20402d3540aab2dd28c7d9b440a40fedb9dca030,"What is the purpose of a Concept of Operations, and how often should it be reviewed and updated?"
rev5,59,valid_active_id_swap,Valid active-revision ID swap,True,,True,SpanNotVerbatim,evidence_spans[0].source_id,pl-8_smt,pl-8_smt.a,c5375f9dfd68cb694080ea17666c6f4a57a6d6c21069aefad3e28e2ba5004561,99943f660dde3b12f09a7844cb7e382f9b8c3c439e6eab11a513c84521b604bf,What should security and privacy architectures describe to ensure protection of information and integration with the enterprise architecture?
rev5,59,span_character_change,One-character span alteration,True,,True,SpanNotVerbatim,evidence_spans[0].span_text[0],a,b,c5375f9dfd68cb694080ea17666c6f4a57a6d6c21069aefad3e28e2ba5004561,7fa74111133581d3081ad66d43af38954a83a6070f2467131425278e0577836c,What should security and privacy architectures describe to ensure protection of information and integration with the enterprise architecture?
rev5,59,rev4_only_id_in_rev5,Rev. 4-only ID in Rev. 5,True,,True,UnknownSourceId,evidence_spans[0].source_id,pl-8_smt,ac-16.5_obj.2,c5375f9dfd68cb694080ea17666c6f4a57a6d6c21069aefad3e28e2ba5004561,20cd057627967fe734a896a7e35531810dd242a8cf794b5a7fa003f8bc140d59,What should security and privacy architectures describe to ensure protection of information and integration with the enterprise architecture?
rev5,59,drop_odp_entry,Remove one ODP-list entry,True,,True,ParamsRequiredButODPListEmpty,odp_required_list[0],pl-08_odp,<removed>,c5375f9dfd68cb694080ea17666c6f4a57a6d6c21069aefad3e28e2ba5004561,cfecf217a1bc881f0a89500a28eec86194c5ddac03eb3c336e4af938272ab534,What should security and privacy architectures describe to ensure protection of information and integration with the enterprise architecture?
rev5,59,flip_status,Status flip,True,,True,OKButUnresolvedODPPlaceholders,status,PARAMS_REQUIRED,OK,c5375f9dfd68cb694080ea17666c6f4a57a6d6c21069aefad3e28e2ba5004561,28820662b72fa3beffd294812fac3a9ca37e9fb56bb3213d4cb8b010bafe1e36,What should security and privacy architectures describe to ensure protection of information and integration with the enterprise architecture?
rev5,60,valid_active_id_swap,Valid active-revision ID swap,True,,True,SpanNotVerbatim,evidence_spans[0].source_id,pl-11_gdn,pl-11_obj,2c881234752d52e7690a0f172f6539f6acb2227894472852e38dc424079f7746,ee337a54fed475d61ce196816bd1fe5dcdb45db3e832beb0752b7831ba5632d4,"How does the concept of tailoring allow organizations to customize control baselines to their mission, environment, and risk profile?"
rev5,60,span_character_change,One-character span alteration,True,,True,SpanNotVerbatim,evidence_spans[0].span_text[0],T,U,2c881234752d52e7690a0f172f6539f6acb2227894472852e38dc424079f7746,5d811385bac0c064e6d2ac70635a4c41cf2676d1e43243fcf7f2870a0e923a97,"How does the concept of tailoring allow organizations to customize control baselines to their mission, environment, and risk profile?"
rev5,60,rev4_only_id_in_rev5,Rev. 4-only ID in Rev. 5,True,,True,UnknownSourceId,evidence_spans[0].source_id,pl-11_gdn,ac-16.5_obj.3,2c881234752d52e7690a0f172f6539f6acb2227894472852e38dc424079f7746,b9ee7f591e0cfd8e64d9e2eb5b0ef00b382ad8c613c077838076b7d433a202ab,"How does the concept of tailoring allow organizations to customize control baselines to their mission, environment, and risk profile?"
rev5,60,drop_odp_entry,Remove one ODP-list entry,False,empty odp_required_list,False,,,,,2c881234752d52e7690a0f172f6539f6acb2227894472852e38dc424079f7746,,"How does the concept of tailoring allow organizations to customize control baselines to their mission, environment, and risk profile?"
rev5,60,flip_status,Status flip,True,,True,ParamsRequiredButNoPlaceholders|ParamsRequiredButODPListEmpty,status,OK,PARAMS_REQUIRED,2c881234752d52e7690a0f172f6539f6acb2227894472852e38dc424079f7746,3416f36e57c10378b169834925a02bb7711bf90be21482614584eba2d28236a9,"How does the concept of tailoring allow organizations to customize control baselines to their mission, environment, and risk profile?"
rev5,61,valid_active_id_swap,Valid active-revision ID swap,True,,True,SpanNotVerbatim,evidence_spans[0].source_id,pm-2_smt,pm-30.1_gdn,54b4acace0893d1706d6dbff779cb6298a6d6d4f3f458e589590615ef5ca66e6,be4639b045e2abcffafda090ca60748b07230f93fdb1e347bc9d42b0f0f1af6f,"Who serves as the senior agency information security officer, and what is their role within federal agencies?"
rev5,61,span_character_change,One-character span alteration,True,,True,SpanNotVerbatim,evidence_spans[0].span_text[0],A,B,54b4acace0893d1706d6dbff779cb6298a6d6d4f3f458e589590615ef5ca66e6,7545295a2e51af0267543715ac680ff7ba35f7c75bd3541fbadae9538f898524,"Who serves as the senior agency information security officer, and what is their role within federal agencies?"
rev5,61,rev4_only_id_in_rev5,Rev. 4-only ID in Rev. 5,True,,True,UnknownSourceId,evidence_spans[0].source_id,pm-2_smt,ac-16.5_prm_1,54b4acace0893d1706d6dbff779cb6298a6d6d4f3f458e589590615ef5ca66e6,1a7a8a7b05531609a363d1a11cce0891d28debd2190ffbe937dd0fabc89c2118,"Who serves as the senior agency information security officer, and what is their role within federal agencies?"
rev5,61,drop_odp_entry,Remove one ODP-list entry,False,empty odp_required_list,False,,,,,54b4acace0893d1706d6dbff779cb6298a6d6d4f3f458e589590615ef5ca66e6,,"Who serves as the senior agency information security officer, and what is their role within federal agencies?"
rev5,61,flip_status,Status flip,True,,True,ParamsRequiredButNoPlaceholders|ParamsRequiredButODPListEmpty,status,OK,PARAMS_REQUIRED,54b4acace0893d1706d6dbff779cb6298a6d6d4f3f458e589590615ef5ca66e6,fcae9774474c441be830845c307287aa4bbf3687d819649df67f1182c26f580f,"Who serves as the senior agency information security officer, and what is their role within federal agencies?"
rev5,62,valid_active_id_swap,Valid active-revision ID swap,True,,True,SpanNotVerbatim,evidence_spans[0].source_id,pm-4_smt.a,pm-4_smt.a.1,84249a01bccfaffe163b6b0b2a4e2ed0de099f14cfdbfb0c0e975619698796d0,421221337cbac25b729e741493f25fcc66f1ebfe7008a93ba347959d68865eef,What is the purpose of a plan of action and milestones process within the organization's risk management strategy?
rev5,62,span_character_change,One-character span alteration,True,,True,SpanNotVerbatim,evidence_spans[0].span_text[0],I,J,84249a01bccfaffe163b6b0b2a4e2ed0de099f14cfdbfb0c0e975619698796d0,fc77319b02251ecdb545ae106f3a9c823021b8ce7f141cc9c6ac99b19145da6a,What is the purpose of a plan of action and milestones process within the organization's risk management strategy?
rev5,62,rev4_only_id_in_rev5,Rev. 4-only ID in Rev. 5,True,,True,UnknownSourceId,evidence_spans[0].source_id,pm-4_smt.a,ac-16.5_prm_2,84249a01bccfaffe163b6b0b2a4e2ed0de099f14cfdbfb0c0e975619698796d0,58bcf7ca5c07479ad0a95d60aa8df16e00cdaa3b3ca0d768708c2177b8c12ae9,What is the purpose of a plan of action and milestones process within the organization's risk management strategy?
rev5,62,drop_odp_entry,Remove one ODP-list entry,False,empty odp_required_list,False,,,,,84249a01bccfaffe163b6b0b2a4e2ed0de099f14cfdbfb0c0e975619698796d0,,What is the purpose of a plan of action and milestones process within the organization's risk management strategy?
rev5,62,flip_status,Status flip,True,,True,ParamsRequiredButNoPlaceholders|ParamsRequiredButODPListEmpty,status,OK,PARAMS_REQUIRED,84249a01bccfaffe163b6b0b2a4e2ed0de099f14cfdbfb0c0e975619698796d0,d80949d57a7863a28d1762b9c6b1ea13e5ae55ab5c69b17acc706094ef2f2870,What is the purpose of a plan of action and milestones process within the organization's risk management strategy?
rev5,63,valid_active_id_swap,Valid active-revision ID swap,True,,True,SpanNotVerbatim,evidence_spans[0].source_id,pm-6_gdn,pm-6_obj,0b298cc51780b288c4f04ac40d0170edd922526ec791a24eb83faafb8621a271,2f56b9b1d4596f7b076c898c6d8417096cae03a7a3c5c48471a3c2396a427022,How are measures of performance used to evaluate the effectiveness of security and privacy programs?
rev5,63,span_character_change,One-character span alteration,True,,True,SpanNotVerbatim,evidence_spans[0].span_text[0],M,N,0b298cc51780b288c4f04ac40d0170edd922526ec791a24eb83faafb8621a271,2ab91dda59c40e44caf92c6865d71a2375f709d23a63794aae4ef71ff0e42658,How are measures of performance used to evaluate the effectiveness of security and privacy programs?
rev5,63,rev4_only_id_in_rev5,Rev. 4-only ID in Rev. 5,True,,True,UnknownSourceId,evidence_spans[0].source_id,pm-6_gdn,ac-16.6_obj.1,0b298cc51780b288c4f04ac40d0170edd922526ec791a24eb83faafb8621a271,9b2975e5d85e1c42cf6feb720892261b12a57a0e2b0acd398cc139b6a021c102,How are measures of performance used to evaluate the effectiveness of security and privacy programs?
rev5,63,drop_odp_entry,Remove one ODP-list entry,False,empty odp_required_list,False,,,,,0b298cc51780b288c4f04ac40d0170edd922526ec791a24eb83faafb8621a271,,How are measures of performance used to evaluate the effectiveness of security and privacy programs?
rev5,63,flip_status,Status flip,True,,True,ParamsRequiredButNoPlaceholders|ParamsRequiredButODPListEmpty,status,OK,PARAMS_REQUIRED,0b298cc51780b288c4f04ac40d0170edd922526ec791a24eb83faafb8621a271,2e99ee344cef9a757d6d0d338b3c59d88d4c43470821835307c1f830da8104e6,How are measures of performance used to evaluate the effectiveness of security and privacy programs?
rev5,64,valid_active_id_swap,Valid active-revision ID swap,True,,True,SpanNotVerbatim,evidence_spans[0].source_id,sa-3_smt.a,sa-3_smt.b,967fc1cfa3846cc14eeb0114d7649faeb13ac4b4483b3d89dc325936e55de90d,570deae15dfd2615b73d899c2c9e9aa5166cb3d1016f2c9d14c332a422eac923,"What considerations must be incorporated into the enterprise architecture to address security, privacy, and risk?"
rev5,64,span_character_change,One-character span alteration,True,,True,SpanNotVerbatim,evidence_spans[0].span_text[0],A,B,967fc1cfa3846cc14eeb0114d7649faeb13ac4b4483b3d89dc325936e55de90d,748cd42a3268d1d6d8f795d4f686a1e06a824cc27635e3217c9bb2cf6cb72b19,"What considerations must be incorporated into the enterprise architecture to address security, privacy, and risk?"
rev5,64,rev4_only_id_in_rev5,Rev. 4-only ID in Rev. 5,True,,True,UnknownSourceId,evidence_spans[0].source_id,sa-3_smt.a,ac-16.6_obj.2,967fc1cfa3846cc14eeb0114d7649faeb13ac4b4483b3d89dc325936e55de90d,de4f8f0d55b8020c8904e15b68e4100fbef8976b9921acd8aacc28e48b34c573,"What considerations must be incorporated into the enterprise architecture to address security, privacy, and risk?"
rev5,64,drop_odp_entry,Remove one ODP-list entry,True,,True,ParamsRequiredButODPListEmpty,odp_required_list[0],sa-03_odp,<removed>,967fc1cfa3846cc14eeb0114d7649faeb13ac4b4483b3d89dc325936e55de90d,9c17b5ad34773fb4aacb6629315e53937c5dca94df2021088b34f5bedd04a8f8,"What considerations must be incorporated into the enterprise architecture to address security, privacy, and risk?"
rev5,64,flip_status,Status flip,True,,True,OKButUnresolvedODPPlaceholders,status,PARAMS_REQUIRED,OK,967fc1cfa3846cc14eeb0114d7649faeb13ac4b4483b3d89dc325936e55de90d,39e9feaf546a77695102487b6c5ad01a631b6313850fdcf2160a72fde7442c13,"What considerations must be incorporated into the enterprise architecture to address security, privacy, and risk?"
rev5,65,valid_active_id_swap,Valid active-revision ID swap,True,,True,SpanNotVerbatim,evidence_spans[0].source_id,pm-9_smt,pm-9_smt.a,80a5c6b0cde787fa1ad4d8dccb2efe7cddf6af7a3488b417d97c10ed6cd94fa4,670b45e8712414ca18faf5a021bc63379dff08f9283c3851083b526280b0fddc,"What are the key components of an organization's risk management strategy, and how should it be implemented and updated?"
rev5,65,span_character_change,One-character span alteration,True,,True,SpanNotVerbatim,evidence_spans[0].span_text[0],a,b,80a5c6b0cde787fa1ad4d8dccb2efe7cddf6af7a3488b417d97c10ed6cd94fa4,61167431bd45d99d70e30c5cb902e9ffdf201ff39c8dd6ac8ef2b4a603c44ae5,"What are the key components of an organization's risk management strategy, and how should it be implemented and updated?"
rev5,65,rev4_only_id_in_rev5,Rev. 4-only ID in Rev. 5,True,,True,UnknownSourceId,evidence_spans[0].source_id,pm-9_smt,ac-16.6_obj.3,80a5c6b0cde787fa1ad4d8dccb2efe7cddf6af7a3488b417d97c10ed6cd94fa4,d123386afd02d656f826df65278c697466387e504a89efb31392eab53179dfe6,"What are the key components of an organization's risk management strategy, and how should it be implemented and updated?"
rev5,65,drop_odp_entry,Remove one ODP-list entry,True,,True,ParamsRequiredButODPListEmpty,odp_required_list[0],pm-09_odp,<removed>,80a5c6b0cde787fa1ad4d8dccb2efe7cddf6af7a3488b417d97c10ed6cd94fa4,27f16c325ab72d8a43b5de842dfe6a35a06a292e5856b20c186363381055472e,"What are the key components of an organization's risk management strategy, and how should it be implemented and updated?"
rev5,65,flip_status,Status flip,True,,True,OKButUnresolvedODPPlaceholders,status,PARAMS_REQUIRED,OK,80a5c6b0cde787fa1ad4d8dccb2efe7cddf6af7a3488b417d97c10ed6cd94fa4,81bf7afb3d4acebe9f46bdaa66bc347a3aaf86ce5fa24ab24d2726594e2f8865,"What are the key components of an organization's risk management strategy, and how should it be implemented and updated?"
rev5,66,valid_active_id_swap,Valid active-revision ID swap,True,,True,SpanNotVerbatim,evidence_spans[0].source_id,ps-2_smt,ps-2_smt.a,c7ca481113fc057c341bd590a6307f1f7d5627676dbb2ac8f4342b3b974152f5,e81d4b3f33010eb2a1fa393acf7ce22b9bc2ec72c6fec5936197fec6c579afb7,"What process should the organization use to assign, review, and update position risk designations and establish screening criteria for personnel?"
rev5,66,span_character_change,One-character span alteration,True,,True,SpanNotVerbatim,evidence_spans[0].span_text[0],a,b,c7ca481113fc057c341bd590a6307f1f7d5627676dbb2ac8f4342b3b974152f5,fb7c49da0229c3cbf79f31877964f551ea6cd31885f274f28d9629419ec20d87,"What process should the organization use to assign, review, and update position risk designations and establish screening criteria for personnel?"
rev5,66,rev4_only_id_in_rev5,Rev. 4-only ID in Rev. 5,True,,True,UnknownSourceId,evidence_spans[0].source_id,ps-2_smt,ac-16.6_obj.4,c7ca481113fc057c341bd590a6307f1f7d5627676dbb2ac8f4342b3b974152f5,3a8cbe29fff653f9834403db10f0e9967b321e0ab975d3788a4af21f1fefdfd9,"What process should the organization use to assign, review, and update position risk designations and establish screening criteria for personnel?"
rev5,66,drop_odp_entry,Remove one ODP-list entry,True,,True,ParamsRequiredButODPListEmpty,odp_required_list[0],ps-02_odp,<removed>,c7ca481113fc057c341bd590a6307f1f7d5627676dbb2ac8f4342b3b974152f5,b681e867390e2572bc79b5e35857f77af34995c8c6d44f4840c213dda7c8250e,"What process should the organization use to assign, review, and update position risk designations and establish screening criteria for personnel?"
rev5,66,flip_status,Status flip,True,,True,OKButUnresolvedODPPlaceholders,status,PARAMS_REQUIRED,OK,c7ca481113fc057c341bd590a6307f1f7d5627676dbb2ac8f4342b3b974152f5,42a3697f0f5d226a568914bac1cbfc9f1ebe3271b834ae2badfbd2ecb4c5937d,"What process should the organization use to assign, review, and update position risk designations and establish screening criteria for personnel?"
rev5,67,valid_active_id_swap,Valid active-revision ID swap,True,,True,SpanNotVerbatim,evidence_spans[0].source_id,ps-3_smt.b,ps-4.1_gdn,097875e761f1848ff2fd45730a8249f2e0e9fd0c903a2ae247d338d4d51f275d,11102389c0e9d49f51b2a5d74e401364e8abee31237ffed16e5e626e9f1a25d1,When and how must individuals be screened before authorizing or maintaining access to organizational systems?
rev5,67,span_character_change,One-character span alteration,True,,True,SpanNotVerbatim,evidence_spans[0].span_text[0],R,S,097875e761f1848ff2fd45730a8249f2e0e9fd0c903a2ae247d338d4d51f275d,4000838b9f3ae6f5e1e5129311d6c127f50ca546f5ce17da839239bbe5932eae,When and how must individuals be screened before authorizing or maintaining access to organizational systems?
rev5,67,rev4_only_id_in_rev5,Rev. 4-only ID in Rev. 5,True,,True,UnknownSourceId,evidence_spans[0].source_id,ps-3_smt.b,ac-16.8_obj.1,097875e761f1848ff2fd45730a8249f2e0e9fd0c903a2ae247d338d4d51f275d,1395e97377cb4a1da20cd2803284070e48cee1d80e3ad6d0e65e48893af2d475,When and how must individuals be screened before authorizing or maintaining access to organizational systems?
rev5,67,drop_odp_entry,Remove one ODP-list entry,True,,True,ParamsRequiredButODPListEmpty,odp_required_list[0],ps-3_prm_1,<removed>,097875e761f1848ff2fd45730a8249f2e0e9fd0c903a2ae247d338d4d51f275d,cb493d60ba8a658b921ac4f5b7ee56930229de0e04a20561fdf46aac6266b00f,When and how must individuals be screened before authorizing or maintaining access to organizational systems?
rev5,67,flip_status,Status flip,True,,True,OKButUnresolvedODPPlaceholders,status,PARAMS_REQUIRED,OK,097875e761f1848ff2fd45730a8249f2e0e9fd0c903a2ae247d338d4d51f275d,9915e99809ef3cc43cdea582b226e4af687be64d27a02282a4f5fe5afd59ffc0,When and how must individuals be screened before authorizing or maintaining access to organizational systems?
rev5,68,valid_active_id_swap,Valid active-revision ID swap,True,,True,SpanNotVerbatim,evidence_spans[0].source_id,ps-4_smt.a,ps-4_smt.b,d1f865477cc1ffc7aa41b6b533f0c591801694519fd1a0aee79d7addc0cdaa15,c3728e136de10471bab0affcece0ca645bbe79383b465a2d677741c4a318bc4f,What steps must be taken when an individual's employment or role is terminated?
rev5,68,span_character_change,One-character span alteration,True,,True,SpanNotVerbatim,evidence_spans[0].span_text[0],D,E,d1f865477cc1ffc7aa41b6b533f0c591801694519fd1a0aee79d7addc0cdaa15,56376936da36816b8e1e4cab1e9fd8329411c4be0074fb42866d84e4b9d946c4,What steps must be taken when an individual's employment or role is terminated?
rev5,68,rev4_only_id_in_rev5,Rev. 4-only ID in Rev. 5,True,,True,UnknownSourceId,evidence_spans[0].source_id,ps-4_smt.a,ac-16.8_obj.2,d1f865477cc1ffc7aa41b6b533f0c591801694519fd1a0aee79d7addc0cdaa15,a12cabb5146562bc0202a93dab915e1614a8e9122ecd9d5b806327a44a0e6a33,What steps must be taken when an individual's employment or role is terminated?
rev5,68,drop_odp_entry,Remove one ODP-list entry,True,,False,,odp_required_list[1],ps-04_odp.02,<removed>,d1f865477cc1ffc7aa41b6b533f0c591801694519fd1a0aee79d7addc0cdaa15,c2fafbf3d92553046b8694f86012bc95bed4ce44830a8ae51e05ec15c51d5f3b,What steps must be taken when an individual's employment or role is terminated?
rev5,68,flip_status,Status flip,True,,True,OKButUnresolvedODPPlaceholders,status,PARAMS_REQUIRED,OK,d1f865477cc1ffc7aa41b6b533f0c591801694519fd1a0aee79d7addc0cdaa15,7b4bb85e7ee511cac8dacbc47b377f19f834b6a58bb01231cf5670937a61bf5b,What steps must be taken when an individual's employment or role is terminated?
rev5,69,valid_active_id_swap,Valid active-revision ID swap,True,,True,SpanNotVerbatim,evidence_spans[0].source_id,ps-5_smt.a,ps-5_smt.b,3344f43620fde0878694b6e9e7e079d8194df23657e0206a189148cf69f7a92d,e5c34f52e122c4e8ec8773c31cf4b17a9ba935b7ee7001cc8184b19ab3743125,"What actions should the organization take to review, modify, and communicate access authorizations for reassigned or transferred personnel?"
rev5,69,span_character_change,One-character span alteration,True,,True,SpanNotVerbatim,evidence_spans[0].span_text[0],R,S,3344f43620fde0878694b6e9e7e079d8194df23657e0206a189148cf69f7a92d,ea338fabcdfd2c51e13960e8bcd560d8ba44be1c7fbcc71aebd13bf53266f3f9,"What actions should the organization take to review, modify, and communicate access authorizations for reassigned or transferred personnel?"
rev5,69,rev4_only_id_in_rev5,Rev. 4-only ID in Rev. 5,True,,True,UnknownSourceId,evidence_spans[0].source_id,ps-5_smt.a,ac-16.8_obj.3,3344f43620fde0878694b6e9e7e079d8194df23657e0206a189148cf69f7a92d,3dc12fb7ee9c3a680f21fe1f56eb1f5b876fa14e84b2299cbb3bd71733257546,"What actions should the organization take to review, modify, and communicate access authorizations for reassigned or transferred personnel?"
rev5,69,drop_odp_entry,Remove one ODP-list entry,True,,False,,odp_required_list[3],ps-05_odp.04,<removed>,3344f43620fde0878694b6e9e7e079d8194df23657e0206a189148cf69f7a92d,efd75efec788b5c667b080c03efa24176de69f06669d7ce975efc9823c1b2842,"What actions should the organization take to review, modify, and communicate access authorizations for reassigned or transferred personnel?"
rev5,69,flip_status,Status flip,True,,True,OKButUnresolvedODPPlaceholders,status,PARAMS_REQUIRED,OK,3344f43620fde0878694b6e9e7e079d8194df23657e0206a189148cf69f7a92d,2bf021b42317a248a54ac93e0dc40ca1ee106726f5f6a85de2a135cfe608bbb0,"What actions should the organization take to review, modify, and communicate access authorizations for reassigned or transferred personnel?"
rev5,70,valid_active_id_swap,Valid active-revision ID swap,True,,True,SpanNotVerbatim,evidence_spans[0].source_id,ps-6_smt.a,ps-6_smt.b,a6d1dc38bb26102b0ee4f668ae4e98497a61c76d388d23e1304f75172d4030e9,cab7b7c68d44aaf16ffd027a5d2d66576ee646e95430912a8d976b4677c7cf1a,"What requirements apply to developing, reviewing, and signing access agreements for individuals requiring system access?"
rev5,70,span_character_change,One-character span alteration,True,,True,SpanNotVerbatim,evidence_spans[0].span_text[0],D,E,a6d1dc38bb26102b0ee4f668ae4e98497a61c76d388d23e1304f75172d4030e9,69c0840c1bbff5717c10f913934e9cf87a01775d0e75ac9819fcb70e9239f519,"What requirements apply to developing, reviewing, and signing access agreements for individuals requiring system access?"
rev5,70,rev4_only_id_in_rev5,Rev. 4-only ID in Rev. 5,True,,True,UnknownSourceId,evidence_spans[0].source_id,ps-6_smt.a,ac-16.8_prm_2,a6d1dc38bb26102b0ee4f668ae4e98497a61c76d388d23e1304f75172d4030e9,14c4ec85e2803d83d6c4e029ec052dac608855d85ef3ab430a40557a91858f56,"What requirements apply to developing, reviewing, and signing access agreements for individuals requiring system access?"
rev5,70,drop_odp_entry,Remove one ODP-list entry,True,,False,,odp_required_list[1],ps-06_odp.02,<removed>,a6d1dc38bb26102b0ee4f668ae4e98497a61c76d388d23e1304f75172d4030e9,6e872c6a7c332aea6a68ed5331f4941b38f16cf75471932c2fc8f1ac626e4406,"What requirements apply to developing, reviewing, and signing access agreements for individuals requiring system access?"
rev5,70,flip_status,Status flip,True,,True,OKButUnresolvedODPPlaceholders,status,PARAMS_REQUIRED,OK,a6d1dc38bb26102b0ee4f668ae4e98497a61c76d388d23e1304f75172d4030e9,2ceb084763ad859831c37cea0be1a1fbd5d05f0b304ee404d74fe6176ff19349,"What requirements apply to developing, reviewing, and signing access agreements for individuals requiring system access?"
rev5,71,valid_active_id_swap,Valid active-revision ID swap,True,,True,SpanNotVerbatim,evidence_spans[0].source_id,pt-2_smt.a,pt-2_smt.b,2e69fc5caca5bf59525f9ff84a0f8a642ec311964119f9a60aca0dbdf8482b9d,84715cda9c81bf13c475006d9f4268a8b3904170fcd73d4afabc72556e392b44,"How should organizations determine, document, and restrict the purposes and lawful basis for processing personally identifiable information?"
rev5,71,span_character_change,One-character span alteration,True,,True,SpanNotVerbatim,evidence_spans[0].span_text[0],D,E,2e69fc5caca5bf59525f9ff84a0f8a642ec311964119f9a60aca0dbdf8482b9d,7236347df219be54f292e8424fed7b26e3e9474ec4d1ea0e89a770aa910fe20b,"How should organizations determine, document, and restrict the purposes and lawful basis for processing personally identifiable information?"
rev5,71,rev4_only_id_in_rev5,Rev. 4-only ID in Rev. 5,True,,True,UnknownSourceId,evidence_spans[0].source_id,pt-2_smt.a,ac-16.9_obj.1,2e69fc5caca5bf59525f9ff84a0f8a642ec311964119f9a60aca0dbdf8482b9d,0c0b14310f93f86b2d209c7920b26eafede83f047e6de895102d7ec384380d00,"How should organizations determine, document, and restrict the purposes and lawful basis for processing personally identifiable information?"
rev5,71,drop_odp_entry,Remove one ODP-list entry,True,,False,,odp_required_list[6],pt-03_odp.04,<removed>,2e69fc5caca5bf59525f9ff84a0f8a642ec311964119f9a60aca0dbdf8482b9d,8256a8e200950021d1ce485eff6c1479df343ad2fc38230d22700a77402434b0,"How should organizations determine, document, and restrict the purposes and lawful basis for processing personally identifiable information?"
rev5,71,flip_status,Status flip,True,,True,OKButUnresolvedODPPlaceholders,status,PARAMS_REQUIRED,OK,2e69fc5caca5bf59525f9ff84a0f8a642ec311964119f9a60aca0dbdf8482b9d,b414fb4c8ed458b9e292b54c15fcccab0f09bb9703e877b79a924bc168503503,"How should organizations determine, document, and restrict the purposes and lawful basis for processing personally identifiable information?"
rev5,72,valid_active_id_swap,Valid active-revision ID swap,True,,True,SpanNotVerbatim,evidence_spans[0].source_id,pt-3_smt.a,pt-3_smt.b,1baa87cf6b21bf6babe80ab676cacb10a867bdef5c20b78958057a7b044564c1,1cb6b961b4f0d18ef6e6b8c3267fe7b00b70a8f32c61c0fe0ddf57cb79110342,"What must organizations identify and document about the purposes and conditions for collecting, using, and sharing PII, and how should they handle changes to those purposes?"
rev5,72,span_character_change,One-character span alteration,True,,True,SpanNotVerbatim,evidence_spans[0].span_text[0],I,J,1baa87cf6b21bf6babe80ab676cacb10a867bdef5c20b78958057a7b044564c1,fc2c89573575adee2a231dbe79685d6eef35d4c61946c4d9e3b70eec07dc417b,"What must organizations identify and document about the purposes and conditions for collecting, using, and sharing PII, and how should they handle changes to those purposes?"
rev5,72,rev4_only_id_in_rev5,Rev. 4-only ID in Rev. 5,True,,True,UnknownSourceId,evidence_spans[0].source_id,pt-3_smt.a,ac-16.9_obj.2,1baa87cf6b21bf6babe80ab676cacb10a867bdef5c20b78958057a7b044564c1,7593a0ef1353026bb404dd6aa007c95310088467bde82fb720426efa9b92a4cb,"What must organizations identify and document about the purposes and conditions for collecting, using, and sharing PII, and how should they handle changes to those purposes?"
rev5,72,drop_odp_entry,Remove one ODP-list entry,True,,False,,odp_required_list[3],pt-03_odp.04,<removed>,1baa87cf6b21bf6babe80ab676cacb10a867bdef5c20b78958057a7b044564c1,a1d23a06c00cfbd77a317e87851e27e8267faaf9c4fe2b904e521fcb63f2279b,"What must organizations identify and document about the purposes and conditions for collecting, using, and sharing PII, and how should they handle changes to those purposes?"
rev5,72,flip_status,Status flip,True,,True,OKButUnresolvedODPPlaceholders,status,PARAMS_REQUIRED,OK,1baa87cf6b21bf6babe80ab676cacb10a867bdef5c20b78958057a7b044564c1,a64486a8ccdd457c87b3a71079825bea8da992ddfab6d108ea74a302ffcfdb20,"What must organizations identify and document about the purposes and conditions for collecting, using, and sharing PII, and how should they handle changes to those purposes?"
rev5,73,valid_active_id_swap,Valid active-revision ID swap,True,,True,SpanNotVerbatim,evidence_spans[0].source_id,pt-4_smt,pt-5.1_gdn,e4e9d1fce69d5904bb705a3f63d70fc61e64b1242ba6b38181b00b052a2f9079,a72cb4a6bde0d58c08d7ca287caa26e839138a564193dc2c1b910fe4f77e1375,"How should organizations obtain and manage individual consent for processing PII, and what factors should be considered when determining the appropriate consent mechanism?"
rev5,73,span_character_change,One-character span alteration,True,,True,SpanNotVerbatim,evidence_spans[0].span_text[0],I,J,e4e9d1fce69d5904bb705a3f63d70fc61e64b1242ba6b38181b00b052a2f9079,8a3649f3ddb861f20a665b7ad421bdb615e180e442eed0ba303335b177d1702d,"How should organizations obtain and manage individual consent for processing PII, and what factors should be considered when determining the appropriate consent mechanism?"
rev5,73,rev4_only_id_in_rev5,Rev. 4-only ID in Rev. 5,True,,True,UnknownSourceId,evidence_spans[0].source_id,pt-4_smt,ac-16.a_obj,e4e9d1fce69d5904bb705a3f63d70fc61e64b1242ba6b38181b00b052a2f9079,d020a178121a8460819d72ffb7033b7356c024148183fdeebf601c496f658f92,"How should organizations obtain and manage individual consent for processing PII, and what factors should be considered when determining the appropriate consent mechanism?"
rev5,73,drop_odp_entry,Remove one ODP-list entry,True,,True,ParamsRequiredButODPListEmpty,odp_required_list[0],pt-04_odp,<removed>,e4e9d1fce69d5904bb705a3f63d70fc61e64b1242ba6b38181b00b052a2f9079,5d846b4f059fae1d2cd93c0a679b397e68b281a0dca54698bce4fa09b590343c,"How should organizations obtain and manage individual consent for processing PII, and what factors should be considered when determining the appropriate consent mechanism?"
rev5,73,flip_status,Status flip,True,,True,OKButUnresolvedODPPlaceholders,status,PARAMS_REQUIRED,OK,e4e9d1fce69d5904bb705a3f63d70fc61e64b1242ba6b38181b00b052a2f9079,cc82cfe4859161954928c5827145c577cf6171b10efc94f5effaa24036cdcbd1,"How should organizations obtain and manage individual consent for processing PII, and what factors should be considered when determining the appropriate consent mechanism?"
rev5,74,valid_active_id_swap,Valid active-revision ID swap,True,,True,SpanNotVerbatim,evidence_spans[0].source_id,pt-5_smt,pt-5_smt.a,47d3cb8f4bb50d0a1b787ada59a15f2aea7dc7967970625f0f7bb261ec8362a0,a1f735a3d7d86aaf46fe03a75d5c094d06adf6ddc391552ab3938a32250cd8f7,"What information should be included in privacy notices to individuals, and when must such notices be provided or updated?"
rev5,74,span_character_change,One-character span alteration,True,,True,SpanNotVerbatim,evidence_spans[0].span_text[0],P,Q,47d3cb8f4bb50d0a1b787ada59a15f2aea7dc7967970625f0f7bb261ec8362a0,e73dcf960a28618e79c375e8e621fbfa9dd840625b38715e1885f1e16cc59621,"What information should be included in privacy notices to individuals, and when must such notices be provided or updated?"
rev5,74,rev4_only_id_in_rev5,Rev. 4-only ID in Rev. 5,True,,True,UnknownSourceId,evidence_spans[0].source_id,pt-5_smt,ac-16.a_obj.1,47d3cb8f4bb50d0a1b787ada59a15f2aea7dc7967970625f0f7bb261ec8362a0,eb31826b49e5f420b41886611285d539ba1d84d08207061d9ff33261d02b047b,"What information should be included in privacy notices to individuals, and when must such notices be provided or updated?"
rev5,74,drop_odp_entry,Remove one ODP-list entry,True,,False,,odp_required_list[1],pt-05_odp.02,<removed>,47d3cb8f4bb50d0a1b787ada59a15f2aea7dc7967970625f0f7bb261ec8362a0,3911241d6d446ab8cf5262ec49fc6b0f992abb68163192d5ef355d9895abbab5,"What information should be included in privacy notices to individuals, and when must such notices be provided or updated?"
rev5,74,flip_status,Status flip,True,,True,OKButUnresolvedODPPlaceholders,status,PARAMS_REQUIRED,OK,47d3cb8f4bb50d0a1b787ada59a15f2aea7dc7967970625f0f7bb261ec8362a0,1da206452dadbb517f416bfa5b4a0fdc86a902f3a8a984d48bc01f65b5683e0d,"What information should be included in privacy notices to individuals, and when must such notices be provided or updated?"
rev5,75,valid_active_id_swap,Valid active-revision ID swap,True,,True,SpanNotVerbatim,evidence_spans[0].source_id,pt-6_smt,pt-6_smt.a,cc3dff0e61b80774d0614cfc501206e2a887ef32eb2dfc2b86f4e5374829fb87,864da510aad2ffaaeedc7395a5122790040cb73f7f99a81e6b8fe01fd751b455,What must organizations do to publish and maintain accurate system of records Notices for systems that contain PII?
rev5,75,span_character_change,One-character span alteration,True,,True,SpanNotVerbatim,evidence_spans[0].span_text[0],F,G,cc3dff0e61b80774d0614cfc501206e2a887ef32eb2dfc2b86f4e5374829fb87,543bc823e919359ea7980ceae6553e4e7fe3ff784f6d891e6cb95687544aa37b,What must organizations do to publish and maintain accurate system of records Notices for systems that contain PII?
rev5,75,rev4_only_id_in_rev5,Rev. 4-only ID in Rev. 5,True,,True,UnknownSourceId,evidence_spans[0].source_id,pt-6_smt,ac-16.a_obj.1.a,cc3dff0e61b80774d0614cfc501206e2a887ef32eb2dfc2b86f4e5374829fb87,c706462883b7a5830b283e2dcf9d022da7ed902aac92d0ba30a6905b0364e02d,What must organizations do to publish and maintain accurate system of records Notices for systems that contain PII?
rev5,75,drop_odp_entry,Remove one ODP-list entry,False,empty odp_required_list,False,,,,,cc3dff0e61b80774d0614cfc501206e2a887ef32eb2dfc2b86f4e5374829fb87,,What must organizations do to publish and maintain accurate system of records Notices for systems that contain PII?
rev5,75,flip_status,Status flip,True,,True,ParamsRequiredButNoPlaceholders|ParamsRequiredButODPListEmpty,status,OK,PARAMS_REQUIRED,cc3dff0e61b80774d0614cfc501206e2a887ef32eb2dfc2b86f4e5374829fb87,b400de902ce0cc484f6fd5d334b94f4de9061de0d4d022328baaf4556e3f8f5c,What must organizations do to publish and maintain accurate system of records Notices for systems that contain PII?
rev5,76,valid_active_id_swap,Valid active-revision ID swap,True,,True,SpanNotVerbatim,evidence_spans[0].source_id,ra-2_smt.a,ra-2_smt.b,feb467c9f0f4f7847f2495c1d7e45bd701a85e15ee795cccbb9f742687e45e4c,5d42b069689536a1e19164ec50298aea6c7c5b4af2bf7675bdd93f33cc1819c3,"What steps are required to categorize a system and its information, and who must approve the decision?"
rev5,76,span_character_change,One-character span alteration,True,,True,SpanNotVerbatim,evidence_spans[0].span_text[0],C,D,feb467c9f0f4f7847f2495c1d7e45bd701a85e15ee795cccbb9f742687e45e4c,5d3073f5e6a413c3bde4c829304b9452b6e470e74e8d04ae64de8548ed12b336,"What steps are required to categorize a system and its information, and who must approve the decision?"
rev5,76,rev4_only_id_in_rev5,Rev. 4-only ID in Rev. 5,True,,True,UnknownSourceId,evidence_spans[0].source_id,ra-2_smt.a,ac-16.a_obj.1.b,feb467c9f0f4f7847f2495c1d7e45bd701a85e15ee795cccbb9f742687e45e4c,fdb8c34947e621ed01e9f9df11531be1c012ccc9bcf9575050e4d395afdebedb,"What steps are required to categorize a system and its information, and who must approve the decision?"
rev5,76,drop_odp_entry,Remove one ODP-list entry,False,empty odp_required_list,False,,,,,feb467c9f0f4f7847f2495c1d7e45bd701a85e15ee795cccbb9f742687e45e4c,,"What steps are required to categorize a system and its information, and who must approve the decision?"
rev5,76,flip_status,Status flip,True,,True,ParamsRequiredButNoPlaceholders|ParamsRequiredButODPListEmpty,status,OK,PARAMS_REQUIRED,feb467c9f0f4f7847f2495c1d7e45bd701a85e15ee795cccbb9f742687e45e4c,0789abdb605001d700290bf1926f262f3495a46744a17ffc534352575668e794,"What steps are required to categorize a system and its information, and who must approve the decision?"
rev5,77,valid_active_id_swap,Valid active-revision ID swap,True,,True,SpanNotVerbatim,evidence_spans[0].source_id,ra-3_smt,ra-3_smt.a,912f38d52ca0044422d87b71de363e29e257f49bde2bf97ce7d4b39768c8f7c9,c1198d1fdb4e0e75e8c6cc9783947a9392dc5ff45c646e2471155058bf0cffbf,"How should organizations conduct and document risk assessments, and how often should the results be reviewed?"
rev5,77,span_character_change,One-character span alteration,True,,True,SpanNotVerbatim,evidence_spans[0].span_text[0],a,b,912f38d52ca0044422d87b71de363e29e257f49bde2bf97ce7d4b39768c8f7c9,d8b807f053208755335919e9ab7d69a67f51bb2cb88efa66921908bb7aadb20b,"How should organizations conduct and document risk assessments, and how often should the results be reviewed?"
rev5,77,rev4_only_id_in_rev5,Rev. 4-only ID in Rev. 5,True,,True,UnknownSourceId,evidence_spans[0].source_id,ra-3_smt,ac-16.a_obj.1.c,912f38d52ca0044422d87b71de363e29e257f49bde2bf97ce7d4b39768c8f7c9,bf7c66f182bcc5dcb6a00ae6593ecfb5af109bba13255d4031b588f27b43b3fc,"How should organizations conduct and document risk assessments, and how often should the results be reviewed?"
rev5,77,drop_odp_entry,Remove one ODP-list entry,True,,False,,odp_required_list[3],ra-03_odp.05,<removed>,912f38d52ca0044422d87b71de363e29e257f49bde2bf97ce7d4b39768c8f7c9,ea3c32c1e6c30ff1710e2faafbfe0b4f65dadb0944a87f95db9e96dca1ed103a,"How should organizations conduct and document risk assessments, and how often should the results be reviewed?"
rev5,77,flip_status,Status flip,True,,True,OKButUnresolvedODPPlaceholders,status,PARAMS_REQUIRED,OK,912f38d52ca0044422d87b71de363e29e257f49bde2bf97ce7d4b39768c8f7c9,d2b1921ddb34a9c5b006f94b30c9447d0505183f3183e58af400dde1856edc82,"How should organizations conduct and document risk assessments, and how often should the results be reviewed?"
rev5,78,valid_active_id_swap,Valid active-revision ID swap,True,,True,SpanNotVerbatim,evidence_spans[0].source_id,ra-5_smt.a,ra-5_smt.b,e64a9e50d43884814ffd03b99add6815320716eade153ab2959ab23be51d7907,edcee96d39c17115e0d1f67eb2f12213285d0404356008b52599a0e9cafba41b,"What are the requirements for scanning systems for vulnerabilities, remediating identified risks, and sharing vulnerability information?"
rev5,78,span_character_change,One-character span alteration,True,,True,SpanNotVerbatim,evidence_spans[0].span_text[0],M,N,e64a9e50d43884814ffd03b99add6815320716eade153ab2959ab23be51d7907,384aada78d72d411c2cf16b5b2d35c3c580390d32d1476859aae9e991e68c868,"What are the requirements for scanning systems for vulnerabilities, remediating identified risks, and sharing vulnerability information?"
rev5,78,rev4_only_id_in_rev5,Rev. 4-only ID in Rev. 5,True,,True,UnknownSourceId,evidence_spans[0].source_id,ra-5_smt.a,ac-16.a_obj.2,e64a9e50d43884814ffd03b99add6815320716eade153ab2959ab23be51d7907,11a38d6ddc8666ada72666b5ee4389f2c158b3158dad26db9944771911d96b3e,"What are the requirements for scanning systems for vulnerabilities, remediating identified risks, and sharing vulnerability information?"
rev5,78,drop_odp_entry,Remove one ODP-list entry,True,,False,,odp_required_list[2],ra-5_prm_1,<removed>,e64a9e50d43884814ffd03b99add6815320716eade153ab2959ab23be51d7907,8d33138b975295fd1718aa347fd4a40c8e2c3b64a90b6e71462b5e40c383bdad,"What are the requirements for scanning systems for vulnerabilities, remediating identified risks, and sharing vulnerability information?"
rev5,78,flip_status,Status flip,True,,True,OKButUnresolvedODPPlaceholders,status,PARAMS_REQUIRED,OK,e64a9e50d43884814ffd03b99add6815320716eade153ab2959ab23be51d7907,eb2d34bce80908f423f6ae79259331d29591a322936b1c90251d9f3bcc2aecc7,"What are the requirements for scanning systems for vulnerabilities, remediating identified risks, and sharing vulnerability information?"
rev5,79,valid_active_id_swap,Valid active-revision ID swap,True,,True,SpanNotVerbatim,evidence_spans[0].source_id,ra-7_gdn,ra-7_obj,d8017ac9cab89b3e8808acb1f5f9e0317ca36e65bf791eac74a98e7c22a2f81b,3805b10c768c0d5fa9f10c2baa97b40e7361d2a9d64f8247db280a079e795275,"What options may organizations consider when responding to identified risks, and how does risk tolerance affect these decisions?"
rev5,79,span_character_change,One-character span alteration,True,,True,SpanNotVerbatim,evidence_spans[0].span_text[0],O,P,d8017ac9cab89b3e8808acb1f5f9e0317ca36e65bf791eac74a98e7c22a2f81b,a233292ddf756e5ab8e7e5fff464d22763bf7b80fb11db078d8055a76553655e,"What options may organizations consider when responding to identified risks, and how does risk tolerance affect these decisions?"
rev5,79,rev4_only_id_in_rev5,Rev. 4-only ID in Rev. 5,True,,True,UnknownSourceId,evidence_spans[0].source_id,ra-7_gdn,ac-16.a_obj.3,d8017ac9cab89b3e8808acb1f5f9e0317ca36e65bf791eac74a98e7c22a2f81b,d04bdd9f52f41a3e8217b8ff121937b9f08344f7f50b8bce4d2abd5724d61e19,"What options may organizations consider when responding to identified risks, and how does risk tolerance affect these decisions?"
rev5,79,drop_odp_entry,Remove one ODP-list entry,False,empty odp_required_list,False,,,,,d8017ac9cab89b3e8808acb1f5f9e0317ca36e65bf791eac74a98e7c22a2f81b,,"What options may organizations consider when responding to identified risks, and how does risk tolerance affect these decisions?"
rev5,79,flip_status,Status flip,True,,True,ParamsRequiredButNoPlaceholders|ParamsRequiredButODPListEmpty,status,OK,PARAMS_REQUIRED,d8017ac9cab89b3e8808acb1f5f9e0317ca36e65bf791eac74a98e7c22a2f81b,e93f8c35469ee0913ce6015012d28746b07c682a8f784aa180675142aad45102,"What options may organizations consider when responding to identified risks, and how does risk tolerance affect these decisions?"
rev5,80,valid_active_id_swap,Valid active-revision ID swap,True,,True,SpanNotVerbatim,evidence_spans[0].source_id,ra-9_smt,sa-01_odp.01,e4a82fcaa4bc690ccd0a58d30c4d13047e847571b7dfe3a9cda2f896e9632991,f6f056fe8a8ff814d48ddfde39c0dcac177d95ff2ad4483ca77541778e236eac,"What is the purpose of performing a criticality analysis, and when should it be conducted?"
rev5,80,span_character_change,One-character span alteration,True,,True,SpanNotVerbatim,evidence_spans[0].span_text[0],I,J,e4a82fcaa4bc690ccd0a58d30c4d13047e847571b7dfe3a9cda2f896e9632991,f6cfc700814d7ae7845fe699cf10634986a0bbcdbac1178f0986b34d91cc51b0,"What is the purpose of performing a criticality analysis, and when should it be conducted?"
rev5,80,rev4_only_id_in_rev5,Rev. 4-only ID in Rev. 5,True,,True,UnknownSourceId,evidence_spans[0].source_id,ra-9_smt,ac-16.a_obj.3.a,e4a82fcaa4bc690ccd0a58d30c4d13047e847571b7dfe3a9cda2f896e9632991,97248f4dd91ea9f8f43cbf404c1d2d49bd461285382efc3f938994c641c6b63b,"What is the purpose of performing a criticality analysis, and when should it be conducted?"
rev5,80,drop_odp_entry,Remove one ODP-list entry,True,,False,,odp_required_list[1],ra-09_odp.02,<removed>,e4a82fcaa4bc690ccd0a58d30c4d13047e847571b7dfe3a9cda2f896e9632991,c750dea726d817b006c7c840dcbe981735ffb6a795133bae4dd44974146b3fc6,"What is the purpose of performing a criticality analysis, and when should it be conducted?"
rev5,80,flip_status,Status flip,True,,True,OKButUnresolvedODPPlaceholders,status,PARAMS_REQUIRED,OK,e4a82fcaa4bc690ccd0a58d30c4d13047e847571b7dfe3a9cda2f896e9632991,bfdb860a2dbc24e5e9343d912c13cdf22a62173c599693f0de757a2c83f16bc6,"What is the purpose of performing a criticality analysis, and when should it be conducted?"
rev5,81,valid_active_id_swap,Valid active-revision ID swap,True,,True,SpanNotVerbatim,evidence_spans[0].source_id,sa-5_smt,sa-5_smt.a,266aac691a0878ad19c962ae46a188ff18b45b9dede342dfc2470b97a7289a44,e57379bea91c90e7e0bd1fdfe70cb891458147b973766cfe4cfe4a0c782707ac,"In SA-5, what documentation should be obtained or developed?"
rev5,81,span_character_change,One-character span alteration,True,,True,SpanNotVerbatim,evidence_spans[0].span_text[0],a,b,266aac691a0878ad19c962ae46a188ff18b45b9dede342dfc2470b97a7289a44,922d82b4c59459d40be8712415f442d3b30faea82f1e5a5eecbfa3b63c95caa8,"In SA-5, what documentation should be obtained or developed?"
rev5,81,rev4_only_id_in_rev5,Rev. 4-only ID in Rev. 5,True,,True,UnknownSourceId,evidence_spans[0].source_id,sa-5_smt,ac-16.a_obj.3.b,266aac691a0878ad19c962ae46a188ff18b45b9dede342dfc2470b97a7289a44,e869b5573444c3c59ef7d04aee0993817327919e9ba09adaf574ef76c05bf20c,"In SA-5, what documentation should be obtained or developed?"
rev5,81,drop_odp_entry,Remove one ODP-list entry,True,,False,,odp_required_list[1],sa-05_odp.02,<removed>,266aac691a0878ad19c962ae46a188ff18b45b9dede342dfc2470b97a7289a44,eadd842e14121b74705122ed56da4c5bc7ce2948016da2c82aff2f665a4664a8,"In SA-5, what documentation should be obtained or developed?"
rev5,81,flip_status,Status flip,True,,True,OKButUnresolvedODPPlaceholders,status,PARAMS_REQUIRED,OK,266aac691a0878ad19c962ae46a188ff18b45b9dede342dfc2470b97a7289a44,45405a3934dc06717f099323e90a08d82472cbcca430376595d60982838124a9,"In SA-5, what documentation should be obtained or developed?"
rev5,82,valid_active_id_swap,Valid active-revision ID swap,True,,True,SpanNotVerbatim,evidence_spans[0].source_id,sa-8_smt,sa-9.1_gdn,c5e7d068b99026caafbe850df19fe23df0998694f63967f88cf65d2ce5bc8185,1f471b5b99c457b100f6412ee83ef957156d97ddeaa5a21f96238c68b8c9a95a,"In SA-8, which security and privacy engineering principles should be applied?"
rev5,82,span_character_change,One-character span alteration,True,,True,SpanNotVerbatim,evidence_spans[0].span_text[0],A,B,c5e7d068b99026caafbe850df19fe23df0998694f63967f88cf65d2ce5bc8185,dd547092c8f78ac171fd105ca1ab82e9e231004aa5b2d17502d24ba45b7b28e4,"In SA-8, which security and privacy engineering principles should be applied?"
rev5,82,rev4_only_id_in_rev5,Rev. 4-only ID in Rev. 5,True,,True,UnknownSourceId,evidence_spans[0].source_id,sa-8_smt,ac-16.a_obj.3.c,c5e7d068b99026caafbe850df19fe23df0998694f63967f88cf65d2ce5bc8185,9e57b1ca165342f7b01feb6b6222f7b88b0cf78a44778583dfec14fd57e299ca,"In SA-8, which security and privacy engineering principles should be applied?"
rev5,82,drop_odp_entry,Remove one ODP-list entry,True,,True,ParamsRequiredButODPListEmpty,odp_required_list[0],sa-8_prm_1,<removed>,c5e7d068b99026caafbe850df19fe23df0998694f63967f88cf65d2ce5bc8185,c4d4f0a8c3c5b01bba5e224f0d496b79593008462eb41eb2871ded2a31967f56,"In SA-8, which security and privacy engineering principles should be applied?"
rev5,82,flip_status,Status flip,True,,True,OKButUnresolvedODPPlaceholders,status,PARAMS_REQUIRED,OK,c5e7d068b99026caafbe850df19fe23df0998694f63967f88cf65d2ce5bc8185,4061fa5e761a88313506bdb026c6c6fd66fc8e959d2c9fc532390b3db42dc1c2,"In SA-8, which security and privacy engineering principles should be applied?"
rev5,83,valid_active_id_swap,Valid active-revision ID swap,True,,True,SpanNotVerbatim,evidence_spans[0].source_id,sa-9_smt,sa-9_smt.a,ac3eab39c0e25269e5dc6f81c10408367603929d5e13fb125d55ba11b092016e,b5cbf1551cee58425308d5a997aeb250d71aeaf69c3eb1f8422e2dc07fa3bd7c,What are the requirements for ensuring external service providers comply with organizational security and privacy expectations?
rev5,83,span_character_change,One-character span alteration,True,,True,SpanNotVerbatim,evidence_spans[0].span_text[0],a,b,ac3eab39c0e25269e5dc6f81c10408367603929d5e13fb125d55ba11b092016e,700006a15abad83c9e6cfcebfdaefdb4589982faf2062772b10b66159e158479,What are the requirements for ensuring external service providers comply with organizational security and privacy expectations?
rev5,83,rev4_only_id_in_rev5,Rev. 4-only ID in Rev. 5,True,,True,UnknownSourceId,evidence_spans[0].source_id,sa-9_smt,ac-16.b_obj,ac3eab39c0e25269e5dc6f81c10408367603929d5e13fb125d55ba11b092016e,4578542ee5e8e5044d70ac43a6bd433155b22a8f5cd1b2e5f089dedf12f2b74b,What are the requirements for ensuring external service providers comply with organizational security and privacy expectations?
rev5,83,drop_odp_entry,Remove one ODP-list entry,True,,False,,odp_required_list[3],sa-09_odp.02,<removed>,ac3eab39c0e25269e5dc6f81c10408367603929d5e13fb125d55ba11b092016e,017d87242eb1c7482b557a04d1cb545793cd7a73e21052cdac26264a23b3adbc,What are the requirements for ensuring external service providers comply with organizational security and privacy expectations?
rev5,83,flip_status,Status flip,True,,True,OKButUnresolvedODPPlaceholders,status,PARAMS_REQUIRED,OK,ac3eab39c0e25269e5dc6f81c10408367603929d5e13fb125d55ba11b092016e,53f47435929800ed6526b2ca2069ce47c0c04d557471e085be17d2f4206a861c,What are the requirements for ensuring external service providers comply with organizational security and privacy expectations?
rev5,84,valid_active_id_swap,Valid active-revision ID swap,True,,True,SpanNotVerbatim,evidence_spans[0].source_id,sa-10_smt.a,sa-10_smt.b,186ba38da67078932ecf5671ad9b28bbef6a3599074ab607d8173b1c04e58b2f,cabc4413e80a36e4c7d1df2e9564307a4f2516aebee2f2972696ca25ab9a124c,"What should be required from system developers regarding configuration management, approved changes, and flaw tracking?"
rev5,84,span_character_change,One-character span alteration,True,,True,SpanNotVerbatim,evidence_spans[0].span_text[0],P,Q,186ba38da67078932ecf5671ad9b28bbef6a3599074ab607d8173b1c04e58b2f,961a9dea3a7e38c3c582bde5c3083c06dc730ff94e7dda151189b88998ad39d0,"What should be required from system developers regarding configuration management, approved changes, and flaw tracking?"
rev5,84,rev4_only_id_in_rev5,Rev. 4-only ID in Rev. 5,True,,True,UnknownSourceId,evidence_spans[0].source_id,sa-10_smt.a,ac-16.c_obj,186ba38da67078932ecf5671ad9b28bbef6a3599074ab607d8173b1c04e58b2f,1a4943d2fab481ed53f25108fb9b7430dd4cb8a33e5fd9969a6b11a4bb7c28ab,"What should be required from system developers regarding configuration management, approved changes, and flaw tracking?"
rev5,84,drop_odp_entry,Remove one ODP-list entry,True,,False,,odp_required_list[2],sa-10_odp.03,<removed>,186ba38da67078932ecf5671ad9b28bbef6a3599074ab607d8173b1c04e58b2f,df4f5321a8c146edf6f97ff962fb6e28b3a3c7a01542bb868d7342ed95c5a355,"What should be required from system developers regarding configuration management, approved changes, and flaw tracking?"
rev5,84,flip_status,Status flip,True,,True,OKButUnresolvedODPPlaceholders,status,PARAMS_REQUIRED,OK,186ba38da67078932ecf5671ad9b28bbef6a3599074ab607d8173b1c04e58b2f,fae44b4d73f123c48ecf22471e0cd0d59e4defc96144bcf3a3507affbe98eca7,"What should be required from system developers regarding configuration management, approved changes, and flaw tracking?"
rev5,85,valid_active_id_swap,Valid active-revision ID swap,True,,True,SpanNotVerbatim,evidence_spans[0].source_id,sa-11_smt,sa-11_smt.a,998d07b55727cfe271b5d492358ac9500a60d956898427cd7d5a9ae51035b78e,5ee18db1b26f7c5fbc3c1a7de02063a7b64cf3424f6c880fbf0cb738cbba09f4,What are developers required to produce and correct under a system's security and privacy assessment plan?
rev5,85,span_character_change,One-character span alteration,True,,True,SpanNotVerbatim,evidence_spans[0].span_text[0],R,S,998d07b55727cfe271b5d492358ac9500a60d956898427cd7d5a9ae51035b78e,7352ed44ecb7ba2a6ff2853c25a2ea2afa252bd131e3409fe6390faac96d783b,What are developers required to produce and correct under a system's security and privacy assessment plan?
rev5,85,rev4_only_id_in_rev5,Rev. 4-only ID in Rev. 5,True,,True,UnknownSourceId,evidence_spans[0].source_id,sa-11_smt,ac-16.c_obj.1,998d07b55727cfe271b5d492358ac9500a60d956898427cd7d5a9ae51035b78e,34273ff39150dca4b14e6f94cc2c3c9ee1a9d1ce0248dde74c4f1d5cdfbfd464,What are developers required to produce and correct under a system's security and privacy assessment plan?
rev5,85,drop_odp_entry,Remove one ODP-list entry,True,,False,,odp_required_list[2],sa-11_odp.03,<removed>,998d07b55727cfe271b5d492358ac9500a60d956898427cd7d5a9ae51035b78e,09fae3bc0f797aa2d5a5fccc74e7d4ceed6509387e9517a4c0bfa15351ec0062,What are developers required to produce and correct under a system's security and privacy assessment plan?
rev5,85,flip_status,Status flip,True,,True,OKButUnresolvedODPPlaceholders,status,PARAMS_REQUIRED,OK,998d07b55727cfe271b5d492358ac9500a60d956898427cd7d5a9ae51035b78e,e8329962ceff5a9b069bcef0cfc4b0d119eabd6718ea10edba99742110ffba27,What are developers required to produce and correct under a system's security and privacy assessment plan?
rev5,86,valid_active_id_swap,Valid active-revision ID swap,True,,True,SpanNotVerbatim,evidence_spans[0].source_id,sc-7_smt.a,sc-7_smt.b,8054c7a22f796199145d8b45e1bd6c86c1a7e7a0e14d7f4efba7f536b519eb8d,7b1096bdd53d111258519610eaffdd05f20252cf7050204653fea690d1b177c6,"How should communications be monitored and controlled at system interfaces, and how must external connections be managed to protect organizational networks?"
rev5,86,span_character_change,One-character span alteration,True,,True,SpanNotVerbatim,evidence_spans[0].span_text[0],M,N,8054c7a22f796199145d8b45e1bd6c86c1a7e7a0e14d7f4efba7f536b519eb8d,2115580ed0dfd2e5a74bc04e192aad96cd6d0afdcac736ccd4cdd32c3d1b99ee,"How should communications be monitored and controlled at system interfaces, and how must external connections be managed to protect organizational networks?"
rev5,86,rev4_only_id_in_rev5,Rev. 4-only ID in Rev. 5,True,,True,UnknownSourceId,evidence_spans[0].source_id,sc-7_smt.a,ac-16.c_obj.2,8054c7a22f796199145d8b45e1bd6c86c1a7e7a0e14d7f4efba7f536b519eb8d,11a4ba07d57e69811b421c79a40c501cb140e7ff9dfea3d79e5ec4ca4bf2b2c8,"How should communications be monitored and controlled at system interfaces, and how must external connections be managed to protect organizational networks?"
rev5,86,drop_odp_entry,Remove one ODP-list entry,True,,True,ParamsRequiredButODPListEmpty,odp_required_list[0],sc-07_odp,<removed>,8054c7a22f796199145d8b45e1bd6c86c1a7e7a0e14d7f4efba7f536b519eb8d,1ab350ab7bf7f6cd40ad54ab5e6445b0fb21c23110e9691fd2b11ac0450b8643,"How should communications be monitored and controlled at system interfaces, and how must external connections be managed to protect organizational networks?"
rev5,86,flip_status,Status flip,True,,True,OKButUnresolvedODPPlaceholders,status,PARAMS_REQUIRED,OK,8054c7a22f796199145d8b45e1bd6c86c1a7e7a0e14d7f4efba7f536b519eb8d,711b121a5a964998a1010eb2ba20036f687b88cabd0c2bfe7698fb673ed33246,"How should communications be monitored and controlled at system interfaces, and how must external connections be managed to protect organizational networks?"
rev5,87,valid_active_id_swap,Valid active-revision ID swap,True,,True,SpanNotVerbatim,evidence_spans[0].source_id,sc-8_smt,si-01_odp.01,e349e6d6de68c391b5d981f757d6cc3a124af3dd7930186b3bb8481ae35ca5c4,a3f2b7ad348ee4356318bb53603f812894cf21e6b68235b97b89ea1468467e10,What measures should be implemented to protect the confidentiality and integrity of transmitted information across internal and external networks?
rev5,87,span_character_change,One-character span alteration,True,,True,SpanNotVerbatim,evidence_spans[0].span_text[0],P,Q,e349e6d6de68c391b5d981f757d6cc3a124af3dd7930186b3bb8481ae35ca5c4,d9e85f740a59476e4e88542e4f331a6f01e7416cd7487c758048e8096f53930b,What measures should be implemented to protect the confidentiality and integrity of transmitted information across internal and external networks?
rev5,87,rev4_only_id_in_rev5,Rev. 4-only ID in Rev. 5,True,,True,UnknownSourceId,evidence_spans[0].source_id,sc-8_smt,ac-16.c_obj.3,e349e6d6de68c391b5d981f757d6cc3a124af3dd7930186b3bb8481ae35ca5c4,749cea331d0b305ff31939cb548668e49d6eeefa04c603698787a1659e710c0b,What measures should be implemented to protect the confidentiality and integrity of transmitted information across internal and external networks?
rev5,87,drop_odp_entry,Remove one ODP-list entry,True,,True,ParamsRequiredButODPListEmpty,odp_required_list[0],sc-08_odp,<removed>,e349e6d6de68c391b5d981f757d6cc3a124af3dd7930186b3bb8481ae35ca5c4,8abb69794aa8bba9455f8d45d1bcaf1a85df960ce2e11bdfdf1c8716dabb3535,What measures should be implemented to protect the confidentiality and integrity of transmitted information across internal and external networks?
rev5,87,flip_status,Status flip,True,,True,OKButUnresolvedODPPlaceholders,status,PARAMS_REQUIRED,OK,e349e6d6de68c391b5d981f757d6cc3a124af3dd7930186b3bb8481ae35ca5c4,4f5e51796635589495b1ec7049de32de19abb1cc7a2609eb1272c6e3183560e3,What measures should be implemented to protect the confidentiality and integrity of transmitted information across internal and external networks?
rev5,88,valid_active_id_swap,Valid active-revision ID swap,True,,True,SpanNotVerbatim,evidence_spans[0].source_id,sc-12_smt,sc-13_gdn,6227213c0c53ba9d9a7abaa4225c8032498781020ec4d12398e20c7dd6efb722,ee4d038fd2609bdd39912df955823c4835b4372d7452a04613bfa9ac018d5b2b,What requirements apply to establishing and managing cryptographic keys used within the system?
rev5,88,span_character_change,One-character span alteration,True,,True,SpanNotVerbatim,evidence_spans[0].span_text[0],E,F,6227213c0c53ba9d9a7abaa4225c8032498781020ec4d12398e20c7dd6efb722,ded249c95f9c97d48866755cd52ce5f4d3ed41675df077ebcaf744ebf029b22f,What requirements apply to establishing and managing cryptographic keys used within the system?
rev5,88,rev4_only_id_in_rev5,Rev. 4-only ID in Rev. 5,True,,True,UnknownSourceId,evidence_spans[0].source_id,sc-12_smt,ac-16.d_obj,6227213c0c53ba9d9a7abaa4225c8032498781020ec4d12398e20c7dd6efb722,b63a964e894234a7054d9658c61a9424c3ef48cce19e516406bfb961cec6aaee,What requirements apply to establishing and managing cryptographic keys used within the system?
rev5,88,drop_odp_entry,Remove one ODP-list entry,True,,True,ParamsRequiredButODPListEmpty,odp_required_list[0],sc-12_odp,<removed>,6227213c0c53ba9d9a7abaa4225c8032498781020ec4d12398e20c7dd6efb722,f219b128648ed4caae3039d56d6e661ef1d48c2f274a649fccc77505fa8fc21d,What requirements apply to establishing and managing cryptographic keys used within the system?
rev5,88,flip_status,Status flip,True,,True,OKButUnresolvedODPPlaceholders,status,PARAMS_REQUIRED,OK,6227213c0c53ba9d9a7abaa4225c8032498781020ec4d12398e20c7dd6efb722,edace52d73843b9cf5c1639ae083a63fe6e56b4f3acce7cc75ca10228a7f5c24,What requirements apply to establishing and managing cryptographic keys used within the system?
rev5,89,valid_active_id_swap,Valid active-revision ID swap,True,,True,SpanNotVerbatim,evidence_spans[0].source_id,ia-7_smt,ia-8.1_gdn,3eb55fbd608f76b387632e89504ac5bfa753cc0f8b2beee5a363a64f82c674c6,f75482ffcdc9715caf93fb5fef5c76abab28d42dc247cfb935ab1112bda74ec5,"How should cryptographic mechanisms be selected and implemented to comply with applicable laws, policies, and standards?"
rev5,89,span_character_change,One-character span alteration,True,,True,SpanNotVerbatim,evidence_spans[0].span_text[0],I,J,3eb55fbd608f76b387632e89504ac5bfa753cc0f8b2beee5a363a64f82c674c6,ac9a1e68b9b56a4ac6d229c0a90483a0267f2150cef4c16dd46f42b27d5328ae,"How should cryptographic mechanisms be selected and implemented to comply with applicable laws, policies, and standards?"
rev5,89,rev4_only_id_in_rev5,Rev. 4-only ID in Rev. 5,True,,True,UnknownSourceId,evidence_spans[0].source_id,ia-7_smt,ac-16.d_obj.1,3eb55fbd608f76b387632e89504ac5bfa753cc0f8b2beee5a363a64f82c674c6,4263ad6a3a1928caa6b365e82e2c2decfc78b0c3e50f1b774c39b2136af2f1b6,"How should cryptographic mechanisms be selected and implemented to comply with applicable laws, policies, and standards?"
rev5,89,drop_odp_entry,Remove one ODP-list entry,False,empty odp_required_list,False,,,,,3eb55fbd608f76b387632e89504ac5bfa753cc0f8b2beee5a363a64f82c674c6,,"How should cryptographic mechanisms be selected and implemented to comply with applicable laws, policies, and standards?"
rev5,89,flip_status,Status flip,True,,True,ParamsRequiredButNoPlaceholders|ParamsRequiredButODPListEmpty,status,OK,PARAMS_REQUIRED,3eb55fbd608f76b387632e89504ac5bfa753cc0f8b2beee5a363a64f82c674c6,f0830d534bfd6534324abffeb8286a1ce2d4dade62b7b82e7237a291f2e91b4d,"How should cryptographic mechanisms be selected and implemented to comply with applicable laws, policies, and standards?"
rev5,90,valid_active_id_swap,Valid active-revision ID swap,True,,True,SpanNotVerbatim,evidence_spans[0].source_id,sc-28_smt,sc-29.01_odp,1e303d1ae7ca765c611394da562ce738c40c64874c1537278587b0a043329513,fb8e3fdc67fa2caee5aaa3e95ede65fca3b99245d4781c66e189406c839b58fa,What protections must be applied to ensure the confidentiality and integrity of information at rest within system components?
rev5,90,span_character_change,One-character span alteration,True,,True,SpanNotVerbatim,evidence_spans[0].span_text[0],P,Q,1e303d1ae7ca765c611394da562ce738c40c64874c1537278587b0a043329513,2fae5f50af1071f997438c877df89016fb7b54370b4ed925831b2b35b0924bcc,What protections must be applied to ensure the confidentiality and integrity of information at rest within system components?
rev5,90,rev4_only_id_in_rev5,Rev. 4-only ID in Rev. 5,True,,True,UnknownSourceId,evidence_spans[0].source_id,sc-28_smt,ac-16.d_obj.2,1e303d1ae7ca765c611394da562ce738c40c64874c1537278587b0a043329513,bc87d5bd82f0f1e513fe3df46bc9833074b1daa489f477dc34ee5a6d81297a43,What protections must be applied to ensure the confidentiality and integrity of information at rest within system components?
rev5,90,drop_odp_entry,Remove one ODP-list entry,True,,False,,odp_required_list[1],sc-28_odp.02,<removed>,1e303d1ae7ca765c611394da562ce738c40c64874c1537278587b0a043329513,0eff3ca98ec5e5908f3f2642d4c4cff9097f6b9752077a21b9fe05cd846d4fbc,What protections must be applied to ensure the confidentiality and integrity of information at rest within system components?
rev5,90,flip_status,Status flip,True,,True,OKButUnresolvedODPPlaceholders,status,PARAMS_REQUIRED,OK,1e303d1ae7ca765c611394da562ce738c40c64874c1537278587b0a043329513,44578796e941ed673eab0f70500c6700e5a084d70332d17d71d6971945060971,What protections must be applied to ensure the confidentiality and integrity of information at rest within system components?
rev5,91,valid_active_id_swap,Valid active-revision ID swap,True,,True,SpanNotVerbatim,evidence_spans[0].source_id,si-2_smt,si-2_smt.a,76a3a189b328dfd13fa9f6f64c24e1aef59db18d3882985ec542c174061f23d7,38f8d206f2fdcb9cebbcc9a60c052bfdc7bbf9ecee552e04878d9ec0941c6bc8,"What actions must organizations take to identify, report, test, and install security-relevant software and firmware updates?"
rev5,91,span_character_change,One-character span alteration,True,,True,SpanNotVerbatim,evidence_spans[0].span_text[0],a,b,76a3a189b328dfd13fa9f6f64c24e1aef59db18d3882985ec542c174061f23d7,7733cdfc4965d9eb1c70db11ece551bd54df71c2c3a58d767bf5f682acea4c48,"What actions must organizations take to identify, report, test, and install security-relevant software and firmware updates?"
rev5,91,rev4_only_id_in_rev5,Rev. 4-only ID in Rev. 5,True,,True,UnknownSourceId,evidence_spans[0].source_id,si-2_smt,ac-16_prm_5,76a3a189b328dfd13fa9f6f64c24e1aef59db18d3882985ec542c174061f23d7,7dcaf2fba4ef5ebe9ad625ec5a909a6236364c29627534042ea01f0e96bb59f5,"What actions must organizations take to identify, report, test, and install security-relevant software and firmware updates?"
rev5,91,drop_odp_entry,Remove one ODP-list entry,True,,True,ParamsRequiredButODPListEmpty,odp_required_list[0],si-02_odp,<removed>,76a3a189b328dfd13fa9f6f64c24e1aef59db18d3882985ec542c174061f23d7,1da24967a29a28e981fc4f8c4fe439050ecfa03512b180391907fea0392be1c7,"What actions must organizations take to identify, report, test, and install security-relevant software and firmware updates?"
rev5,91,flip_status,Status flip,True,,True,OKButUnresolvedODPPlaceholders,status,PARAMS_REQUIRED,OK,76a3a189b328dfd13fa9f6f64c24e1aef59db18d3882985ec542c174061f23d7,9b65f29ef160b9ef192263f3b4b351fcf57a8773578b847c9837ccffa3ed2efb,"What actions must organizations take to identify, report, test, and install security-relevant software and firmware updates?"
rev5,92,valid_active_id_swap,Valid active-revision ID swap,True,,True,SpanNotVerbatim,evidence_spans[0].source_id,si-3_smt,si-3_smt.a,c066ed9e7fd913f694b4669c2a3399a347882db2d47e765e3b21b5c0d6750ddc,acf17a08c5a21aa1c79fa4bfc14471eb7f6d61fcff24b85f0c6bb57ae5dbc1ba,What are the requirements for implementing and managing malicious-code protection mechanisms across the system?
rev5,92,span_character_change,One-character span alteration,True,,True,SpanNotVerbatim,evidence_spans[0].span_text[0],a,b,c066ed9e7fd913f694b4669c2a3399a347882db2d47e765e3b21b5c0d6750ddc,1798113c026ee2f824cf2da628e8bbb0654d65e8994d38993ed22f78a4213827,What are the requirements for implementing and managing malicious-code protection mechanisms across the system?
rev5,92,rev4_only_id_in_rev5,Rev. 4-only ID in Rev. 5,True,,True,UnknownSourceId,evidence_spans[0].source_id,si-3_smt,ac-17.3_obj.1,c066ed9e7fd913f694b4669c2a3399a347882db2d47e765e3b21b5c0d6750ddc,ca941559ac76ef72a658abad0fe160cdae4de4096403ac6de776cf63c3864269,What are the requirements for implementing and managing malicious-code protection mechanisms across the system?
rev5,92,drop_odp_entry,Remove one ODP-list entry,True,,False,,odp_required_list[4],si-03_odp.06,<removed>,c066ed9e7fd913f694b4669c2a3399a347882db2d47e765e3b21b5c0d6750ddc,efa7fb0957336c0d862c023f900ea2241f63fd2274a1a38ed72fe121959ad0b7,What are the requirements for implementing and managing malicious-code protection mechanisms across the system?
rev5,92,flip_status,Status flip,True,,True,OKButUnresolvedODPPlaceholders,status,PARAMS_REQUIRED,OK,c066ed9e7fd913f694b4669c2a3399a347882db2d47e765e3b21b5c0d6750ddc,026d9ed5251456c820e6959946f745fe7323edc43c2601fe0a8ec9d2b206d7bd,What are the requirements for implementing and managing malicious-code protection mechanisms across the system?
rev5,93,valid_active_id_swap,Valid active-revision ID swap,True,,True,SpanNotVerbatim,evidence_spans[0].source_id,si-4_smt.d,si-4_smt.e,277358082eacc550fb926dbcc4ae0e75cc6aabe35ccb93a0333ed5fcb2173d96,4a8cb132e11f71f73acc10592c7ad9a7f7a7e02bb9f531dfb6922d6d7a5a90de,"How should systems be monitored to detect attacks, unauthorized connections, and anomalous activities, and how should such events be analyzed and reported?"
rev5,93,span_character_change,One-character span alteration,True,,True,SpanNotVerbatim,evidence_spans[0].span_text[0],A,B,277358082eacc550fb926dbcc4ae0e75cc6aabe35ccb93a0333ed5fcb2173d96,5b2189c1a15170bc931f40980f0c93ce0e9486c0f68b52d3dc257b8a3f1f22f9,"How should systems be monitored to detect attacks, unauthorized connections, and anomalous activities, and how should such events be analyzed and reported?"
rev5,93,rev4_only_id_in_rev5,Rev. 4-only ID in Rev. 5,True,,True,UnknownSourceId,evidence_spans[0].source_id,si-4_smt.d,ac-17.3_obj.2,277358082eacc550fb926dbcc4ae0e75cc6aabe35ccb93a0333ed5fcb2173d96,81d1b6c3c75dc52a4cadbe6d999289743e0dcd296b1d111334dbc0d4436be675,"How should systems be monitored to detect attacks, unauthorized connections, and anomalous activities, and how should such events be analyzed and reported?"
rev5,93,drop_odp_entry,Remove one ODP-list entry,True,,False,,odp_required_list[3],si-04_odp.05,<removed>,277358082eacc550fb926dbcc4ae0e75cc6aabe35ccb93a0333ed5fcb2173d96,0405bd523f5066978de0fb4abe1ffc8b908561b97b9b0627f9e185f9042d6d86,"How should systems be monitored to detect attacks, unauthorized connections, and anomalous activities, and how should such events be analyzed and reported?"
rev5,93,flip_status,Status flip,True,,True,OKButUnresolvedODPPlaceholders,status,PARAMS_REQUIRED,OK,277358082eacc550fb926dbcc4ae0e75cc6aabe35ccb93a0333ed5fcb2173d96,a5c053db13af7a647a6afd77a6ecc599f7b120a19b7f4a9715998050d069c33e,"How should systems be monitored to detect attacks, unauthorized connections, and anomalous activities, and how should such events be analyzed and reported?"
rev5,94,valid_active_id_swap,Valid active-revision ID swap,True,,True,SpanNotVerbatim,evidence_spans[0].source_id,si-7_smt,si-7_smt.a,cce6c79a684c770fc862af7e34a4333a449d7cfe79888938785b981983829957,3fd8246250ca1ad6c8de9dd1e049b0f3a0ac99523ef4fe74555d0b90f990a6bc,"What integrity-verification mechanisms should be employed to detect unauthorized changes to software, firmware, or data?"
rev5,94,span_character_change,One-character span alteration,True,,True,SpanNotVerbatim,evidence_spans[0].span_text[0],a,b,cce6c79a684c770fc862af7e34a4333a449d7cfe79888938785b981983829957,9469ded17ae70a25e9953f2fbbe86449364e6ae156afdd3ca85d50dde8ed8f94,"What integrity-verification mechanisms should be employed to detect unauthorized changes to software, firmware, or data?"
rev5,94,rev4_only_id_in_rev5,Rev. 4-only ID in Rev. 5,True,,True,UnknownSourceId,evidence_spans[0].source_id,si-7_smt,ac-17.3_prm_1,cce6c79a684c770fc862af7e34a4333a449d7cfe79888938785b981983829957,8f7fe4a0fc15f8a64ccdd354efe35c0eb54b35aa3dca96da3befab4c41295ef3,"What integrity-verification mechanisms should be employed to detect unauthorized changes to software, firmware, or data?"
rev5,94,drop_odp_entry,Remove one ODP-list entry,True,,False,,odp_required_list[1],si-7_prm_2,<removed>,cce6c79a684c770fc862af7e34a4333a449d7cfe79888938785b981983829957,74003b3465b06000b0cc8c8879262307c1b358ecb649f23630c0f24855253369,"What integrity-verification mechanisms should be employed to detect unauthorized changes to software, firmware, or data?"
rev5,94,flip_status,Status flip,True,,True,OKButUnresolvedODPPlaceholders,status,PARAMS_REQUIRED,OK,cce6c79a684c770fc862af7e34a4333a449d7cfe79888938785b981983829957,06741209ab19ef21a1ec2aeb284fd761cc8c630879599f755ef9b9cafd737b6c,"What integrity-verification mechanisms should be employed to detect unauthorized changes to software, firmware, or data?"
rev5,95,valid_active_id_swap,Valid active-revision ID swap,True,,True,SpanNotVerbatim,evidence_spans[0].source_id,si-10_smt,si-11_gdn,908ba3b2d165e001b2f0ec627ad42d5f2bd42304947e26efded97fbb79370f75,28b046cfdb3fca50e293a346669b0009f0c4f2d6dda3fae5e0ef81bd3bcf6084,How should organizations validate system inputs to prevent injection or cross-site scripting attacks?
rev5,95,span_character_change,One-character span alteration,True,,True,SpanNotVerbatim,evidence_spans[0].span_text[0],C,D,908ba3b2d165e001b2f0ec627ad42d5f2bd42304947e26efded97fbb79370f75,ec498737e6f9f26dae4b4f90739c81e9fc6246a788c334716ffb1d5883197963,How should organizations validate system inputs to prevent injection or cross-site scripting attacks?
rev5,95,rev4_only_id_in_rev5,Rev. 4-only ID in Rev. 5,True,,True,UnknownSourceId,evidence_spans[0].source_id,si-10_smt,ac-17.4.a_obj,908ba3b2d165e001b2f0ec627ad42d5f2bd42304947e26efded97fbb79370f75,21bb90d34b8db06f1093aa3a8259ac92e4d2340225a9fc04339e091b6c256e9d,How should organizations validate system inputs to prevent injection or cross-site scripting attacks?
rev5,95,drop_odp_entry,Remove one ODP-list entry,True,,True,ParamsRequiredButODPListEmpty,odp_required_list[0],si-10_odp,<removed>,908ba3b2d165e001b2f0ec627ad42d5f2bd42304947e26efded97fbb79370f75,7352690d16f7883ce68e8f2203f72c88e867785cfc3b1aeaa9da6b6a7e1467e6,How should organizations validate system inputs to prevent injection or cross-site scripting attacks?
rev5,95,flip_status,Status flip,True,,True,OKButUnresolvedODPPlaceholders,status,PARAMS_REQUIRED,OK,908ba3b2d165e001b2f0ec627ad42d5f2bd42304947e26efded97fbb79370f75,9503907d8a3a034e1c8e67fa0785a8086d82d23ed1e61d6849e26032cbabbf25,How should organizations validate system inputs to prevent injection or cross-site scripting attacks?
rev5,96,valid_active_id_swap,Valid active-revision ID swap,True,,True,SpanNotVerbatim,evidence_spans[0].source_id,sr-2_smt.a,sr-2_smt.b,d32a3d3fb39543fc31c564850bd6f5b5e3fb083a22c95db897286756ea9eaf4b,b52b939e98a8e20b11609a3882338608aca429dff082478e7ab2908acb73d4fb,"What elements must be included in a supply-chain risk management plan, and how often should it be reviewed and protected from unauthorized disclosure?"
rev5,96,span_character_change,One-character span alteration,True,,True,SpanNotVerbatim,evidence_spans[0].span_text[0],D,E,d32a3d3fb39543fc31c564850bd6f5b5e3fb083a22c95db897286756ea9eaf4b,1af5aeae2d2bb5a5d0f1f5c3d10b9e410b62cdc2c9eee7aa98419efd28846816,"What elements must be included in a supply-chain risk management plan, and how often should it be reviewed and protected from unauthorized disclosure?"
rev5,96,rev4_only_id_in_rev5,Rev. 4-only ID in Rev. 5,True,,True,UnknownSourceId,evidence_spans[0].source_id,sr-2_smt.a,ac-17.4.a_obj.1,d32a3d3fb39543fc31c564850bd6f5b5e3fb083a22c95db897286756ea9eaf4b,014c2945600d13de9095e888a4dab162462fb621e8245c75fc82244c4a0c2e47,"What elements must be included in a supply-chain risk management plan, and how often should it be reviewed and protected from unauthorized disclosure?"
rev5,96,drop_odp_entry,Remove one ODP-list entry,True,,False,,odp_required_list[1],sr-02_odp.02,<removed>,d32a3d3fb39543fc31c564850bd6f5b5e3fb083a22c95db897286756ea9eaf4b,17be3929dd668db09b2c4c91fe587d14f72702f56c8493943d35d2340525d0bd,"What elements must be included in a supply-chain risk management plan, and how often should it be reviewed and protected from unauthorized disclosure?"
rev5,96,flip_status,Status flip,True,,True,OKButUnresolvedODPPlaceholders,status,PARAMS_REQUIRED,OK,d32a3d3fb39543fc31c564850bd6f5b5e3fb083a22c95db897286756ea9eaf4b,cccaea7ee17b3041d1a9c91fab69eca7ab2077990036b633e38bb998f16177ab,"What elements must be included in a supply-chain risk management plan, and how often should it be reviewed and protected from unauthorized disclosure?"
rev5,97,valid_active_id_swap,Valid active-revision ID swap,True,,True,SpanNotVerbatim,evidence_spans[0].source_id,sr-3_smt.a,sr-3_smt.b,a6f346a408166027bd361a107e1ab8160564e2b29fd53bf8b0eb3ba9e9a9eeaa,3a82f3267a69479671dda1d5f1a06be2c55f75ef4f109ed728e63debdfe755f8,How should organizations identify and address weaknesses in supply-chain elements and document protective controls and processes?
rev5,97,span_character_change,One-character span alteration,True,,True,SpanNotVerbatim,evidence_spans[0].span_text[0],E,F,a6f346a408166027bd361a107e1ab8160564e2b29fd53bf8b0eb3ba9e9a9eeaa,c6823330ecff11caf87db26ef384c480474de9b2a47575dccbff7aa25425b062,How should organizations identify and address weaknesses in supply-chain elements and document protective controls and processes?
rev5,97,rev4_only_id_in_rev5,Rev. 4-only ID in Rev. 5,True,,True,UnknownSourceId,evidence_spans[0].source_id,sr-3_smt.a,ac-17.4.a_obj.2,a6f346a408166027bd361a107e1ab8160564e2b29fd53bf8b0eb3ba9e9a9eeaa,47ad2403973d72cf42511a3e7ead8d13ef8f181105edddabda89fc75e2cceb78,How should organizations identify and address weaknesses in supply-chain elements and document protective controls and processes?
rev5,97,drop_odp_entry,Remove one ODP-list entry,True,,False,,odp_required_list[3],sr-03_odp.04,<removed>,a6f346a408166027bd361a107e1ab8160564e2b29fd53bf8b0eb3ba9e9a9eeaa,520aa126c3a6e11fa04c43ea0362eb5d89ffadcae22dd7b12bd49ce05a34d258,How should organizations identify and address weaknesses in supply-chain elements and document protective controls and processes?
rev5,97,flip_status,Status flip,True,,True,OKButUnresolvedODPPlaceholders,status,PARAMS_REQUIRED,OK,a6f346a408166027bd361a107e1ab8160564e2b29fd53bf8b0eb3ba9e9a9eeaa,097635ba5efd5116db32be2ce5a2b62a9e919e5e12b63b0bb9ad283f185cd412,How should organizations identify and address weaknesses in supply-chain elements and document protective controls and processes?
rev5,98,valid_active_id_swap,Valid active-revision ID swap,True,,True,SpanNotVerbatim,evidence_spans[0].source_id,sr-5_smt,sr-6.1_gdn,588fbd9896ab249d33bc44d7fa61ededdc723d1059055010437c6f0a942716a1,ce031495dec9ca0eb06a6c56b23e77a69bc7b771240713e036fb0f82d447ec27,"What acquisition and contracting practices should be employed to protect the supply chain from counterfeit, tampered, or malicious components?"
rev5,98,span_character_change,One-character span alteration,True,,True,SpanNotVerbatim,evidence_spans[0].span_text[0],E,F,588fbd9896ab249d33bc44d7fa61ededdc723d1059055010437c6f0a942716a1,3720041bb16ff80099bd4fa7bcd90cbf7425aa1e461c56e12e13563df908e4a2,"What acquisition and contracting practices should be employed to protect the supply chain from counterfeit, tampered, or malicious components?"
rev5,98,rev4_only_id_in_rev5,Rev. 4-only ID in Rev. 5,True,,True,UnknownSourceId,evidence_spans[0].source_id,sr-5_smt,ac-17.4.b_obj,588fbd9896ab249d33bc44d7fa61ededdc723d1059055010437c6f0a942716a1,4637820255bf45046df8f53eed7ed0355a571262983e4214f80363e366fde650,"What acquisition and contracting practices should be employed to protect the supply chain from counterfeit, tampered, or malicious components?"
rev5,98,drop_odp_entry,Remove one ODP-list entry,True,,True,ParamsRequiredButODPListEmpty,odp_required_list[0],sr-05_odp,<removed>,588fbd9896ab249d33bc44d7fa61ededdc723d1059055010437c6f0a942716a1,fb8943be1076b02a8196b5241054c53ac95931316e2341d3a7598849b5009abc,"What acquisition and contracting practices should be employed to protect the supply chain from counterfeit, tampered, or malicious components?"
rev5,98,flip_status,Status flip,True,,True,OKButUnresolvedODPPlaceholders,status,PARAMS_REQUIRED,OK,588fbd9896ab249d33bc44d7fa61ededdc723d1059055010437c6f0a942716a1,2b0b8b272d14d1acdc1df0035b842c3f85fd11547fddb6e08be31d9e279443d6,"What acquisition and contracting practices should be employed to protect the supply chain from counterfeit, tampered, or malicious components?"
rev5,99,valid_active_id_swap,Valid active-revision ID swap,True,,True,SpanNotVerbatim,evidence_spans[0].source_id,sr-6_smt,sr-7_gdn,4f3cfbaf5fafd1ac571740690c43f2e60357ad24059972744675584feeb3590a,97f3d41f2803602bc618939332acbe7267deb72b36d40f495624b5ef1920a6e1,How frequently should supply-chain-related risks be assessed and reviewed for suppliers and contractors?
rev5,99,span_character_change,One-character span alteration,True,,True,SpanNotVerbatim,evidence_spans[0].span_text[0],A,B,4f3cfbaf5fafd1ac571740690c43f2e60357ad24059972744675584feeb3590a,d8542188da1a84d9d9217c620fc7bdc393bcfdcd5a2482d587a6b6f823872db0,How frequently should supply-chain-related risks be assessed and reviewed for suppliers and contractors?
rev5,99,rev4_only_id_in_rev5,Rev. 4-only ID in Rev. 5,True,,True,UnknownSourceId,evidence_spans[0].source_id,sr-6_smt,ac-17.9_obj.1,4f3cfbaf5fafd1ac571740690c43f2e60357ad24059972744675584feeb3590a,8f1971fd4d10bcc0e3936ce55620cc0482b247be2d7bc288360bc1fdbfd0f046,How frequently should supply-chain-related risks be assessed and reviewed for suppliers and contractors?
rev5,99,drop_odp_entry,Remove one ODP-list entry,True,,True,ParamsRequiredButODPListEmpty,odp_required_list[0],sr-06_odp,<removed>,4f3cfbaf5fafd1ac571740690c43f2e60357ad24059972744675584feeb3590a,66de2aaef58eee2c43eb902b3104401cbca6f83590eea12dbc85544d4fea06a4,How frequently should supply-chain-related risks be assessed and reviewed for suppliers and contractors?
rev5,99,flip_status,Status flip,True,,True,OKButUnresolvedODPPlaceholders,status,PARAMS_REQUIRED,OK,4f3cfbaf5fafd1ac571740690c43f2e60357ad24059972744675584feeb3590a,4a574d40f3401159ea48c33c6a97e5901f6d2529eb37fb57177fe46021546f0d,How frequently should supply-chain-related risks be assessed and reviewed for suppliers and contractors?
rev5,100,valid_active_id_swap,Valid active-revision ID swap,True,,True,SpanNotVerbatim,evidence_spans[0].source_id,sr-11_smt,sr-11_smt.a,8384957be2f44e04a1f566952ae9ebab08b5e7d3783334029d4fa98da97f9ab7,90052978db8eb27b2938d66bf8f93a05a93666f2901ea007f525bd0cf83bd992,"What policies and procedures should be developed to detect, prevent, and report counterfeit components within the system?"
rev5,100,span_character_change,One-character span alteration,True,,True,SpanNotVerbatim,evidence_spans[0].span_text[0],a,b,8384957be2f44e04a1f566952ae9ebab08b5e7d3783334029d4fa98da97f9ab7,08370e073e0e5fea06b5a94abc27f4f34404c164e53e228f767b83588c656f1d,"What policies and procedures should be developed to detect, prevent, and report counterfeit components within the system?"
rev5,100,rev4_only_id_in_rev5,Rev. 4-only ID in Rev. 5,True,,True,UnknownSourceId,evidence_spans[0].source_id,sr-11_smt,ac-17.9_obj.2,8384957be2f44e04a1f566952ae9ebab08b5e7d3783334029d4fa98da97f9ab7,5fde226fd3d58eb623c4b5665fc44148f2714d5692ffee995d7631863661f248,"What policies and procedures should be developed to detect, prevent, and report counterfeit components within the system?"
rev5,100,drop_odp_entry,Remove one ODP-list entry,True,,True,ParamsRequiredButODPListEmpty,odp_required_list[0],sr-11_odp.01,<removed>,8384957be2f44e04a1f566952ae9ebab08b5e7d3783334029d4fa98da97f9ab7,8902a9844d9f3cf7588f7650d6a7d0b8b586562ed03cea2ee1db8ae9a9d5abdf,"What policies and procedures should be developed to detect, prevent, and report counterfeit components within the system?"
rev5,100,flip_status,Status flip,True,,True,OKButUnresolvedODPPlaceholders,status,PARAMS_REQUIRED,OK,8384957be2f44e04a1f566952ae9ebab08b5e7d3783334029d4fa98da97f9ab7,582805aa2492390dfb6701ee06ec72c7f0e5fdd474e4ef5aeb37dde8faeb9e98,"What policies and procedures should be developed to detect, prevent, and report counterfeit components within the system?"
rev4,1,valid_active_id_swap,Valid active-revision ID swap,True,,True,SpanNotVerbatim,evidence_spans[0].source_id,ac-2_smt.a,ac-2_smt.b,456b0942f4f983dc81a64ba45c05b3d764b653f8fec5d34562845522ed3017e9,a21e702f3af0eb6f77af96abd9bf855a68b734d22df5cfadb6928fd55d566349,What does AC-2 require the organization to do when managing information system accounts?
rev4,1,span_character_change,One-character span alteration,True,,True,SpanNotVerbatim,evidence_spans[0].span_text[0],I,J,456b0942f4f983dc81a64ba45c05b3d764b653f8fec5d34562845522ed3017e9,0afdd34e1a556a9888a486397c77e1cd201bfe594bacca92149dce9ae4761f1d,What does AC-2 require the organization to do when managing information system accounts?
rev4,1,rev4_only_id_in_rev5,Rev. 4-only ID in Rev. 5,False,operator is defined only for Rev. 5 contracts,False,,,,,456b0942f4f983dc81a64ba45c05b3d764b653f8fec5d34562845522ed3017e9,,What does AC-2 require the organization to do when managing information system accounts?
rev4,1,drop_odp_entry,Remove one ODP-list entry,True,,False,,odp_required_list[3],ac-2_prm_4,<removed>,456b0942f4f983dc81a64ba45c05b3d764b653f8fec5d34562845522ed3017e9,69e71b31d0045216e1504a4198fe92ac9010517be72a97363085e808b4cb2532,What does AC-2 require the organization to do when managing information system accounts?
rev4,1,flip_status,Status flip,True,,True,OKButUnresolvedODPPlaceholders,status,PARAMS_REQUIRED,OK,456b0942f4f983dc81a64ba45c05b3d764b653f8fec5d34562845522ed3017e9,53378865737ef044a2a459eb8f31cba4a2278acf42b265aa3dc9c10a40c210e5,What does AC-2 require the organization to do when managing information system accounts?
rev4,2,valid_active_id_swap,Valid active-revision ID swap,True,,True,SpanNotVerbatim,evidence_spans[0].source_id,ac-6_smt,ac-7.2_gdn,960c706d621f4639cc990b360dc1a9f059c1eaecfedfce7bb8f25f7557ec9798,1b724bc5a62769c0c16ec5123e3648c1fbd67cb25f1552116c4c2de9f983b2ea,What principle does AC-6 require the organization to employ for user/system access?
rev4,2,span_character_change,One-character span alteration,True,,True,SpanNotVerbatim,evidence_spans[0].span_text[0],T,U,960c706d621f4639cc990b360dc1a9f059c1eaecfedfce7bb8f25f7557ec9798,effcbf9edf2e30f66db990fd11aa70b95453588ac1483d7a1e065ce35f4bcd8b,What principle does AC-6 require the organization to employ for user/system access?
rev4,2,rev4_only_id_in_rev5,Rev. 4-only ID in Rev. 5,False,operator is defined only for Rev. 5 contracts,False,,,,,960c706d621f4639cc990b360dc1a9f059c1eaecfedfce7bb8f25f7557ec9798,,What principle does AC-6 require the organization to employ for user/system access?
rev4,2,drop_odp_entry,Remove one ODP-list entry,False,empty odp_required_list,False,,,,,960c706d621f4639cc990b360dc1a9f059c1eaecfedfce7bb8f25f7557ec9798,,What principle does AC-6 require the organization to employ for user/system access?
rev4,2,flip_status,Status flip,True,,True,ParamsRequiredButNoPlaceholders|ParamsRequiredButODPListEmpty,status,OK,PARAMS_REQUIRED,960c706d621f4639cc990b360dc1a9f059c1eaecfedfce7bb8f25f7557ec9798,9009db00caac3267ef3e63140c05911e1006a3dc6c0ddb5ade97ae38fe43d9b5,What principle does AC-6 require the organization to employ for user/system access?
rev4,3,valid_active_id_swap,Valid active-revision ID swap,True,,True,SpanNotVerbatim,evidence_spans[0].source_id,at-2_smt,at-2_smt.a,9a2176925411f96e2096abf4dd08b695de5f006476bab25a8a89f5f9f7e622e3,79fad16069dc5b230a4eecacc28d97c66d2e2394d2dc159c10db5f94e740036a,What security awareness training must the organization provide and when?
rev4,3,span_character_change,One-character span alteration,True,,True,SpanNotVerbatim,evidence_spans[0].span_text[0],T,U,9a2176925411f96e2096abf4dd08b695de5f006476bab25a8a89f5f9f7e622e3,b46835f6e6b78dd4afae490360ce37511099fadfd0ca947e0f0d0fc407696758,What security awareness training must the organization provide and when?
rev4,3,rev4_only_id_in_rev5,Rev. 4-only ID in Rev. 5,False,operator is defined only for Rev. 5 contracts,False,,,,,9a2176925411f96e2096abf4dd08b695de5f006476bab25a8a89f5f9f7e622e3,,What security awareness training must the organization provide and when?
rev4,3,drop_odp_entry,Remove one ODP-list entry,True,,True,ParamsRequiredButODPListEmpty,odp_required_list[0],at-2_prm_1,<removed>,9a2176925411f96e2096abf4dd08b695de5f006476bab25a8a89f5f9f7e622e3,c811304ec516ef5766cb3fc418d1b5fcc492d881bbc6b622372d5aa6b5db5520,What security awareness training must the organization provide and when?
rev4,3,flip_status,Status flip,True,,True,OKButUnresolvedODPPlaceholders,status,PARAMS_REQUIRED,OK,9a2176925411f96e2096abf4dd08b695de5f006476bab25a8a89f5f9f7e622e3,39d5074a05ecfb4894fa5882ddb70f20abca8a6558ea33ffbca34677e3b59980,What security awareness training must the organization provide and when?
rev4,4,valid_active_id_swap,Valid active-revision ID swap,True,,True,SpanNotVerbatim,evidence_spans[0].source_id,at-3_smt.a,at-3_smt.b,15e00c527e0029267ba9cd8c5c861de6a1877ba30aa188ac90d6401bafda9ff7,ee721751e86bb2d106f83020e5502016b9f71acaddf79309037ef33cd8ebe19a,What are the requirements for role-based security training and timing of delivery?
rev4,4,span_character_change,One-character span alteration,True,,True,SpanNotVerbatim,evidence_spans[0].span_text[0],B,C,15e00c527e0029267ba9cd8c5c861de6a1877ba30aa188ac90d6401bafda9ff7,e3449197531ec5c3228378e3be0be0d232b60b884849208ccdbe1b7e8dfc2b09,What are the requirements for role-based security training and timing of delivery?
rev4,4,rev4_only_id_in_rev5,Rev. 4-only ID in Rev. 5,False,operator is defined only for Rev. 5 contracts,False,,,,,15e00c527e0029267ba9cd8c5c861de6a1877ba30aa188ac90d6401bafda9ff7,,What are the requirements for role-based security training and timing of delivery?
rev4,4,drop_odp_entry,Remove one ODP-list entry,True,,True,ParamsRequiredButODPListEmpty,odp_required_list[0],at-3_prm_1,<removed>,15e00c527e0029267ba9cd8c5c861de6a1877ba30aa188ac90d6401bafda9ff7,d1d3dda8adb99b4b2055af7dbf640a51e714c1de36992f614665eb2b5615121e,What are the requirements for role-based security training and timing of delivery?
rev4,4,flip_status,Status flip,True,,True,OKButUnresolvedODPPlaceholders,status,PARAMS_REQUIRED,OK,15e00c527e0029267ba9cd8c5c861de6a1877ba30aa188ac90d6401bafda9ff7,6cea66d23b508802ed962a19c40d6ad033b17659cc7ef1e562d56c9d7104ad5e,What are the requirements for role-based security training and timing of delivery?
rev4,5,valid_active_id_swap,Valid active-revision ID swap,True,,True,SpanNotVerbatim,evidence_spans[0].source_id,au-2_smt.d,au-3.1_gdn,3493505382755cf38f1fcf51945be1540f2d7f3de6bdd77208d3b22e760c1a69,5deb67ab5a727f475c6c3e751fd1aa6d4021e60b6fc8d2acb6a50dd45d0ffb3b,What must the organization determine about events within the information system?
rev4,5,span_character_change,One-character span alteration,True,,True,SpanNotVerbatim,evidence_spans[0].span_text[0],D,E,3493505382755cf38f1fcf51945be1540f2d7f3de6bdd77208d3b22e760c1a69,750ec9b3de4ad5750529877b1825fcdb6f51a3783fa6b1d5384cb4799feef6ea,What must the organization determine about events within the information system?
rev4,5,rev4_only_id_in_rev5,Rev. 4-only ID in Rev. 5,False,operator is defined only for Rev. 5 contracts,False,,,,,3493505382755cf38f1fcf51945be1540f2d7f3de6bdd77208d3b22e760c1a69,,What must the organization determine about events within the information system?
rev4,5,drop_odp_entry,Remove one ODP-list entry,True,,False,,odp_required_list[1],au-2_prm_2,<removed>,3493505382755cf38f1fcf51945be1540f2d7f3de6bdd77208d3b22e760c1a69,40d4a2edea0522300a786977283c0d75101e10148bad54001884426059c3af43,What must the organization determine about events within the information system?
rev4,5,flip_status,Status flip,True,,True,OKButUnresolvedODPPlaceholders,status,PARAMS_REQUIRED,OK,3493505382755cf38f1fcf51945be1540f2d7f3de6bdd77208d3b22e760c1a69,6d0111f19db0e4f41fb34e7c47bd4ee7b309b68acb371786ce5033fe53d984e5,What must the organization determine about events within the information system?
rev4,6,valid_active_id_swap,Valid active-revision ID swap,True,,True,SpanNotVerbatim,evidence_spans[0].source_id,au-12_smt.a,au-12_smt.b,ffd0dda475bd397359568ca3130e9629146260ca0779e5f45ded65aa3488978e,f6dad41de9f8209eb25bc58bd0c9e85c6772337bd861455dffa1d6d74fa67420,What audit record contents are the system required to generate?
rev4,6,span_character_change,One-character span alteration,True,,True,SpanNotVerbatim,evidence_spans[0].span_text[0],P,Q,ffd0dda475bd397359568ca3130e9629146260ca0779e5f45ded65aa3488978e,a0f11a5e1e2857e3afb0954413e990b9f6a6366f5838a30932c4dc612b28a7a4,What audit record contents are the system required to generate?
rev4,6,rev4_only_id_in_rev5,Rev. 4-only ID in Rev. 5,False,operator is defined only for Rev. 5 contracts,False,,,,,ffd0dda475bd397359568ca3130e9629146260ca0779e5f45ded65aa3488978e,,What audit record contents are the system required to generate?
rev4,6,drop_odp_entry,Remove one ODP-list entry,True,,False,,odp_required_list[1],au-12_prm_2,<removed>,ffd0dda475bd397359568ca3130e9629146260ca0779e5f45ded65aa3488978e,e46dd9d87a890b1e39ffcc837a5550744315b4a7eff72b33110455932e4969cc,What audit record contents are the system required to generate?
rev4,6,flip_status,Status flip,True,,True,OKButUnresolvedODPPlaceholders,status,PARAMS_REQUIRED,OK,ffd0dda475bd397359568ca3130e9629146260ca0779e5f45ded65aa3488978e,dbc37299ae72485f6cf9c04e21dab6e6f54d0a3ab6952247a6667eefd16ec8de,What audit record contents are the system required to generate?
rev4,7,valid_active_id_swap,Valid active-revision ID swap,True,,True,SpanNotVerbatim,evidence_spans[0].source_id,ca-2_smt.b,ca-2_smt.c,f8b144ed6c3e23df4802fb7dd299b5f1a7703126ed786afbba9e1c1a2999dc89,dcd728980f050dc34c67f840555a4fa6d3286480d14bdf0834e471ef6a18c7f5,What are the requirements regarding assessment of security controls and frequency?
rev4,7,span_character_change,One-character span alteration,True,,True,SpanNotVerbatim,evidence_spans[0].span_text[0],A,B,f8b144ed6c3e23df4802fb7dd299b5f1a7703126ed786afbba9e1c1a2999dc89,952c9a0ba3d1b527df1bbe326d14ee2ec4c898a59ca8dd26479a239ffdfedf9b,What are the requirements regarding assessment of security controls and frequency?
rev4,7,rev4_only_id_in_rev5,Rev. 4-only ID in Rev. 5,False,operator is defined only for Rev. 5 contracts,False,,,,,f8b144ed6c3e23df4802fb7dd299b5f1a7703126ed786afbba9e1c1a2999dc89,,What are the requirements regarding assessment of security controls and frequency?
rev4,7,drop_odp_entry,Remove one ODP-list entry,True,,True,ParamsRequiredButODPListEmpty,odp_required_list[0],ca-2_prm_1,<removed>,f8b144ed6c3e23df4802fb7dd299b5f1a7703126ed786afbba9e1c1a2999dc89,9936b96c5599d6b268ad387103403dfd3fa117ab53ae75a478c091e3198306fd,What are the requirements regarding assessment of security controls and frequency?
rev4,7,flip_status,Status flip,True,,True,OKButUnresolvedODPPlaceholders,status,PARAMS_REQUIRED,OK,f8b144ed6c3e23df4802fb7dd299b5f1a7703126ed786afbba9e1c1a2999dc89,b31bf0d4868e75a3eeb9d41f7bc9ba8491667fd350a4af365cacde2694b3234c,What are the requirements regarding assessment of security controls and frequency?
rev4,8,valid_active_id_swap,Valid active-revision ID swap,True,,True,SpanNotVerbatim,evidence_spans[0].source_id,ca-7_smt,ca-7_smt.a,38d3b8ddbcbcebb4a9650a2e534a74e8b28e89ba6218f8547cc5adc13d94b70c,3d4ddb703eb821aaa6aeaa6007a5248139e12f9344362ce09637ee57fde2f355,What elements must be included in the continuous monitoring strategy and program?
rev4,8,span_character_change,One-character span alteration,True,,True,SpanNotVerbatim,evidence_spans[0].span_text[0],T,U,38d3b8ddbcbcebb4a9650a2e534a74e8b28e89ba6218f8547cc5adc13d94b70c,ddda2173b64ee0ba16ad631972754cf41da0cd0c5fa273ee0d201e7ed05a755c,What elements must be included in the continuous monitoring strategy and program?
rev4,8,rev4_only_id_in_rev5,Rev. 4-only ID in Rev. 5,False,operator is defined only for Rev. 5 contracts,False,,,,,38d3b8ddbcbcebb4a9650a2e534a74e8b28e89ba6218f8547cc5adc13d94b70c,,What elements must be included in the continuous monitoring strategy and program?
rev4,8,drop_odp_entry,Remove one ODP-list entry,True,,False,,odp_required_list[4],ca-7_prm_5,<removed>,38d3b8ddbcbcebb4a9650a2e534a74e8b28e89ba6218f8547cc5adc13d94b70c,b3a5dfa0ed7a6f3bde67adbf71d7cddadb88023921f021f062103e7fbf7501b2,What elements must be included in the continuous monitoring strategy and program?
rev4,8,flip_status,Status flip,True,,True,OKButUnresolvedODPPlaceholders,status,PARAMS_REQUIRED,OK,38d3b8ddbcbcebb4a9650a2e534a74e8b28e89ba6218f8547cc5adc13d94b70c,0be81970350508788a3c4400b815c3420f768474119241c55452b6eb54571854,What elements must be included in the continuous monitoring strategy and program?
rev4,9,valid_active_id_swap,Valid active-revision ID swap,True,,True,SpanNotVerbatim,evidence_spans[0].source_id,cm-2_smt,cm-3.1.a_obj,82a1df4e0b0d78bc71db07e93ff0e92bef6008cbf2accf577b68ef06fdf168bf,68c4e16fab1448c885c452a934a5e73031b96ed55c3750075ca55b95014a704b,What does CM-2 require regarding the baseline configuration of the information system?
rev4,9,span_character_change,One-character span alteration,True,,True,SpanNotVerbatim,evidence_spans[0].span_text[0],T,U,82a1df4e0b0d78bc71db07e93ff0e92bef6008cbf2accf577b68ef06fdf168bf,87cf42ea97f300fabbfa54d95c5fdea1c81ac3575b71d1622fc13c08222321fe,What does CM-2 require regarding the baseline configuration of the information system?
rev4,9,rev4_only_id_in_rev5,Rev. 4-only ID in Rev. 5,False,operator is defined only for Rev. 5 contracts,False,,,,,82a1df4e0b0d78bc71db07e93ff0e92bef6008cbf2accf577b68ef06fdf168bf,,What does CM-2 require regarding the baseline configuration of the information system?
rev4,9,drop_odp_entry,Remove one ODP-list entry,False,empty odp_required_list,False,,,,,82a1df4e0b0d78bc71db07e93ff0e92bef6008cbf2accf577b68ef06fdf168bf,,What does CM-2 require regarding the baseline configuration of the information system?
rev4,9,flip_status,Status flip,True,,True,ParamsRequiredButNoPlaceholders|ParamsRequiredButODPListEmpty,status,OK,PARAMS_REQUIRED,82a1df4e0b0d78bc71db07e93ff0e92bef6008cbf2accf577b68ef06fdf168bf,03f382d564c60751dd5472e3f08012d36a5c29e14876017bb6bc5c63246aac6f,What does CM-2 require regarding the baseline configuration of the information system?
rev4,10,valid_active_id_swap,Valid active-revision ID swap,True,,True,SpanNotVerbatim,evidence_spans[0].source_id,cm-6_smt.a,cm-6_smt.b,511a14ca22056c591bfa21f4d0469776f1711e666509cb6d8894728d5146e13b,5ebb2e23f0493930c4f5a7a08c5245c76aae667eeb3f9e5968894e06d63202ba,What are the requirements for establishing and documenting configuration settings?
rev4,10,span_character_change,One-character span alteration,True,,True,SpanNotVerbatim,evidence_spans[0].span_text[0],E,F,511a14ca22056c591bfa21f4d0469776f1711e666509cb6d8894728d5146e13b,0a0added5574eab1b1eff207eb6fb3acdd7446933777f86b288d9d9e0e260083,What are the requirements for establishing and documenting configuration settings?
rev4,10,rev4_only_id_in_rev5,Rev. 4-only ID in Rev. 5,False,operator is defined only for Rev. 5 contracts,False,,,,,511a14ca22056c591bfa21f4d0469776f1711e666509cb6d8894728d5146e13b,,What are the requirements for establishing and documenting configuration settings?
rev4,10,drop_odp_entry,Remove one ODP-list entry,True,,False,,odp_required_list[2],cm-6_prm_3,<removed>,511a14ca22056c591bfa21f4d0469776f1711e666509cb6d8894728d5146e13b,1ade6052f053b7481c3c1e6e6004c31e439527c119a2251294f67fad6ae2ff11,What are the requirements for establishing and documenting configuration settings?
rev4,10,flip_status,Status flip,True,,True,OKButUnresolvedODPPlaceholders,status,PARAMS_REQUIRED,OK,511a14ca22056c591bfa21f4d0469776f1711e666509cb6d8894728d5146e13b,bba0b8d2082554c4ea99eb8160d15588c4ff833ddbbd2830735f45052391e9fd,What are the requirements for establishing and documenting configuration settings?
rev4,11,valid_active_id_swap,Valid active-revision ID swap,True,,True,SpanNotVerbatim,evidence_spans[0].source_id,cp-2_smt.a,cp-2_smt.a.1,522cca9ac4784f37b8c8f61ebdb260731789f4407183515979e2acfe2426f389,4881eb63deb955b48893354282db60bc419533461d95a4ccfdcaee7088f336dd,What does CP-2 require in developing a contingency plan for the information system?
rev4,11,span_character_change,One-character span alteration,True,,True,SpanNotVerbatim,evidence_spans[0].span_text[0],D,E,522cca9ac4784f37b8c8f61ebdb260731789f4407183515979e2acfe2426f389,4c8947a603b3fce465beed7e3b89ed7264cd1f4674a3c61ce2fc15d23a7d6742,What does CP-2 require in developing a contingency plan for the information system?
rev4,11,rev4_only_id_in_rev5,Rev. 4-only ID in Rev. 5,False,operator is defined only for Rev. 5 contracts,False,,,,,522cca9ac4784f37b8c8f61ebdb260731789f4407183515979e2acfe2426f389,,What does CP-2 require in developing a contingency plan for the information system?
rev4,11,drop_odp_entry,Remove one ODP-list entry,True,,True,ParamsRequiredButODPListEmpty,odp_required_list[0],cp-2_prm_1,<removed>,522cca9ac4784f37b8c8f61ebdb260731789f4407183515979e2acfe2426f389,8954992c96963ec375a18b97a430be60960a9d6b5eb5707d0fb1ff237822ee17,What does CP-2 require in developing a contingency plan for the information system?
rev4,11,flip_status,Status flip,True,,True,OKButUnresolvedODPPlaceholders,status,PARAMS_REQUIRED,OK,522cca9ac4784f37b8c8f61ebdb260731789f4407183515979e2acfe2426f389,ead344df400f1ffd041206bbe6a507a427b5d862d58aecc660ca51cae52d82e2,What does CP-2 require in developing a contingency plan for the information system?
rev4,12,valid_active_id_swap,Valid active-revision ID swap,True,,True,SpanNotVerbatim,evidence_spans[0].source_id,cp-9_smt.d,ia-1.a.1_obj,e40446ef3f1edcec78d071cf656ec2c80c14b739c6c60e08b92c65d2bda4a9f8,cb88fbcc15a5769f1880f5c742e58898eca9e834f2e7b0ffff4121783e487ff9,What does CP-9 require for conducting and protecting backups at the storage location?
rev4,12,span_character_change,One-character span alteration,True,,True,SpanNotVerbatim,evidence_spans[0].span_text[0],P,Q,e40446ef3f1edcec78d071cf656ec2c80c14b739c6c60e08b92c65d2bda4a9f8,2fdeb34b2e05a037a6b6251435392c3989d0bc365e9394e685af6725e11a3d82,What does CP-9 require for conducting and protecting backups at the storage location?
rev4,12,rev4_only_id_in_rev5,Rev. 4-only ID in Rev. 5,False,operator is defined only for Rev. 5 contracts,False,,,,,e40446ef3f1edcec78d071cf656ec2c80c14b739c6c60e08b92c65d2bda4a9f8,,What does CP-9 require for conducting and protecting backups at the storage location?
rev4,12,drop_odp_entry,Remove one ODP-list entry,True,,False,,odp_required_list[2],cp-9_prm_3,<removed>,e40446ef3f1edcec78d071cf656ec2c80c14b739c6c60e08b92c65d2bda4a9f8,be03725b032ae77dc23639193cf604d71faecdefa117002a35337ea5dc4e29c4,What does CP-9 require for conducting and protecting backups at the storage location?
rev4,12,flip_status,Status flip,True,,True,OKButUnresolvedODPPlaceholders,status,PARAMS_REQUIRED,OK,e40446ef3f1edcec78d071cf656ec2c80c14b739c6c60e08b92c65d2bda4a9f8,56ae0341ff456ddeae7065eaaca09f9a1a42e4e3617af5b6a4584ff10ae1dd85,What does CP-9 require for conducting and protecting backups at the storage location?
rev4,13,valid_active_id_swap,Valid active-revision ID swap,True,,True,SpanNotVerbatim,evidence_spans[0].source_id,ia-2_smt,ia-3.1_gdn,9bf74d40b5a12e4483bf90345434517ab2b9336fe2db6663e51df2a93c05d5b1,7070c2c6c83f598b1ced5e3d64605cf5212e3f99b0905ba703d01db94492b91d,What identification and authentication requirement does IA-2 specify for organizational users?
rev4,13,span_character_change,One-character span alteration,True,,True,SpanNotVerbatim,evidence_spans[0].span_text[0],T,U,9bf74d40b5a12e4483bf90345434517ab2b9336fe2db6663e51df2a93c05d5b1,3c734bec7dcc8a00ae28dd12e483df9cdd3a3f7b70111b9d8ed58dbb3853a075,What identification and authentication requirement does IA-2 specify for organizational users?
rev4,13,rev4_only_id_in_rev5,Rev. 4-only ID in Rev. 5,False,operator is defined only for Rev. 5 contracts,False,,,,,9bf74d40b5a12e4483bf90345434517ab2b9336fe2db6663e51df2a93c05d5b1,,What identification and authentication requirement does IA-2 specify for organizational users?
rev4,13,drop_odp_entry,Remove one ODP-list entry,False,empty odp_required_list,False,,,,,9bf74d40b5a12e4483bf90345434517ab2b9336fe2db6663e51df2a93c05d5b1,,What identification and authentication requirement does IA-2 specify for organizational users?
rev4,13,flip_status,Status flip,True,,True,ParamsRequiredButNoPlaceholders|ParamsRequiredButODPListEmpty,status,OK,PARAMS_REQUIRED,9bf74d40b5a12e4483bf90345434517ab2b9336fe2db6663e51df2a93c05d5b1,1b42bb80f7e9199b3e809053abd34abbc61dda0b136441c80b033467abaacffb,What identification and authentication requirement does IA-2 specify for organizational users?
rev4,14,valid_active_id_swap,Valid active-revision ID swap,True,,True,SpanNotVerbatim,evidence_spans[0].source_id,ia-5_smt.d,ia-5_smt.e,c74247165311291171b02971c7c3911a99011efa0983e44f7377aab570df47e2,c9777e1d43129b99068ecc9204b238905d5b96c1cc55c0c540a6b52edf4cc6fd,"What processes are in place to securely create, distribute, protect, and revoke authenticators such as passwords, tokens, or certificates?"
rev4,14,span_character_change,One-character span alteration,True,,True,SpanNotVerbatim,evidence_spans[0].span_text[0],E,F,c74247165311291171b02971c7c3911a99011efa0983e44f7377aab570df47e2,2bcd3774a41a79a9e3103decbea80c22a9045606d2956f070ad694c0ff5c8e13,"What processes are in place to securely create, distribute, protect, and revoke authenticators such as passwords, tokens, or certificates?"
rev4,14,rev4_only_id_in_rev5,Rev. 4-only ID in Rev. 5,False,operator is defined only for Rev. 5 contracts,False,,,,,c74247165311291171b02971c7c3911a99011efa0983e44f7377aab570df47e2,,"What processes are in place to securely create, distribute, protect, and revoke authenticators such as passwords, tokens, or certificates?"
rev4,14,drop_odp_entry,Remove one ODP-list entry,True,,True,ParamsRequiredButODPListEmpty,odp_required_list[0],ia-5_prm_1,<removed>,c74247165311291171b02971c7c3911a99011efa0983e44f7377aab570df47e2,9202e3362d4ecaff197a731878f89cc4d72e8e6633a45e92d023c55af0110ecc,"What processes are in place to securely create, distribute, protect, and revoke authenticators such as passwords, tokens, or certificates?"
rev4,14,flip_status,Status flip,True,,True,OKButUnresolvedODPPlaceholders,status,PARAMS_REQUIRED,OK,c74247165311291171b02971c7c3911a99011efa0983e44f7377aab570df47e2,4cbaf6471dff39e32b5fe7e3deebe08d4a9bd495af902e234e58a2e032bf63d5,"What processes are in place to securely create, distribute, protect, and revoke authenticators such as passwords, tokens, or certificates?"
rev4,15,valid_active_id_swap,Valid active-revision ID swap,True,,True,SpanNotVerbatim,evidence_spans[0].source_id,ir-4_smt,ir-4_smt.a,1ade466e254df1c17955a2cdae809951163b37b02bb9eb88f4db1b62882d5168,5a58b9449ab56ad03288f1a667841cefa93a67110e812a930ac36dae0c28df1a,What incident handling capability does IR-4 require the organization to implement?
rev4,15,span_character_change,One-character span alteration,True,,True,SpanNotVerbatim,evidence_spans[0].span_text[0],T,U,1ade466e254df1c17955a2cdae809951163b37b02bb9eb88f4db1b62882d5168,c992fdd90314eb05f3ad0f521e6194ee1bd312c741b941fe44805b2995e5c4cc,What incident handling capability does IR-4 require the organization to implement?
rev4,15,rev4_only_id_in_rev5,Rev. 4-only ID in Rev. 5,False,operator is defined only for Rev. 5 contracts,False,,,,,1ade466e254df1c17955a2cdae809951163b37b02bb9eb88f4db1b62882d5168,,What incident handling capability does IR-4 require the organization to implement?
rev4,15,drop_odp_entry,Remove one ODP-list entry,False,empty odp_required_list,False,,,,,1ade466e254df1c17955a2cdae809951163b37b02bb9eb88f4db1b62882d5168,,What incident handling capability does IR-4 require the organization to implement?
rev4,15,flip_status,Status flip,True,,True,ParamsRequiredButNoPlaceholders|ParamsRequiredButODPListEmpty,status,OK,PARAMS_REQUIRED,1ade466e254df1c17955a2cdae809951163b37b02bb9eb88f4db1b62882d5168,0c61a1eb65cf6622181dcb80ab2a10748c36f8082c8daa5420bd5f540b03a160,What incident handling capability does IR-4 require the organization to implement?
rev4,16,valid_active_id_swap,Valid active-revision ID swap,True,,True,SpanNotVerbatim,evidence_spans[0].source_id,ir-6_smt,ir-6_smt.a,1302f3fe539842e885a3f5c210e35ed45f993bf90d45c6e68840d8b529e97c53,8d74d809a9fa3777e4fe219b78299cec4e1cfed6042fee49039808b2fca98505,What does IR-6 require about reporting suspected security incidents and by when?
rev4,16,span_character_change,One-character span alteration,True,,True,SpanNotVerbatim,evidence_spans[0].span_text[0],T,U,1302f3fe539842e885a3f5c210e35ed45f993bf90d45c6e68840d8b529e97c53,9ce30e8ed6441288f10fc35ee234c8d4b444c4ac4ddca88fc00d4b50d83d010e,What does IR-6 require about reporting suspected security incidents and by when?
rev4,16,rev4_only_id_in_rev5,Rev. 4-only ID in Rev. 5,False,operator is defined only for Rev. 5 contracts,False,,,,,1302f3fe539842e885a3f5c210e35ed45f993bf90d45c6e68840d8b529e97c53,,What does IR-6 require about reporting suspected security incidents and by when?
rev4,16,drop_odp_entry,Remove one ODP-list entry,True,,False,,odp_required_list[1],ir-6_prm_2,<removed>,1302f3fe539842e885a3f5c210e35ed45f993bf90d45c6e68840d8b529e97c53,6f0d31bdc8ca35f7c5c57175caddaa3c06156c8cff20f0d52dc5ddc307fbd8e7,What does IR-6 require about reporting suspected security incidents and by when?
rev4,16,flip_status,Status flip,True,,True,OKButUnresolvedODPPlaceholders,status,PARAMS_REQUIRED,OK,1302f3fe539842e885a3f5c210e35ed45f993bf90d45c6e68840d8b529e97c53,6c5ee186b47edd955ba3a1c724c3ef934e8d359ca49144d9d9dba46913b355db,What does IR-6 require about reporting suspected security incidents and by when?
rev4,17,valid_active_id_swap,Valid active-revision ID swap,True,,True,SpanNotVerbatim,evidence_spans[0].source_id,ma-3_smt,ma-4.1.a_obj,9505b4dff8967d4cd811c1f311b82f5cb6f7be25484252607ef42d9c29f4fe8c,d6c587391b51f410fdb1ef62566601a22165681ef4c2edf40fd69ad57d71c0ca,What actions does MA-3 require the organization to do with information system maintenance tools?
rev4,17,span_character_change,One-character span alteration,True,,True,SpanNotVerbatim,evidence_spans[0].span_text[0],T,U,9505b4dff8967d4cd811c1f311b82f5cb6f7be25484252607ef42d9c29f4fe8c,72690159a6aef2bf2228fa5ce41096ef6b94cb7b3c8fc40f7ab7f18546cb0850,What actions does MA-3 require the organization to do with information system maintenance tools?
rev4,17,rev4_only_id_in_rev5,Rev. 4-only ID in Rev. 5,False,operator is defined only for Rev. 5 contracts,False,,,,,9505b4dff8967d4cd811c1f311b82f5cb6f7be25484252607ef42d9c29f4fe8c,,What actions does MA-3 require the organization to do with information system maintenance tools?
rev4,17,drop_odp_entry,Remove one ODP-list entry,False,empty odp_required_list,False,,,,,9505b4dff8967d4cd811c1f311b82f5cb6f7be25484252607ef42d9c29f4fe8c,,What actions does MA-3 require the organization to do with information system maintenance tools?
rev4,17,flip_status,Status flip,True,,True,ParamsRequiredButNoPlaceholders|ParamsRequiredButODPListEmpty,status,OK,PARAMS_REQUIRED,9505b4dff8967d4cd811c1f311b82f5cb6f7be25484252607ef42d9c29f4fe8c,5ea2ccaabea3b75f2fe9ca434a65d0f5817db1efd706801a7ed0c926254a8ff0,What actions does MA-3 require the organization to do with information system maintenance tools?
rev4,18,valid_active_id_swap,Valid active-revision ID swap,True,,True,SpanNotVerbatim,evidence_spans[0].source_id,ma-2_smt.c,ma-2_smt.d,0ebbc5eba3409979a9beda2315ab25300aaaa617f07c890dc9688ac8a4c23897,4f1ec7263884d84cde41e5166e8a38625f8afa1713cb11b2460e2ebda3e8e12f,Who must approve removing the system or components off-site for maintenance?
rev4,18,span_character_change,One-character span alteration,True,,True,SpanNotVerbatim,evidence_spans[0].span_text[0],R,S,0ebbc5eba3409979a9beda2315ab25300aaaa617f07c890dc9688ac8a4c23897,ecdb41690623484e3609f579834c794353b6ee3d07db14005be6d4d5d9864784,Who must approve removing the system or components off-site for maintenance?
rev4,18,rev4_only_id_in_rev5,Rev. 4-only ID in Rev. 5,False,operator is defined only for Rev. 5 contracts,False,,,,,0ebbc5eba3409979a9beda2315ab25300aaaa617f07c890dc9688ac8a4c23897,,Who must approve removing the system or components off-site for maintenance?
rev4,18,drop_odp_entry,Remove one ODP-list entry,True,,False,,odp_required_list[1],ma-2_prm_2,<removed>,0ebbc5eba3409979a9beda2315ab25300aaaa617f07c890dc9688ac8a4c23897,bacb61cdbf1c08e1e1a0df880d75f6ff5097576c4479cfcac513fe4a8c55776a,Who must approve removing the system or components off-site for maintenance?
rev4,18,flip_status,Status flip,True,,True,OKButUnresolvedODPPlaceholders,status,PARAMS_REQUIRED,OK,0ebbc5eba3409979a9beda2315ab25300aaaa617f07c890dc9688ac8a4c23897,35cd33f9a89f3348258b13cfa8671543fdee7b84360e0e95fd65bdc3809f63fd,Who must approve removing the system or components off-site for maintenance?
rev4,19,valid_active_id_swap,Valid active-revision ID swap,True,,True,SpanNotVerbatim,evidence_spans[0].source_id,mp-4_smt,mp-4_smt.a,22cafdccf4f8cfaaf4b03613396da278332a601fbed371a6132ed08ef4817519,9254c117158158061085384e1d5492d1b285485088959de792d44db014d462b9,What does MP-4 require for protecting information system media?
rev4,19,span_character_change,One-character span alteration,True,,True,SpanNotVerbatim,evidence_spans[0].span_text[0],T,U,22cafdccf4f8cfaaf4b03613396da278332a601fbed371a6132ed08ef4817519,70ddea83eee7a952c57101884c5e6d083e51e40276c0c09c1d873a55c7c1e749,What does MP-4 require for protecting information system media?
rev4,19,rev4_only_id_in_rev5,Rev. 4-only ID in Rev. 5,False,operator is defined only for Rev. 5 contracts,False,,,,,22cafdccf4f8cfaaf4b03613396da278332a601fbed371a6132ed08ef4817519,,What does MP-4 require for protecting information system media?
rev4,19,drop_odp_entry,Remove one ODP-list entry,True,,False,,odp_required_list[1],mp-4_prm_2,<removed>,22cafdccf4f8cfaaf4b03613396da278332a601fbed371a6132ed08ef4817519,e6927e0e0a2a21e71937865b412834a85242ce1cd3408a93b17f8df65c6fcdb4,What does MP-4 require for protecting information system media?
rev4,19,flip_status,Status flip,True,,True,OKButUnresolvedODPPlaceholders,status,PARAMS_REQUIRED,OK,22cafdccf4f8cfaaf4b03613396da278332a601fbed371a6132ed08ef4817519,72e4717ec1fb67ad466c637e6de0826880f96fbd2934159b3100ea1f93d5288d,What does MP-4 require for protecting information system media?
rev4,20,valid_active_id_swap,Valid active-revision ID swap,True,,True,SpanNotVerbatim,evidence_spans[0].source_id,mp-6_smt,mp-6_smt.a,bfabfa758fdae5d2aacd174362d8cccde0b209479d8a11ae44e1b588e0e45561,24386dfebbffa3076318dc1bc2dc8d4910a1e445fc6b71a79f264f207ed53fde,What does MP-6 require for sanitizing media prior to disposal or release?
rev4,20,span_character_change,One-character span alteration,True,,True,SpanNotVerbatim,evidence_spans[0].span_text[0],T,U,bfabfa758fdae5d2aacd174362d8cccde0b209479d8a11ae44e1b588e0e45561,37a24c12429fdfd16b56138c436def0610782ba8fa626649a76c9d9a62a74ac4,What does MP-6 require for sanitizing media prior to disposal or release?
rev4,20,rev4_only_id_in_rev5,Rev. 4-only ID in Rev. 5,False,operator is defined only for Rev. 5 contracts,False,,,,,bfabfa758fdae5d2aacd174362d8cccde0b209479d8a11ae44e1b588e0e45561,,What does MP-6 require for sanitizing media prior to disposal or release?
rev4,20,drop_odp_entry,Remove one ODP-list entry,True,,False,,odp_required_list[1],mp-6_prm_2,<removed>,bfabfa758fdae5d2aacd174362d8cccde0b209479d8a11ae44e1b588e0e45561,5238191d494834af37866bd3e93645760de0087abde881e8530ffe2232aa1a63,What does MP-6 require for sanitizing media prior to disposal or release?
rev4,20,flip_status,Status flip,True,,True,OKButUnresolvedODPPlaceholders,status,PARAMS_REQUIRED,OK,bfabfa758fdae5d2aacd174362d8cccde0b209479d8a11ae44e1b588e0e45561,f8f3d8e108c37a73f90d2de7c2e40f980d48a4fdb10069d474942c788ebaabc2,What does MP-6 require for sanitizing media prior to disposal or release?
rev4,21,valid_active_id_swap,Valid active-revision ID swap,True,,True,SpanNotVerbatim,evidence_spans[0].source_id,pe-3_smt.a.2,pe-3_smt.b,4158edb8b52c35b3a1b83fc0e1b3be5c5e90879cca17d41654df9f5af18e2324,dd42339f2e660e26182533655d1ae8df3095fb665a47669f768803b94ea31122,What are the requirements for enforcing physical access authorizations at facility entry/exit points?
rev4,21,span_character_change,One-character span alteration,True,,True,SpanNotVerbatim,evidence_spans[0].span_text[0],C,D,4158edb8b52c35b3a1b83fc0e1b3be5c5e90879cca17d41654df9f5af18e2324,8c2e26740de3828c342032259d14a2ff5b81677d972ed8a42d737ffc357deece,What are the requirements for enforcing physical access authorizations at facility entry/exit points?
rev4,21,rev4_only_id_in_rev5,Rev. 4-only ID in Rev. 5,False,operator is defined only for Rev. 5 contracts,False,,,,,4158edb8b52c35b3a1b83fc0e1b3be5c5e90879cca17d41654df9f5af18e2324,,What are the requirements for enforcing physical access authorizations at facility entry/exit points?
rev4,21,drop_odp_entry,Remove one ODP-list entry,True,,True,ParamsRequiredButODPListEmpty,odp_required_list[0],pe-3_prm_2,<removed>,4158edb8b52c35b3a1b83fc0e1b3be5c5e90879cca17d41654df9f5af18e2324,2f189ad332efbe528060af19985613f1c8b8ac35b1005b71edd8b9a49d29ae91,What are the requirements for enforcing physical access authorizations at facility entry/exit points?
rev4,21,flip_status,Status flip,True,,True,OKButUnresolvedODPPlaceholders,status,PARAMS_REQUIRED,OK,4158edb8b52c35b3a1b83fc0e1b3be5c5e90879cca17d41654df9f5af18e2324,b2ae0638420cbb148263408819a648a60dda916014cbf3998a6802f195c048b2,What are the requirements for enforcing physical access authorizations at facility entry/exit points?
rev4,22,valid_active_id_swap,Valid active-revision ID swap,True,,True,SpanNotVerbatim,evidence_spans[0].source_id,pe-6_smt,pe-6_smt.a,60b932f97f1205293866514d476721a265009da754a44c7433dc383849a2b422,b05c0de07278f990dea8077a77d4373e3cca60345a620266cf2553f58ed28617,What does PE-6 require regarding monitoring physical access to the facility?
rev4,22,span_character_change,One-character span alteration,True,,True,SpanNotVerbatim,evidence_spans[0].span_text[0],T,U,60b932f97f1205293866514d476721a265009da754a44c7433dc383849a2b422,62d3a2ebd72969559bd077d90032d4e642e1ac6cf83b23171cba4f0836c26e98,What does PE-6 require regarding monitoring physical access to the facility?
rev4,22,rev4_only_id_in_rev5,Rev. 4-only ID in Rev. 5,False,operator is defined only for Rev. 5 contracts,False,,,,,60b932f97f1205293866514d476721a265009da754a44c7433dc383849a2b422,,What does PE-6 require regarding monitoring physical access to the facility?
rev4,22,drop_odp_entry,Remove one ODP-list entry,True,,False,,odp_required_list[1],pe-6_prm_2,<removed>,60b932f97f1205293866514d476721a265009da754a44c7433dc383849a2b422,bda02587ce74907c9dc5917be4835285420a7d96176298469dcc1b29666506e8,What does PE-6 require regarding monitoring physical access to the facility?
rev4,22,flip_status,Status flip,True,,True,OKButUnresolvedODPPlaceholders,status,PARAMS_REQUIRED,OK,60b932f97f1205293866514d476721a265009da754a44c7433dc383849a2b422,fa1018c22ebaf8599663ed714a18f1d719761138beea1fe4769cb41f800045df,What does PE-6 require regarding monitoring physical access to the facility?
rev4,23,valid_active_id_swap,Valid active-revision ID swap,True,,True,SpanNotVerbatim,evidence_spans[0].source_id,pl-2_smt.b,pl-2_smt.c,d32432787065797e325018dba7a32853e80acefaf773f985dacad26b823e1f96,c4fcac2b9d2dcc84298ad84abe1f94be72861ef50c9a40fcac96aeb5ba001eae,What does PL-2 require for the security plan describing controls in place or planned?
rev4,23,span_character_change,One-character span alteration,True,,True,SpanNotVerbatim,evidence_spans[0].span_text[0],D,E,d32432787065797e325018dba7a32853e80acefaf773f985dacad26b823e1f96,cb5637870748799456fdd97ec259aa44834d566f575f26ff1526cca6cf79dfd5,What does PL-2 require for the security plan describing controls in place or planned?
rev4,23,rev4_only_id_in_rev5,Rev. 4-only ID in Rev. 5,False,operator is defined only for Rev. 5 contracts,False,,,,,d32432787065797e325018dba7a32853e80acefaf773f985dacad26b823e1f96,,What does PL-2 require for the security plan describing controls in place or planned?
rev4,23,drop_odp_entry,Remove one ODP-list entry,True,,False,,odp_required_list[1],pl-2_prm_2,<removed>,d32432787065797e325018dba7a32853e80acefaf773f985dacad26b823e1f96,333e69075c53df3913eaf0a67d67ff1dda2f8d4567a9e0da01d7fdf942d428e3,What does PL-2 require for the security plan describing controls in place or planned?
rev4,23,flip_status,Status flip,True,,True,OKButUnresolvedODPPlaceholders,status,PARAMS_REQUIRED,OK,d32432787065797e325018dba7a32853e80acefaf773f985dacad26b823e1f96,073ef608291053f9aed8cc374b401258ddeb621563b0c076d6423cbed10e3957,What does PL-2 require for the security plan describing controls in place or planned?
rev4,24,valid_active_id_swap,Valid active-revision ID swap,True,,True,SpanNotVerbatim,evidence_spans[0].source_id,pl-4_smt,pl-4_smt.a,277263097586716c80264f52b006f8bbe0e9e685bfc04558b7836cfb35722918,abdb029733a5c9909ab1b79a89251d21f6f8a27984e399c832fae98724eb0ef2,What does PL-4 require about establishing and disseminating rules of behavior to system users?
rev4,24,span_character_change,One-character span alteration,True,,True,SpanNotVerbatim,evidence_spans[0].span_text[0],T,U,277263097586716c80264f52b006f8bbe0e9e685bfc04558b7836cfb35722918,5d2f8eda2a9e9ea57319752923e45187b98ef1efd1027175608aaf8f4971319b,What does PL-4 require about establishing and disseminating rules of behavior to system users?
rev4,24,rev4_only_id_in_rev5,Rev. 4-only ID in Rev. 5,False,operator is defined only for Rev. 5 contracts,False,,,,,277263097586716c80264f52b006f8bbe0e9e685bfc04558b7836cfb35722918,,What does PL-4 require about establishing and disseminating rules of behavior to system users?
rev4,24,drop_odp_entry,Remove one ODP-list entry,True,,True,ParamsRequiredButODPListEmpty,odp_required_list[0],pl-4_prm_1,<removed>,277263097586716c80264f52b006f8bbe0e9e685bfc04558b7836cfb35722918,f0aef6a25ae3045dc9ef2226d00e5d4e6bbaa270c3f36cb5faa0db6eb6e4b65e,What does PL-4 require about establishing and disseminating rules of behavior to system users?
rev4,24,flip_status,Status flip,True,,True,OKButUnresolvedODPPlaceholders,status,PARAMS_REQUIRED,OK,277263097586716c80264f52b006f8bbe0e9e685bfc04558b7836cfb35722918,b9d1531afdaa6089bdf887440ea20bdd3171059ef82d5decebe33b67a226bc01,What does PL-4 require about establishing and disseminating rules of behavior to system users?
rev4,25,valid_active_id_swap,Valid active-revision ID swap,True,,True,SpanNotVerbatim,evidence_spans[0].source_id,pm-1_smt,pm-1_smt.a,98ea98fe2efb19c914dba4c4853fe04858372abf9681660a96107e602629c487,e968fa2b1a5e4d0174d0b283b074a189f7f268d47d5be0dcefc12685d513ba16,What does PM-1 require regarding an organization-wide information security program plan?
rev4,25,span_character_change,One-character span alteration,True,,True,SpanNotVerbatim,evidence_spans[0].span_text[0],T,U,98ea98fe2efb19c914dba4c4853fe04858372abf9681660a96107e602629c487,18558dcf6b5fed70c6cc0a59c7a3ef0f2ef0a881fa6d49ab4149cdf406f712aa,What does PM-1 require regarding an organization-wide information security program plan?
rev4,25,rev4_only_id_in_rev5,Rev. 4-only ID in Rev. 5,False,operator is defined only for Rev. 5 contracts,False,,,,,98ea98fe2efb19c914dba4c4853fe04858372abf9681660a96107e602629c487,,What does PM-1 require regarding an organization-wide information security program plan?
rev4,25,drop_odp_entry,Remove one ODP-list entry,True,,True,ParamsRequiredButODPListEmpty,odp_required_list[0],pm-1_prm_1,<removed>,98ea98fe2efb19c914dba4c4853fe04858372abf9681660a96107e602629c487,b0312a53a5c1844e845b8c87a305f3f1fb144d4e99d7f9d9c6692f6b7e5f881b,What does PM-1 require regarding an organization-wide information security program plan?
rev4,25,flip_status,Status flip,True,,True,OKButUnresolvedODPPlaceholders,status,PARAMS_REQUIRED,OK,98ea98fe2efb19c914dba4c4853fe04858372abf9681660a96107e602629c487,c5a36ec2e517a0cd5f17f5fa1e2b01f8bf7ad27cd869ca93e906bfa1b887d7bc,What does PM-1 require regarding an organization-wide information security program plan?
rev4,26,valid_active_id_swap,Valid active-revision ID swap,True,,True,SpanNotVerbatim,evidence_spans[0].source_id,pm-3_smt.a,pm-3_smt.b,55bb14469d0581e32aa28a0f4b5147dcf2dc83b7544bb69f4f834aff359b8f70,337d638d59706446de5a55dc67652868ff80f207cf2a4c1581b5e914b093849c,"What specific documentation artifacts must the organization employ to record information security resource requirements during capital planning, and how must exceptions to resource inclusion be handled?"
rev4,26,span_character_change,One-character span alteration,True,,True,SpanNotVerbatim,evidence_spans[0].span_text[0],E,F,55bb14469d0581e32aa28a0f4b5147dcf2dc83b7544bb69f4f834aff359b8f70,34e00d3b87aac4a965bd8110e66906ce48aaa287a66367240a443543c85d9f22,"What specific documentation artifacts must the organization employ to record information security resource requirements during capital planning, and how must exceptions to resource inclusion be handled?"
rev4,26,rev4_only_id_in_rev5,Rev. 4-only ID in Rev. 5,False,operator is defined only for Rev. 5 contracts,False,,,,,55bb14469d0581e32aa28a0f4b5147dcf2dc83b7544bb69f4f834aff359b8f70,,"What specific documentation artifacts must the organization employ to record information security resource requirements during capital planning, and how must exceptions to resource inclusion be handled?"
rev4,26,drop_odp_entry,Remove one ODP-list entry,False,empty odp_required_list,False,,,,,55bb14469d0581e32aa28a0f4b5147dcf2dc83b7544bb69f4f834aff359b8f70,,"What specific documentation artifacts must the organization employ to record information security resource requirements during capital planning, and how must exceptions to resource inclusion be handled?"
rev4,26,flip_status,Status flip,True,,True,ParamsRequiredButNoPlaceholders|ParamsRequiredButODPListEmpty,status,OK,PARAMS_REQUIRED,55bb14469d0581e32aa28a0f4b5147dcf2dc83b7544bb69f4f834aff359b8f70,9f09e4ca94e90317ef4f44236a630279e3bc461f3d7f4d85f031a16fcbc27042,"What specific documentation artifacts must the organization employ to record information security resource requirements during capital planning, and how must exceptions to resource inclusion be handled?"
rev4,27,valid_active_id_swap,Valid active-revision ID swap,True,,True,SpanNotVerbatim,evidence_spans[0].source_id,ps-2_smt.a,ps-2_smt.b,bc8deba831b3c7f2070b7e44303bd2971c4f69bc82158322ad7b921e9639a245,604c7966d861794854d35a53f1f7d0da62a77e531bdd942df6f20948355e8ccb,What does PS-2 require regarding position risk designations and screening criteria?
rev4,27,span_character_change,One-character span alteration,True,,True,SpanNotVerbatim,evidence_spans[0].span_text[0],A,B,bc8deba831b3c7f2070b7e44303bd2971c4f69bc82158322ad7b921e9639a245,5e4ad31c2df6636b9dc6eecb2395cf16adc0ee01b4b3ef6aefb81b8a5856b476,What does PS-2 require regarding position risk designations and screening criteria?
rev4,27,rev4_only_id_in_rev5,Rev. 4-only ID in Rev. 5,False,operator is defined only for Rev. 5 contracts,False,,,,,bc8deba831b3c7f2070b7e44303bd2971c4f69bc82158322ad7b921e9639a245,,What does PS-2 require regarding position risk designations and screening criteria?
rev4,27,drop_odp_entry,Remove one ODP-list entry,True,,True,ParamsRequiredButODPListEmpty,odp_required_list[0],ps-2_prm_1,<removed>,bc8deba831b3c7f2070b7e44303bd2971c4f69bc82158322ad7b921e9639a245,00c62456e6d1d1a4f568b628433d8a5dc365779ff998399e11e1ebcdc9302589,What does PS-2 require regarding position risk designations and screening criteria?
rev4,27,flip_status,Status flip,True,,True,OKButUnresolvedODPPlaceholders,status,PARAMS_REQUIRED,OK,bc8deba831b3c7f2070b7e44303bd2971c4f69bc82158322ad7b921e9639a245,eb426c6a392356e8acf0a98912b85376a3d5578375d8f5fff00712a062687748,What does PS-2 require regarding position risk designations and screening criteria?
rev4,28,valid_active_id_swap,Valid active-revision ID swap,True,,True,SpanNotVerbatim,evidence_spans[0].source_id,ps-3_smt.a,ps-3_smt.b,4d74fd3ff73ee1f5abe64934306f47725914457da98592b13e34e557439a2041,d75a10e91ef997e63223fcc5f4ad059806f942deaf258136de3c8b782d2d367e,What does PS-3 require before authorizing access to the information system?
rev4,28,span_character_change,One-character span alteration,True,,True,SpanNotVerbatim,evidence_spans[0].span_text[0],S,T,4d74fd3ff73ee1f5abe64934306f47725914457da98592b13e34e557439a2041,8b87e90410cd714620fc86e646f4d9873856ea415cab3cb9aeb1e758f94685ec,What does PS-3 require before authorizing access to the information system?
rev4,28,rev4_only_id_in_rev5,Rev. 4-only ID in Rev. 5,False,operator is defined only for Rev. 5 contracts,False,,,,,4d74fd3ff73ee1f5abe64934306f47725914457da98592b13e34e557439a2041,,What does PS-3 require before authorizing access to the information system?
rev4,28,drop_odp_entry,Remove one ODP-list entry,True,,True,ParamsRequiredButODPListEmpty,odp_required_list[0],ps-3_prm_1,<removed>,4d74fd3ff73ee1f5abe64934306f47725914457da98592b13e34e557439a2041,82ba30b0d0c88d9535de44124f0e39bbc5f627fbd43d25adca55b4b5554355fe,What does PS-3 require before authorizing access to the information system?
rev4,28,flip_status,Status flip,True,,True,OKButUnresolvedODPPlaceholders,status,PARAMS_REQUIRED,OK,4d74fd3ff73ee1f5abe64934306f47725914457da98592b13e34e557439a2041,c6f35158a1304108207f58704aedbf2a5daa6c68ad28d2416affa167efbea058,What does PS-3 require before authorizing access to the information system?
rev4,29,valid_active_id_swap,Valid active-revision ID swap,True,,True,SpanNotVerbatim,evidence_spans[0].source_id,ra-2_smt.a,ra-2_smt.b,e280b5521bb0ae479a5a1d98196ac41c50828daf8b9530a7ab404538dd75f887,79f27002165757510d86c82f145e5eab0f5b81de87508cc815b4c6fe63ef959d,What does RA-2 require regarding categorizing the information system and its resident information?
rev4,29,span_character_change,One-character span alteration,True,,True,SpanNotVerbatim,evidence_spans[0].span_text[0],C,D,e280b5521bb0ae479a5a1d98196ac41c50828daf8b9530a7ab404538dd75f887,008663b9ebe5df84f63cb750fb11d851dcd09bca1c979d862eb73d0ee24fe3c9,What does RA-2 require regarding categorizing the information system and its resident information?
rev4,29,rev4_only_id_in_rev5,Rev. 4-only ID in Rev. 5,False,operator is defined only for Rev. 5 contracts,False,,,,,e280b5521bb0ae479a5a1d98196ac41c50828daf8b9530a7ab404538dd75f887,,What does RA-2 require regarding categorizing the information system and its resident information?
rev4,29,drop_odp_entry,Remove one ODP-list entry,False,empty odp_required_list,False,,,,,e280b5521bb0ae479a5a1d98196ac41c50828daf8b9530a7ab404538dd75f887,,What does RA-2 require regarding categorizing the information system and its resident information?
rev4,29,flip_status,Status flip,True,,True,ParamsRequiredButNoPlaceholders|ParamsRequiredButODPListEmpty,status,OK,PARAMS_REQUIRED,e280b5521bb0ae479a5a1d98196ac41c50828daf8b9530a7ab404538dd75f887,a44faf22a9e584c9340595763eea2ab6a892e186f47b42fc5a356992346f3180,What does RA-2 require regarding categorizing the information system and its resident information?
rev4,30,valid_active_id_swap,Valid active-revision ID swap,True,,True,SpanNotVerbatim,evidence_spans[0].source_id,ra-5_smt,ra-5_smt.a,6b78e7b2ba2af68b86f83d80c0f971aa48a3db16b12f3c26b9a494be64edb1ee,64d9511d410ff3a0558c9cbcd0dea735c212a03aa47952cfeffcbceaa11871d9,"What does RA-5 require for scanning vulnerabilities, including frequency and trigger conditions?"
rev4,30,span_character_change,One-character span alteration,True,,True,SpanNotVerbatim,evidence_spans[0].span_text[0],T,U,6b78e7b2ba2af68b86f83d80c0f971aa48a3db16b12f3c26b9a494be64edb1ee,728e035dab2099a12b5f920105158152b9d41cc70d8eccfbff3523d4ae8828b3,"What does RA-5 require for scanning vulnerabilities, including frequency and trigger conditions?"
rev4,30,rev4_only_id_in_rev5,Rev. 4-only ID in Rev. 5,False,operator is defined only for Rev. 5 contracts,False,,,,,6b78e7b2ba2af68b86f83d80c0f971aa48a3db16b12f3c26b9a494be64edb1ee,,"What does RA-5 require for scanning vulnerabilities, including frequency and trigger conditions?"
rev4,30,drop_odp_entry,Remove one ODP-list entry,True,,False,,odp_required_list[2],ra-5_prm_3,<removed>,6b78e7b2ba2af68b86f83d80c0f971aa48a3db16b12f3c26b9a494be64edb1ee,eb38fe8317f190b49608dea55110c47be6e9d6f179d6282e5c9975b2910970ad,"What does RA-5 require for scanning vulnerabilities, including frequency and trigger conditions?"
rev4,30,flip_status,Status flip,True,,True,OKButUnresolvedODPPlaceholders,status,PARAMS_REQUIRED,OK,6b78e7b2ba2af68b86f83d80c0f971aa48a3db16b12f3c26b9a494be64edb1ee,93a00929bef8cf6365a8c3a195eb69d71cfe6e0001a522eace169baf1ff71908,"What does RA-5 require for scanning vulnerabilities, including frequency and trigger conditions?"
rev4,31,valid_active_id_swap,Valid active-revision ID swap,True,,True,SpanNotVerbatim,evidence_spans[0].source_id,sa-3_smt.a,sa-3_smt.b,82d0f792edea179a6843a178d98f06e133fb5d72f6060c0e99e9273b94c138e0,9177fb59ae24399a78c22fe34c1ffb42ff013441d0f7013b18965b917fb63a62,What does SA-3 require about managing the system?
rev4,31,span_character_change,One-character span alteration,True,,True,SpanNotVerbatim,evidence_spans[0].span_text[0],M,N,82d0f792edea179a6843a178d98f06e133fb5d72f6060c0e99e9273b94c138e0,6113bec82ca54eeab0154f6e2e3c0196a6f0396910c97213cc732c316bd09868,What does SA-3 require about managing the system?
rev4,31,rev4_only_id_in_rev5,Rev. 4-only ID in Rev. 5,False,operator is defined only for Rev. 5 contracts,False,,,,,82d0f792edea179a6843a178d98f06e133fb5d72f6060c0e99e9273b94c138e0,,What does SA-3 require about managing the system?
rev4,31,drop_odp_entry,Remove one ODP-list entry,True,,True,ParamsRequiredButODPListEmpty,odp_required_list[0],sa-3_prm_1,<removed>,82d0f792edea179a6843a178d98f06e133fb5d72f6060c0e99e9273b94c138e0,e2c6ee2e0490582f788460802664f0af0276ebd1c7eb246600eec6b143af1349,What does SA-3 require about managing the system?
rev4,31,flip_status,Status flip,True,,True,OKButUnresolvedODPPlaceholders,status,PARAMS_REQUIRED,OK,82d0f792edea179a6843a178d98f06e133fb5d72f6060c0e99e9273b94c138e0,e5862a617c7b289e2797303da6e6f9ba9d5273f7a2c3220add10b6847abf6b4a,What does SA-3 require about managing the system?
rev4,32,valid_active_id_swap,Valid active-revision ID swap,True,,True,SpanNotVerbatim,evidence_spans[0].source_id,sa-4_smt,sa-4_smt.a,61bd18a21406facb04fb4eb2a47f724cc7ab94a261100a7d8e2fc78c574b4350,6dd35a7f4e3691af0bd286cb2c635463246beb79b3a8c5e82e46f0b8d13cbb3d,What does SA-4 require including in acquisition contracts for information systems?
rev4,32,span_character_change,One-character span alteration,True,,True,SpanNotVerbatim,evidence_spans[0].span_text[0],T,U,61bd18a21406facb04fb4eb2a47f724cc7ab94a261100a7d8e2fc78c574b4350,735b62d16eda05181a1bcac0694129b37958b6f8f606b1608dbc4dcd3514e312,What does SA-4 require including in acquisition contracts for information systems?
rev4,32,rev4_only_id_in_rev5,Rev. 4-only ID in Rev. 5,False,operator is defined only for Rev. 5 contracts,False,,,,,61bd18a21406facb04fb4eb2a47f724cc7ab94a261100a7d8e2fc78c574b4350,,What does SA-4 require including in acquisition contracts for information systems?
rev4,32,drop_odp_entry,Remove one ODP-list entry,False,empty odp_required_list,False,,,,,61bd18a21406facb04fb4eb2a47f724cc7ab94a261100a7d8e2fc78c574b4350,,What does SA-4 require including in acquisition contracts for information systems?
rev4,32,flip_status,Status flip,True,,True,ParamsRequiredButNoPlaceholders|ParamsRequiredButODPListEmpty,status,OK,PARAMS_REQUIRED,61bd18a21406facb04fb4eb2a47f724cc7ab94a261100a7d8e2fc78c574b4350,b85378d55530965f5992efe45995af26619d14fdd66f9dbd1ae1a1d7b61a274f,What does SA-4 require including in acquisition contracts for information systems?
rev4,33,valid_active_id_swap,Valid active-revision ID swap,True,,True,SpanNotVerbatim,evidence_spans[0].source_id,sc-7_smt,sc-7_smt.a,d50dd56b8bca8df4d1cfe3f6ff6ba7721fc1b6fea3a53f59a9bf31d82e3e72f6,df6ec599d31a556ca6469af997de6b68159920027846426aaedaa28a2f54c0b6,What does SC-7 require the system to do at external and key internal boundaries?
rev4,33,span_character_change,One-character span alteration,True,,True,SpanNotVerbatim,evidence_spans[0].span_text[0],T,U,d50dd56b8bca8df4d1cfe3f6ff6ba7721fc1b6fea3a53f59a9bf31d82e3e72f6,7eec03335a4f06edd9c9414059cbca0d784a03588031431e5e286a2eb5c7a305,What does SC-7 require the system to do at external and key internal boundaries?
rev4,33,rev4_only_id_in_rev5,Rev. 4-only ID in Rev. 5,False,operator is defined only for Rev. 5 contracts,False,,,,,d50dd56b8bca8df4d1cfe3f6ff6ba7721fc1b6fea3a53f59a9bf31d82e3e72f6,,What does SC-7 require the system to do at external and key internal boundaries?
rev4,33,drop_odp_entry,Remove one ODP-list entry,True,,True,ParamsRequiredButODPListEmpty,odp_required_list[0],sc-7_prm_1,<removed>,d50dd56b8bca8df4d1cfe3f6ff6ba7721fc1b6fea3a53f59a9bf31d82e3e72f6,fa0df22c15edbb2426cb3d34f5248e454ac4a9e19d18ed0222b018cce7201d1c,What does SC-7 require the system to do at external and key internal boundaries?
rev4,33,flip_status,Status flip,True,,True,OKButUnresolvedODPPlaceholders,status,PARAMS_REQUIRED,OK,d50dd56b8bca8df4d1cfe3f6ff6ba7721fc1b6fea3a53f59a9bf31d82e3e72f6,46c23f2a02fdfd40a7f375bfd4ed936f68ff6758edcae79155ba00c7bce9b040,What does SC-7 require the system to do at external and key internal boundaries?
rev4,34,valid_active_id_swap,Valid active-revision ID swap,True,,True,SpanNotVerbatim,evidence_spans[0].source_id,sc-8_smt,si-1.a.1_obj,277c889c41532c7a04ae0658ae59a64483604b6e08e5fd2371332e12e0c52bad,c6ced3f6ec5ce5be46635cf604ff243fcbdfd448d835ee97b7fba286bf45376d,What protections for transmitted information does SC-8 require?
rev4,34,span_character_change,One-character span alteration,True,,True,SpanNotVerbatim,evidence_spans[0].span_text[0],T,U,277c889c41532c7a04ae0658ae59a64483604b6e08e5fd2371332e12e0c52bad,b133cd241a720eec48ed6b1b86c602576a6795b0e714d8141d1a4c0b7422bdfe,What protections for transmitted information does SC-8 require?
rev4,34,rev4_only_id_in_rev5,Rev. 4-only ID in Rev. 5,False,operator is defined only for Rev. 5 contracts,False,,,,,277c889c41532c7a04ae0658ae59a64483604b6e08e5fd2371332e12e0c52bad,,What protections for transmitted information does SC-8 require?
rev4,34,drop_odp_entry,Remove one ODP-list entry,True,,True,ParamsRequiredButODPListEmpty,odp_required_list[0],sc-8_prm_1,<removed>,277c889c41532c7a04ae0658ae59a64483604b6e08e5fd2371332e12e0c52bad,aab45a3f0243b711170d3b5690377023ded259ca192a0c67d3f6d2a28cd5bcdb,What protections for transmitted information does SC-8 require?
rev4,34,flip_status,Status flip,True,,True,OKButUnresolvedODPPlaceholders,status,PARAMS_REQUIRED,OK,277c889c41532c7a04ae0658ae59a64483604b6e08e5fd2371332e12e0c52bad,7638a2e58c20185af9277d536aa46da3b3404aefeaa91eedd77f2e1a02c7e2c3,What protections for transmitted information does SC-8 require?
rev4,35,valid_active_id_swap,Valid active-revision ID swap,True,,True,SpanNotVerbatim,evidence_spans[0].source_id,si-2_smt,si-2_smt.a,742ee3e2e1774c228b272d6217c97d6b83fb41b9ba28e3b6d2c0c4e4bf9c7f04,baf97a59df845eedb5f4fb900c8333a7709631660360692b9510d5100823fc0d,"What does SI-2 require for identifying, reporting, and correcting system flaws?"
rev4,35,span_character_change,One-character span alteration,True,,True,SpanNotVerbatim,evidence_spans[0].span_text[0],T,U,742ee3e2e1774c228b272d6217c97d6b83fb41b9ba28e3b6d2c0c4e4bf9c7f04,01b29f8e5d94995b5c3068cb5d0c3e2a774ecd61f0330b30272f8913162fb1b6,"What does SI-2 require for identifying, reporting, and correcting system flaws?"
rev4,35,rev4_only_id_in_rev5,Rev. 4-only ID in Rev. 5,False,operator is defined only for Rev. 5 contracts,False,,,,,742ee3e2e1774c228b272d6217c97d6b83fb41b9ba28e3b6d2c0c4e4bf9c7f04,,"What does SI-2 require for identifying, reporting, and correcting system flaws?"
rev4,35,drop_odp_entry,Remove one ODP-list entry,True,,True,ParamsRequiredButODPListEmpty,odp_required_list[0],si-2_prm_1,<removed>,742ee3e2e1774c228b272d6217c97d6b83fb41b9ba28e3b6d2c0c4e4bf9c7f04,4d7fcc7676f733428c29411f0195b2265b047fe8c7e5b472ff89e36c5596dfb7,"What does SI-2 require for identifying, reporting, and correcting system flaws?"
rev4,35,flip_status,Status flip,True,,True,OKButUnresolvedODPPlaceholders,status,PARAMS_REQUIRED,OK,742ee3e2e1774c228b272d6217c97d6b83fb41b9ba28e3b6d2c0c4e4bf9c7f04,5167f7090ae135b1cc9853258c78d3089bfaf5bce283f6fb8ae31c4845c3a104,"What does SI-2 require for identifying, reporting, and correcting system flaws?"
rev4,36,valid_active_id_swap,Valid active-revision ID swap,True,,True,SpanNotVerbatim,evidence_spans[0].source_id,si-4_smt.a,si-4_smt.a.1,6e4c8598f7c6526a4e7ef4703fbc888e36ee83a80a3d07ff1d73d0c868d027f7,0b57cdac8f767df7bf2608074622b0a9107c8bc69d47dc4e3aae5202105acc66,"What monitoring does SI-4 require to detect attacks, indicators, and unauthorized connections?"
rev4,36,span_character_change,One-character span alteration,True,,True,SpanNotVerbatim,evidence_spans[0].span_text[0],M,N,6e4c8598f7c6526a4e7ef4703fbc888e36ee83a80a3d07ff1d73d0c868d027f7,8c5202a753e944fdda5d2541f1456547950e706db4c03545ce6699eba79a4cc0,"What monitoring does SI-4 require to detect attacks, indicators, and unauthorized connections?"
rev4,36,rev4_only_id_in_rev5,Rev. 4-only ID in Rev. 5,False,operator is defined only for Rev. 5 contracts,False,,,,,6e4c8598f7c6526a4e7ef4703fbc888e36ee83a80a3d07ff1d73d0c868d027f7,,"What monitoring does SI-4 require to detect attacks, indicators, and unauthorized connections?"
rev4,36,drop_odp_entry,Remove one ODP-list entry,True,,True,ParamsRequiredButODPListEmpty,odp_required_list[0],si-4_prm_1,<removed>,6e4c8598f7c6526a4e7ef4703fbc888e36ee83a80a3d07ff1d73d0c868d027f7,9703fc652b228aa9ed0ce9bc366eb27ff30e0c74e4d9b3deb795add253c90116,"What monitoring does SI-4 require to detect attacks, indicators, and unauthorized connections?"
rev4,36,flip_status,Status flip,True,,True,OKButUnresolvedODPPlaceholders,status,PARAMS_REQUIRED,OK,6e4c8598f7c6526a4e7ef4703fbc888e36ee83a80a3d07ff1d73d0c868d027f7,1e6f2c9bf82c3af938d80e18fb90d6cc0f69ab5732f7c9b1539dc7d38d8e2402,"What monitoring does SI-4 require to detect attacks, indicators, and unauthorized connections?"
