query_id,revision,rule_version,review_id,review_method,legacy_pass,legacy_errors,exact_provenance,complete_parameter_accounting,provenance_errors,accounting_errors,citation_use,answer_coverage,claim_faithfulness,parameter_semantics,full_retention_certificate,semantic_findings,answer_content_pass,possible_answer_content_pass,system,question,input_path
1,rev5,answer-content-strict-pass-v1,42f476c2dd9f675c901448acff51b9d8a0109a1f840b29b85c8278d66d390a7a,legacy_failure_short_circuit,False,"[""OKButUnresolvedODPPlaceholders"", ""GoldPolicyASKButStatusNotParamsRequired"", ""MissedDocIds:['ac-2_smt.h']""]",True,False,[],"[""RetainedParameterUnionMismatch:expected=['ac-02_odp.01', 'ac-02_odp.02', 'ac-02_odp.03', 'ac-02_odp.04', 'ac-02_odp.05', 'ac-02_odp.06', 'ac-02_odp.07', 'ac-02_odp.08', 'ac-02_odp.09', 'ac-02_odp.10'],declared=[]"", ""StatusNotEqualRetainedParameterState""]",not_required,not_required,not_required,not_required,False,[],False,False,baseline,When must account managers and the designated personnel be notified about user account changes?,experiments/answerer_comparison/rq2_frontier_baseline_rev5/results_v1/references/rev5_generative_baseline_4bit.csv
2,rev5,answer-content-strict-pass-v1,3519aaff26cb5fc84b6eac9b6b3be8e2ab13bc5013a7d7caa285e6be3596211b,source_inspection,True,[],True,True,[],[],pass,pass,pass,pass,False,[],True,True,baseline,What must an organization enforce regarding logical access to its information and systems?,experiments/answerer_comparison/rq2_frontier_baseline_rev5/results_v1/references/rev5_generative_baseline_4bit.csv
3,rev5,answer-content-strict-pass-v1,adec7a00b98e934244a05233e44860f3bb173a324a582663362a06d4315ab390,source_inspection,True,[],True,True,[],[],pass,pass,pass,pass,False,[],True,True,baseline,What principle should be employed to limit user and process access to the minimum necessary for assigned tasks?,experiments/answerer_comparison/rq2_frontier_baseline_rev5/results_v1/references/rev5_generative_baseline_4bit.csv
4,rev5,answer-content-strict-pass-v1,106e0622c7ad9ff7854c701f2a9aac13fa45b8480f7363def45404978be9a00d,legacy_failure_short_circuit,False,"[""OKButUnresolvedODPPlaceholders"", ""MissingODPsButStatusNotParamsRequired:['ac-07_odp.01', 'ac-07_odp.02', 'ac-07_odp.03']""]",True,False,[],"[""RetainedParameterUnionMismatch:expected=['ac-07.04_odp.01', 'ac-07.04_odp.02', 'ac-07.04_odp.03', 'ac-07_odp.01', 'ac-07_odp.02', 'ac-07_odp.03'],declared=[]"", ""StatusNotEqualRetainedParameterState""]",not_required,not_required,not_required,not_required,False,[],False,False,baseline,How must a system be configured to handle consecutive invalid logon attempts?,experiments/answerer_comparison/rq2_frontier_baseline_rev5/results_v1/references/rev5_generative_baseline_4bit.csv
5,rev5,answer-content-strict-pass-v1,0022cb892f65d12c099ccf37f2fb4e5b9a1de81a6a439c1b5dcd841f7cf76800,legacy_failure_short_circuit,False,"[""OKButUnresolvedODPPlaceholders"", ""MissingODPsButStatusNotParamsRequired:['ac-11_odp.01']"", ""MissedDocIds:['ac-11_smt.a', 'ac-11_smt.b']""]",True,False,[],"[""RetainedParameterUnionMismatch:expected=['ac-11_odp.01'],declared=[]"", ""StatusNotEqualRetainedParameterState""]",not_required,not_required,not_required,not_required,False,[],False,False,baseline,What actions must a system take to lock a session and what is required for a user to re-establish access?,experiments/answerer_comparison/rq2_frontier_baseline_rev5/results_v1/references/rev5_generative_baseline_4bit.csv
6,rev5,answer-content-strict-pass-v1,8cac5f57c3b1b78946175773b309f14e29b19cc399c92b2200b50ff2781fce9c,legacy_failure_short_circuit,False,"[""GoldPolicyASKButStatusNotParamsRequired"", ""MissedDocIds:['at-2_smt.a', 'at-2_smt.a.1', 'at-2_smt.a.2', 'at-2_smt.b', 'at-2_smt.c', 'at-2_smt.d']""]",True,False,[],"[""RetainedParameterUnionMismatch:expected=[],declared=['at-02_odp.05', 'at-02_odp.06', 'at-02_odp.07', 'at-2_prm_1', 'at-2_prm_2']"", ""AskListNotEqualDeclaredParameters""]",not_required,not_required,not_required,not_required,False,[],False,False,baseline,"What are the requirements for security and privacy literacy training, including its frequency, triggers for updates, and content sources?",experiments/answerer_comparison/rq2_frontier_baseline_rev5/results_v1/references/rev5_generative_baseline_4bit.csv
7,rev5,answer-content-strict-pass-v1,ffc22cec86f37c6fefd886a7222390ddd6e8e0283978e10f1ab0edb03abfdba9,source_inspection,True,[],True,True,[],[],pass,pass,pass,pass,False,[],True,True,baseline,Organizations should determine the content of training based on what?,experiments/answerer_comparison/rq2_frontier_baseline_rev5/results_v1/references/rev5_generative_baseline_4bit.csv
8,rev5,answer-content-strict-pass-v1,b72d868afadcabdef80a13f9f3a53ebd109978c392e7899fb6c522c56bd491e4,legacy_failure_short_circuit,False,"[""OKButUnresolvedODPPlaceholders"", ""MissingODPsButStatusNotParamsRequired:['at-04_odp']"", ""StatusOKButStillHasODPPlaceholders""]",True,False,[],"[""StatusNotEqualRetainedParameterState"", ""AskListNotEqualDeclaredParameters""]",not_required,not_required,not_required,not_required,False,[],False,False,baseline,"How must an organization document, monitor, and retain records of its security and privacy training activities?",experiments/answerer_comparison/rq2_frontier_baseline_rev5/results_v1/references/rev5_generative_baseline_4bit.csv
9,rev5,answer-content-strict-pass-v1,cc8948db659ef73b5f8b2390938b80e33513327d4bc3e89fd7c31d0abcde692e,source_inspection,True,[],True,True,[],[],pass,pass,pass,pass,False,[],True,True,baseline,What type of activity should be included in literacy training to simulate real-world incidents?,experiments/answerer_comparison/rq2_frontier_baseline_rev5/results_v1/references/rev5_generative_baseline_4bit.csv
10,rev5,answer-content-strict-pass-v1,4b1586848b522662a7f1d49b1300b8437fad8b054df95d002da96009015736cd,source_inspection,True,[],True,True,[],[],pass,pass,pass,pass,False,[],True,True,baseline,What method does AT-3(3) specify for reinforcing objectives in role-based security training?,experiments/answerer_comparison/rq2_frontier_baseline_rev5/results_v1/references/rev5_generative_baseline_4bit.csv
11,rev5,answer-content-strict-pass-v1,f9a111cb35f7b7fe2f8483253e65095e488cfb60d4d561cf0c7e9627527fb439,legacy_failure_short_circuit,False,"[""OKButUnresolvedODPPlaceholders"", ""GoldPolicyASKButStatusNotParamsRequired""]",True,False,[],"[""RetainedParameterUnionMismatch:expected=['au-02_odp.01', 'au-02_odp.04', 'au-2_prm_2'],declared=[]"", ""StatusNotEqualRetainedParameterState""]",not_required,not_required,not_required,not_required,False,[],False,False,baseline,"What are the organizational responsibilities for defining, justifying, and maintaining the types of events to be logged by a system?",experiments/answerer_comparison/rq2_frontier_baseline_rev5/results_v1/references/rev5_generative_baseline_4bit.csv
12,rev5,answer-content-strict-pass-v1,ab876f7e6fc773049d1c78cf8ffaf1d71de7b1e2fce53576476b0f8c23c84993,source_inspection,True,[],True,True,[],[],pass,pass,pass,pass,False,[],True,True,baseline,What information must each audit record contain to support after-the-fact investigation of security incidents?,experiments/answerer_comparison/rq2_frontier_baseline_rev5/results_v1/references/rev5_generative_baseline_4bit.csv
13,rev5,answer-content-strict-pass-v1,756548ca614a86f7f1bc6c36f767202b72d72c38c767c7a9e3f87445834184c0,source_inspection,True,[],True,True,[],[],pass,pass,pass,pass,False,[],True,True,baseline,What factors must an organization consider when allocating audit log storage capacity to prevent the loss of audit data?,experiments/answerer_comparison/rq2_frontier_baseline_rev5/results_v1/references/rev5_generative_baseline_4bit.csv
14,rev5,answer-content-strict-pass-v1,2beb102293dfd4705d14558348b50e23be6dc5960d0c20478ef0455ee0432d51,legacy_failure_short_circuit,False,"[""OKButUnresolvedODPPlaceholders"", ""MissingODPsButStatusNotParamsRequired:['au-06_odp.01']""]",True,False,[],"[""StatusNotEqualRetainedParameterState"", ""AskListNotEqualDeclaredParameters""]",not_required,not_required,not_required,not_required,False,[],False,False,baseline,"What is the required process for reviewing system audit records, and what actions should be taken based on the findings?",experiments/answerer_comparison/rq2_frontier_baseline_rev5/results_v1/references/rev5_generative_baseline_4bit.csv
15,rev5,answer-content-strict-pass-v1,370ef793ad9755c6efe0660750858e561f6dc682256fd4e595ee7380774425cc,legacy_failure_short_circuit,False,"[""OKButUnresolvedODPPlaceholders"", ""MissingODPsButStatusNotParamsRequired:['au-08_odp']""]",True,False,[],"[""StatusNotEqualRetainedParameterState"", ""AskListNotEqualDeclaredParameters""]",not_required,not_required,not_required,not_required,False,[],False,False,baseline,What are the requirements for generating and recording time stamps in audit records to ensure accuracy?,experiments/answerer_comparison/rq2_frontier_baseline_rev5/results_v1/references/rev5_generative_baseline_4bit.csv
16,rev5,answer-content-strict-pass-v1,600d9444c321073771f51625f666facf55a7f9786d200c23a1adb38369a6cc63,legacy_failure_short_circuit,False,"[""OKButUnresolvedODPPlaceholders"", ""GoldPolicyASKButStatusNotParamsRequired"", ""MissedDocIds:['ca-2_smt.b.2']""]",True,False,[],"[""RetainedParameterUnionMismatch:expected=['ca-02_odp.01', 'ca-02_odp.02'],declared=[]"", ""StatusNotEqualRetainedParameterState""]",not_required,not_required,not_required,not_required,False,[],False,False,baseline,"Describe the key steps of the formal control assessment process, from planning to reporting.",experiments/answerer_comparison/rq2_frontier_baseline_rev5/results_v1/references/rev5_generative_baseline_4bit.csv
17,rev5,answer-content-strict-pass-v1,7c3357b3171217d2ad9c66d2025fb590a2a587ffda64f531d907a3b60b6ae967,legacy_failure_short_circuit,False,"[""OKButUnresolvedODPPlaceholders"", ""GoldPolicyASKButStatusNotParamsRequired"", ""StatusOKButStillHasODPPlaceholders""]",True,False,[],"[""RetainedParameterUnionMismatch:expected=['ca-03_odp.01', 'ca-03_odp.03'],declared=[]"", ""StatusNotEqualRetainedParameterState""]",not_required,not_required,not_required,not_required,False,[],False,False,baseline,"What are the requirements for managing and securing information exchanges between systems, including the associated agreements?",experiments/answerer_comparison/rq2_frontier_baseline_rev5/results_v1/references/rev5_generative_baseline_4bit.csv
18,rev5,answer-content-strict-pass-v1,045023ee50c7ecf5945706bfbd365f89951466bfcf98ea475569d27411d837b3,legacy_failure_short_circuit,False,"[""OKButUnresolvedODPPlaceholders"", ""MissingODPsButStatusNotParamsRequired:['ca-05_odp']""]",True,False,[],"[""RetainedParameterUnionMismatch:expected=['ca-05_odp'],declared=[]"", ""StatusNotEqualRetainedParameterState""]",not_required,not_required,not_required,not_required,False,[],False,False,baseline,What is the purpose of a plan of action and milestones in addressing identified control weaknesses?,experiments/answerer_comparison/rq2_frontier_baseline_rev5/results_v1/references/rev5_generative_baseline_4bit.csv
19,rev5,answer-content-strict-pass-v1,e4aa860951ace6090e9d969826724461949fd600109042f186e025421c319760,legacy_failure_short_circuit,False,"[""MissingODPsButStatusNotParamsRequired:['ca-06_odp']"", ""MissedDocIds:['ca-6_smt.a', 'ca-6_smt.b', 'ca-6_smt.c', 'ca-6_smt.c.1', 'ca-6_smt.c.2', 'ca-6_smt.d', 'ca-6_smt.e']""]",True,True,[],[],not_required,not_required,not_required,not_required,False,[],False,False,baseline,What are the primary responsibilities of an authorizing official regarding system authorization?,experiments/answerer_comparison/rq2_frontier_baseline_rev5/results_v1/references/rev5_generative_baseline_4bit.csv
20,rev5,answer-content-strict-pass-v1,f29511c1ccca097e56418f128bd64ae45f942f73ede1b30512ad24a62f6a1528,legacy_failure_short_circuit,False,"[""OKButUnresolvedODPPlaceholders"", ""GoldPolicyASKButStatusNotParamsRequired""]",True,False,[],"[""RetainedParameterUnionMismatch:expected=['ca-07_odp.01', 'ca-07_odp.02', 'ca-07_odp.03', 'ca-7_prm_4', 'ca-7_prm_5'],declared=[]"", ""StatusNotEqualRetainedParameterState""]",not_required,not_required,not_required,not_required,False,[],False,False,baseline,What are the requirements for implementing a system-level continuous monitoring strategy?,experiments/answerer_comparison/rq2_frontier_baseline_rev5/results_v1/references/rev5_generative_baseline_4bit.csv
21,rev5,answer-content-strict-pass-v1,2b3f0045ae39eba8413b2e50a549a701e552c8b5d2eaabee4d12d9786a5eb942,legacy_failure_short_circuit,False,"[""OKButUnresolvedODPPlaceholders"", ""GoldPolicyASKButStatusNotParamsRequired""]",True,False,[],"[""RetainedParameterUnionMismatch:expected=['cm-02.02_odp', 'cm-02.03_odp', 'cm-02_odp.01', 'cm-02_odp.02'],declared=['cm-02_odp.01', 'cm-02_odp.02']"", ""StatusNotEqualRetainedParameterState"", ""AskListNotEqualDeclaredParameters""]",not_required,not_required,not_required,not_required,False,[],False,False,baseline,What are the lifecycle requirements for system baseline configurations?,experiments/answerer_comparison/rq2_frontier_baseline_rev5/results_v1/references/rev5_generative_baseline_4bit.csv
22,rev5,answer-content-strict-pass-v1,0df3e41b5f6a7a4aab12e1fcb7927ca42c0314559856ea68e23e6dda90b298ea,legacy_failure_short_circuit,False,"[""OKButUnresolvedODPPlaceholders"", ""GoldPolicyASKButStatusNotParamsRequired"", ""MissedDocIds:['cm-3_smt.a']""]",True,False,[],"[""RetainedParameterUnionMismatch:expected=['cm-03_odp.01', 'cm-03_odp.02', 'cm-03_odp.03'],declared=[]"", ""StatusNotEqualRetainedParameterState""]",not_required,not_required,not_required,not_required,False,[],False,False,baseline,What must an organization do to manage configuration-controlled changes?,experiments/answerer_comparison/rq2_frontier_baseline_rev5/results_v1/references/rev5_generative_baseline_4bit.csv
23,rev5,answer-content-strict-pass-v1,4f8f69bf4e2717f71aa7f2b2e99de628f9a2372cc66a681b71f0a7e17bc95562,legacy_failure_short_circuit,False,"[""MissedControlCitations:['CM-4']"", ""MissedDocIds:['cm-4_smt']"", ""LowControlRecall""]",True,True,[],[],not_required,not_required,not_required,not_required,False,[],False,False,baseline,What should be analyzed before implementing a system change?,experiments/answerer_comparison/rq2_frontier_baseline_rev5/results_v1/references/rev5_generative_baseline_4bit.csv
24,rev5,answer-content-strict-pass-v1,41549c515fc419bc9a5d95b11b845d39b1995233316f972badfe24ed8c891074,legacy_failure_short_circuit,False,"[""OKButUnresolvedODPPlaceholders"", ""GoldPolicyASKButStatusNotParamsRequired"", ""MissedDocIds:['cm-6_smt.b']""]",True,False,[],"[""RetainedParameterUnionMismatch:expected=['cm-06_odp.01', 'cm-06_odp.02', 'cm-06_odp.03'],declared=[]"", ""StatusNotEqualRetainedParameterState""]",not_required,not_required,not_required,not_required,False,[],False,False,baseline,"How should configuration settings be established, approved, and monitored?",experiments/answerer_comparison/rq2_frontier_baseline_rev5/results_v1/references/rev5_generative_baseline_4bit.csv
25,rev5,answer-content-strict-pass-v1,d64a064d80cc02a28e665286ed3acd4ea5c987aa06cf6f2018884c5d99ca1754,legacy_failure_short_circuit,False,"[""OKButUnresolvedODPPlaceholders"", ""GoldPolicyASKButStatusNotParamsRequired"", ""StatusOKButStillHasODPPlaceholders"", ""MissedDocIds:['cm-8_smt.a.1', 'cm-8_smt.a.2', 'cm-8_smt.a.3', 'cm-8_smt.a.4', 'cm-8_smt.a.5']""]",True,False,[],"[""StatusNotEqualRetainedParameterState"", ""AskListNotEqualDeclaredParameters""]",not_required,not_required,not_required,not_required,False,[],False,False,baseline,"What are the requirements for developing, maintaining, and updating a system component inventory?",experiments/answerer_comparison/rq2_frontier_baseline_rev5/results_v1/references/rev5_generative_baseline_4bit.csv
26,rev5,answer-content-strict-pass-v1,3060d0a3184630c603320643687f67a057eda57924d48047d89009276e638121,legacy_failure_short_circuit,False,"[""OKButUnresolvedODPPlaceholders"", ""GoldPolicyASKButStatusNotParamsRequired"", ""StatusOKButStillHasODPPlaceholders"", ""MissedDocIds:['cp-2_smt.a.2', 'cp-2_smt.a.4', 'cp-2_smt.a.5', 'cp-2_smt.a.7', 'cp-2_smt.f']""]",True,False,[],"[""StatusNotEqualRetainedParameterState"", ""AskListNotEqualDeclaredParameters""]",not_required,not_required,not_required,not_required,False,[],False,False,baseline,"What are the key elements that must be included in a contingency plan, and how should it be reviewed, distributed, and updated?",experiments/answerer_comparison/rq2_frontier_baseline_rev5/results_v1/references/rev5_generative_baseline_4bit.csv
27,rev5,answer-content-strict-pass-v1,73d6791ceba53ad52bad9669aa8ddb58e230c4db817cb9afbd93c0bab19b066e,legacy_failure_short_circuit,False,"[""OKButUnresolvedODPPlaceholders"", ""MissingODPsButStatusNotParamsRequired:['cp-03_odp.01', 'cp-03_odp.02', 'cp-03_odp.03', 'cp-03_odp.04']"", ""StatusOKButStillHasODPPlaceholders""]",True,False,[],"[""StatusNotEqualRetainedParameterState"", ""AskListNotEqualDeclaredParameters""]",not_required,not_required,not_required,not_required,False,[],False,False,baseline,When and how should contingency training be provided to system users based on their assigned roles and responsibilities?,experiments/answerer_comparison/rq2_frontier_baseline_rev5/results_v1/references/rev5_generative_baseline_4bit.csv
28,rev5,answer-content-strict-pass-v1,1e47ee3fde7b556c415e3f3483d6aa9ee7df97cb82a32037deed71bdee1997de,legacy_failure_short_circuit,False,"[""GoldPolicyASKButStatusNotParamsRequired"", ""MissedControlCitations:['CP-4']"", ""MissedDocIds:['cp-4_smt.a', 'cp-4_smt.b', 'cp-4_smt.c']"", ""LowControlRecall""]",False,False,"[""NoNormalNonemptyAnswer""]","[""StatusNotEqualRetainedParameterState""]",not_required,not_required,not_required,not_required,False,[],False,False,baseline,"How frequently must contingency plans be tested, and what should be done after reviewing the test results?",experiments/answerer_comparison/rq2_frontier_baseline_rev5/results_v1/references/rev5_generative_baseline_4bit.csv
29,rev5,answer-content-strict-pass-v1,ee100b7c016a1b8fcbe35317560f3a8b3ddc85ed47466ff3a81724cab23737eb,legacy_failure_short_circuit,False,"[""OKButUnresolvedODPPlaceholders"", ""GoldPolicyASKButStatusNotParamsRequired"", ""MissedDocIds:['cp-7_smt.b']""]",True,False,[],"[""StatusNotEqualRetainedParameterState"", ""AskListNotEqualDeclaredParameters""]",not_required,not_required,not_required,not_required,False,[],False,False,baseline,What are the requirements for establishing and maintaining an alternate processing site to resume essential operations?,experiments/answerer_comparison/rq2_frontier_baseline_rev5/results_v1/references/rev5_generative_baseline_4bit.csv
30,rev5,answer-content-strict-pass-v1,ba2b75ae5d06ae63df359a9fff0e010b60a23407fefcc552ed2dc2c787a234e9,legacy_failure_short_circuit,False,"[""OKButUnresolvedODPPlaceholders"", ""GoldPolicyASKButStatusNotParamsRequired"", ""PreserveMissingPlaceholder:cp-09_odp.04"", ""StatusOKButStillHasODPPlaceholders"", ""MissedDocIds:['cp-9_smt.c']""]",True,False,[],"[""StatusNotEqualRetainedParameterState"", ""AskListNotEqualDeclaredParameters""]",not_required,not_required,not_required,not_required,False,[],False,False,baseline,What actions must be taken to ensure that system and user-level information is backed up and that backup data remains protected?,experiments/answerer_comparison/rq2_frontier_baseline_rev5/results_v1/references/rev5_generative_baseline_4bit.csv
31,rev5,answer-content-strict-pass-v1,0787da7b79509e64872794a2095f5b6acf01d93e4a7f8b34fccec97ca37c2c37,source_inspection,True,[],True,True,[],[],fail,pass,pass,pass,False,"[{""answer_excerpt"": ""Organizations must uniquely identify and authenticate organizational users and associate that unique identification with processes acting on behalf of those users."", ""gate"": ""citation_use"", ""reason"": ""IA-8 addresses non-organizational users/processes. The body expresses only organizational users and their processes, so this extra citation contributes no actual actor-specific proposition."", ""references"": [{""excerpt"": ""Uniquely identify and authenticate non-organizational users or processes acting on behalf of non-organizational users."", ""source_id"": ""ia-8_smt""}]}]",False,False,baseline,How must organizations identify and authenticate users and associate them with processes acting on their behalf?,experiments/answerer_comparison/rq2_frontier_baseline_rev5/results_v1/references/rev5_generative_baseline_4bit.csv
32,rev5,answer-content-strict-pass-v1,bc4a56b345bf00c1e0e58d5d4fbe2f44cdb996d407c732f1833ef60a3c93e8d5,legacy_failure_short_circuit,False,"[""OKButUnresolvedODPPlaceholders"", ""MissingODPsButStatusNotParamsRequired:['ia-04_odp.01', 'ia-04_odp.02']"", ""StatusOKButStillHasODPPlaceholders""]",True,False,[],"[""StatusNotEqualRetainedParameterState"", ""AskListNotEqualDeclaredParameters""]",not_required,not_required,not_required,not_required,False,[],False,False,baseline,"What are the requirements for assigning, authorizing, and preventing reuse of system identifiers for individuals, groups, or devices?",experiments/answerer_comparison/rq2_frontier_baseline_rev5/results_v1/references/rev5_generative_baseline_4bit.csv
33,rev5,answer-content-strict-pass-v1,cde4afe54ed15d96f87b6ef03c339464273cd7fa4e56bfd332b9c899b75dab65,legacy_failure_short_circuit,False,"[""OKButUnresolvedODPPlaceholders"", ""MissingODPsButStatusNotParamsRequired:['ia-05_odp.01', 'ia-05_odp.02']""]",True,False,[],"[""StatusNotEqualRetainedParameterState"", ""AskListNotEqualDeclaredParameters""]",not_required,not_required,not_required,not_required,False,[],False,False,baseline,"How should organizations manage authenticators, including their distribution, protection, and periodic updates?",experiments/answerer_comparison/rq2_frontier_baseline_rev5/results_v1/references/rev5_generative_baseline_4bit.csv
34,rev5,answer-content-strict-pass-v1,8a138ffabb8d404cbb3a2327263f9f0e23e1e1881c9c7ceea381dd3338557dea,legacy_failure_short_circuit,False,"[""MissedControlCitations:['IA-6']"", ""MissedDocIds:['ia-6_smt']"", ""LowControlRecall""]",True,True,[],[],not_required,not_required,not_required,not_required,False,[],False,False,baseline,What does NIST require to protect authentication information from disclosure during the authentication process?,experiments/answerer_comparison/rq2_frontier_baseline_rev5/results_v1/references/rev5_generative_baseline_4bit.csv
35,rev5,answer-content-strict-pass-v1,ba15ad2bd367f25565788f1f071657ef60628a47f95c21ebd2e566bf3c90f598,source_inspection,True,[],True,True,[],[],pass,pass,fail,pass,False,"[{""answer_excerpt"": ""accepting only NIST-compliant external authenticators"", ""gate"": ""claim_faithfulness"", ""reason"": ""The public-accessible applicability limitation on this acceptance obligation is absent; the body presents it for non-organizational accesses generally."", ""references"": [{""excerpt"": ""Acceptance of only NIST-compliant external authenticators applies to organizational systems that are accessible to the public (e.g., public-facing websites). External authenticators are issued by nonfederal government entities and are compliant with [SP 800-63B](#e59c5a7c-8b1f-49ca-8de0-6ee0882180ce) . Approved external authenticators meet or exceed the minimum Federal Government-wide technical, security, privacy, and organizational maturity requirements. Meeting or exceeding Federal requirements allows Federal Government relying parties to trust external authenticators in connection with an authentication transaction at a specified authenticator assurance level."", ""source_id"": ""ia-8.2_gdn""}]}]",False,False,baseline,How should organizations handle identification and authentication of non-organizational users accessing federal systems?,experiments/answerer_comparison/rq2_frontier_baseline_rev5/results_v1/references/rev5_generative_baseline_4bit.csv
36,rev5,answer-content-strict-pass-v1,fa1710c8b1a8838679b73aa7eede02573e8e899c415fe2ae7afeb8908c230522,legacy_failure_short_circuit,False,"[""OKButUnresolvedODPPlaceholders"", ""MissingODPsButStatusNotParamsRequired:['ir-02_odp.01', 'ir-02_odp.02', 'ir-02_odp.03', 'ir-02_odp.04']"", ""StatusOKButStillHasODPPlaceholders""]",True,False,[],"[""StatusNotEqualRetainedParameterState"", ""AskListNotEqualDeclaredParameters""]",not_required,not_required,not_required,not_required,False,[],False,False,baseline,"When should incident response training be provided, and how often should its content be reviewed and updated?",experiments/answerer_comparison/rq2_frontier_baseline_rev5/results_v1/references/rev5_generative_baseline_4bit.csv
37,rev5,answer-content-strict-pass-v1,d23ed057ceeb4f6f16618c4c65970449332b332536d18911c80a01ee4052a6f1,legacy_failure_short_circuit,False,"[""GoldPolicyASKButStatusNotParamsRequired"", ""MissedDocIds:['ir-3_smt']""]",True,True,[],[],not_required,not_required,not_required,not_required,False,[],False,False,baseline,"How often should organizations test the effectiveness of their incident response capabilities, and what kinds of tests may be used?",experiments/answerer_comparison/rq2_frontier_baseline_rev5/results_v1/references/rev5_generative_baseline_4bit.csv
38,rev5,answer-content-strict-pass-v1,e1c0ab2f74daccf176c89daa7ccc9adc99eb9a3e0c0e401dc775eb608840c4c8,legacy_failure_short_circuit,False,"[""MissedDocIds:['ir-4_smt.a']""]",True,True,[],[],not_required,not_required,not_required,not_required,False,[],False,False,baseline,"What are the key elements of implementing an effective incident handling capability, including coordination and lessons learned?",experiments/answerer_comparison/rq2_frontier_baseline_rev5/results_v1/references/rev5_generative_baseline_4bit.csv
39,rev5,answer-content-strict-pass-v1,e656ae197e419fca2a06096985d23aa658856a0c3f93cf7ece207acd37ece6af,source_inspection,True,[],True,True,[],[],pass,pass,pass,pass,False,[],True,True,baseline,What information should organizations maintain and analyze when documenting and reviewing security incidents?,experiments/answerer_comparison/rq2_frontier_baseline_rev5/results_v1/references/rev5_generative_baseline_4bit.csv
40,rev5,answer-content-strict-pass-v1,ebc3055b29621ebb8529f29ba2167621ea6513a5935abe73a879381488296c4b,legacy_failure_short_circuit,False,"[""OKButUnresolvedODPPlaceholders"", ""GoldPolicyASKButStatusNotParamsRequired"", ""StatusOKButStillHasODPPlaceholders""]",True,False,[],"[""StatusNotEqualRetainedParameterState"", ""AskListNotEqualDeclaredParameters""]",not_required,not_required,not_required,not_required,False,[],False,False,baseline,"What are the reporting requirements for suspected or confirmed incidents, including notification timeframes and recipients?",experiments/answerer_comparison/rq2_frontier_baseline_rev5/results_v1/references/rev5_generative_baseline_4bit.csv
41,rev5,answer-content-strict-pass-v1,6c38ff6e5cd5f4d58295fcb0ad1093a58d769324823e0ad63026ff0fe55d212e,legacy_failure_short_circuit,False,"[""OKButUnresolvedODPPlaceholders"", ""MissedDocIds:['ma-2_gdn']""]",True,False,[],"[""StatusNotEqualRetainedParameterState"", ""AskListNotEqualDeclaredParameters""]",not_required,not_required,not_required,not_required,False,[],False,False,baseline,What are the key considerations for a controlled system maintenance program?,experiments/answerer_comparison/rq2_frontier_baseline_rev5/results_v1/references/rev5_generative_baseline_4bit.csv
42,rev5,answer-content-strict-pass-v1,377361a2a0b966e2aeb24c7922a6cf4cafdf057f85ab0a798fe27426ea592533,legacy_failure_short_circuit,False,"[""OKButUnresolvedODPPlaceholders"", ""MissingODPsButStatusNotParamsRequired:['ma-03_odp']"", ""MissedDocIds:['ma-3_smt.a', 'ma-3_smt.b']""]",True,False,[],"[""StatusNotEqualRetainedParameterState"", ""AskListNotEqualDeclaredParameters""]",not_required,not_required,not_required,not_required,False,[],False,False,baseline,"How should organizations approve, control, and periodically review the use of system maintenance tools?",experiments/answerer_comparison/rq2_frontier_baseline_rev5/results_v1/references/rev5_generative_baseline_4bit.csv
43,rev5,answer-content-strict-pass-v1,624843b77e08e313260d7bbe6fababd02ba1a0dc801abe878d6a12da85089caa,source_inspection,True,[],True,True,[],[],pass,pass,pass,pass,False,[],True,True,baseline,"What must organizations do to authorize, secure, and record nonlocal maintenance and diagnostic activities?",experiments/answerer_comparison/rq2_frontier_baseline_rev5/results_v1/references/rev5_generative_baseline_4bit.csv
44,rev5,answer-content-strict-pass-v1,9eb1d1792c1f70123a6f3719d281c84badf7c625b3f1092446a9053aa77d96c9,legacy_failure_short_circuit,False,"[""OKButUnresolvedODPPlaceholders""]",True,False,[],"[""RetainedParameterUnionMismatch:expected=['ma-05.01_odp'],declared=[]"", ""StatusNotEqualRetainedParameterState""]",not_required,not_required,not_required,not_required,False,[],False,False,baseline,What process should be established for authorizing maintenance personnel and ensuring appropriate escorting and access control during maintenance?,experiments/answerer_comparison/rq2_frontier_baseline_rev5/results_v1/references/rev5_generative_baseline_4bit.csv
45,rev5,answer-content-strict-pass-v1,bb36cf1e1141e9ccd6f3f806d25396c3691350597661d3d563e05ef23cec4a18,source_inspection,True,[],True,True,[],[],pass,pass,pass,pass,False,[],True,True,baseline,How should organizations identify critical system components and obtain maintenance support to mitigate risk when those components fail?,experiments/answerer_comparison/rq2_frontier_baseline_rev5/results_v1/references/rev5_generative_baseline_4bit.csv
46,rev5,answer-content-strict-pass-v1,a7c8ef988f9a87d2429c01c5dc04566e67f23a0f492b4cc1399ce7db8ccb7eed,source_inspection,True,[],True,True,[],[],pass,pass,pass,pass,False,[],True,True,baseline,How should access to both digital and non-digital system media be restricted to authorized individuals?,experiments/answerer_comparison/rq2_frontier_baseline_rev5/results_v1/references/rev5_generative_baseline_4bit.csv
47,rev5,answer-content-strict-pass-v1,9c5dae5ea97bffbea0c6ec69a7a649083497ef7bcbbea0f72b9d96f164485cf7,legacy_failure_short_circuit,False,"[""OKButUnresolvedODPPlaceholders"", ""GoldPolicyASKButStatusNotParamsRequired"", ""MissedDocIds:['mp-3_smt.a']""]",True,False,[],"[""StatusNotEqualRetainedParameterState"", ""AskListNotEqualDeclaredParameters""]",not_required,not_required,not_required,not_required,False,[],False,False,baseline,"What requirements apply to marking system media with handling or distribution limitations, and when may media be exempt from marking?",experiments/answerer_comparison/rq2_frontier_baseline_rev5/results_v1/references/rev5_generative_baseline_4bit.csv
48,rev5,answer-content-strict-pass-v1,180fbe0ecb6be2a3bcb252b6166de44a761b00c0ee131230a619775355de9724,legacy_failure_short_circuit,False,"[""MissingODPsButStatusNotParamsRequired:['mp-04_prm.01', 'mp-04_prm.02']"", ""MissedDocIds:['mp-4_smt.a', 'mp-4_smt.b']""]",True,True,[],[],not_required,not_required,not_required,not_required,False,[],False,False,baseline,How must organizations physically control and securely store system media to prevent unauthorized access or tampering?,experiments/answerer_comparison/rq2_frontier_baseline_rev5/results_v1/references/rev5_generative_baseline_4bit.csv
49,rev5,answer-content-strict-pass-v1,078276e3bd5d2868ee6b1871f81c023e52d4a6c87d777193d07f20bee01585d7,legacy_failure_short_circuit,False,"[""OKButUnresolvedODPPlaceholders"", ""GoldPolicyASKButStatusNotParamsRequired""]",True,False,[],"[""RetainedParameterUnionMismatch:expected=['mp-05_odp.01', 'mp-5_prm_2'],declared=[]"", ""StatusNotEqualRetainedParameterState""]",not_required,not_required,not_required,not_required,False,[],False,False,baseline,"What safeguards should be in place for transporting system media outside controlled areas, including accountability and documentation requirements?",experiments/answerer_comparison/rq2_frontier_baseline_rev5/results_v1/references/rev5_generative_baseline_4bit.csv
50,rev5,answer-content-strict-pass-v1,46edba97782c2d59cd91fb19a41e906c825a5c7936c7131b0ab7e6754b47e087,legacy_failure_short_circuit,False,"[""OKButUnresolvedODPPlaceholders"", ""MissingODPsButStatusNotParamsRequired:['mp-06_prm.01', 'mp-06_prm.02']""]",True,False,[],"[""RetainedParameterUnionMismatch:expected=['mp-6_prm_1', 'mp-6_prm_2'],declared=[]"", ""StatusNotEqualRetainedParameterState""]",not_required,not_required,not_required,not_required,False,[],False,False,baseline,"What are the requirements for sanitizing system media prior to disposal, reuse, or release from organizational control?",experiments/answerer_comparison/rq2_frontier_baseline_rev5/results_v1/references/rev5_generative_baseline_4bit.csv
51,rev5,answer-content-strict-pass-v1,86bf03ed38cedc42974ae52901125b72b12c371bb195950763a44c956ab172d3,legacy_failure_short_circuit,False,"[""OKButUnresolvedODPPlaceholders"", ""MissingODPsButStatusNotParamsRequired:['pe-02_odp']""]",True,False,[],"[""RetainedParameterUnionMismatch:expected=['pe-02_odp'],declared=[]"", ""StatusNotEqualRetainedParameterState""]",not_required,not_required,not_required,not_required,False,[],False,False,baseline,"What are the requirements for managing facility access authorizations, credentials, and access lists for individuals entering secured areas?",experiments/answerer_comparison/rq2_frontier_baseline_rev5/results_v1/references/rev5_generative_baseline_4bit.csv
52,rev5,answer-content-strict-pass-v1,7fb39cff6544c17b7cad02510dae2c8c4a49f713b027c8848f20c87fc69bdcd2,legacy_failure_short_circuit,False,"[""OKButUnresolvedODPPlaceholders""]",True,False,[],"[""RetainedParameterUnionMismatch:expected=['pe-03_odp.01', 'pe-03_odp.02', 'pe-03_odp.04', 'pe-03_odp.05', 'pe-03_odp.06', 'pe-03_odp.07', 'pe-03_odp.08', 'pe-3_prm_9'],declared=[]"", ""StatusNotEqualRetainedParameterState""]",not_required,not_required,not_required,not_required,False,[],False,False,baseline,"What considerations, components, and types of controls are involved in implementing physical access control?",experiments/answerer_comparison/rq2_frontier_baseline_rev5/results_v1/references/rev5_generative_baseline_4bit.csv
53,rev5,answer-content-strict-pass-v1,cf4f4d98bff2fad5bb6d40caddb47e303877a035665fec5792f825b993400bf9,source_inspection,True,[],True,True,[],[],pass,pass,pass,pass,False,[],True,True,baseline,What controls should organizations use to protect system distribution and transmission lines from physical damage or interception?,experiments/answerer_comparison/rq2_frontier_baseline_rev5/results_v1/references/rev5_generative_baseline_4bit.csv
54,rev5,answer-content-strict-pass-v1,3ac7fe5b77e3d7c6e6ed4b4fad70f35f30c7c256dde6501a85b9a8f1af77f13d,source_inspection,True,[],True,True,[],[],pass,pass,pass,pass,False,[],True,True,baseline,"How should physical access to output devices such as monitors, printers, or copiers be restricted and monitored?",experiments/answerer_comparison/rq2_frontier_baseline_rev5/results_v1/references/rev5_generative_baseline_4bit.csv
55,rev5,answer-content-strict-pass-v1,aa7c6b519512ba93ee37da2bd789568545f495642803cf826a06e6de96a48729,legacy_failure_short_circuit,False,"[""OKButUnresolvedODPPlaceholders"", ""MissingODPsButStatusNotParamsRequired:['pe-06_odp.01', 'pe-06_odp.02']"", ""MissedDocIds:['pe-6_smt.a', 'pe-6_smt.c']""]",True,False,[],"[""RetainedParameterUnionMismatch:expected=['pe-06_odp.01', 'pe-06_odp.02'],declared=[]"", ""StatusNotEqualRetainedParameterState""]",not_required,not_required,not_required,not_required,False,[],False,False,baseline,What measures should be implemented to monitor and review physical access logs and respond to security incidents in facilities housing systems?,experiments/answerer_comparison/rq2_frontier_baseline_rev5/results_v1/references/rev5_generative_baseline_4bit.csv
56,rev5,answer-content-strict-pass-v1,449c45225a174b87c7036a6ebf4f1c84c56909640de82d6d5d586618692b4e83,legacy_failure_short_circuit,False,"[""OKButUnresolvedODPPlaceholders"", ""MissedDocIds:['pl-2_gdn']""]",True,False,[],"[""RetainedParameterUnionMismatch:expected=['pl-02_odp.01', 'pl-02_odp.02', 'pl-02_odp.03'],declared=[]"", ""StatusNotEqualRetainedParameterState""]",not_required,not_required,not_required,not_required,False,[],False,False,baseline,What is the guidance of control PL-2?,experiments/answerer_comparison/rq2_frontier_baseline_rev5/results_v1/references/rev5_generative_baseline_4bit.csv
57,rev5,answer-content-strict-pass-v1,34ac0bb9ed950c8260d03728739a7ee6f74d1f96e55a5a3e94d055b7e685bce5,source_inspection,True,[],True,True,[],[],fail,pass,pass,pass,False,"[{""answer_excerpt"": ""Rules of behavior should be tailored based on individual user roles and responsibilities. They can be established for both organizational and non-organizational users, though it may not be feasible for non-organizational users due to their large numbers and limited interactions. Acknowledgment of these rules can be documented through electronic or physical signatures, electronic agreement check boxes, or radio buttons."", ""gate"": ""citation_use"", ""reason"": ""The extra PL-4(1) guidance concerns social media/networking/external sites and non-public information. None of that proposition is expressed in the general user-role and acknowledgment body."", ""references"": [{""excerpt"": ""Social media, social networking, and external site/application usage restrictions address rules of behavior related to the use of social media, social networking, and external sites when organizational personnel are using such sites for official duties or in the conduct of official business, when organizational information is involved in social media and social networking transactions, and when personnel access social media and networking sites from organizational systems. Organizations also address specific rules that prevent unauthorized entities from obtaining non-public organizational information from social media and networking sites either directly or through inference. Non-public information includes personally identifiable information and system account information."", ""source_id"": ""pl-4.1_gdn""}]}]",False,False,baseline,What considerations are involved in establishing rules of behavior regarding their application to different user types and the methods for documenting acknowledgment?,experiments/answerer_comparison/rq2_frontier_baseline_rev5/results_v1/references/rev5_generative_baseline_4bit.csv
58,rev5,answer-content-strict-pass-v1,c58bb217853e18b7ac7a0d5078769c9d37013175e574d663b906090bff22f7c2,legacy_failure_short_circuit,False,"[""OKButUnresolvedODPPlaceholders"", ""MissingODPsButStatusNotParamsRequired:['pl-07_odp']"", ""MissedDocIds:['pl-7_smt.a', 'pl-7_smt.b']""]",True,False,[],"[""RetainedParameterUnionMismatch:expected=['pl-07_odp'],declared=[]"", ""StatusNotEqualRetainedParameterState""]",not_required,not_required,not_required,not_required,False,[],False,False,baseline,"What is the purpose of a Concept of Operations, and how often should it be reviewed and updated?",experiments/answerer_comparison/rq2_frontier_baseline_rev5/results_v1/references/rev5_generative_baseline_4bit.csv
59,rev5,answer-content-strict-pass-v1,29494ccbee65fe45e6d1d46152a50facfb119f7122c205d96cc8aecce6df5160,legacy_failure_short_circuit,False,"[""MissingODPsButStatusNotParamsRequired:['pl-08_odp']"", ""MissedDocIds:['pl-8_smt.b', 'pl-8_smt.c']""]",True,True,[],[],not_required,not_required,not_required,not_required,False,[],False,False,baseline,What should security and privacy architectures describe to ensure protection of information and integration with the enterprise architecture?,experiments/answerer_comparison/rq2_frontier_baseline_rev5/results_v1/references/rev5_generative_baseline_4bit.csv
60,rev5,answer-content-strict-pass-v1,e9355956e061311a971e3ca2f0fc234b8ce010285360f28ebb0a9d0c9816549a,source_inspection,True,[],True,True,[],[],pass,pass,pass,pass,False,[],True,True,baseline,"How does the concept of tailoring allow organizations to customize control baselines to their mission, environment, and risk profile?",experiments/answerer_comparison/rq2_frontier_baseline_rev5/results_v1/references/rev5_generative_baseline_4bit.csv
61,rev5,answer-content-strict-pass-v1,b4e984c06ddea5cb2b3f632901602b4e3623bb3c0b97df78d4684fe1a27ed240,source_inspection,True,[],True,True,[],[],pass,pass,pass,pass,False,[],True,True,baseline,"Who serves as the senior agency information security officer, and what is their role within federal agencies?",experiments/answerer_comparison/rq2_frontier_baseline_rev5/results_v1/references/rev5_generative_baseline_4bit.csv
62,rev5,answer-content-strict-pass-v1,9af6e8e4a88dd5af091adcd4a39959616a5549e2cfffbb3557d785656fbdaa79,legacy_failure_short_circuit,False,"[""OKButUnresolvedODPPlaceholders"", ""MissedControlCitations:['PM-4']"", ""MissedDocIds:['pm-4_smt.a', 'pm-4_smt.a.1', 'pm-4_smt.a.2', 'pm-4_smt.a.3', 'pm-4_smt.b']"", ""LowControlRecall""]",True,False,[],"[""RetainedParameterUnionMismatch:expected=['ca-05_odp'],declared=[]"", ""StatusNotEqualRetainedParameterState""]",not_required,not_required,not_required,not_required,False,[],False,False,baseline,What is the purpose of a plan of action and milestones process within the organization's risk management strategy?,experiments/answerer_comparison/rq2_frontier_baseline_rev5/results_v1/references/rev5_generative_baseline_4bit.csv
63,rev5,answer-content-strict-pass-v1,8f68c0bde651927d6e04a50ab7e6da34d71ce19706d7cc597bb2d8f7eba9e9f3,source_inspection,True,[],True,True,[],[],pass,pass,pass,pass,False,[],True,True,baseline,How are measures of performance used to evaluate the effectiveness of security and privacy programs?,experiments/answerer_comparison/rq2_frontier_baseline_rev5/results_v1/references/rev5_generative_baseline_4bit.csv
64,rev5,answer-content-strict-pass-v1,daa0cd0d7dc48791a1b99a77267a7585c0137f2d9e1a74760f28e46723f29078,legacy_failure_short_circuit,False,"[""MissedDocIds:['pm-7_smt']""]",True,True,[],[],not_required,not_required,not_required,not_required,False,[],False,False,baseline,"What considerations must be incorporated into the enterprise architecture to address security, privacy, and risk?",experiments/answerer_comparison/rq2_frontier_baseline_rev5/results_v1/references/rev5_generative_baseline_4bit.csv
65,rev5,answer-content-strict-pass-v1,8d8a8528bd37d99f76300dad3db68b28a7eb5ea0e975f132a07e82b1cb180239,legacy_failure_short_circuit,False,"[""OKButUnresolvedODPPlaceholders"", ""MissingODPsButStatusNotParamsRequired:['pm-09_odp']"", ""StatusOKButStillHasODPPlaceholders"", ""MissedDocIds:['pm-9_smt.a', 'pm-9_smt.a.1', 'pm-9_smt.a.2', 'pm-9_smt.b', 'pm-9_smt.c']""]",True,False,[],"[""StatusNotEqualRetainedParameterState"", ""AskListNotEqualDeclaredParameters""]",not_required,not_required,not_required,not_required,False,[],False,False,baseline,"What are the key components of an organization's risk management strategy, and how should it be implemented and updated?",experiments/answerer_comparison/rq2_frontier_baseline_rev5/results_v1/references/rev5_generative_baseline_4bit.csv
66,rev5,answer-content-strict-pass-v1,47b5b6bd133b33ae92d06a32a68fe1209a19a262948bdec12f3f582beb918f1b,legacy_failure_short_circuit,False,"[""OKButUnresolvedODPPlaceholders"", ""MissingODPsButStatusNotParamsRequired:['ps-02_odp']""]",True,False,[],"[""RetainedParameterUnionMismatch:expected=['ps-02_odp'],declared=[]"", ""StatusNotEqualRetainedParameterState""]",not_required,not_required,not_required,not_required,False,[],False,False,baseline,"What process should the organization use to assign, review, and update position risk designations and establish screening criteria for personnel?",experiments/answerer_comparison/rq2_frontier_baseline_rev5/results_v1/references/rev5_generative_baseline_4bit.csv
67,rev5,answer-content-strict-pass-v1,83c160832b4e85c943838b6489008e8e4e6ce508ef84e7b4fb5d79dbbeeafb92,legacy_failure_short_circuit,False,"[""MissingODPsButStatusNotParamsRequired:['ps-03_prm.01']"", ""MissedDocIds:['ps-3_smt.a', 'ps-3_smt.b']""]",True,True,[],[],not_required,not_required,not_required,not_required,False,[],False,False,baseline,When and how must individuals be screened before authorizing or maintaining access to organizational systems?,experiments/answerer_comparison/rq2_frontier_baseline_rev5/results_v1/references/rev5_generative_baseline_4bit.csv
68,rev5,answer-content-strict-pass-v1,b29cbba8d665c5be45c5d3d758fec9d88d131ed188ad5700bda35afee363af34,legacy_failure_short_circuit,False,"[""OKButUnresolvedODPPlaceholders"", ""GoldPolicyASKButStatusNotParamsRequired"", ""StatusOKButStillHasODPPlaceholders"", ""MissedDocIds:['ps-4_smt']""]",True,False,[],"[""StatusNotEqualRetainedParameterState"", ""AskListNotEqualDeclaredParameters""]",not_required,not_required,not_required,not_required,False,[],False,False,baseline,What steps must be taken when an individual's employment or role is terminated?,experiments/answerer_comparison/rq2_frontier_baseline_rev5/results_v1/references/rev5_generative_baseline_4bit.csv
69,rev5,answer-content-strict-pass-v1,e57296f5e18b36a066aa484f887165f9f36c82bfad45cd9747196f4fb6ebae89,legacy_failure_short_circuit,False,"[""OKButUnresolvedODPPlaceholders"", ""GoldPolicyASKButStatusNotParamsRequired""]",True,False,[],"[""StatusNotEqualRetainedParameterState"", ""AskListNotEqualDeclaredParameters""]",not_required,not_required,not_required,not_required,False,[],False,False,baseline,"What actions should the organization take to review, modify, and communicate access authorizations for reassigned or transferred personnel?",experiments/answerer_comparison/rq2_frontier_baseline_rev5/results_v1/references/rev5_generative_baseline_4bit.csv
70,rev5,answer-content-strict-pass-v1,393d73bab4c6cdf6ddc3f3b439beb1996434a626a7af4815fe5e994f47e4ff55,legacy_failure_short_circuit,False,"[""OKButUnresolvedODPPlaceholders"", ""MissingODPsButStatusNotParamsRequired:['ps-06_odp.01', 'ps-06_odp.02']"", ""MissedDocIds:['ps-6_smt.c.2']""]",True,False,[],"[""StatusNotEqualRetainedParameterState"", ""AskListNotEqualDeclaredParameters""]",not_required,not_required,not_required,not_required,False,[],False,False,baseline,"What requirements apply to developing, reviewing, and signing access agreements for individuals requiring system access?",experiments/answerer_comparison/rq2_frontier_baseline_rev5/results_v1/references/rev5_generative_baseline_4bit.csv
71,rev5,answer-content-strict-pass-v1,19d0ef17f9d889fe401fe032f18d80217de01aeba496dbae5977b0fc07936f15,legacy_failure_short_circuit,False,"[""OKButUnresolvedODPPlaceholders"", ""GoldPolicyASKButStatusNotParamsRequired""]",True,False,[],"[""RetainedParameterUnionMismatch:expected=['pt-02_odp.01', 'pt-02_odp.02', 'pt-02_odp.03', 'pt-03_odp.01', 'pt-03_odp.02', 'pt-03_odp.03', 'pt-03_odp.04'],declared=[]"", ""StatusNotEqualRetainedParameterState""]",not_required,not_required,not_required,not_required,False,[],False,False,baseline,"How should organizations determine, document, and restrict the purposes and lawful basis for processing personally identifiable information?",experiments/answerer_comparison/rq2_frontier_baseline_rev5/results_v1/references/rev5_generative_baseline_4bit.csv
72,rev5,answer-content-strict-pass-v1,11a1526e26f4078c04506384a9bdd55217fb5e549c3f80c5b411352a3bb3243c,legacy_failure_short_circuit,False,"[""GoldPolicyASKButStatusNotParamsRequired"", ""MissedDocIds:['pt-3_smt.a', 'pt-3_smt.b', 'pt-3_smt.c', 'pt-3_smt.d']""]",True,False,[],"[""RetainedParameterUnionMismatch:expected=[],declared=['pt-03_odp.01', 'pt-03_odp.02', 'pt-03_odp.03', 'pt-03_odp.04']"", ""AskListNotEqualDeclaredParameters""]",not_required,not_required,not_required,not_required,False,[],False,False,baseline,"What must organizations identify and document about the purposes and conditions for collecting, using, and sharing PII, and how should they handle changes to those purposes?",experiments/answerer_comparison/rq2_frontier_baseline_rev5/results_v1/references/rev5_generative_baseline_4bit.csv
73,rev5,answer-content-strict-pass-v1,978a14abc70fc0eb5885ff8874a421ad4803325eea15bca93b7670699d4b85b5,source_inspection,True,[],True,True,[],[],pass,pass,pass,pass,False,[],True,True,baseline,"How should organizations obtain and manage individual consent for processing PII, and what factors should be considered when determining the appropriate consent mechanism?",experiments/answerer_comparison/rq2_frontier_baseline_rev5/results_v1/references/rev5_generative_baseline_4bit.csv
74,rev5,answer-content-strict-pass-v1,97bb34d07ac5ce861d08aa73f02d55bff36d5f6d729a7da0246b9a3ca97b4a64,legacy_failure_short_circuit,False,"[""OKButUnresolvedODPPlaceholders"", ""GoldPolicyASKButStatusNotParamsRequired"", ""StatusOKButStillHasODPPlaceholders"", ""MissedDocIds:['pt-5_smt.a', 'pt-5_smt.b', 'pt-5_smt.c', 'pt-5_smt.d', 'pt-5_smt.e']""]",True,False,[],"[""RetainedParameterUnionMismatch:expected=['pt-05.01_odp', 'pt-05_odp.01', 'pt-05_odp.02'],declared=['pt-05_odp.01', 'pt-05_odp.02']"", ""StatusNotEqualRetainedParameterState"", ""AskListNotEqualDeclaredParameters""]",not_required,not_required,not_required,not_required,False,[],False,False,baseline,"What information should be included in privacy notices to individuals, and when must such notices be provided or updated?",experiments/answerer_comparison/rq2_frontier_baseline_rev5/results_v1/references/rev5_generative_baseline_4bit.csv
75,rev5,answer-content-strict-pass-v1,7e3d463f463c83c27d48616084ab875fa75448ae546c260c19431fb8f47766da,source_inspection,True,[],True,True,[],[],pass,pass,pass,pass,False,[],True,True,baseline,What must organizations do to publish and maintain accurate system of records Notices for systems that contain PII?,experiments/answerer_comparison/rq2_frontier_baseline_rev5/results_v1/references/rev5_generative_baseline_4bit.csv
76,rev5,answer-content-strict-pass-v1,cda553a4484fabced50763bed7b3ba88009fc088ebd185b64969b685ed07ee0c,source_inspection,True,[],True,True,[],[],pass,fail,pass,pass,False,"[{""answer_excerpt"": ""the results must be documented in the security plan"", ""gate"": ""answer_coverage"", ""reason"": ""The required supporting rationale is absent. Merely documenting results does not state the documentation of their rationale."", ""references"": [{""excerpt"": ""Document the security categorization results, including supporting rationale, in the security plan for the system; and"", ""source_id"": ""ra-2_smt.b""}]}]",False,False,baseline,"What steps are required to categorize a system and its information, and who must approve the decision?",experiments/answerer_comparison/rq2_frontier_baseline_rev5/results_v1/references/rev5_generative_baseline_4bit.csv
77,rev5,answer-content-strict-pass-v1,c3dc5cb9f8f0c486dfbea4b46dc6b779237560d955f67df45f466bbe4c817bef,legacy_failure_short_circuit,False,"[""OKButUnresolvedODPPlaceholders"", ""MissingODPsButStatusNotParamsRequired:['ra-03_odp.01', 'ra-03_odp.02', 'ra-03_odp.03', 'ra-03_odp.04', 'ra-03_odp.05']"", ""MissedDocIds:['ra-3_smt.a.1', 'ra-3_smt.a.2', 'ra-3_smt.a.3']""]",True,False,[],"[""StatusNotEqualRetainedParameterState"", ""AskListNotEqualDeclaredParameters""]",not_required,not_required,not_required,not_required,False,[],False,False,baseline,"How should organizations conduct and document risk assessments, and how often should the results be reviewed?",experiments/answerer_comparison/rq2_frontier_baseline_rev5/results_v1/references/rev5_generative_baseline_4bit.csv
78,rev5,answer-content-strict-pass-v1,4511ed5c0b5571c022a58609e617809dd6e58fb92c827e16afc188bd1cc2c5a2,legacy_failure_short_circuit,False,"[""OKButUnresolvedODPPlaceholders"", ""GoldPolicyASKButStatusNotParamsRequired"", ""MissedDocIds:['ra-5_smt.b.1', 'ra-5_smt.b.2', 'ra-5_smt.b.3', 'ra-5_smt.f']""]",True,False,[],"[""RetainedParameterUnionMismatch:expected=['ra-05_odp.03', 'ra-05_odp.04', 'ra-5_prm_1'],declared=['ra-05_odp.03', 'ra-05_odp.04']"", ""StatusNotEqualRetainedParameterState"", ""AskListNotEqualDeclaredParameters""]",not_required,not_required,not_required,not_required,False,[],False,False,baseline,"What are the requirements for scanning systems for vulnerabilities, remediating identified risks, and sharing vulnerability information?",experiments/answerer_comparison/rq2_frontier_baseline_rev5/results_v1/references/rev5_generative_baseline_4bit.csv
79,rev5,answer-content-strict-pass-v1,f9b23b05ea5a20bfac2df4eed384aadbe851c9cb10af639e0802d8ce127d8b73,source_inspection,True,[],True,True,[],[],pass,pass,pass,pass,False,[],True,True,baseline,"What options may organizations consider when responding to identified risks, and how does risk tolerance affect these decisions?",experiments/answerer_comparison/rq2_frontier_baseline_rev5/results_v1/references/rev5_generative_baseline_4bit.csv
80,rev5,answer-content-strict-pass-v1,d235d31a51fb68aeebfcda82909a082dd458b4a92ecab0d2283490b44067c966,legacy_failure_short_circuit,False,"[""GoldPolicyASKButStatusNotParamsRequired"", ""MissedDocIds:['ra-9_smt']""]",True,True,[],[],not_required,not_required,not_required,not_required,False,[],False,False,baseline,"What is the purpose of performing a criticality analysis, and when should it be conducted?",experiments/answerer_comparison/rq2_frontier_baseline_rev5/results_v1/references/rev5_generative_baseline_4bit.csv
81,rev5,answer-content-strict-pass-v1,b6ebbf6c503a0a7c18d055afaf6419c137f199dfbca2ee0527700d26dbec93c8,legacy_failure_short_circuit,False,"[""OKButUnresolvedODPPlaceholders"", ""GoldPolicyASKButStatusNotParamsRequired"", ""MissedDocIds:['sa-5_smt.c', 'sa-5_smt.d']""]",True,False,[],"[""RetainedParameterUnionMismatch:expected=['sa-05_odp.01', 'sa-05_odp.02'],declared=[]"", ""StatusNotEqualRetainedParameterState""]",not_required,not_required,not_required,not_required,False,[],False,False,baseline,"In SA-5, what documentation should be obtained or developed?",experiments/answerer_comparison/rq2_frontier_baseline_rev5/results_v1/references/rev5_generative_baseline_4bit.csv
82,rev5,answer-content-strict-pass-v1,8a44d11afdbd1ecf0ff339a535af7a77f7041049dbbb415abe6c602b4652a832,legacy_failure_short_circuit,False,"[""GoldPolicyASKButStatusNotParamsRequired"", ""MissedDocIds:['sa-8_smt']""]",True,True,[],[],not_required,not_required,not_required,not_required,False,[],False,False,baseline,"In SA-8, which security and privacy engineering principles should be applied?",experiments/answerer_comparison/rq2_frontier_baseline_rev5/results_v1/references/rev5_generative_baseline_4bit.csv
83,rev5,answer-content-strict-pass-v1,14d81582b6bfc1bd243aa100300fc961cb9aab21b1057fbd743e0097cd50dba4,legacy_failure_short_circuit,False,"[""OKButUnresolvedODPPlaceholders"", ""GoldPolicyASKButStatusNotParamsRequired"", ""MissedDocIds:['sa-9_smt.a']""]",True,False,[],"[""RetainedParameterUnionMismatch:expected=['sa-09_odp.01', 'sa-09_odp.02'],declared=[]"", ""StatusNotEqualRetainedParameterState""]",not_required,not_required,not_required,not_required,False,[],False,False,baseline,What are the requirements for ensuring external service providers comply with organizational security and privacy expectations?,experiments/answerer_comparison/rq2_frontier_baseline_rev5/results_v1/references/rev5_generative_baseline_4bit.csv
84,rev5,answer-content-strict-pass-v1,c173fe076655d99759b76e70ae327fa544e34084d41347e721457b565f453756,legacy_failure_short_circuit,False,"[""OKButUnresolvedODPPlaceholders"", ""GoldPolicyASKButStatusNotParamsRequired"", ""StatusOKButStillHasODPPlaceholders"", ""MissedDocIds:['sa-10_smt']""]",True,False,[],"[""StatusNotEqualRetainedParameterState"", ""AskListNotEqualDeclaredParameters""]",not_required,not_required,not_required,not_required,False,[],False,False,baseline,"What should be required from system developers regarding configuration management, approved changes, and flaw tracking?",experiments/answerer_comparison/rq2_frontier_baseline_rev5/results_v1/references/rev5_generative_baseline_4bit.csv
85,rev5,answer-content-strict-pass-v1,226f509e730478810eb75368eb3fc034752b67fe8681b757e5e2367114cdb10b,legacy_failure_short_circuit,False,"[""GoldPolicyASKButStatusNotParamsRequired"", ""MissedDocIds:['sa-11_smt', 'sa-11_smt.a', 'sa-11_smt.b', 'sa-11_smt.d']""]",True,True,[],[],not_required,not_required,not_required,not_required,False,[],False,False,baseline,What are developers required to produce and correct under a system's security and privacy assessment plan?,experiments/answerer_comparison/rq2_frontier_baseline_rev5/results_v1/references/rev5_generative_baseline_4bit.csv
86,rev5,answer-content-strict-pass-v1,465efd2600e0c5bb55520700f57b0f283cf4913b685fcc69518d97f8f5d33a29,legacy_failure_short_circuit,False,"[""OKButUnresolvedODPPlaceholders"", ""MissingODPsButStatusNotParamsRequired:['sc-07_odp']""]",True,False,[],"[""RetainedParameterUnionMismatch:expected=['sc-07_odp'],declared=[]"", ""StatusNotEqualRetainedParameterState""]",not_required,not_required,not_required,not_required,False,[],False,False,baseline,"How should communications be monitored and controlled at system interfaces, and how must external connections be managed to protect organizational networks?",experiments/answerer_comparison/rq2_frontier_baseline_rev5/results_v1/references/rev5_generative_baseline_4bit.csv
87,rev5,answer-content-strict-pass-v1,2ce8a0ed8f3400a259a513880d74fe533ea8de6bde6755fbc3d968605df3fa3d,legacy_failure_short_circuit,False,"[""OKButUnresolvedODPPlaceholders"", ""MissedControlCitations:['SC-8']"", ""MissedDocIds:['sc-8_gdn']"", ""LowControlRecall""]",True,False,[],"[""RetainedParameterUnionMismatch:expected=['sc-07.04_odp', 'sc-07_odp', 'sc-08.03_odp'],declared=[]"", ""StatusNotEqualRetainedParameterState""]",not_required,not_required,not_required,not_required,False,[],False,False,baseline,What measures should be implemented to protect the confidentiality and integrity of transmitted information across internal and external networks?,experiments/answerer_comparison/rq2_frontier_baseline_rev5/results_v1/references/rev5_generative_baseline_4bit.csv
88,rev5,answer-content-strict-pass-v1,84d3b7fa7dac5db9581444f3531413431d755997ea7e5305dc81d9a5bd42c361,legacy_failure_short_circuit,False,"[""OKButUnresolvedODPPlaceholders"", ""MissingODPsButStatusNotParamsRequired:['sc-12_odp']"", ""StatusOKButStillHasODPPlaceholders""]",True,False,[],"[""StatusNotEqualRetainedParameterState"", ""AskListNotEqualDeclaredParameters""]",not_required,not_required,not_required,not_required,False,[],False,False,baseline,What requirements apply to establishing and managing cryptographic keys used within the system?,experiments/answerer_comparison/rq2_frontier_baseline_rev5/results_v1/references/rev5_generative_baseline_4bit.csv
89,rev5,answer-content-strict-pass-v1,6a4d75f0c4417e15b640e224af5fb70439070e42739e6d14b1bc7dce43cdb1be,legacy_failure_short_circuit,False,"[""MissedControlCitations:['SC-13']"", ""MissedDocIds:['sc-13_gdn']"", ""LowControlRecall""]",True,True,[],[],not_required,not_required,not_required,not_required,False,[],False,False,baseline,"How should cryptographic mechanisms be selected and implemented to comply with applicable laws, policies, and standards?",experiments/answerer_comparison/rq2_frontier_baseline_rev5/results_v1/references/rev5_generative_baseline_4bit.csv
90,rev5,answer-content-strict-pass-v1,5a435fa2f3fef0d5cd4db444bec9f4e92a1292b3a7486c0794f359c38353a925,legacy_failure_short_circuit,False,"[""OKButUnresolvedODPPlaceholders""]",True,False,[],"[""StatusNotEqualRetainedParameterState"", ""AskListNotEqualDeclaredParameters""]",not_required,not_required,not_required,not_required,False,[],False,False,baseline,What protections must be applied to ensure the confidentiality and integrity of information at rest within system components?,experiments/answerer_comparison/rq2_frontier_baseline_rev5/results_v1/references/rev5_generative_baseline_4bit.csv
91,rev5,answer-content-strict-pass-v1,44b4032b19f404f49af54167995bbda078a547ad78e25a6c56fd2d7356b9d837,legacy_failure_short_circuit,False,"[""OKButUnresolvedODPPlaceholders"", ""MissingODPsButStatusNotParamsRequired:['si-02_odp']"", ""StatusOKButStillHasODPPlaceholders"", ""MissedDocIds:['si-2_smt.d']""]",True,False,[],"[""StatusNotEqualRetainedParameterState"", ""AskListNotEqualDeclaredParameters""]",not_required,not_required,not_required,not_required,False,[],False,False,baseline,"What actions must organizations take to identify, report, test, and install security-relevant software and firmware updates?",experiments/answerer_comparison/rq2_frontier_baseline_rev5/results_v1/references/rev5_generative_baseline_4bit.csv
92,rev5,answer-content-strict-pass-v1,d24086ea857ca434cd92e2cd0c25a08bf7fc9d4cceaefdd488fb2479145ae423,legacy_failure_short_circuit,False,"[""OKButUnresolvedODPPlaceholders"", ""GoldPolicyASKButStatusNotParamsRequired"", ""MissedDocIds:['si-3_smt.d']""]",True,False,[],"[""StatusNotEqualRetainedParameterState"", ""AskListNotEqualDeclaredParameters""]",not_required,not_required,not_required,not_required,False,[],False,False,baseline,What are the requirements for implementing and managing malicious-code protection mechanisms across the system?,experiments/answerer_comparison/rq2_frontier_baseline_rev5/results_v1/references/rev5_generative_baseline_4bit.csv
93,rev5,answer-content-strict-pass-v1,5d07faeeaeec0754bbdcd9ddce9cba68e91e05a20c62df51be29201cb3ee500f,legacy_failure_short_circuit,False,"[""OKButUnresolvedODPPlaceholders"", ""GoldPolicyASKButStatusNotParamsRequired"", ""MissedDocIds:['si-4_smt.a.1', 'si-4_smt.c.2', 'si-4_smt.d', 'si-4_smt.f']""]",True,False,[],"[""StatusNotEqualRetainedParameterState"", ""AskListNotEqualDeclaredParameters""]",not_required,not_required,not_required,not_required,False,[],False,False,baseline,"How should systems be monitored to detect attacks, unauthorized connections, and anomalous activities, and how should such events be analyzed and reported?",experiments/answerer_comparison/rq2_frontier_baseline_rev5/results_v1/references/rev5_generative_baseline_4bit.csv
94,rev5,answer-content-strict-pass-v1,768005a950241a53ab958bc63f3b5d28156722b02dc6952525df40c6b9d7aebd,legacy_failure_short_circuit,False,"[""OKButUnresolvedODPPlaceholders"", ""GoldPolicyASKButStatusNotParamsRequired""]",True,False,[],"[""RetainedParameterUnionMismatch:expected=['si-7_prm_1', 'si-7_prm_2'],declared=[]"", ""StatusNotEqualRetainedParameterState""]",not_required,not_required,not_required,not_required,False,[],False,False,baseline,"What integrity-verification mechanisms should be employed to detect unauthorized changes to software, firmware, or data?",experiments/answerer_comparison/rq2_frontier_baseline_rev5/results_v1/references/rev5_generative_baseline_4bit.csv
95,rev5,answer-content-strict-pass-v1,00cabe9eb0e8939940ac151f46928ba00638bb06f8df858da05c90a299c9ed56,source_inspection,True,[],True,True,[],[],pass,pass,pass,pass,False,[],True,True,baseline,How should organizations validate system inputs to prevent injection or cross-site scripting attacks?,experiments/answerer_comparison/rq2_frontier_baseline_rev5/results_v1/references/rev5_generative_baseline_4bit.csv
96,rev5,answer-content-strict-pass-v1,3b9de2c6707c8819b7614ba8ea8268b0f4a8b3ddeb06d1b2ab37e8bc234b18d4,legacy_failure_short_circuit,False,"[""OKButUnresolvedODPPlaceholders"", ""MissingODPsButStatusNotParamsRequired:['sr-02_odp.01', 'sr-02_odp.02']"", ""StatusOKButStillHasODPPlaceholders"", ""MissedDocIds:['sr-2_smt.a', 'sr-2_smt.c']""]",True,False,[],"[""RetainedParameterUnionMismatch:expected=['sr-02_odp.01', 'sr-02_odp.02'],declared=['sr-02_odp.02']"", ""StatusNotEqualRetainedParameterState"", ""AskListNotEqualDeclaredParameters""]",not_required,not_required,not_required,not_required,False,[],False,False,baseline,"What elements must be included in a supply-chain risk management plan, and how often should it be reviewed and protected from unauthorized disclosure?",experiments/answerer_comparison/rq2_frontier_baseline_rev5/results_v1/references/rev5_generative_baseline_4bit.csv
97,rev5,answer-content-strict-pass-v1,d4a2df2959e76629d8af6767e0a26e6d4fabc6a23e8eed8e7f14a91390a21d04,legacy_failure_short_circuit,False,"[""OKButUnresolvedODPPlaceholders"", ""GoldPolicyASKButStatusNotParamsRequired""]",True,False,[],"[""StatusNotEqualRetainedParameterState"", ""AskListNotEqualDeclaredParameters""]",not_required,not_required,not_required,not_required,False,[],False,False,baseline,How should organizations identify and address weaknesses in supply-chain elements and document protective controls and processes?,experiments/answerer_comparison/rq2_frontier_baseline_rev5/results_v1/references/rev5_generative_baseline_4bit.csv
98,rev5,answer-content-strict-pass-v1,583e1bc2a5f3f17654ac723455123433b1c9a27f03a27d2958e936609146dfcc,source_inspection,True,[],True,True,[],[],pass,pass,pass,pass,False,[],True,True,baseline,"What acquisition and contracting practices should be employed to protect the supply chain from counterfeit, tampered, or malicious components?",experiments/answerer_comparison/rq2_frontier_baseline_rev5/results_v1/references/rev5_generative_baseline_4bit.csv
99,rev5,answer-content-strict-pass-v1,5d36ee0ac53806d9968b8904b7ad51c8043734356f3a59a96485bcc5659d98fb,legacy_failure_short_circuit,False,"[""MissingODPsButStatusNotParamsRequired:['sr-06_odp']"", ""MissedControlCitations:['SR-6']"", ""MissedDocIds:['sr-6_smt']"", ""LowControlRecall""]",False,False,"[""NoNormalNonemptyAnswer""]","[""StatusNotEqualRetainedParameterState""]",not_required,not_required,not_required,not_required,False,[],False,False,baseline,How frequently should supply-chain-related risks be assessed and reviewed for suppliers and contractors?,experiments/answerer_comparison/rq2_frontier_baseline_rev5/results_v1/references/rev5_generative_baseline_4bit.csv
100,rev5,answer-content-strict-pass-v1,7d045d9ca39743ebf147ab3104cd3cb085b8d7325cd5243c9e7fbaa606e52719,legacy_failure_short_circuit,False,"[""OKButUnresolvedODPPlaceholders"", ""GoldPolicyASKButStatusNotParamsRequired""]",True,False,[],"[""RetainedParameterUnionMismatch:expected=['sr-11.01_odp', 'sr-11_odp.01'],declared=[]"", ""StatusNotEqualRetainedParameterState""]",not_required,not_required,not_required,not_required,False,[],False,False,baseline,"What policies and procedures should be developed to detect, prevent, and report counterfeit components within the system?",experiments/answerer_comparison/rq2_frontier_baseline_rev5/results_v1/references/rev5_generative_baseline_4bit.csv
1,rev5,answer-content-strict-pass-v1,ceaea4482e2e6b0867f47d3c0503215cb30c8d263edf883132836f64377fb466,full_retention_certificate,True,[],True,True,[],[],pass,pass,pass,pass,True,[],True,True,compliancegpt,When must account managers and the designated personnel be notified about user account changes?,experiments/answerer_comparison/rq2_frontier_baseline_rev5/results_v1/references/rev5_compliancegpt_4bit.csv
2,rev5,answer-content-strict-pass-v1,751302db89f805a84749f9a1f8ee8835a8db6f815507515d5225a90e5a8c6315,full_retention_certificate,True,[],True,True,[],[],pass,pass,pass,pass,True,[],True,True,compliancegpt,What must an organization enforce regarding logical access to its information and systems?,experiments/answerer_comparison/rq2_frontier_baseline_rev5/results_v1/references/rev5_compliancegpt_4bit.csv
3,rev5,answer-content-strict-pass-v1,1350f7b08b06c4ba8b72e93b53ef36a7389014d412abfe927dd41d3e6dec5982,full_retention_certificate,True,[],True,True,[],[],pass,pass,pass,pass,True,[],True,True,compliancegpt,What principle should be employed to limit user and process access to the minimum necessary for assigned tasks?,experiments/answerer_comparison/rq2_frontier_baseline_rev5/results_v1/references/rev5_compliancegpt_4bit.csv
4,rev5,answer-content-strict-pass-v1,8502ee729e4e75ec996153b8be1f000ae379f1f1173cca2eecb8cab54e5934bd,full_retention_certificate,True,[],True,True,[],[],pass,pass,pass,pass,True,[],True,True,compliancegpt,How must a system be configured to handle consecutive invalid logon attempts?,experiments/answerer_comparison/rq2_frontier_baseline_rev5/results_v1/references/rev5_compliancegpt_4bit.csv
5,rev5,answer-content-strict-pass-v1,024c5c9aace5e692fd27df4d2e556602f1f14f7e90ebd7da5d021a94a334f9d1,full_retention_certificate,True,[],True,True,[],[],pass,pass,pass,pass,True,[],True,True,compliancegpt,What actions must a system take to lock a session and what is required for a user to re-establish access?,experiments/answerer_comparison/rq2_frontier_baseline_rev5/results_v1/references/rev5_compliancegpt_4bit.csv
6,rev5,answer-content-strict-pass-v1,a9753515467dd8eb50cb779d4c2b31fa4f1cb58cc5dad09096abe7f50f80039a,legacy_failure_short_circuit,False,"[""MissedDocIds:['at-2_smt.b', 'at-2_smt.d']""]",True,True,[],[],not_required,not_required,not_required,not_required,False,[],False,False,compliancegpt,"What are the requirements for security and privacy literacy training, including its frequency, triggers for updates, and content sources?",experiments/answerer_comparison/rq2_frontier_baseline_rev5/results_v1/references/rev5_compliancegpt_4bit.csv
7,rev5,answer-content-strict-pass-v1,563aded1d21686d0ec1a9855359df23a801f3dcc4aa8735d90f7dfd92f820bfa,full_retention_certificate,True,[],True,True,[],[],pass,pass,pass,pass,True,[],True,True,compliancegpt,Organizations should determine the content of training based on what?,experiments/answerer_comparison/rq2_frontier_baseline_rev5/results_v1/references/rev5_compliancegpt_4bit.csv
8,rev5,answer-content-strict-pass-v1,ef58a6ceea470229c2063b37e5eb068c4e485251f809708d79145a4129767f3a,full_retention_certificate,True,[],True,True,[],[],pass,pass,pass,pass,True,[],True,True,compliancegpt,"How must an organization document, monitor, and retain records of its security and privacy training activities?",experiments/answerer_comparison/rq2_frontier_baseline_rev5/results_v1/references/rev5_compliancegpt_4bit.csv
9,rev5,answer-content-strict-pass-v1,9fa9834cdd68b06cc79c11fc8ae8fbc1a866b3b50ce2e206e13cd7faf6f8be2b,full_retention_certificate,True,[],True,True,[],[],pass,pass,pass,pass,True,[],True,True,compliancegpt,What type of activity should be included in literacy training to simulate real-world incidents?,experiments/answerer_comparison/rq2_frontier_baseline_rev5/results_v1/references/rev5_compliancegpt_4bit.csv
10,rev5,answer-content-strict-pass-v1,a495cd119eecf9b5e153a472d12a8a098e6574c7f97b792a30581c818685de97,full_retention_certificate,True,[],True,True,[],[],pass,pass,pass,pass,True,[],True,True,compliancegpt,What method does AT-3(3) specify for reinforcing objectives in role-based security training?,experiments/answerer_comparison/rq2_frontier_baseline_rev5/results_v1/references/rev5_compliancegpt_4bit.csv
11,rev5,answer-content-strict-pass-v1,0911fe068cd24bb9f2289a6c0bf0300a114bf8d862986f83250d56f83e303007,full_retention_certificate,True,[],True,True,[],[],pass,pass,pass,pass,True,[],True,True,compliancegpt,"What are the organizational responsibilities for defining, justifying, and maintaining the types of events to be logged by a system?",experiments/answerer_comparison/rq2_frontier_baseline_rev5/results_v1/references/rev5_compliancegpt_4bit.csv
12,rev5,answer-content-strict-pass-v1,3b670584ddb6f0e0f71ee38323e07180148c16d3514c564237b3123e58e5ecdc,full_retention_certificate,True,[],True,True,[],[],pass,pass,pass,pass,True,[],True,True,compliancegpt,What information must each audit record contain to support after-the-fact investigation of security incidents?,experiments/answerer_comparison/rq2_frontier_baseline_rev5/results_v1/references/rev5_compliancegpt_4bit.csv
13,rev5,answer-content-strict-pass-v1,b036c3d1045854ea936c7393d65fdf17077d065e45b843fec280fe5e2fee3523,full_retention_certificate,True,[],True,True,[],[],pass,pass,pass,pass,True,[],True,True,compliancegpt,What factors must an organization consider when allocating audit log storage capacity to prevent the loss of audit data?,experiments/answerer_comparison/rq2_frontier_baseline_rev5/results_v1/references/rev5_compliancegpt_4bit.csv
14,rev5,answer-content-strict-pass-v1,3cea7b2afef19904c3d64e27988307e65378ffa35de39540868941d3da3e3ff3,full_retention_certificate,True,[],True,True,[],[],pass,pass,pass,pass,True,[],True,True,compliancegpt,"What is the required process for reviewing system audit records, and what actions should be taken based on the findings?",experiments/answerer_comparison/rq2_frontier_baseline_rev5/results_v1/references/rev5_compliancegpt_4bit.csv
15,rev5,answer-content-strict-pass-v1,21b89b0c9561d4b4bd7f9a509a112c1e7fec09d55437bfa1825a70e3181091ed,full_retention_certificate,True,[],True,True,[],[],pass,pass,pass,pass,True,[],True,True,compliancegpt,What are the requirements for generating and recording time stamps in audit records to ensure accuracy?,experiments/answerer_comparison/rq2_frontier_baseline_rev5/results_v1/references/rev5_compliancegpt_4bit.csv
16,rev5,answer-content-strict-pass-v1,7f4850ed1186d1d6f04b434e67b5daa2a528692d6e076c882f7b19571ef0fddd,legacy_failure_short_circuit,False,"[""MissedDocIds:['ca-2_smt.a']""]",True,True,[],[],not_required,not_required,not_required,not_required,False,[],False,False,compliancegpt,"Describe the key steps of the formal control assessment process, from planning to reporting.",experiments/answerer_comparison/rq2_frontier_baseline_rev5/results_v1/references/rev5_compliancegpt_4bit.csv
17,rev5,answer-content-strict-pass-v1,03906c10d8961a01df9949ee2d764e7609a6b3d1e7055e6658b62823a4e40486,legacy_failure_short_circuit,False,"[""MissedDocIds:['ca-3_smt.a', 'ca-3_smt.b', 'ca-3_smt.c']""]",True,True,[],[],not_required,not_required,not_required,not_required,False,[],False,False,compliancegpt,"What are the requirements for managing and securing information exchanges between systems, including the associated agreements?",experiments/answerer_comparison/rq2_frontier_baseline_rev5/results_v1/references/rev5_compliancegpt_4bit.csv
18,rev5,answer-content-strict-pass-v1,7dddbbaddcb813d3267555727c3d95ae642e3f0eda39b1f567476f1143037386,full_retention_certificate,True,[],True,True,[],[],pass,pass,pass,pass,True,[],True,True,compliancegpt,What is the purpose of a plan of action and milestones in addressing identified control weaknesses?,experiments/answerer_comparison/rq2_frontier_baseline_rev5/results_v1/references/rev5_compliancegpt_4bit.csv
19,rev5,answer-content-strict-pass-v1,db6f943ac5b3f6ba7a6b812854140755e2b845b3e25aa37bd7913577b799b3e2,legacy_failure_short_circuit,False,"[""MissedDocIds:['ca-6_smt.a', 'ca-6_smt.b', 'ca-6_smt.d']""]",True,True,[],[],not_required,not_required,not_required,not_required,False,[],False,False,compliancegpt,What are the primary responsibilities of an authorizing official regarding system authorization?,experiments/answerer_comparison/rq2_frontier_baseline_rev5/results_v1/references/rev5_compliancegpt_4bit.csv
20,rev5,answer-content-strict-pass-v1,744096b73483a355579086db2295babd6da717a313d64d0e0c26668aa2ce0e78,full_retention_certificate,True,[],True,True,[],[],pass,pass,pass,pass,True,[],True,True,compliancegpt,What are the requirements for implementing a system-level continuous monitoring strategy?,experiments/answerer_comparison/rq2_frontier_baseline_rev5/results_v1/references/rev5_compliancegpt_4bit.csv
21,rev5,answer-content-strict-pass-v1,df7c27dcd8d6997c59d32976454fe35b523b8ae7f1ccede7038075b3a8cf2a0e,legacy_failure_short_circuit,False,"[""MissedDocIds:['cm-2_smt.b']""]",True,True,[],[],not_required,not_required,not_required,not_required,False,[],False,False,compliancegpt,What are the lifecycle requirements for system baseline configurations?,experiments/answerer_comparison/rq2_frontier_baseline_rev5/results_v1/references/rev5_compliancegpt_4bit.csv
22,rev5,answer-content-strict-pass-v1,037714549c92c781cc531a4bbc9347cd5956c65f243989819b885ae1c3fc97b3,legacy_failure_short_circuit,False,"[""MissedDocIds:['cm-3_smt.g']""]",True,True,[],[],not_required,not_required,not_required,not_required,False,[],False,False,compliancegpt,What must an organization do to manage configuration-controlled changes?,experiments/answerer_comparison/rq2_frontier_baseline_rev5/results_v1/references/rev5_compliancegpt_4bit.csv
23,rev5,answer-content-strict-pass-v1,74697407219b00aab03d26ed90a1097b91b0ea2b016efb6088bacda898c6f8bb,legacy_failure_short_circuit,False,"[""MissedControlCitations:['CM-4']"", ""MissedDocIds:['cm-4_smt']"", ""LowControlRecall""]",True,True,[],[],not_required,not_required,not_required,not_required,False,[],False,False,compliancegpt,What should be analyzed before implementing a system change?,experiments/answerer_comparison/rq2_frontier_baseline_rev5/results_v1/references/rev5_compliancegpt_4bit.csv
24,rev5,answer-content-strict-pass-v1,fafbb803b38e85d1a90995064670515f0a91fa56118000794ac953ce37e12f8b,legacy_failure_short_circuit,False,"[""MissedDocIds:['cm-6_smt.b']""]",True,True,[],[],not_required,not_required,not_required,not_required,False,[],False,False,compliancegpt,"How should configuration settings be established, approved, and monitored?",experiments/answerer_comparison/rq2_frontier_baseline_rev5/results_v1/references/rev5_compliancegpt_4bit.csv
25,rev5,answer-content-strict-pass-v1,78d65b1ec88fb563ea0e617f268848ca438500311f887e50e704d0ff3f252673,full_retention_certificate,True,[],True,True,[],[],pass,pass,pass,pass,True,[],True,True,compliancegpt,"What are the requirements for developing, maintaining, and updating a system component inventory?",experiments/answerer_comparison/rq2_frontier_baseline_rev5/results_v1/references/rev5_compliancegpt_4bit.csv
26,rev5,answer-content-strict-pass-v1,109dc08a8e60d1253d469ff5fd894b14c4769386717097094d88cb79bd4fbafa,legacy_failure_short_circuit,False,"[""MissedDocIds:['cp-2_smt.a.2', 'cp-2_smt.a.4', 'cp-2_smt.a.5', 'cp-2_smt.a.7', 'cp-2_smt.f']""]",True,True,[],[],not_required,not_required,not_required,not_required,False,[],False,False,compliancegpt,"What are the key elements that must be included in a contingency plan, and how should it be reviewed, distributed, and updated?",experiments/answerer_comparison/rq2_frontier_baseline_rev5/results_v1/references/rev5_compliancegpt_4bit.csv
27,rev5,answer-content-strict-pass-v1,b442f493f2dfc48cb6bc0331b88a694310dce03aeca6072bddf3cdec601a6979,full_retention_certificate,True,[],True,True,[],[],pass,pass,pass,pass,True,[],True,True,compliancegpt,When and how should contingency training be provided to system users based on their assigned roles and responsibilities?,experiments/answerer_comparison/rq2_frontier_baseline_rev5/results_v1/references/rev5_compliancegpt_4bit.csv
28,rev5,answer-content-strict-pass-v1,ad5f4fb0dbe61f804904344dd07a797eeeb9df9ed13f005750283e434725288d,legacy_failure_short_circuit,False,"[""MissedDocIds:['cp-4_smt.c']""]",True,True,[],[],not_required,not_required,not_required,not_required,False,[],False,False,compliancegpt,"How frequently must contingency plans be tested, and what should be done after reviewing the test results?",experiments/answerer_comparison/rq2_frontier_baseline_rev5/results_v1/references/rev5_compliancegpt_4bit.csv
29,rev5,answer-content-strict-pass-v1,050fc2b29f77f32ce6049e80ef672e2270e44c7db76f350d5ad9dea1c662088f,full_retention_certificate,True,[],True,True,[],[],pass,pass,pass,pass,True,[],True,True,compliancegpt,What are the requirements for establishing and maintaining an alternate processing site to resume essential operations?,experiments/answerer_comparison/rq2_frontier_baseline_rev5/results_v1/references/rev5_compliancegpt_4bit.csv
30,rev5,answer-content-strict-pass-v1,f4c45161c9e5084765d5bb948854bc9adbb640f35a39de0f74c8142e187c4edf,full_retention_certificate,True,[],True,True,[],[],pass,pass,pass,pass,True,[],True,True,compliancegpt,What actions must be taken to ensure that system and user-level information is backed up and that backup data remains protected?,experiments/answerer_comparison/rq2_frontier_baseline_rev5/results_v1/references/rev5_compliancegpt_4bit.csv
31,rev5,answer-content-strict-pass-v1,87239d6f5033c0012db7fd309faf3e0709a3f3079922d4999211e7be9dbaea9d,full_retention_certificate,True,[],True,True,[],[],pass,pass,pass,pass,True,[],True,True,compliancegpt,How must organizations identify and authenticate users and associate them with processes acting on their behalf?,experiments/answerer_comparison/rq2_frontier_baseline_rev5/results_v1/references/rev5_compliancegpt_4bit.csv
32,rev5,answer-content-strict-pass-v1,bf971d7d6cb33d775af0a0650e5324fbe7c3ca35c9512cfbd66e0ee7d7764088,full_retention_certificate,True,[],True,True,[],[],pass,pass,pass,pass,True,[],True,True,compliancegpt,"What are the requirements for assigning, authorizing, and preventing reuse of system identifiers for individuals, groups, or devices?",experiments/answerer_comparison/rq2_frontier_baseline_rev5/results_v1/references/rev5_compliancegpt_4bit.csv
33,rev5,answer-content-strict-pass-v1,18159e4ae35c6d71e60c3bea92bc9e7486e43a47e60a6e981c27acf6f827a9e1,legacy_failure_short_circuit,False,"[""MissedDocIds:['ia-5_smt', 'ia-5_smt.b', 'ia-5_smt.e']""]",True,True,[],[],not_required,not_required,not_required,not_required,False,[],False,False,compliancegpt,"How should organizations manage authenticators, including their distribution, protection, and periodic updates?",experiments/answerer_comparison/rq2_frontier_baseline_rev5/results_v1/references/rev5_compliancegpt_4bit.csv
34,rev5,answer-content-strict-pass-v1,bd64f1a95316e1e201af473dd2537bfa8dbbc39e35ee0d0d641a1aec479dd39c,legacy_failure_short_circuit,False,"[""MissedControlCitations:['IA-6']"", ""MissedDocIds:['ia-6_smt']"", ""LowControlRecall""]",True,True,[],[],not_required,not_required,not_required,not_required,False,[],False,False,compliancegpt,What does NIST require to protect authentication information from disclosure during the authentication process?,experiments/answerer_comparison/rq2_frontier_baseline_rev5/results_v1/references/rev5_compliancegpt_4bit.csv
35,rev5,answer-content-strict-pass-v1,5979b44ae55855c2b321d3030995ac9b5bf4fdc7ef60c479398948ca8b0dfaf6,full_retention_certificate,True,[],True,True,[],[],pass,pass,pass,pass,True,[],True,True,compliancegpt,How should organizations handle identification and authentication of non-organizational users accessing federal systems?,experiments/answerer_comparison/rq2_frontier_baseline_rev5/results_v1/references/rev5_compliancegpt_4bit.csv
36,rev5,answer-content-strict-pass-v1,f8ab10d5da10c6a8d283ae157233bf331553bb15cf6ec25f8ae471d01b94fc17,full_retention_certificate,True,[],True,True,[],[],pass,pass,pass,pass,True,[],True,True,compliancegpt,"When should incident response training be provided, and how often should its content be reviewed and updated?",experiments/answerer_comparison/rq2_frontier_baseline_rev5/results_v1/references/rev5_compliancegpt_4bit.csv
37,rev5,answer-content-strict-pass-v1,806e0c94709d7bfa3942601b816579350d6acea3192bb4eef86cf4e7812cace8,full_retention_certificate,True,[],True,True,[],[],pass,pass,pass,pass,True,[],True,True,compliancegpt,"How often should organizations test the effectiveness of their incident response capabilities, and what kinds of tests may be used?",experiments/answerer_comparison/rq2_frontier_baseline_rev5/results_v1/references/rev5_compliancegpt_4bit.csv
38,rev5,answer-content-strict-pass-v1,cfe8d01c17adb67f07d45f6f248e57987779a9b29b5fec977d05a7ce28c3c63c,legacy_failure_short_circuit,False,"[""MissedDocIds:['ir-4_smt.b']""]",True,True,[],[],not_required,not_required,not_required,not_required,False,[],False,False,compliancegpt,"What are the key elements of implementing an effective incident handling capability, including coordination and lessons learned?",experiments/answerer_comparison/rq2_frontier_baseline_rev5/results_v1/references/rev5_compliancegpt_4bit.csv
39,rev5,answer-content-strict-pass-v1,ed0a241c6d907d119892018a70228d4b3bda679987b4c61d606b5d8d2a5b0e33,full_retention_certificate,True,[],True,True,[],[],pass,pass,pass,pass,True,[],True,True,compliancegpt,What information should organizations maintain and analyze when documenting and reviewing security incidents?,experiments/answerer_comparison/rq2_frontier_baseline_rev5/results_v1/references/rev5_compliancegpt_4bit.csv
40,rev5,answer-content-strict-pass-v1,2f172306aae41996c822addec19ad3e1ec15e8ea4efe3dd27b4cf1bc9fb4e9af,full_retention_certificate,True,[],True,True,[],[],pass,pass,pass,pass,True,[],True,True,compliancegpt,"What are the reporting requirements for suspected or confirmed incidents, including notification timeframes and recipients?",experiments/answerer_comparison/rq2_frontier_baseline_rev5/results_v1/references/rev5_compliancegpt_4bit.csv
41,rev5,answer-content-strict-pass-v1,69e82b3ee6409d9dbb6da197643d474cd1f7d91a48e74dc14962373d85ac9bfd,full_retention_certificate,True,[],True,True,[],[],pass,pass,pass,pass,True,[],True,True,compliancegpt,What are the key considerations for a controlled system maintenance program?,experiments/answerer_comparison/rq2_frontier_baseline_rev5/results_v1/references/rev5_compliancegpt_4bit.csv
42,rev5,answer-content-strict-pass-v1,8fdb13a81b9cc95f630724840ef6bbc5dc26c3a8b8e8977965597532f99695f8,full_retention_certificate,True,[],True,True,[],[],pass,pass,pass,pass,True,[],True,True,compliancegpt,"How should organizations approve, control, and periodically review the use of system maintenance tools?",experiments/answerer_comparison/rq2_frontier_baseline_rev5/results_v1/references/rev5_compliancegpt_4bit.csv
43,rev5,answer-content-strict-pass-v1,33a5c39d54038b4872b29c4e7f43a868f98adbafaa49fc2d522b09ecc3e0988d,legacy_failure_short_circuit,False,"[""MissedDocIds:['ma-4_smt.e']""]",True,True,[],[],not_required,not_required,not_required,not_required,False,[],False,False,compliancegpt,"What must organizations do to authorize, secure, and record nonlocal maintenance and diagnostic activities?",experiments/answerer_comparison/rq2_frontier_baseline_rev5/results_v1/references/rev5_compliancegpt_4bit.csv
44,rev5,answer-content-strict-pass-v1,069f4fd30995603bff496cf2aaddc0a506e0336b57c31477a44447039316b78e,full_retention_certificate,True,[],True,True,[],[],pass,pass,pass,pass,True,[],True,True,compliancegpt,What process should be established for authorizing maintenance personnel and ensuring appropriate escorting and access control during maintenance?,experiments/answerer_comparison/rq2_frontier_baseline_rev5/results_v1/references/rev5_compliancegpt_4bit.csv
45,rev5,answer-content-strict-pass-v1,2a3b0354f7fdfdecaa1d71762aa674af233d44185f74cd0c91e88a2debd81d61,full_retention_certificate,True,[],True,True,[],[],pass,pass,pass,pass,True,[],True,True,compliancegpt,How should organizations identify critical system components and obtain maintenance support to mitigate risk when those components fail?,experiments/answerer_comparison/rq2_frontier_baseline_rev5/results_v1/references/rev5_compliancegpt_4bit.csv
46,rev5,answer-content-strict-pass-v1,d4c28e153ee9f6cb8667774029528f6e58dff398bbdb483594b5d3b14ab97248,full_retention_certificate,True,[],True,True,[],[],pass,pass,pass,pass,True,[],True,True,compliancegpt,How should access to both digital and non-digital system media be restricted to authorized individuals?,experiments/answerer_comparison/rq2_frontier_baseline_rev5/results_v1/references/rev5_compliancegpt_4bit.csv
47,rev5,answer-content-strict-pass-v1,75ef0af8c929a8c4556f1e9c670b709682bae65b579c0a421c77189437332d44,full_retention_certificate,True,[],True,True,[],[],pass,pass,pass,pass,True,[],True,True,compliancegpt,"What requirements apply to marking system media with handling or distribution limitations, and when may media be exempt from marking?",experiments/answerer_comparison/rq2_frontier_baseline_rev5/results_v1/references/rev5_compliancegpt_4bit.csv
48,rev5,answer-content-strict-pass-v1,da8906ea5eb2b577e86f4e68d108502985944666088d6a5304388b47ec1caba4,legacy_failure_short_circuit,False,"[""MissedDocIds:['mp-4_smt.a', 'mp-4_smt.b']""]",True,True,[],[],not_required,not_required,not_required,not_required,False,[],False,False,compliancegpt,How must organizations physically control and securely store system media to prevent unauthorized access or tampering?,experiments/answerer_comparison/rq2_frontier_baseline_rev5/results_v1/references/rev5_compliancegpt_4bit.csv
49,rev5,answer-content-strict-pass-v1,7175ea40a216e0a43f86a8805da33b52561a40d952de8827fd3f280663ccd514,full_retention_certificate,True,[],True,True,[],[],pass,pass,pass,pass,True,[],True,True,compliancegpt,"What safeguards should be in place for transporting system media outside controlled areas, including accountability and documentation requirements?",experiments/answerer_comparison/rq2_frontier_baseline_rev5/results_v1/references/rev5_compliancegpt_4bit.csv
50,rev5,answer-content-strict-pass-v1,935e1e91751026c7fd0a7051c73ce11847721a9db7f1e896e314516a21f4ed83,full_retention_certificate,True,[],True,True,[],[],pass,pass,pass,pass,True,[],True,True,compliancegpt,"What are the requirements for sanitizing system media prior to disposal, reuse, or release from organizational control?",experiments/answerer_comparison/rq2_frontier_baseline_rev5/results_v1/references/rev5_compliancegpt_4bit.csv
51,rev5,answer-content-strict-pass-v1,d89e72c1b170e346fc99acc5df70e0983aceefd79bcc90a4a740ada375530bbb,full_retention_certificate,True,[],True,True,[],[],pass,pass,pass,pass,True,[],True,True,compliancegpt,"What are the requirements for managing facility access authorizations, credentials, and access lists for individuals entering secured areas?",experiments/answerer_comparison/rq2_frontier_baseline_rev5/results_v1/references/rev5_compliancegpt_4bit.csv
52,rev5,answer-content-strict-pass-v1,111f7900152044044cd572682781e2d0d417ee9f9b05f705e53500152a1520f0,full_retention_certificate,True,[],True,True,[],[],pass,pass,pass,pass,True,[],True,True,compliancegpt,"What considerations, components, and types of controls are involved in implementing physical access control?",experiments/answerer_comparison/rq2_frontier_baseline_rev5/results_v1/references/rev5_compliancegpt_4bit.csv
53,rev5,answer-content-strict-pass-v1,a86b27d6fdeeaab70676ea4f4777a80115828b80a5ad90a2395317060a8071ad,full_retention_certificate,True,[],True,True,[],[],pass,pass,pass,pass,True,[],True,True,compliancegpt,What controls should organizations use to protect system distribution and transmission lines from physical damage or interception?,experiments/answerer_comparison/rq2_frontier_baseline_rev5/results_v1/references/rev5_compliancegpt_4bit.csv
54,rev5,answer-content-strict-pass-v1,7ed9ce914e8ee14a8ac7c799b5c6197f4ff9cc04a7ce99a74f0c58ab05926ecb,full_retention_certificate,True,[],True,True,[],[],pass,pass,pass,pass,True,[],True,True,compliancegpt,"How should physical access to output devices such as monitors, printers, or copiers be restricted and monitored?",experiments/answerer_comparison/rq2_frontier_baseline_rev5/results_v1/references/rev5_compliancegpt_4bit.csv
55,rev5,answer-content-strict-pass-v1,d210b786704150f0d171808b13c3b6300aea4988ee024109a665d6154cbdba66,legacy_failure_short_circuit,False,"[""MissedDocIds:['pe-6_smt.a', 'pe-6_smt.c']""]",True,True,[],[],not_required,not_required,not_required,not_required,False,[],False,False,compliancegpt,What measures should be implemented to monitor and review physical access logs and respond to security incidents in facilities housing systems?,experiments/answerer_comparison/rq2_frontier_baseline_rev5/results_v1/references/rev5_compliancegpt_4bit.csv
56,rev5,answer-content-strict-pass-v1,afa3ba1e59307feaca97411f173922136d948dbb7864a9409a4fb12ab78fec1b,legacy_failure_short_circuit,False,"[""MissedDocIds:['pl-2_gdn']""]",True,True,[],[],not_required,not_required,not_required,not_required,False,[],False,False,compliancegpt,What is the guidance of control PL-2?,experiments/answerer_comparison/rq2_frontier_baseline_rev5/results_v1/references/rev5_compliancegpt_4bit.csv
57,rev5,answer-content-strict-pass-v1,e0d01cc1d65720bdab47812b998cf181f8d46ce3b07218e9bc12b0822cb72fa1,full_retention_certificate,True,[],True,True,[],[],pass,pass,pass,pass,True,[],True,True,compliancegpt,What considerations are involved in establishing rules of behavior regarding their application to different user types and the methods for documenting acknowledgment?,experiments/answerer_comparison/rq2_frontier_baseline_rev5/results_v1/references/rev5_compliancegpt_4bit.csv
58,rev5,answer-content-strict-pass-v1,5de7b1c326a769884c3ee536d63cbf94bcb9213f4d3acb3cf931214493834cca,full_retention_certificate,True,[],True,True,[],[],pass,pass,pass,pass,True,[],True,True,compliancegpt,"What is the purpose of a Concept of Operations, and how often should it be reviewed and updated?",experiments/answerer_comparison/rq2_frontier_baseline_rev5/results_v1/references/rev5_compliancegpt_4bit.csv
59,rev5,answer-content-strict-pass-v1,a070041b275af123917740c6ddaece25631159786e9166938858d17bfa6cd152,legacy_failure_short_circuit,False,"[""MissedDocIds:['pl-8_smt.a', 'pl-8_smt.b', 'pl-8_smt.c']""]",True,True,[],[],not_required,not_required,not_required,not_required,False,[],False,False,compliancegpt,What should security and privacy architectures describe to ensure protection of information and integration with the enterprise architecture?,experiments/answerer_comparison/rq2_frontier_baseline_rev5/results_v1/references/rev5_compliancegpt_4bit.csv
60,rev5,answer-content-strict-pass-v1,7d1df6a2b3c4166061f13236351954beda83cae81d91349da094f3d5569d28df,full_retention_certificate,True,[],True,True,[],[],pass,pass,pass,pass,True,[],True,True,compliancegpt,"How does the concept of tailoring allow organizations to customize control baselines to their mission, environment, and risk profile?",experiments/answerer_comparison/rq2_frontier_baseline_rev5/results_v1/references/rev5_compliancegpt_4bit.csv
61,rev5,answer-content-strict-pass-v1,e3ffd42b24e77041184774ff5e17a42ce08906470d9ca01418b6ab822e44a35c,full_retention_certificate,True,[],True,True,[],[],pass,pass,pass,pass,True,[],True,True,compliancegpt,"Who serves as the senior agency information security officer, and what is their role within federal agencies?",experiments/answerer_comparison/rq2_frontier_baseline_rev5/results_v1/references/rev5_compliancegpt_4bit.csv
62,rev5,answer-content-strict-pass-v1,d744864027ebff7896205ae04a6c90f83d6e9c75baec760c6e7bac9aaef97eab,legacy_failure_short_circuit,False,"[""MissedDocIds:['pm-4_smt.a.1', 'pm-4_smt.a.2', 'pm-4_smt.a.3', 'pm-4_smt.b']""]",True,True,[],[],not_required,not_required,not_required,not_required,False,[],False,False,compliancegpt,What is the purpose of a plan of action and milestones process within the organization's risk management strategy?,experiments/answerer_comparison/rq2_frontier_baseline_rev5/results_v1/references/rev5_compliancegpt_4bit.csv
63,rev5,answer-content-strict-pass-v1,7c31ef112ab607729637fb1f05d88889cc0f037e9ceba3c3f9c4a03174e6dbef,full_retention_certificate,True,[],True,True,[],[],pass,pass,pass,pass,True,[],True,True,compliancegpt,How are measures of performance used to evaluate the effectiveness of security and privacy programs?,experiments/answerer_comparison/rq2_frontier_baseline_rev5/results_v1/references/rev5_compliancegpt_4bit.csv
64,rev5,answer-content-strict-pass-v1,d7f6ee6da6d1430524283e2182c40df120cedcf1ece6cb708ec0725c292ed554,full_retention_certificate,True,[],True,True,[],[],pass,pass,pass,pass,True,[],True,True,compliancegpt,"What considerations must be incorporated into the enterprise architecture to address security, privacy, and risk?",experiments/answerer_comparison/rq2_frontier_baseline_rev5/results_v1/references/rev5_compliancegpt_4bit.csv
65,rev5,answer-content-strict-pass-v1,d4607315e078e8a112701bec2a242cde07f60862f8f92a063699b45b10293048,legacy_failure_short_circuit,False,"[""MissedDocIds:['pm-9_smt.a', 'pm-9_smt.a.1', 'pm-9_smt.a.2', 'pm-9_smt.b', 'pm-9_smt.c']""]",True,True,[],[],not_required,not_required,not_required,not_required,False,[],False,False,compliancegpt,"What are the key components of an organization's risk management strategy, and how should it be implemented and updated?",experiments/answerer_comparison/rq2_frontier_baseline_rev5/results_v1/references/rev5_compliancegpt_4bit.csv
66,rev5,answer-content-strict-pass-v1,862ea771645bcaf653d3fdb92cda40d5c0c3111fe9362f6f7a25d61b64711905,full_retention_certificate,True,[],True,True,[],[],pass,pass,pass,pass,True,[],True,True,compliancegpt,"What process should the organization use to assign, review, and update position risk designations and establish screening criteria for personnel?",experiments/answerer_comparison/rq2_frontier_baseline_rev5/results_v1/references/rev5_compliancegpt_4bit.csv
67,rev5,answer-content-strict-pass-v1,d3d845622a8d5476b72f47999740d4f3d646ab36e7f6faadab64061ef2952eee,full_retention_certificate,True,[],True,True,[],[],pass,pass,pass,pass,True,[],True,True,compliancegpt,When and how must individuals be screened before authorizing or maintaining access to organizational systems?,experiments/answerer_comparison/rq2_frontier_baseline_rev5/results_v1/references/rev5_compliancegpt_4bit.csv
68,rev5,answer-content-strict-pass-v1,6f4bcbc7d4e069955e810d5b0766546bf701c6927d4e48c08fe3e71bb400bdbc,legacy_failure_short_circuit,False,"[""MissedDocIds:['ps-4_smt']""]",True,True,[],[],not_required,not_required,not_required,not_required,False,[],False,False,compliancegpt,What steps must be taken when an individual's employment or role is terminated?,experiments/answerer_comparison/rq2_frontier_baseline_rev5/results_v1/references/rev5_compliancegpt_4bit.csv
69,rev5,answer-content-strict-pass-v1,883f211c4e45d5a279b300ec325c843920a8a0dff7a68ca1a75da3b58ecc8a78,full_retention_certificate,True,[],True,True,[],[],pass,pass,pass,pass,True,[],True,True,compliancegpt,"What actions should the organization take to review, modify, and communicate access authorizations for reassigned or transferred personnel?",experiments/answerer_comparison/rq2_frontier_baseline_rev5/results_v1/references/rev5_compliancegpt_4bit.csv
70,rev5,answer-content-strict-pass-v1,983fc833eb17f158c859357924a684bc7d6954db19727b78f343263277e7698b,legacy_failure_short_circuit,False,"[""MissedDocIds:['ps-6_smt.c']""]",True,True,[],[],not_required,not_required,not_required,not_required,False,[],False,False,compliancegpt,"What requirements apply to developing, reviewing, and signing access agreements for individuals requiring system access?",experiments/answerer_comparison/rq2_frontier_baseline_rev5/results_v1/references/rev5_compliancegpt_4bit.csv
71,rev5,answer-content-strict-pass-v1,96b992d119536e3e49fdcce25dd4c2aeea947cfbdf981335a4295cded8dd4be0,legacy_failure_short_circuit,False,"[""MissedDocIds:['pt-2_smt.b']""]",True,True,[],[],not_required,not_required,not_required,not_required,False,[],False,False,compliancegpt,"How should organizations determine, document, and restrict the purposes and lawful basis for processing personally identifiable information?",experiments/answerer_comparison/rq2_frontier_baseline_rev5/results_v1/references/rev5_compliancegpt_4bit.csv
72,rev5,answer-content-strict-pass-v1,bfbdbd3db8e58c2511ea28c6d2d8ec00de06fae46b370eccf403f167131fa65d,legacy_failure_short_circuit,False,"[""MissedDocIds:['pt-3_smt.b']""]",True,True,[],[],not_required,not_required,not_required,not_required,False,[],False,False,compliancegpt,"What must organizations identify and document about the purposes and conditions for collecting, using, and sharing PII, and how should they handle changes to those purposes?",experiments/answerer_comparison/rq2_frontier_baseline_rev5/results_v1/references/rev5_compliancegpt_4bit.csv
73,rev5,answer-content-strict-pass-v1,de030b03f1214fc60e00356b70c4a1afcfbf7a5ff5812ca449a924e6ddbbfd2d,full_retention_certificate,True,[],True,True,[],[],pass,pass,pass,pass,True,[],True,True,compliancegpt,"How should organizations obtain and manage individual consent for processing PII, and what factors should be considered when determining the appropriate consent mechanism?",experiments/answerer_comparison/rq2_frontier_baseline_rev5/results_v1/references/rev5_compliancegpt_4bit.csv
74,rev5,answer-content-strict-pass-v1,7d7f6f7e2c0ccaacaf8d9c6f95188567c8c937e21c280bb6d4cd037029f02852,full_retention_certificate,True,[],True,True,[],[],pass,pass,pass,pass,True,[],True,True,compliancegpt,"What information should be included in privacy notices to individuals, and when must such notices be provided or updated?",experiments/answerer_comparison/rq2_frontier_baseline_rev5/results_v1/references/rev5_compliancegpt_4bit.csv
75,rev5,answer-content-strict-pass-v1,7ee4b553ba7e8c76b0cd893dfce343c3ecccc0502960a02b671f4245f1d2fe67,legacy_failure_short_circuit,False,"[""MissedDocIds:['pt-6_smt.c']""]",True,True,[],[],not_required,not_required,not_required,not_required,False,[],False,False,compliancegpt,What must organizations do to publish and maintain accurate system of records Notices for systems that contain PII?,experiments/answerer_comparison/rq2_frontier_baseline_rev5/results_v1/references/rev5_compliancegpt_4bit.csv
76,rev5,answer-content-strict-pass-v1,e323565f002e13cdd03bf0f6d75b177eee85a12780b0ce73c1970f27dc00099c,full_retention_certificate,True,[],True,True,[],[],pass,pass,pass,pass,True,[],True,True,compliancegpt,"What steps are required to categorize a system and its information, and who must approve the decision?",experiments/answerer_comparison/rq2_frontier_baseline_rev5/results_v1/references/rev5_compliancegpt_4bit.csv
77,rev5,answer-content-strict-pass-v1,89b632771a16df0276387146aa1ccbaeb45589a2da73555916f24d3586bc6df7,legacy_failure_short_circuit,False,"[""ODPRequiredListNotEqualGold:gold=['ra-03_odp.01', 'ra-03_odp.02', 'ra-03_odp.03', 'ra-03_odp.04', 'ra-03_odp.05'],gen=['ra-03_odp.01', 'ra-03_odp.03', 'ra-03_odp.04', 'ra-03_odp.05']"", ""MissedDocIds:['ra-3_smt.a', 'ra-3_smt.a.1', 'ra-3_smt.a.2', 'ra-3_smt.a.3', 'ra-3_smt.b', 'ra-3_smt.e']""]",True,True,[],[],not_required,not_required,not_required,not_required,False,[],False,False,compliancegpt,"How should organizations conduct and document risk assessments, and how often should the results be reviewed?",experiments/answerer_comparison/rq2_frontier_baseline_rev5/results_v1/references/rev5_compliancegpt_4bit.csv
78,rev5,answer-content-strict-pass-v1,d3e7ef1d5cfc8b9f662bebc8115ac83f7b936910023d257405483667eede555a,legacy_failure_short_circuit,False,"[""MissedDocIds:['ra-5_smt', 'ra-5_smt.b', 'ra-5_smt.b.1', 'ra-5_smt.b.2', 'ra-5_smt.b.3', 'ra-5_smt.c']""]",True,True,[],[],not_required,not_required,not_required,not_required,False,[],False,False,compliancegpt,"What are the requirements for scanning systems for vulnerabilities, remediating identified risks, and sharing vulnerability information?",experiments/answerer_comparison/rq2_frontier_baseline_rev5/results_v1/references/rev5_compliancegpt_4bit.csv
79,rev5,answer-content-strict-pass-v1,05038de2c142998025ad623b032dbd0282aee5c1aa9f9c81a6bb17a1587eb947,full_retention_certificate,True,[],True,True,[],[],pass,pass,pass,pass,True,[],True,True,compliancegpt,"What options may organizations consider when responding to identified risks, and how does risk tolerance affect these decisions?",experiments/answerer_comparison/rq2_frontier_baseline_rev5/results_v1/references/rev5_compliancegpt_4bit.csv
80,rev5,answer-content-strict-pass-v1,1ec187ed3a795ae5c69db04e98bac0fd348a385ba2de119fd18da193dc04415d,full_retention_certificate,True,[],True,True,[],[],pass,pass,pass,pass,True,[],True,True,compliancegpt,"What is the purpose of performing a criticality analysis, and when should it be conducted?",experiments/answerer_comparison/rq2_frontier_baseline_rev5/results_v1/references/rev5_compliancegpt_4bit.csv
81,rev5,answer-content-strict-pass-v1,f97a43051cd1f8fa9a8e5eaebbe78776d84f6d41d4735daa18c476de44ef7692,legacy_failure_short_circuit,False,"[""MissedDocIds:['sa-5_smt.c', 'sa-5_smt.d']""]",True,True,[],[],not_required,not_required,not_required,not_required,False,[],False,False,compliancegpt,"In SA-5, what documentation should be obtained or developed?",experiments/answerer_comparison/rq2_frontier_baseline_rev5/results_v1/references/rev5_compliancegpt_4bit.csv
82,rev5,answer-content-strict-pass-v1,1d5991be5566d350291d0ea53b79ccfe1153ed767267a67a6bcc07284e9a6789,full_retention_certificate,True,[],True,True,[],[],pass,pass,pass,pass,True,[],True,True,compliancegpt,"In SA-8, which security and privacy engineering principles should be applied?",experiments/answerer_comparison/rq2_frontier_baseline_rev5/results_v1/references/rev5_compliancegpt_4bit.csv
83,rev5,answer-content-strict-pass-v1,30c578b4b7a96c2711f09f42ac1dd792e14623e00098a2609472d518b43f59a0,legacy_failure_short_circuit,False,"[""MissedDocIds:['sa-9_smt.b']""]",True,True,[],[],not_required,not_required,not_required,not_required,False,[],False,False,compliancegpt,What are the requirements for ensuring external service providers comply with organizational security and privacy expectations?,experiments/answerer_comparison/rq2_frontier_baseline_rev5/results_v1/references/rev5_compliancegpt_4bit.csv
84,rev5,answer-content-strict-pass-v1,255cfb1e59966d25b59e80d1f2fd2082e9492474f81c385aebc5cdce2c371b57,legacy_failure_short_circuit,False,"[""MissedDocIds:['sa-10_smt']""]",True,True,[],[],not_required,not_required,not_required,not_required,False,[],False,False,compliancegpt,"What should be required from system developers regarding configuration management, approved changes, and flaw tracking?",experiments/answerer_comparison/rq2_frontier_baseline_rev5/results_v1/references/rev5_compliancegpt_4bit.csv
85,rev5,answer-content-strict-pass-v1,b51bee565346f6afadcfd1ce5dc37ad8266bf568f0b61b8e77ba59e4aa22d514,legacy_failure_short_circuit,False,"[""MissedDocIds:['sa-11_smt.a', 'sa-11_smt.b', 'sa-11_smt.d']""]",True,True,[],[],not_required,not_required,not_required,not_required,False,[],False,False,compliancegpt,What are developers required to produce and correct under a system's security and privacy assessment plan?,experiments/answerer_comparison/rq2_frontier_baseline_rev5/results_v1/references/rev5_compliancegpt_4bit.csv
86,rev5,answer-content-strict-pass-v1,e9c7d7247ac304b7a21c09509d6ffccc56876a8d1daae8a2289f0f661557223e,full_retention_certificate,True,[],True,True,[],[],pass,pass,pass,pass,True,[],True,True,compliancegpt,"How should communications be monitored and controlled at system interfaces, and how must external connections be managed to protect organizational networks?",experiments/answerer_comparison/rq2_frontier_baseline_rev5/results_v1/references/rev5_compliancegpt_4bit.csv
87,rev5,answer-content-strict-pass-v1,ac30d5016281ed62380b05335bf3d62f8fc3bbe15f5b13cc2144b21d75c9914f,full_retention_certificate,True,[],True,True,[],[],pass,pass,pass,pass,True,[],True,True,compliancegpt,What measures should be implemented to protect the confidentiality and integrity of transmitted information across internal and external networks?,experiments/answerer_comparison/rq2_frontier_baseline_rev5/results_v1/references/rev5_compliancegpt_4bit.csv
88,rev5,answer-content-strict-pass-v1,7eb0b0e462de24ac4e5a386465cd5037bab38f7457af7a7e641257008d7dab66,full_retention_certificate,True,[],True,True,[],[],pass,pass,pass,pass,True,[],True,True,compliancegpt,What requirements apply to establishing and managing cryptographic keys used within the system?,experiments/answerer_comparison/rq2_frontier_baseline_rev5/results_v1/references/rev5_compliancegpt_4bit.csv
89,rev5,answer-content-strict-pass-v1,274489b9397d3954b8937ddc6a340c2dcc53efcaa8e938a4e39d24e61ff9d608,legacy_failure_short_circuit,False,"[""MissedControlCitations:['SC-13']"", ""MissedDocIds:['sc-13_gdn']"", ""LowControlRecall""]",True,True,[],[],not_required,not_required,not_required,not_required,False,[],False,False,compliancegpt,"How should cryptographic mechanisms be selected and implemented to comply with applicable laws, policies, and standards?",experiments/answerer_comparison/rq2_frontier_baseline_rev5/results_v1/references/rev5_compliancegpt_4bit.csv
90,rev5,answer-content-strict-pass-v1,6fe411ebfd280b359daa68ee94b75cc3337ac4cd6faa528c67c405ec2790f767,full_retention_certificate,True,[],True,True,[],[],pass,pass,pass,pass,True,[],True,True,compliancegpt,What protections must be applied to ensure the confidentiality and integrity of information at rest within system components?,experiments/answerer_comparison/rq2_frontier_baseline_rev5/results_v1/references/rev5_compliancegpt_4bit.csv
91,rev5,answer-content-strict-pass-v1,64b2436495d9efab2d479084d11d9b96c53c392f30037d55d7ce0a50faa83f6d,legacy_failure_short_circuit,False,"[""MissedDocIds:['si-2_smt.d']""]",True,True,[],[],not_required,not_required,not_required,not_required,False,[],False,False,compliancegpt,"What actions must organizations take to identify, report, test, and install security-relevant software and firmware updates?",experiments/answerer_comparison/rq2_frontier_baseline_rev5/results_v1/references/rev5_compliancegpt_4bit.csv
92,rev5,answer-content-strict-pass-v1,a16b559480eb06915ac153d29a65c569015ffb9567e116f13a95d9f06a177eba,legacy_failure_short_circuit,False,"[""MissedDocIds:['si-3_smt.d']""]",True,True,[],[],not_required,not_required,not_required,not_required,False,[],False,False,compliancegpt,What are the requirements for implementing and managing malicious-code protection mechanisms across the system?,experiments/answerer_comparison/rq2_frontier_baseline_rev5/results_v1/references/rev5_compliancegpt_4bit.csv
93,rev5,answer-content-strict-pass-v1,bce88deb8cc2db69efbd0e41238871435d80140e70241dcd787fff6a6029cdbd,legacy_failure_short_circuit,False,"[""PreserveMissingPlaceholder:si-04_odp.02"", ""ODPRequiredListNotEqualGold:gold=['si-04_odp.01', 'si-04_odp.02', 'si-04_odp.03', 'si-04_odp.04', 'si-04_odp.05'],gen=['si-04_odp.01', 'si-04_odp.03', 'si-04_odp.04', 'si-04_odp.05']"", ""MissedDocIds:['si-4_smt.b', 'si-4_smt.c', 'si-4_smt.c.1', 'si-4_smt.c.2', 'si-4_smt.f']""]",True,True,[],[],not_required,not_required,not_required,not_required,False,[],False,False,compliancegpt,"How should systems be monitored to detect attacks, unauthorized connections, and anomalous activities, and how should such events be analyzed and reported?",experiments/answerer_comparison/rq2_frontier_baseline_rev5/results_v1/references/rev5_compliancegpt_4bit.csv
94,rev5,answer-content-strict-pass-v1,510f865f2788448a99c4b90824b04df3a4b876cf89f0a5173f665a414302d11b,full_retention_certificate,True,[],True,True,[],[],pass,pass,pass,pass,True,[],True,True,compliancegpt,"What integrity-verification mechanisms should be employed to detect unauthorized changes to software, firmware, or data?",experiments/answerer_comparison/rq2_frontier_baseline_rev5/results_v1/references/rev5_compliancegpt_4bit.csv
95,rev5,answer-content-strict-pass-v1,47aecbadf1a7e6a6f229e2c8ada18e2ac3b299658c3fc689617408c8ac40d527,full_retention_certificate,True,[],True,True,[],[],pass,pass,pass,pass,True,[],True,True,compliancegpt,How should organizations validate system inputs to prevent injection or cross-site scripting attacks?,experiments/answerer_comparison/rq2_frontier_baseline_rev5/results_v1/references/rev5_compliancegpt_4bit.csv
96,rev5,answer-content-strict-pass-v1,7c2f473e456d0cc0a51dc51d758e0dedb2d533bdf3029b6175356c6d0e248ae9,full_retention_certificate,True,[],True,True,[],[],pass,pass,pass,pass,True,[],True,True,compliancegpt,"What elements must be included in a supply-chain risk management plan, and how often should it be reviewed and protected from unauthorized disclosure?",experiments/answerer_comparison/rq2_frontier_baseline_rev5/results_v1/references/rev5_compliancegpt_4bit.csv
97,rev5,answer-content-strict-pass-v1,d6717c0511259c8d1e310a02524c23b80e78b76feb6272ad47e606aa00d4eb47,full_retention_certificate,True,[],True,True,[],[],pass,pass,pass,pass,True,[],True,True,compliancegpt,How should organizations identify and address weaknesses in supply-chain elements and document protective controls and processes?,experiments/answerer_comparison/rq2_frontier_baseline_rev5/results_v1/references/rev5_compliancegpt_4bit.csv
98,rev5,answer-content-strict-pass-v1,e2c97b70418b39c0852d63bfb0b709dc1156f16ca922bf471c481cee9562f5aa,full_retention_certificate,True,[],True,True,[],[],pass,pass,pass,pass,True,[],True,True,compliancegpt,"What acquisition and contracting practices should be employed to protect the supply chain from counterfeit, tampered, or malicious components?",experiments/answerer_comparison/rq2_frontier_baseline_rev5/results_v1/references/rev5_compliancegpt_4bit.csv
99,rev5,answer-content-strict-pass-v1,969c4752c3c8387e838920b4103802b76309a7c2b7e7b7cd7725ef92374baad6,full_retention_certificate,True,[],True,True,[],[],pass,pass,pass,pass,True,[],True,True,compliancegpt,How frequently should supply-chain-related risks be assessed and reviewed for suppliers and contractors?,experiments/answerer_comparison/rq2_frontier_baseline_rev5/results_v1/references/rev5_compliancegpt_4bit.csv
100,rev5,answer-content-strict-pass-v1,40bb4db56fa9290576e6329b79afe32f4c0f6711153278230e7fb2e144e017c3,full_retention_certificate,True,[],True,True,[],[],pass,pass,pass,pass,True,[],True,True,compliancegpt,"What policies and procedures should be developed to detect, prevent, and report counterfeit components within the system?",experiments/answerer_comparison/rq2_frontier_baseline_rev5/results_v1/references/rev5_compliancegpt_4bit.csv
1,rev5,answer-content-strict-pass-v1,4f1bffda910e97f6f0c88719d279448ca055393d4236abc7a4edbdddfb7781ce,source_inspection,True,[],True,True,[],[],pass,pass,pass,pass,False,[],True,True,gemini,When must account managers and the designated personnel be notified about user account changes?,experiments/answerer_comparison/rq2_frontier_baseline_rev5/results_v1/contracts/rev5_generative_frontier_api.csv
2,rev5,answer-content-strict-pass-v1,3519aaff26cb5fc84b6eac9b6b3be8e2ab13bc5013a7d7caa285e6be3596211b,source_inspection,True,[],True,True,[],[],pass,pass,pass,pass,False,[],True,True,gemini,What must an organization enforce regarding logical access to its information and systems?,experiments/answerer_comparison/rq2_frontier_baseline_rev5/results_v1/contracts/rev5_generative_frontier_api.csv
3,rev5,answer-content-strict-pass-v1,27672d0b3fed354f22a00d464f3bbb03f4c40ee4e78804c8f96320f766e3337e,source_inspection,True,[],True,True,[],[],pass,pass,pass,pass,False,[],True,True,gemini,What principle should be employed to limit user and process access to the minimum necessary for assigned tasks?,experiments/answerer_comparison/rq2_frontier_baseline_rev5/results_v1/contracts/rev5_generative_frontier_api.csv
4,rev5,answer-content-strict-pass-v1,0ca9ac305da8d54b8ce42512a871e18a466621f0cc6a128dca26f8f6ba62114f,legacy_failure_short_circuit,False,"[""MissedDocIds:['ac-7_smt.a', 'ac-7_smt.b']""]",True,True,[],[],not_required,not_required,not_required,not_required,False,[],False,False,gemini,How must a system be configured to handle consecutive invalid logon attempts?,experiments/answerer_comparison/rq2_frontier_baseline_rev5/results_v1/contracts/rev5_generative_frontier_api.csv
5,rev5,answer-content-strict-pass-v1,88ab4ee09e55e667cf9faddd5e57eb214963d48fd5b5b47c4e78b1f945ede366,source_inspection,True,[],True,True,[],[],pass,pass,pass,pass,False,[],True,True,gemini,What actions must a system take to lock a session and what is required for a user to re-establish access?,experiments/answerer_comparison/rq2_frontier_baseline_rev5/results_v1/contracts/rev5_generative_frontier_api.csv
6,rev5,answer-content-strict-pass-v1,0371b8689b83ff56ee73b91d64e73aef009938e341d7793d8988a62074a349ce,legacy_failure_short_circuit,False,"[""ODPListMismatch:extracted=['at-02_odp.05', 'at-02_odp.06', 'at-02_odp.07', 'at-02_prm.01', 'at-02_prm.02'],gen_list=['at-02_odp.06', 'at-02_odp.07', 'at-02_prm.01', 'at-02_prm.02']"", ""ODPRequiredListNotEqualGold:gold=['at-02_odp.05', 'at-02_odp.06', 'at-02_odp.07', 'at-02_prm.01', 'at-02_prm.02'],gen=['at-02_odp.06', 'at-02_odp.07', 'at-02_prm.01', 'at-02_prm.02']"", ""MissedDocIds:['at-2_smt.a', 'at-2_smt.b']""]",True,False,[],"[""RetainedParameterUnionMismatch:expected=['at-02_odp.05', 'at-02_odp.06', 'at-02_odp.07', 'at-2_prm_1', 'at-2_prm_2'],declared=['at-02_odp.06', 'at-02_odp.07', 'at-2_prm_1', 'at-2_prm_2']""]",not_required,not_required,not_required,not_required,False,[],False,False,gemini,"What are the requirements for security and privacy literacy training, including its frequency, triggers for updates, and content sources?",experiments/answerer_comparison/rq2_frontier_baseline_rev5/results_v1/contracts/rev5_generative_frontier_api.csv
7,rev5,answer-content-strict-pass-v1,33e65ef5925ba28ba3213ca75d21d7401666e50b65081e208d4bbda71ca55c8b,source_inspection,True,[],True,True,[],[],pass,pass,pass,pass,False,[],True,True,gemini,Organizations should determine the content of training based on what?,experiments/answerer_comparison/rq2_frontier_baseline_rev5/results_v1/contracts/rev5_generative_frontier_api.csv
8,rev5,answer-content-strict-pass-v1,770f14116ec0eee2e7cdf2c2de5057d4cb47b25e1dbd525416006c6a9a129015,source_inspection,True,[],True,True,[],[],pass,pass,pass,pass,False,[],True,True,gemini,"How must an organization document, monitor, and retain records of its security and privacy training activities?",experiments/answerer_comparison/rq2_frontier_baseline_rev5/results_v1/contracts/rev5_generative_frontier_api.csv
9,rev5,answer-content-strict-pass-v1,6721a14307c35ceebb9666b257974421835f3e1323f78e8b89600e350ffd4fc6,source_inspection,True,[],True,True,[],[],pass,pass,pass,pass,False,[],True,True,gemini,What type of activity should be included in literacy training to simulate real-world incidents?,experiments/answerer_comparison/rq2_frontier_baseline_rev5/results_v1/contracts/rev5_generative_frontier_api.csv
10,rev5,answer-content-strict-pass-v1,1ce7817537a1b0248280b95227253a03ed051c233cf9ebcfbf2c0c57cb703137,legacy_failure_short_circuit,False,"[""MissedDocIds:['at-3.3_gdn']""]",True,True,[],[],not_required,not_required,not_required,not_required,False,[],False,False,gemini,What method does AT-3(3) specify for reinforcing objectives in role-based security training?,experiments/answerer_comparison/rq2_frontier_baseline_rev5/results_v1/contracts/rev5_generative_frontier_api.csv
11,rev5,answer-content-strict-pass-v1,1541f3258ccfbc7ee2b1776290248dbcff1cc4e4724fe0eb76145ae85886619f,source_inspection,True,[],True,True,[],[],pass,pass,pass,pass,False,[],True,True,gemini,"What are the organizational responsibilities for defining, justifying, and maintaining the types of events to be logged by a system?",experiments/answerer_comparison/rq2_frontier_baseline_rev5/results_v1/contracts/rev5_generative_frontier_api.csv
12,rev5,answer-content-strict-pass-v1,72c4fdab4af7ac1cf61ad50fd8ac537374fa0c6e896138b8654de804fcae3368,source_inspection,True,[],True,True,[],[],pass,pass,pass,pass,False,[],True,True,gemini,What information must each audit record contain to support after-the-fact investigation of security incidents?,experiments/answerer_comparison/rq2_frontier_baseline_rev5/results_v1/contracts/rev5_generative_frontier_api.csv
13,rev5,answer-content-strict-pass-v1,159dc0c268ed2518704feeab90ed3193ffe6defa43f336a33140e7ac9c47ea37,source_inspection,True,[],True,True,[],[],pass,pass,pass,pass,False,[],True,True,gemini,What factors must an organization consider when allocating audit log storage capacity to prevent the loss of audit data?,experiments/answerer_comparison/rq2_frontier_baseline_rev5/results_v1/contracts/rev5_generative_frontier_api.csv
14,rev5,answer-content-strict-pass-v1,7c86650c553eba6d84b4d19a24b45b84c9f14d068d5868ddeb5284c4e91b9ded,source_inspection,True,[],True,True,[],[],pass,pass,pass,pass,False,[],True,True,gemini,"What is the required process for reviewing system audit records, and what actions should be taken based on the findings?",experiments/answerer_comparison/rq2_frontier_baseline_rev5/results_v1/contracts/rev5_generative_frontier_api.csv
15,rev5,answer-content-strict-pass-v1,3040c1a77c4c4820f628133d8c8e9efdd9c872a37c464c7bd26e834e0c898550,source_inspection,True,[],True,True,[],[],pass,pass,pass,pass,False,[],True,True,gemini,What are the requirements for generating and recording time stamps in audit records to ensure accuracy?,experiments/answerer_comparison/rq2_frontier_baseline_rev5/results_v1/contracts/rev5_generative_frontier_api.csv
16,rev5,answer-content-strict-pass-v1,c140b64aeae7f91df5836f1c02f725bae7afe88378b91a7b2658f88541b1417c,source_inspection,True,[],True,True,[],[],pass,pass,pass,pass,False,[],True,True,gemini,"Describe the key steps of the formal control assessment process, from planning to reporting.",experiments/answerer_comparison/rq2_frontier_baseline_rev5/results_v1/contracts/rev5_generative_frontier_api.csv
17,rev5,answer-content-strict-pass-v1,a06818ba30bed74d478aaac99d2b6c1a8c2e8a2056d5e19b7971095809e45297,source_inspection,True,[],True,True,[],[],pass,pass,fail,fail,False,"[{""answer_excerpt"": ""policies, procedures, or agreements (ca-03_odp.01)"", ""gate"": ""parameter_semantics"", ""reason"": ""The parameter selects agreement types; policies and procedures are not offered alternatives."", ""references"": [{""excerpt"": ""ca-03_odp.01 CA-03_ODP[01] Choices: interconnection security agreements | information exchange security agreements | memoranda of understanding or agreement | service level agreements | user agreements | non-disclosure agreements | {{ insert: param, ca-03_odp.02 }}"", ""source_id"": ""ca-03_odp.01""}, {""excerpt"": ""ca-03_odp.02 type of agreement Guidelines: the type of agreement used to approve and manage the exchange of information is defined (if selected);"", ""source_id"": ""ca-03_odp.02""}, {""excerpt"": ""Approve and manage the exchange of information between the system and other systems using {{ insert: param, ca-03_odp.01 }};"", ""source_id"": ""ca-3_smt.a""}]}, {""answer_excerpt"": ""policies, procedures, or agreements (ca-03_odp.01)"", ""gate"": ""claim_faithfulness"", ""reason"": ""The affirmative policies/procedures alternatives expand the cited agreement obligation."", ""references"": [{""excerpt"": ""ca-03_odp.01 CA-03_ODP[01] Choices: interconnection security agreements | information exchange security agreements | memoranda of understanding or agreement | service level agreements | user agreements | non-disclosure agreements | {{ insert: param, ca-03_odp.02 }}"", ""source_id"": ""ca-03_odp.01""}, {""excerpt"": ""ca-03_odp.02 type of agreement Guidelines: the type of agreement used to approve and manage the exchange of information is defined (if selected);"", ""source_id"": ""ca-03_odp.02""}]}]",False,False,gemini,"What are the requirements for managing and securing information exchanges between systems, including the associated agreements?",experiments/answerer_comparison/rq2_frontier_baseline_rev5/results_v1/contracts/rev5_generative_frontier_api.csv
18,rev5,answer-content-strict-pass-v1,53dcfb3e972a6dd22944d897a719fbd7b1421ea3f6bc63faa05f49b0dad91350,legacy_failure_short_circuit,False,"[""MissingODPsButStatusNotParamsRequired:['ca-05_odp']"", ""MissedDocIds:['ca-5_smt.b']""]",True,True,[],[],not_required,not_required,not_required,not_required,False,[],False,False,gemini,What is the purpose of a plan of action and milestones in addressing identified control weaknesses?,experiments/answerer_comparison/rq2_frontier_baseline_rev5/results_v1/contracts/rev5_generative_frontier_api.csv
19,rev5,answer-content-strict-pass-v1,1d8f7f457dd95801a93f21f1a8446b6c9fe76fbbb781803e360a97ed2cfb82c5,legacy_failure_short_circuit,False,"[""MissingODPsButStatusNotParamsRequired:['ca-06_odp']"", ""MissedDocIds:['ca-6_smt.a', 'ca-6_smt.b', 'ca-6_smt.c', 'ca-6_smt.c.1', 'ca-6_smt.c.2', 'ca-6_smt.d', 'ca-6_smt.e']""]",True,True,[],[],not_required,not_required,not_required,not_required,False,[],False,False,gemini,What are the primary responsibilities of an authorizing official regarding system authorization?,experiments/answerer_comparison/rq2_frontier_baseline_rev5/results_v1/contracts/rev5_generative_frontier_api.csv
20,rev5,answer-content-strict-pass-v1,e85cc3828072bb6d467aeee55c527eeeaf87c6663e6037aa3b106088da35b4b7,source_inspection,True,[],True,True,[],[],pass,fail,fail,fail,False,"[{""answer_excerpt"": ""designated personnel/roles (ca-7_prm_4, ca-7_prm_5)"", ""gate"": ""parameter_semantics"", ""reason"": ""ca-7_prm_4 defines recipients; ca-7_prm_5 defines reporting frequency, not another recipient."", ""references"": [{""excerpt"": ""Reporting the security and privacy status of the system to {{ insert: param, ca-7_prm_4 }} {{ insert: param, ca-7_prm_5 }}."", ""source_id"": ""ca-7_smt.g""}, {""excerpt"": ""ca-7_prm_4 organization-defined personnel or roles"", ""source_id"": ""ca-7_prm_4""}, {""excerpt"": ""ca-7_prm_5 organization-defined frequency"", ""source_id"": ""ca-7_prm_5""}]}, {""answer_excerpt"": ""designated personnel/roles (ca-7_prm_4, ca-7_prm_5)"", ""gate"": ""claim_faithfulness"", ""reason"": ""The body assigns the frequency parameter to a recipient role."", ""references"": [{""excerpt"": ""ca-7_prm_4 organization-defined personnel or roles"", ""source_id"": ""ca-7_prm_4""}, {""excerpt"": ""ca-7_prm_5 organization-defined frequency"", ""source_id"": ""ca-7_prm_5""}]}, {""answer_excerpt"": ""The requirements for implementing a system-level continuous monitoring strategy include developing the strategy and implementing continuous monitoring in accordance with the organization-level continuous monitoring strategy. This includes:\n- Establishing system-level metrics to be monitored (ca-07_odp.01);\n- Establishing parameters/frequencies for monitoring (ca-07_odp.02) and assessment of control effectiveness (ca-07_odp.03);\n- Conducting ongoing control assessments;\n- Ongoing monitoring of system and organization-defined metrics;\n- Correlation and analysis of information generated by assessments and monitoring;\n- Response actions to address the analysis results; and\n- Reporting the security and privacy status of the system to designated personnel/roles (ca-7_prm_4, ca-7_prm_5)."", ""gate"": ""answer_coverage"", ""reason"": ""The periodicity of reporting security/privacy status is not expressed; earlier monitoring/assessment frequencies are different obligations."", ""references"": [{""excerpt"": ""Reporting the security and privacy status of the system to {{ insert: param, ca-7_prm_4 }} {{ insert: param, ca-7_prm_5 }}."", ""source_id"": ""ca-7_smt.g""}, {""excerpt"": ""ca-7_prm_5 organization-defined frequency"", ""source_id"": ""ca-7_prm_5""}]}]",False,False,gemini,What are the requirements for implementing a system-level continuous monitoring strategy?,experiments/answerer_comparison/rq2_frontier_baseline_rev5/results_v1/contracts/rev5_generative_frontier_api.csv
21,rev5,answer-content-strict-pass-v1,7b0a0b98b63e0d663edf81558166eb1363589b533bf493e15decbd21c2bc7087,source_inspection,True,[],True,True,[],[],pass,pass,pass,pass,False,[],True,True,gemini,What are the lifecycle requirements for system baseline configurations?,experiments/answerer_comparison/rq2_frontier_baseline_rev5/results_v1/contracts/rev5_generative_frontier_api.csv
22,rev5,answer-content-strict-pass-v1,8607c31491a180f5561175c3f10bb5890cff0d55f7eb9f798162100498a353f9,source_inspection,True,[],True,True,[],[],pass,pass,fail,fail,False,"[{""answer_excerpt"": ""that convenes at an organization-defined frequency"", ""gate"": ""parameter_semantics"", ""reason"": ""The unresolved choice permits periodic convening or convening when specified conditions occur. The body affirms only the periodic branch."", ""references"": [{""excerpt"": ""Coordinate and provide oversight for configuration change control activities through {{ insert: param, cm-03_odp.02 }} that convenes {{ insert: param, cm-03_odp.03 }}."", ""source_id"": ""cm-3_smt.g""}, {""excerpt"": ""cm-03_odp.03 CM-03_ODP[03] Choices: {{ insert: param, cm-03_odp.04 }} | when {{ insert: param, cm-03_odp.05 }}"", ""source_id"": ""cm-03_odp.03""}, {""excerpt"": ""cm-03_odp.04 frequency Guidelines: the frequency at which the configuration control element convenes is defined (if selected);"", ""source_id"": ""cm-03_odp.04""}, {""excerpt"": ""cm-03_odp.05 configuration change conditions Guidelines: configuration change conditions that prompt the configuration control element to convene are defined (if selected);"", ""source_id"": ""cm-03_odp.05""}]}, {""answer_excerpt"": ""that convenes at an organization-defined frequency"", ""gate"": ""claim_faithfulness"", ""reason"": ""The body chooses a periodic obligation without an organization-selected value for the choice."", ""references"": [{""excerpt"": ""cm-03_odp.03 CM-03_ODP[03] Choices: {{ insert: param, cm-03_odp.04 }} | when {{ insert: param, cm-03_odp.05 }}"", ""source_id"": ""cm-03_odp.03""}, {""excerpt"": ""cm-03_odp.04 frequency Guidelines: the frequency at which the configuration control element convenes is defined (if selected);"", ""source_id"": ""cm-03_odp.04""}, {""excerpt"": ""cm-03_odp.05 configuration change conditions Guidelines: configuration change conditions that prompt the configuration control element to convene are defined (if selected);"", ""source_id"": ""cm-03_odp.05""}]}]",False,False,gemini,What must an organization do to manage configuration-controlled changes?,experiments/answerer_comparison/rq2_frontier_baseline_rev5/results_v1/contracts/rev5_generative_frontier_api.csv
23,rev5,answer-content-strict-pass-v1,0a781f0e4cc31581c327f1d780e9f1978a3397768fbd0e2339a67e8d5e2a01a2,legacy_failure_short_circuit,False,"[""MissedControlCitations:['CM-4']"", ""MissedDocIds:['cm-4_smt']"", ""LowControlRecall""]",True,True,[],[],not_required,not_required,not_required,not_required,False,[],False,False,gemini,What should be analyzed before implementing a system change?,experiments/answerer_comparison/rq2_frontier_baseline_rev5/results_v1/contracts/rev5_generative_frontier_api.csv
24,rev5,answer-content-strict-pass-v1,9b3e6b36b930d38b27eb153fbfca918132cffc97f92af0b8d43a972260cdbfb2,source_inspection,True,[],True,True,[],[],fail,fail,pass,pass,False,"[{""answer_excerpt"": ""Configuration settings should be established and documented for components to reflect the most restrictive mode consistent with operational requirements using an organization-defined security configuration checklist. Deviations from these settings for organization-defined system components must be identified, documented, and approved based on organization-defined operational requirements. Finally, changes to the settings must be monitored and controlled in accordance with organizational policies and procedures."", ""gate"": ""citation_use"", ""reason"": ""cm-6_smt.b is returned but its implementation action is not expressed in the body; establishment, deviation approval and change monitoring are different actions."", ""references"": [{""excerpt"": ""Implement the configuration settings;"", ""source_id"": ""cm-6_smt.b""}]}, {""answer_excerpt"": ""Configuration settings should be established and documented for components to reflect the most restrictive mode consistent with operational requirements using an organization-defined security configuration checklist. Deviations from these settings for organization-defined system components must be identified, documented, and approved based on organization-defined operational requirements. Finally, changes to the settings must be monitored and controlled in accordance with organizational policies and procedures."", ""gate"": ""answer_coverage"", ""reason"": ""The required implementation of established settings is absent from the body, despite being present in auxiliary evidence."", ""references"": [{""excerpt"": ""Implement the configuration settings;"", ""source_id"": ""cm-6_smt.b""}]}]",False,False,gemini,"How should configuration settings be established, approved, and monitored?",experiments/answerer_comparison/rq2_frontier_baseline_rev5/results_v1/contracts/rev5_generative_frontier_api.csv
25,rev5,answer-content-strict-pass-v1,b17e1b70b590cdf6fac7ca87d4d88218c16eeac8b20b6f284adadc14cfaae3ad,source_inspection,True,[],True,True,[],[],pass,pass,pass,pass,False,[],True,True,gemini,"What are the requirements for developing, maintaining, and updating a system component inventory?",experiments/answerer_comparison/rq2_frontier_baseline_rev5/results_v1/contracts/rev5_generative_frontier_api.csv
26,rev5,answer-content-strict-pass-v1,e4b7232c7f5461e22b304cb09f1500e849bf46cdf478c1179acc59cd82482ae2,legacy_failure_short_circuit,False,"[""MissedDocIds:['cp-2_smt.a.2', 'cp-2_smt.a.4', 'cp-2_smt.a.5', 'cp-2_smt.a.7', 'cp-2_smt.c', 'cp-2_smt.f', 'cp-2_smt.g', 'cp-2_smt.h']""]",True,True,[],[],not_required,not_required,not_required,not_required,False,[],False,False,gemini,"What are the key elements that must be included in a contingency plan, and how should it be reviewed, distributed, and updated?",experiments/answerer_comparison/rq2_frontier_baseline_rev5/results_v1/contracts/rev5_generative_frontier_api.csv
27,rev5,answer-content-strict-pass-v1,72d1bf496f3c5be2c9d039b0c974bb82d1bfd3e412ef397dced4f93b573e66f8,legacy_failure_short_circuit,False,"[""MissedDocIds:['cp-3_smt.a']""]",True,True,[],[],not_required,not_required,not_required,not_required,False,[],False,False,gemini,When and how should contingency training be provided to system users based on their assigned roles and responsibilities?,experiments/answerer_comparison/rq2_frontier_baseline_rev5/results_v1/contracts/rev5_generative_frontier_api.csv
28,rev5,answer-content-strict-pass-v1,4f6707bf172f22ef64eefca499ae5d514de0ae56d6e3104f9a6ed0db9fe563b5,legacy_failure_short_circuit,False,"[""ODPListMismatch:extracted=['cp-04_odp.01', 'cp-04_prm.02'],gen_list=['cp-04_odp.01']"", ""ODPRequiredListNotEqualGold:gold=['cp-04_odp.01', 'cp-04_prm.02'],gen=['cp-04_odp.01']""]",True,False,[],"[""RetainedParameterUnionMismatch:expected=['cp-04_odp.01', 'cp-4_prm_2'],declared=['cp-04_odp.01']""]",not_required,not_required,not_required,not_required,False,[],False,False,gemini,"How frequently must contingency plans be tested, and what should be done after reviewing the test results?",experiments/answerer_comparison/rq2_frontier_baseline_rev5/results_v1/contracts/rev5_generative_frontier_api.csv
29,rev5,answer-content-strict-pass-v1,bdcbd7a1860043a196abb39d0354d4cee62657b554935ec95a323ae4702cce62,source_inspection,True,[],True,True,[],[],pass,pass,pass,pass,False,[],True,True,gemini,What are the requirements for establishing and maintaining an alternate processing site to resume essential operations?,experiments/answerer_comparison/rq2_frontier_baseline_rev5/results_v1/contracts/rev5_generative_frontier_api.csv
30,rev5,answer-content-strict-pass-v1,99868924aad41f1ac78bfbf24db366475ee888a0aa790f29b60113da2b11c393,source_inspection,True,[],True,True,[],[],pass,pass,pass,pass,False,[],True,True,gemini,What actions must be taken to ensure that system and user-level information is backed up and that backup data remains protected?,experiments/answerer_comparison/rq2_frontier_baseline_rev5/results_v1/contracts/rev5_generative_frontier_api.csv
31,rev5,answer-content-strict-pass-v1,39bd6af5eaca4e615fe55dc8550890fede997dccec07375741015681f7b1c42e,source_inspection,True,[],True,True,[],[],pass,pass,pass,pass,False,[],True,True,gemini,How must organizations identify and authenticate users and associate them with processes acting on their behalf?,experiments/answerer_comparison/rq2_frontier_baseline_rev5/results_v1/contracts/rev5_generative_frontier_api.csv
32,rev5,answer-content-strict-pass-v1,04154882dcf1ecb621f996f9e3cd79dec0ab5160bfa7846bce7286f03e0d3694,legacy_failure_short_circuit,False,"[""MissedDocIds:['ia-4_smt.a', 'ia-4_smt.b', 'ia-4_smt.c', 'ia-4_smt.d']""]",True,True,[],[],not_required,not_required,not_required,not_required,False,[],False,False,gemini,"What are the requirements for assigning, authorizing, and preventing reuse of system identifiers for individuals, groups, or devices?",experiments/answerer_comparison/rq2_frontier_baseline_rev5/results_v1/contracts/rev5_generative_frontier_api.csv
33,rev5,answer-content-strict-pass-v1,46f2731b61f69b2f681d7f602b652c1db69c2731786652695950e2ac35e6cb65,legacy_failure_short_circuit,False,"[""MissedDocIds:['ia-5_smt.a', 'ia-5_smt.b', 'ia-5_smt.c', 'ia-5_smt.d', 'ia-5_smt.e', 'ia-5_smt.f', 'ia-5_smt.g', 'ia-5_smt.h', 'ia-5_smt.i']""]",True,True,[],[],not_required,not_required,not_required,not_required,False,[],False,False,gemini,"How should organizations manage authenticators, including their distribution, protection, and periodic updates?",experiments/answerer_comparison/rq2_frontier_baseline_rev5/results_v1/contracts/rev5_generative_frontier_api.csv
34,rev5,answer-content-strict-pass-v1,dae8368016ceedc7ebc14c2dd7a1adcd54d41425ee584f1f67a21f824f3bfb6e,legacy_failure_short_circuit,False,"[""MissedControlCitations:['IA-6']"", ""MissedDocIds:['ia-6_smt']"", ""LowControlRecall""]",False,False,"[""NoNormalNonemptyAnswer""]","[""StatusNotEqualRetainedParameterState""]",not_required,not_required,not_required,not_required,False,[],False,False,gemini,What does NIST require to protect authentication information from disclosure during the authentication process?,experiments/answerer_comparison/rq2_frontier_baseline_rev5/results_v1/contracts/rev5_generative_frontier_api.csv
35,rev5,answer-content-strict-pass-v1,96af65ca94981c3cb6cb5969f9ea39f35b18fa261009b67b72b493fc7921632b,source_inspection,True,[],True,True,[],[],pass,pass,fail,pass,False,"[{""answer_excerpt"": ""must accept only external authenticators that are NIST-compliant (and compliant with SP 800-63B for public-facing systems)"", ""gate"": ""claim_faithfulness"", ""reason"": ""The public-accessible applicability limitation belongs to acceptance of only NIST-compliant external authenticators. It is moved to the SP 800-63B parenthesis while the former requirement is unconditional."", ""references"": [{""excerpt"": ""Acceptance of only NIST-compliant external authenticators applies to organizational systems that are accessible to the public (e.g., public-facing websites). External authenticators are issued by nonfederal government entities and are compliant with [SP 800-63B](#e59c5a7c-8b1f-49ca-8de0-6ee0882180ce) . Approved external authenticators meet or exceed the minimum Federal Government-wide technical, security, privacy, and organizational maturity requirements. Meeting or exceeding Federal requirements allows Federal Government relying parties to trust external authenticators in connection with an authentication transaction at a specified authenticator assurance level."", ""source_id"": ""ia-8.2_gdn""}]}]",False,False,gemini,How should organizations handle identification and authentication of non-organizational users accessing federal systems?,experiments/answerer_comparison/rq2_frontier_baseline_rev5/results_v1/contracts/rev5_generative_frontier_api.csv
36,rev5,answer-content-strict-pass-v1,ad8b62e5677a27c2f34de9756fe2accf339eed53628b1e6936c1b29741ca98a9,legacy_failure_short_circuit,False,"[""MissedDocIds:['ir-2_smt.a']""]",True,True,[],[],not_required,not_required,not_required,not_required,False,[],False,False,gemini,"When should incident response training be provided, and how often should its content be reviewed and updated?",experiments/answerer_comparison/rq2_frontier_baseline_rev5/results_v1/contracts/rev5_generative_frontier_api.csv
37,rev5,answer-content-strict-pass-v1,40b1e8177b500cd0539051a90f704bf28f32e6a7d35338575056aacb3d3609ab,source_inspection,True,[],True,True,[],[],pass,pass,pass,pass,False,[],True,True,gemini,"How often should organizations test the effectiveness of their incident response capabilities, and what kinds of tests may be used?",experiments/answerer_comparison/rq2_frontier_baseline_rev5/results_v1/contracts/rev5_generative_frontier_api.csv
38,rev5,answer-content-strict-pass-v1,93666ec88081e60b98a19dd41bebe86859d220675569eee6b49123afa13144d0,source_inspection,True,[],True,True,[],[],pass,pass,pass,pass,False,[],True,True,gemini,"What are the key elements of implementing an effective incident handling capability, including coordination and lessons learned?",experiments/answerer_comparison/rq2_frontier_baseline_rev5/results_v1/contracts/rev5_generative_frontier_api.csv
39,rev5,answer-content-strict-pass-v1,625f7ea0dd85057ba4f4c15228fc550ffadfd25d586afafcdd8a21b8f56f9b65,source_inspection,True,[],True,True,[],[],pass,pass,pass,pass,False,[],True,True,gemini,What information should organizations maintain and analyze when documenting and reviewing security incidents?,experiments/answerer_comparison/rq2_frontier_baseline_rev5/results_v1/contracts/rev5_generative_frontier_api.csv
40,rev5,answer-content-strict-pass-v1,cc0f935a90a3f628ac72246544288bc11919e67083460fbc639450c2dcf27137,source_inspection,True,[],True,True,[],[],pass,pass,pass,pass,False,[],True,True,gemini,"What are the reporting requirements for suspected or confirmed incidents, including notification timeframes and recipients?",experiments/answerer_comparison/rq2_frontier_baseline_rev5/results_v1/contracts/rev5_generative_frontier_api.csv
41,rev5,answer-content-strict-pass-v1,678c8054467722b70d7235f8410d36ddb763adb2500429bdacd489e3b6e61d88,source_inspection,True,[],True,True,[],[],pass,pass,pass,pass,False,[],True,True,gemini,What are the key considerations for a controlled system maintenance program?,experiments/answerer_comparison/rq2_frontier_baseline_rev5/results_v1/contracts/rev5_generative_frontier_api.csv
42,rev5,answer-content-strict-pass-v1,08b5c5778dd4056381e0bced0d549bf526960bdb01e88b5517540c3e3d5bd63c,source_inspection,True,[],True,True,[],[],pass,pass,pass,pass,False,[],True,True,gemini,"How should organizations approve, control, and periodically review the use of system maintenance tools?",experiments/answerer_comparison/rq2_frontier_baseline_rev5/results_v1/contracts/rev5_generative_frontier_api.csv
43,rev5,answer-content-strict-pass-v1,e8d831c42f57be4847716052d7807cb8aed8f0efec346523eb2e7d54dc9f02b3,source_inspection,True,[],True,True,[],[],pass,pass,pass,pass,False,[],True,True,gemini,"What must organizations do to authorize, secure, and record nonlocal maintenance and diagnostic activities?",experiments/answerer_comparison/rq2_frontier_baseline_rev5/results_v1/contracts/rev5_generative_frontier_api.csv
44,rev5,answer-content-strict-pass-v1,24b63a145008dcb374348ed112c08c5f5ca9bf5ac592875716e30e20953e77b8,source_inspection,True,[],True,True,[],[],pass,pass,pass,pass,False,[],True,True,gemini,What process should be established for authorizing maintenance personnel and ensuring appropriate escorting and access control during maintenance?,experiments/answerer_comparison/rq2_frontier_baseline_rev5/results_v1/contracts/rev5_generative_frontier_api.csv
45,rev5,answer-content-strict-pass-v1,6af0f3b1fd4b55b346ece3caf7021fc19ac2ede73a474ad55bcd4bd1979776fa,source_inspection,True,[],True,True,[],[],pass,pass,pass,pass,False,[],True,True,gemini,How should organizations identify critical system components and obtain maintenance support to mitigate risk when those components fail?,experiments/answerer_comparison/rq2_frontier_baseline_rev5/results_v1/contracts/rev5_generative_frontier_api.csv
46,rev5,answer-content-strict-pass-v1,4e8c310a4253ff51b17fd9bd9c154095372101a869b22f915b544e7a5320e0c5,source_inspection,True,[],True,True,[],[],pass,pass,pass,pass,False,[],True,True,gemini,How should access to both digital and non-digital system media be restricted to authorized individuals?,experiments/answerer_comparison/rq2_frontier_baseline_rev5/results_v1/contracts/rev5_generative_frontier_api.csv
47,rev5,answer-content-strict-pass-v1,5551a8a7502de08a50b54303a0feb52816f0a57042e6828ecbaf6a9c3a048efa,source_inspection,True,[],True,True,[],[],pass,pass,pass,pass,False,[],True,True,gemini,"What requirements apply to marking system media with handling or distribution limitations, and when may media be exempt from marking?",experiments/answerer_comparison/rq2_frontier_baseline_rev5/results_v1/contracts/rev5_generative_frontier_api.csv
48,rev5,answer-content-strict-pass-v1,a87c3d6da33b11afb37952d0659a75045681ef30882550a47df25fd92e0ea22f,legacy_failure_short_circuit,False,"[""MissedDocIds:['mp-4_smt.b']""]",True,True,[],[],not_required,not_required,not_required,not_required,False,[],False,False,gemini,How must organizations physically control and securely store system media to prevent unauthorized access or tampering?,experiments/answerer_comparison/rq2_frontier_baseline_rev5/results_v1/contracts/rev5_generative_frontier_api.csv
49,rev5,answer-content-strict-pass-v1,03f0e7020a514ef507ffc234d56a811890cb304a2c271ed36c213cf1e4106307,source_inspection,True,[],True,True,[],[],pass,pass,pass,pass,False,[],True,True,gemini,"What safeguards should be in place for transporting system media outside controlled areas, including accountability and documentation requirements?",experiments/answerer_comparison/rq2_frontier_baseline_rev5/results_v1/contracts/rev5_generative_frontier_api.csv
50,rev5,answer-content-strict-pass-v1,815d279a422abeeefddf034d6b6d6624e8d5aec0df08959b6fc6caee24c57a9f,source_inspection,True,[],True,True,[],[],pass,pass,pass,pass,False,[],True,True,gemini,"What are the requirements for sanitizing system media prior to disposal, reuse, or release from organizational control?",experiments/answerer_comparison/rq2_frontier_baseline_rev5/results_v1/contracts/rev5_generative_frontier_api.csv
51,rev5,answer-content-strict-pass-v1,d13077856cfd4e5c3d3021fdc90ef62f1bab52b80ca4960ddc01c39768bb49c6,source_inspection,True,[],True,True,[],[],pass,pass,pass,pass,False,[],True,True,gemini,"What are the requirements for managing facility access authorizations, credentials, and access lists for individuals entering secured areas?",experiments/answerer_comparison/rq2_frontier_baseline_rev5/results_v1/contracts/rev5_generative_frontier_api.csv
52,rev5,answer-content-strict-pass-v1,c24e374252edf46000fc08fd431b25e688bde247199a9be608b6645ea9fb046f,source_inspection,True,[],True,True,[],[],pass,pass,pass,pass,False,[],True,True,gemini,"What considerations, components, and types of controls are involved in implementing physical access control?",experiments/answerer_comparison/rq2_frontier_baseline_rev5/results_v1/contracts/rev5_generative_frontier_api.csv
53,rev5,answer-content-strict-pass-v1,b3352a7d447594e79eb29c1013378eb8df8334e7dc2e54e2298cd349912f036e,source_inspection,True,[],True,True,[],[],pass,pass,pass,pass,False,[],True,True,gemini,What controls should organizations use to protect system distribution and transmission lines from physical damage or interception?,experiments/answerer_comparison/rq2_frontier_baseline_rev5/results_v1/contracts/rev5_generative_frontier_api.csv
54,rev5,answer-content-strict-pass-v1,163629e5dd8cb7e4aa713b7aa6cb43842deb987f4dfb96579506b5aae7635381,source_inspection,True,[],True,True,[],[],pass,pass,pass,pass,False,[],True,True,gemini,"How should physical access to output devices such as monitors, printers, or copiers be restricted and monitored?",experiments/answerer_comparison/rq2_frontier_baseline_rev5/results_v1/contracts/rev5_generative_frontier_api.csv
55,rev5,answer-content-strict-pass-v1,1263ca3ba64ca1477614ae00cd119de708036deb9669b819aa35588be8bd0572,source_inspection,True,[],True,True,[],[],pass,pass,pass,pass,False,[],True,True,gemini,What measures should be implemented to monitor and review physical access logs and respond to security incidents in facilities housing systems?,experiments/answerer_comparison/rq2_frontier_baseline_rev5/results_v1/contracts/rev5_generative_frontier_api.csv
56,rev5,answer-content-strict-pass-v1,d28832850599ed1fa630f7f11738d0903b8170a3c08f622e33f92af163dc1f04,legacy_failure_short_circuit,False,"[""MissedDocIds:['pl-2_gdn']""]",True,True,[],[],not_required,not_required,not_required,not_required,False,[],False,False,gemini,What is the guidance of control PL-2?,experiments/answerer_comparison/rq2_frontier_baseline_rev5/results_v1/contracts/rev5_generative_frontier_api.csv
57,rev5,answer-content-strict-pass-v1,c6411de495a71bf78b8cb567f1bb090fd8fab4426f9bf6877bbf263c7eff7705,source_inspection,True,[],True,True,[],[],pass,pass,pass,pass,False,[],True,True,gemini,What considerations are involved in establishing rules of behavior regarding their application to different user types and the methods for documenting acknowledgment?,experiments/answerer_comparison/rq2_frontier_baseline_rev5/results_v1/contracts/rev5_generative_frontier_api.csv
58,rev5,answer-content-strict-pass-v1,20d6fc6a32f63b294a0c452d10daf16416d475d2d907c5b5546fcd4ebc3de928,source_inspection,True,[],True,True,[],[],pass,pass,pass,pass,False,[],True,True,gemini,"What is the purpose of a Concept of Operations, and how often should it be reviewed and updated?",experiments/answerer_comparison/rq2_frontier_baseline_rev5/results_v1/contracts/rev5_generative_frontier_api.csv
59,rev5,answer-content-strict-pass-v1,70a1c4d5c4ed1f0810b24c9e3b023811dc16e906a1a2374ab654139b73bea10c,legacy_failure_short_circuit,False,"[""MissingODPsButStatusNotParamsRequired:['pl-08_odp']"", ""MissedDocIds:['pl-8_smt.b', 'pl-8_smt.c']""]",True,True,[],[],not_required,not_required,not_required,not_required,False,[],False,False,gemini,What should security and privacy architectures describe to ensure protection of information and integration with the enterprise architecture?,experiments/answerer_comparison/rq2_frontier_baseline_rev5/results_v1/contracts/rev5_generative_frontier_api.csv
60,rev5,answer-content-strict-pass-v1,2c43919e28ff6129b3a585aed157ce95679608af4261091a38c93e1c226320dc,source_inspection,True,[],True,True,[],[],pass,pass,pass,pass,False,[],True,True,gemini,"How does the concept of tailoring allow organizations to customize control baselines to their mission, environment, and risk profile?",experiments/answerer_comparison/rq2_frontier_baseline_rev5/results_v1/contracts/rev5_generative_frontier_api.csv
61,rev5,answer-content-strict-pass-v1,95311291d4e47489bcb8d2d3c051b60198d30e29d114817bea134552a00c4a92,source_inspection,True,[],True,True,[],[],pass,pass,pass,pass,False,[],True,True,gemini,"Who serves as the senior agency information security officer, and what is their role within federal agencies?",experiments/answerer_comparison/rq2_frontier_baseline_rev5/results_v1/contracts/rev5_generative_frontier_api.csv
62,rev5,answer-content-strict-pass-v1,a87416ece3f6149026ccfaafa783d164a4e39b780152443ebbcf1f7cba047210,legacy_failure_short_circuit,False,"[""MissedDocIds:['pm-4_smt.a', 'pm-4_smt.a.1', 'pm-4_smt.a.3']""]",True,True,[],[],not_required,not_required,not_required,not_required,False,[],False,False,gemini,What is the purpose of a plan of action and milestones process within the organization's risk management strategy?,experiments/answerer_comparison/rq2_frontier_baseline_rev5/results_v1/contracts/rev5_generative_frontier_api.csv
63,rev5,answer-content-strict-pass-v1,75608ece17d3d3696df813374c1afa1cc2880234a922a7b8a699fe78c72abba3,source_inspection,True,[],True,True,[],[],pass,pass,pass,pass,False,[],True,True,gemini,How are measures of performance used to evaluate the effectiveness of security and privacy programs?,experiments/answerer_comparison/rq2_frontier_baseline_rev5/results_v1/contracts/rev5_generative_frontier_api.csv
64,rev5,answer-content-strict-pass-v1,df05abedc1d8363ddf1541fa5a8908a1f82053aa3c2c306136ff551a41b111a6,source_inspection,True,[],True,True,[],[],pass,pass,pass,pass,False,[],True,True,gemini,"What considerations must be incorporated into the enterprise architecture to address security, privacy, and risk?",experiments/answerer_comparison/rq2_frontier_baseline_rev5/results_v1/contracts/rev5_generative_frontier_api.csv
65,rev5,answer-content-strict-pass-v1,0c308d709aabc2b769fbc7cb15c19372fd45943209da5350c14b30f57b5076bc,legacy_failure_short_circuit,False,"[""MissedDocIds:['pm-9_smt.a', 'pm-9_smt.a.1', 'pm-9_smt.a.2']""]",True,True,[],[],not_required,not_required,not_required,not_required,False,[],False,False,gemini,"What are the key components of an organization's risk management strategy, and how should it be implemented and updated?",experiments/answerer_comparison/rq2_frontier_baseline_rev5/results_v1/contracts/rev5_generative_frontier_api.csv
66,rev5,answer-content-strict-pass-v1,f007ec635a64cf0f29246f098258ea13c4478a85f0ed5b1e17b5f1739dba07f3,legacy_failure_short_circuit,False,"[""MissedDocIds:['ps-2_smt.a', 'ps-2_smt.b', 'ps-2_smt.c']""]",True,True,[],[],not_required,not_required,not_required,not_required,False,[],False,False,gemini,"What process should the organization use to assign, review, and update position risk designations and establish screening criteria for personnel?",experiments/answerer_comparison/rq2_frontier_baseline_rev5/results_v1/contracts/rev5_generative_frontier_api.csv
67,rev5,answer-content-strict-pass-v1,ba59a915eb5110179be22b5e8327fceff8ea7bf051105bfe9c326f340bbf7dd9,source_inspection,True,[],True,True,[],[],pass,pass,uncertain,uncertain,False,"[{""answer_excerpt"": ""an organization-defined frequency or conditions"", ""gate"": ""parameter_semantics"", ""reason"": ""The source defines conditions AND, where rescreening is indicated, its frequency. The word or may change the relation or may be shorthand for trigger modes; independent adjudication is needed."", ""references"": [{""excerpt"": ""ps-3_prm_1 organization-defined conditions requiring rescreening and, where rescreening is so indicated, the frequency of rescreening"", ""source_id"": ""ps-3_prm_1""}, {""excerpt"": ""Rescreen individuals in accordance with {{ insert: param, ps-3_prm_1 }}."", ""source_id"": ""ps-3_smt.b""}]}, {""answer_excerpt"": ""an organization-defined frequency or conditions"", ""gate"": ""claim_faithfulness"", ""reason"": ""The paraphrase does not clearly preserve the source conditional conjunction. Strict credit is withheld, with a possible-pass upper count retained."", ""references"": [{""excerpt"": ""ps-3_prm_1 organization-defined conditions requiring rescreening and, where rescreening is so indicated, the frequency of rescreening"", ""source_id"": ""ps-3_prm_1""}]}]",False,True,gemini,When and how must individuals be screened before authorizing or maintaining access to organizational systems?,experiments/answerer_comparison/rq2_frontier_baseline_rev5/results_v1/contracts/rev5_generative_frontier_api.csv
68,rev5,answer-content-strict-pass-v1,20a94f54a7937a0dd9ad383117a1e306c15a6b0710afd4109e466ad9175c8162,legacy_failure_short_circuit,False,"[""MissedDocIds:['ps-4_smt.a', 'ps-4_smt.b', 'ps-4_smt.c', 'ps-4_smt.d', 'ps-4_smt.e']""]",True,True,[],[],not_required,not_required,not_required,not_required,False,[],False,False,gemini,What steps must be taken when an individual's employment or role is terminated?,experiments/answerer_comparison/rq2_frontier_baseline_rev5/results_v1/contracts/rev5_generative_frontier_api.csv
69,rev5,answer-content-strict-pass-v1,80a499cc41dae4c78c61888a78a9639c8f028ce2333dbfecf290e172a8757ba1,source_inspection,True,[],True,True,[],[],pass,pass,pass,pass,False,[],True,True,gemini,"What actions should the organization take to review, modify, and communicate access authorizations for reassigned or transferred personnel?",experiments/answerer_comparison/rq2_frontier_baseline_rev5/results_v1/contracts/rev5_generative_frontier_api.csv
70,rev5,answer-content-strict-pass-v1,2580013d98936f040636a18984e9e25711d09a059c7af28dc34d51ce4295437d,legacy_failure_short_circuit,False,"[""MissedDocIds:['ps-6_smt.c']""]",True,True,[],[],not_required,not_required,not_required,not_required,False,[],False,False,gemini,"What requirements apply to developing, reviewing, and signing access agreements for individuals requiring system access?",experiments/answerer_comparison/rq2_frontier_baseline_rev5/results_v1/contracts/rev5_generative_frontier_api.csv
71,rev5,answer-content-strict-pass-v1,7b9002c0683c9e59e049860a2de2f05d9df8a4a2868ce01e258d4385f8802e9d,source_inspection,True,[],True,True,[],[],pass,pass,pass,pass,False,[],True,True,gemini,"How should organizations determine, document, and restrict the purposes and lawful basis for processing personally identifiable information?",experiments/answerer_comparison/rq2_frontier_baseline_rev5/results_v1/contracts/rev5_generative_frontier_api.csv
72,rev5,answer-content-strict-pass-v1,512acbc5a2bcd1591143fdf6cde1b25bb9c793a9b73bb3e3f3b8fe6041fc4724,legacy_failure_short_circuit,False,"[""MissedDocIds:['pt-3_smt.b']""]",True,True,[],[],not_required,not_required,not_required,not_required,False,[],False,False,gemini,"What must organizations identify and document about the purposes and conditions for collecting, using, and sharing PII, and how should they handle changes to those purposes?",experiments/answerer_comparison/rq2_frontier_baseline_rev5/results_v1/contracts/rev5_generative_frontier_api.csv
73,rev5,answer-content-strict-pass-v1,39914a2707b71538df1046b59bc5486bd724e40a6058dbfccaed6ce8f09eafc3,source_inspection,True,[],True,True,[],[],pass,pass,pass,pass,False,[],True,True,gemini,"How should organizations obtain and manage individual consent for processing PII, and what factors should be considered when determining the appropriate consent mechanism?",experiments/answerer_comparison/rq2_frontier_baseline_rev5/results_v1/contracts/rev5_generative_frontier_api.csv
74,rev5,answer-content-strict-pass-v1,b1a48cecc0cafd2e46849521489f78eb967001dccd52b58f9d1051d72bb7e8e1,legacy_failure_short_circuit,False,"[""MissedDocIds:['pt-5_smt.a', 'pt-5_smt.b', 'pt-5_smt.c', 'pt-5_smt.d', 'pt-5_smt.e']""]",True,True,[],[],not_required,not_required,not_required,not_required,False,[],False,False,gemini,"What information should be included in privacy notices to individuals, and when must such notices be provided or updated?",experiments/answerer_comparison/rq2_frontier_baseline_rev5/results_v1/contracts/rev5_generative_frontier_api.csv
75,rev5,answer-content-strict-pass-v1,ffe6709c7207405ea5d020c5ca18c2722f45ce334a2b56bf6b99da3ed7b661a8,source_inspection,True,[],True,True,[],[],pass,pass,pass,pass,False,[],True,True,gemini,What must organizations do to publish and maintain accurate system of records Notices for systems that contain PII?,experiments/answerer_comparison/rq2_frontier_baseline_rev5/results_v1/contracts/rev5_generative_frontier_api.csv
76,rev5,answer-content-strict-pass-v1,c00932eaee06579988c3c86c0071137696a6a4e915d190c41e4405d1d73fc953,source_inspection,True,[],True,True,[],[],pass,pass,pass,pass,False,[],True,True,gemini,"What steps are required to categorize a system and its information, and who must approve the decision?",experiments/answerer_comparison/rq2_frontier_baseline_rev5/results_v1/contracts/rev5_generative_frontier_api.csv
77,rev5,answer-content-strict-pass-v1,b6edbb775c876003ee84ec6b042a31c9c1d06677de94bcbb581e2780b6fb9b83,legacy_failure_short_circuit,False,"[""ODPListMismatch:extracted=['ra-03_odp.01', 'ra-03_odp.03', 'ra-03_odp.04', 'ra-03_odp.05'],gen_list=['ra-03_odp.01', 'ra-03_odp.03']"", ""ODPRequiredListNotEqualGold:gold=['ra-03_odp.01', 'ra-03_odp.02', 'ra-03_odp.03', 'ra-03_odp.04', 'ra-03_odp.05'],gen=['ra-03_odp.01', 'ra-03_odp.03']"", ""MissedDocIds:['ra-3_smt.a.1', 'ra-3_smt.a.2', 'ra-3_smt.a.3', 'ra-3_smt.e', 'ra-3_smt.f']""]",True,False,[],"[""RetainedParameterUnionMismatch:expected=['ra-03_odp.01', 'ra-03_odp.03', 'ra-03_odp.04', 'ra-03_odp.05'],declared=['ra-03_odp.01', 'ra-03_odp.03']""]",not_required,not_required,not_required,not_required,False,[],False,False,gemini,"How should organizations conduct and document risk assessments, and how often should the results be reviewed?",experiments/answerer_comparison/rq2_frontier_baseline_rev5/results_v1/contracts/rev5_generative_frontier_api.csv
78,rev5,answer-content-strict-pass-v1,3371ff4aa3afb2af74708e9d8053d2b0ef694b7f03433942a0fcfc059d00b664,legacy_failure_short_circuit,False,"[""MissedDocIds:['ra-5_smt', 'ra-5_smt.b', 'ra-5_smt.b.1', 'ra-5_smt.b.2', 'ra-5_smt.b.3', 'ra-5_smt.c', 'ra-5_smt.f']""]",True,True,[],[],not_required,not_required,not_required,not_required,False,[],False,False,gemini,"What are the requirements for scanning systems for vulnerabilities, remediating identified risks, and sharing vulnerability information?",experiments/answerer_comparison/rq2_frontier_baseline_rev5/results_v1/contracts/rev5_generative_frontier_api.csv
79,rev5,answer-content-strict-pass-v1,31a7e0ed45d6bd507481597087c6b97595435a2bdec10425e9b83cade792fa23,source_inspection,True,[],True,True,[],[],pass,pass,pass,pass,False,[],True,True,gemini,"What options may organizations consider when responding to identified risks, and how does risk tolerance affect these decisions?",experiments/answerer_comparison/rq2_frontier_baseline_rev5/results_v1/contracts/rev5_generative_frontier_api.csv
80,rev5,answer-content-strict-pass-v1,e0652879a985a60bb4422a6f9655ab6c013fadcd25c0ddf7cfa7fa4b450d8dea,legacy_failure_short_circuit,False,"[""GoldPolicyASKButStatusNotParamsRequired"", ""MissedDocIds:['ra-9_smt']""]",True,True,[],[],not_required,not_required,not_required,not_required,False,[],False,False,gemini,"What is the purpose of performing a criticality analysis, and when should it be conducted?",experiments/answerer_comparison/rq2_frontier_baseline_rev5/results_v1/contracts/rev5_generative_frontier_api.csv
81,rev5,answer-content-strict-pass-v1,eda9ec06efbb7238f2d31ad3b9551e0caa5c4718244085c365833fd906678165,legacy_failure_short_circuit,False,"[""OKButUnresolvedODPPlaceholders"", ""GoldPolicyASKButStatusNotParamsRequired"", ""MissedDocIds:['sa-5_smt.a.1', 'sa-5_smt.a.2', 'sa-5_smt.a.3', 'sa-5_smt.b.1', 'sa-5_smt.b.2', 'sa-5_smt.b.3', 'sa-5_smt.c', 'sa-5_smt.d']""]",True,False,[],"[""RetainedParameterUnionMismatch:expected=['sa-05_odp.01', 'sa-05_odp.02'],declared=[]"", ""StatusNotEqualRetainedParameterState""]",not_required,not_required,not_required,not_required,False,[],False,False,gemini,"In SA-5, what documentation should be obtained or developed?",experiments/answerer_comparison/rq2_frontier_baseline_rev5/results_v1/contracts/rev5_generative_frontier_api.csv
82,rev5,answer-content-strict-pass-v1,1896b75bf540db9ad93e89bb5228e7606db739f2765265e4add6539a9bc5d5cd,source_inspection,True,[],True,True,[],[],pass,pass,pass,pass,False,[],True,True,gemini,"In SA-8, which security and privacy engineering principles should be applied?",experiments/answerer_comparison/rq2_frontier_baseline_rev5/results_v1/contracts/rev5_generative_frontier_api.csv
83,rev5,answer-content-strict-pass-v1,970ca4f9bb5fe4b7dabd4435305a14c14aea824d6a2e2b58b9b0b3445eac191a,source_inspection,True,[],True,True,[],[],pass,pass,pass,pass,False,[],True,True,gemini,What are the requirements for ensuring external service providers comply with organizational security and privacy expectations?,experiments/answerer_comparison/rq2_frontier_baseline_rev5/results_v1/contracts/rev5_generative_frontier_api.csv
84,rev5,answer-content-strict-pass-v1,4c4a19e39ad65cc8387b634dd182869f61680fec15825fb4cf3daa62ae18cc00,legacy_failure_short_circuit,False,"[""MissedDocIds:['sa-10_smt.a', 'sa-10_smt.b', 'sa-10_smt.c', 'sa-10_smt.d', 'sa-10_smt.e']""]",True,True,[],[],not_required,not_required,not_required,not_required,False,[],False,False,gemini,"What should be required from system developers regarding configuration management, approved changes, and flaw tracking?",experiments/answerer_comparison/rq2_frontier_baseline_rev5/results_v1/contracts/rev5_generative_frontier_api.csv
85,rev5,answer-content-strict-pass-v1,698c62b92701fe3f962c91b07a00c5409bd26d39024a309747d6ab2e94e84018,legacy_failure_short_circuit,False,"[""GoldPolicyASKButStatusNotParamsRequired"", ""MissedDocIds:['sa-11_smt', 'sa-11_smt.a', 'sa-11_smt.b', 'sa-11_smt.d']""]",True,True,[],[],not_required,not_required,not_required,not_required,False,[],False,False,gemini,What are developers required to produce and correct under a system's security and privacy assessment plan?,experiments/answerer_comparison/rq2_frontier_baseline_rev5/results_v1/contracts/rev5_generative_frontier_api.csv
86,rev5,answer-content-strict-pass-v1,21f9269659905063026b8acc90f15d96320447dd247b79d2285dac4d49106ff3,source_inspection,True,[],True,True,[],[],pass,pass,fail,fail,False,"[{""answer_excerpt"": ""organizationally separated (according to an organization-defined parameter)"", ""gate"": ""parameter_semantics"", ""reason"": ""The parameter alternatives are physically or logically; organizationally is a disjoint replacement rather than a neutral reference to the unresolved separation choice."", ""references"": [{""excerpt"": ""sc-07_odp SC-07_ODP Choices: physically | logically"", ""source_id"": ""sc-07_odp""}, {""excerpt"": ""Implement subnetworks for publicly accessible system components that are {{ insert: param, sc-07_odp }} separated from internal organizational networks; and"", ""source_id"": ""sc-7_smt.b""}]}, {""answer_excerpt"": ""organizationally separated"", ""gate"": ""claim_faithfulness"", ""reason"": ""The body describes organizational separation instead of the source-supported physical/logical separation alternatives."", ""references"": [{""excerpt"": ""sc-07_odp SC-07_ODP Choices: physically | logically"", ""source_id"": ""sc-07_odp""}, {""excerpt"": ""Implement subnetworks for publicly accessible system components that are {{ insert: param, sc-07_odp }} separated from internal organizational networks; and"", ""source_id"": ""sc-7_smt.b""}]}]",False,False,gemini,"How should communications be monitored and controlled at system interfaces, and how must external connections be managed to protect organizational networks?",experiments/answerer_comparison/rq2_frontier_baseline_rev5/results_v1/contracts/rev5_generative_frontier_api.csv
87,rev5,answer-content-strict-pass-v1,c0186b18676a67d6c51d30af5fcf918ad270e3c97d274a8aa60830c390c60ff8,source_inspection,True,[],True,True,[],[],pass,pass,fail,pass,False,"[{""answer_excerpt"": ""cryptographic hash functions (including digital signatures, checksums, and message authentication codes)"", ""gate"": ""claim_faithfulness"", ""reason"": ""The cited source says hash functions have applications in these mechanisms; the body changes applications into members/examples of hash functions. TLS and IPSec are explicitly supported and are not failure grounds."", ""references"": [{""excerpt"": ""Encryption protects information from unauthorized disclosure and modification during transmission. Cryptographic mechanisms that protect the confidentiality and integrity of information during transmission include TLS and IPSec. Cryptographic mechanisms used to protect information integrity include cryptographic hash functions that have applications in digital signatures, checksums, and message authentication codes."", ""source_id"": ""sc-8.1_gdn""}]}]",False,False,gemini,What measures should be implemented to protect the confidentiality and integrity of transmitted information across internal and external networks?,experiments/answerer_comparison/rq2_frontier_baseline_rev5/results_v1/contracts/rev5_generative_frontier_api.csv
88,rev5,answer-content-strict-pass-v1,e957f9b5947c9832e30b67eb2469519017d736f7ab2875335342b32587a5b78e,source_inspection,True,[],True,True,[],[],pass,pass,pass,pass,False,[],True,True,gemini,What requirements apply to establishing and managing cryptographic keys used within the system?,experiments/answerer_comparison/rq2_frontier_baseline_rev5/results_v1/contracts/rev5_generative_frontier_api.csv
89,rev5,answer-content-strict-pass-v1,2aff4ba41c54d3c8a28e24bcfda876d7ccbad650158aa7c37499a52d85ca946b,legacy_failure_short_circuit,False,"[""MissedControlCitations:['SC-13']"", ""MissedDocIds:['sc-13_gdn']"", ""LowControlRecall""]",True,True,[],[],not_required,not_required,not_required,not_required,False,[],False,False,gemini,"How should cryptographic mechanisms be selected and implemented to comply with applicable laws, policies, and standards?",experiments/answerer_comparison/rq2_frontier_baseline_rev5/results_v1/contracts/rev5_generative_frontier_api.csv
90,rev5,answer-content-strict-pass-v1,76386e736eac0d213ebc1374bce690d5ecc5ade111e44995d32979a2c1214883,source_inspection,True,[],True,True,[],[],pass,pass,fail,fail,False,"[{""answer_excerpt"": ""organization-defined safeguards (sc-28_odp.01)"", ""gate"": ""parameter_semantics"", ""reason"": ""The parameter selects confidentiality/integrity properties, not safeguards to be protected."", ""references"": [{""excerpt"": ""sc-28_odp.01 SC-28_ODP[01] Choices: confidentiality | integrity"", ""source_id"": ""sc-28_odp.01""}, {""excerpt"": ""Protect the {{ insert: param, sc-28_odp.01 }} of the following information at rest: {{ insert: param, sc-28_odp.02 }}."", ""source_id"": ""sc-28_smt""}]}, {""answer_excerpt"": ""protect the organization-defined safeguards (sc-28_odp.01)"", ""gate"": ""claim_faithfulness"", ""reason"": ""The protected object is confidentiality/integrity of information; changing it to safeguards alters the obligation."", ""references"": [{""excerpt"": ""sc-28_odp.01 SC-28_ODP[01] Choices: confidentiality | integrity"", ""source_id"": ""sc-28_odp.01""}, {""excerpt"": ""Protect the {{ insert: param, sc-28_odp.01 }} of the following information at rest: {{ insert: param, sc-28_odp.02 }}."", ""source_id"": ""sc-28_smt""}]}, {""answer_excerpt"": ""frequent scanning to identify malicious code at rest, and secure offline storage in lieu of online storage"", ""gate"": ""claim_faithfulness"", ""reason"": ""The guidance limits these other controls to when adequate at-rest protection cannot otherwise be achieved; the body omits that explicit limitation."", ""references"": [{""excerpt"": ""Information at rest refers to the state of information when it is not in process or in transit and is located on system components. Such components include internal or external hard disk drives, storage area network devices, or databases. However, the focus of protecting information at rest is not on the type of storage device or frequency of access but rather on the state of the information. Information at rest addresses the confidentiality and integrity of information and covers user information and system information. System-related information that requires protection includes configurations or rule sets for firewalls, intrusion detection and prevention systems, filtering routers, and authentication information. Organizations may employ different mechanisms to achieve confidentiality and integrity protections, including the use of cryptographic mechanisms and file share scanning. Integrity protection can be achieved, for example, by implementing write-once-read-many (WORM) technologies. When adequate protection of information at rest cannot otherwise be achieved, organizations may employ other controls, including frequent scanning to identify malicious code at rest and secure offline storage in lieu of online storage."", ""source_id"": ""sc-28_gdn""}]}]",False,False,gemini,What protections must be applied to ensure the confidentiality and integrity of information at rest within system components?,experiments/answerer_comparison/rq2_frontier_baseline_rev5/results_v1/contracts/rev5_generative_frontier_api.csv
91,rev5,answer-content-strict-pass-v1,308b03469ac994d15f3bdd4d106d9eafbd992311ec599f799889af02d5286c9e,legacy_failure_short_circuit,False,"[""MissedDocIds:['si-2_smt.d']""]",True,True,[],[],not_required,not_required,not_required,not_required,False,[],False,False,gemini,"What actions must organizations take to identify, report, test, and install security-relevant software and firmware updates?",experiments/answerer_comparison/rq2_frontier_baseline_rev5/results_v1/contracts/rev5_generative_frontier_api.csv
92,rev5,answer-content-strict-pass-v1,4a32cdacee7ca3678e34e69b83891a5aa37644517b678c4920bf864ed4709155,source_inspection,True,[],True,True,[],[],pass,pass,pass,pass,False,[],True,True,gemini,What are the requirements for implementing and managing malicious-code protection mechanisms across the system?,experiments/answerer_comparison/rq2_frontier_baseline_rev5/results_v1/contracts/rev5_generative_frontier_api.csv
93,rev5,answer-content-strict-pass-v1,70f7ca7ce36d7a295571023f088cc8aecdd1916aa81fc431c27bbc942b0cbbd0,legacy_failure_short_circuit,False,"[""MissedDocIds:['si-4_smt.a', 'si-4_smt.a.2', 'si-4_smt.c', 'si-4_smt.c.1', 'si-4_smt.c.2', 'si-4_smt.d', 'si-4_smt.e', 'si-4_smt.f']""]",True,True,[],[],not_required,not_required,not_required,not_required,False,[],False,False,gemini,"How should systems be monitored to detect attacks, unauthorized connections, and anomalous activities, and how should such events be analyzed and reported?",experiments/answerer_comparison/rq2_frontier_baseline_rev5/results_v1/contracts/rev5_generative_frontier_api.csv
94,rev5,answer-content-strict-pass-v1,de4d7b10b4d2171d7a006dd4645ff45669b7c3a334add4fc53b3bc813035a1a0,legacy_failure_short_circuit,False,"[""GoldPolicyASKButStatusNotParamsRequired"", ""MissedDocIds:['si-7_smt.a', 'si-7_smt.b']""]",True,True,[],[],not_required,not_required,not_required,not_required,False,[],False,False,gemini,"What integrity-verification mechanisms should be employed to detect unauthorized changes to software, firmware, or data?",experiments/answerer_comparison/rq2_frontier_baseline_rev5/results_v1/contracts/rev5_generative_frontier_api.csv
95,rev5,answer-content-strict-pass-v1,63030ccdf65b3c468b1cdecae74acd5e4ea79fc7caf0c99926e015bd4eed5bfd,source_inspection,True,[],True,True,[],[],pass,pass,pass,pass,False,[],True,True,gemini,How should organizations validate system inputs to prevent injection or cross-site scripting attacks?,experiments/answerer_comparison/rq2_frontier_baseline_rev5/results_v1/contracts/rev5_generative_frontier_api.csv
96,rev5,answer-content-strict-pass-v1,19a23b12aae92a64f6b4bba60b39051838396797460a75eed1935f5b28057b73,legacy_failure_short_circuit,False,"[""ODPRequiredListNotEqualGold:gold=['sr-02_odp.01', 'sr-02_odp.02'],gen=['sr-02_odp.02']"", ""MissedDocIds:['sr-2_smt.a']""]",True,True,[],[],not_required,not_required,not_required,not_required,False,[],False,False,gemini,"What elements must be included in a supply-chain risk management plan, and how often should it be reviewed and protected from unauthorized disclosure?",experiments/answerer_comparison/rq2_frontier_baseline_rev5/results_v1/contracts/rev5_generative_frontier_api.csv
97,rev5,answer-content-strict-pass-v1,5c8c70ac70af19fda82e1dad8a135a91d6287565364c3a00ac829d333fca0798,source_inspection,True,[],True,True,[],[],pass,pass,pass,pass,False,[],True,True,gemini,How should organizations identify and address weaknesses in supply-chain elements and document protective controls and processes?,experiments/answerer_comparison/rq2_frontier_baseline_rev5/results_v1/contracts/rev5_generative_frontier_api.csv
98,rev5,answer-content-strict-pass-v1,c6828ea27c749379fcd7b0b84cfeafc97a8e07fea2e4130aa71e4679ef0cb5f5,source_inspection,True,[],True,True,[],[],pass,pass,pass,pass,False,[],True,True,gemini,"What acquisition and contracting practices should be employed to protect the supply chain from counterfeit, tampered, or malicious components?",experiments/answerer_comparison/rq2_frontier_baseline_rev5/results_v1/contracts/rev5_generative_frontier_api.csv
99,rev5,answer-content-strict-pass-v1,0ec455eef6aa9538603313e99ea9701dabd37aa6d4ef0d83bf9c6b1a15638a28,source_inspection,True,[],True,True,[],[],pass,pass,pass,pass,False,[],True,True,gemini,How frequently should supply-chain-related risks be assessed and reviewed for suppliers and contractors?,experiments/answerer_comparison/rq2_frontier_baseline_rev5/results_v1/contracts/rev5_generative_frontier_api.csv
100,rev5,answer-content-strict-pass-v1,b877f4ab048527469c091efc4e49f5b8d7d94723c9b58523fbd1777df4f897e4,source_inspection,True,[],True,True,[],[],pass,pass,pass,fail,False,"[{""answer_excerpt"": ""report counterfeit system components to organization-defined personnel or roles"", ""gate"": ""parameter_semantics"", ""reason"": ""The unresolved report-recipient choice includes the counterfeit source and external reporting organizations as well as a personnel/roles branch. The body silently keeps only that latter unselected branch."", ""references"": [{""excerpt"": ""Report counterfeit system components to {{ insert: param, sr-11_odp.01 }}."", ""source_id"": ""sr-11_smt.b""}, {""excerpt"": ""sr-11_odp.01 SR-11_ODP[01] Choices: source of counterfeit component | {{ insert: param, sr-11_odp.02 }} | {{ insert: param, sr-11_odp.03 }}"", ""source_id"": ""sr-11_odp.01""}, {""excerpt"": ""sr-11_odp.02 external reporting organizations Guidelines: external reporting organizations to whom counterfeit system components are to be reported is/are defined (if selected);"", ""source_id"": ""sr-11_odp.02""}, {""excerpt"": ""sr-11_odp.03 personnel or roles Guidelines: personnel or roles to whom counterfeit system components are to be reported is/are defined (if selected);"", ""source_id"": ""sr-11_odp.03""}]}]",False,False,gemini,"What policies and procedures should be developed to detect, prevent, and report counterfeit components within the system?",experiments/answerer_comparison/rq2_frontier_baseline_rev5/results_v1/contracts/rev5_generative_frontier_api.csv
1,rev4,answer-content-strict-pass-v1,54a45e6204efbc79b2b1750770c420618226034cf5f57a789208062727b92170,legacy_failure_short_circuit,False,"[""OKButUnresolvedODPPlaceholders"", ""GoldPolicyASKButStatusNotParamsRequired""]",True,False,[],"[""RetainedParameterUnionMismatch:expected=['ac-2_prm_1', 'ac-2_prm_2', 'ac-2_prm_3', 'ac-2_prm_4'],declared=[]"", ""StatusNotEqualRetainedParameterState""]",not_required,not_required,not_required,not_required,False,[],False,False,baseline,What does AC-2 require the organization to do when managing information system accounts?,experiments/answerer_comparison/rq2_frontier_baseline/results_v1/references/rev4_generative_baseline_4bit.csv
2,rev4,answer-content-strict-pass-v1,b2968ffa5663e3a405b84eac107bda05b21847215af76837e679d4971c69d103,source_inspection,True,[],True,True,[],[],pass,pass,pass,pass,False,[],True,True,baseline,What principle does AC-6 require the organization to employ for user/system access?,experiments/answerer_comparison/rq2_frontier_baseline/results_v1/references/rev4_generative_baseline_4bit.csv
3,rev4,answer-content-strict-pass-v1,338e58452cfcaec9c98966f5c843c341043f71590dc588423b752975dae09a4c,legacy_failure_short_circuit,False,"[""OKButUnresolvedODPPlaceholders"", ""MissingODPsButStatusNotParamsRequired:['at-02_prm.01']"", ""StatusOKButStillHasODPPlaceholders"", ""MissedDocIds:['at-2_smt.c']""]",True,False,[],"[""StatusNotEqualRetainedParameterState"", ""AskListNotEqualDeclaredParameters""]",not_required,not_required,not_required,not_required,False,[],False,False,baseline,What security awareness training must the organization provide and when?,experiments/answerer_comparison/rq2_frontier_baseline/results_v1/references/rev4_generative_baseline_4bit.csv
4,rev4,answer-content-strict-pass-v1,0b3f093cc9f5ccdd6e66e4f21a5eb43fb9f66bdb0af7e764d95e24f7341a831f,legacy_failure_short_circuit,False,"[""OKButUnresolvedODPPlaceholders"", ""MissingODPsButStatusNotParamsRequired:['at-03_prm.01']"", ""StatusOKButStillHasODPPlaceholders""]",True,False,[],"[""StatusNotEqualRetainedParameterState"", ""AskListNotEqualDeclaredParameters""]",not_required,not_required,not_required,not_required,False,[],False,False,baseline,What are the requirements for role-based security training and timing of delivery?,experiments/answerer_comparison/rq2_frontier_baseline/results_v1/references/rev4_generative_baseline_4bit.csv
5,rev4,answer-content-strict-pass-v1,8fb83f2ad8c99d45bc3d87dff034d645eda39d63eef5e34d6b157d41bfad5e74,legacy_failure_short_circuit,False,"[""OKButUnresolvedODPPlaceholders"", ""GoldPolicyASKButStatusNotParamsRequired"", ""MissedDocIds:['au-2_smt.d']""]",True,False,[],"[""RetainedParameterUnionMismatch:expected=['au-2_prm_1', 'au-2_prm_2'],declared=[]"", ""StatusNotEqualRetainedParameterState""]",not_required,not_required,not_required,not_required,False,[],False,False,baseline,What must the organization determine about events within the information system?,experiments/answerer_comparison/rq2_frontier_baseline/results_v1/references/rev4_generative_baseline_4bit.csv
6,rev4,answer-content-strict-pass-v1,3c70f6dc950885a4f40f92e2adb3e1a820b4ba750aeec3238e7fad2fc9004a1f,source_inspection,True,[],True,True,[],[],pass,pass,pass,pass,False,[],True,True,baseline,What audit record contents are the system required to generate?,experiments/answerer_comparison/rq2_frontier_baseline/results_v1/references/rev4_generative_baseline_4bit.csv
7,rev4,answer-content-strict-pass-v1,696a79db4bf66b1111218b998169d5fd686437609c7461dc560db447e19f1280,legacy_failure_short_circuit,False,"[""OKButUnresolvedODPPlaceholders"", ""MissingODPsButStatusNotParamsRequired:['ca-02_prm.01']"", ""MissedDocIds:['ca-2_smt.b']""]",True,False,[],"[""RetainedParameterUnionMismatch:expected=['ca-2_prm_1', 'ca-2_prm_2'],declared=[]"", ""StatusNotEqualRetainedParameterState""]",not_required,not_required,not_required,not_required,False,[],False,False,baseline,What are the requirements regarding assessment of security controls and frequency?,experiments/answerer_comparison/rq2_frontier_baseline/results_v1/references/rev4_generative_baseline_4bit.csv
8,rev4,answer-content-strict-pass-v1,d133bb986b90f900533b0239755b1f6d5b90a0b497f9285d835b65d37b2a6e16,legacy_failure_short_circuit,False,"[""OKButUnresolvedODPPlaceholders"", ""MissingODPsButStatusNotParamsRequired:['ca-07_prm.01', 'ca-07_prm.02', 'ca-07_prm.03', 'ca-07_prm.04', 'ca-07_prm.05']""]",True,False,[],"[""RetainedParameterUnionMismatch:expected=['ca-7_prm_1', 'ca-7_prm_2', 'ca-7_prm_3', 'ca-7_prm_4', 'ca-7_prm_5'],declared=[]"", ""StatusNotEqualRetainedParameterState""]",not_required,not_required,not_required,not_required,False,[],False,False,baseline,What elements must be included in the continuous monitoring strategy and program?,experiments/answerer_comparison/rq2_frontier_baseline/results_v1/references/rev4_generative_baseline_4bit.csv
9,rev4,answer-content-strict-pass-v1,61560911617b1ab6d81b2ca175dea413260fb46a30c063cfdda5538cbf8c395f,source_inspection,True,[],True,True,[],[],pass,pass,pass,pass,False,[],True,True,baseline,What does CM-2 require regarding the baseline configuration of the information system?,experiments/answerer_comparison/rq2_frontier_baseline/results_v1/references/rev4_generative_baseline_4bit.csv
10,rev4,answer-content-strict-pass-v1,216fe58d5293737ffee8d6969a69f55fd7d80a9f94576e4173202b84706f539d,legacy_failure_short_circuit,False,"[""OKButUnresolvedODPPlaceholders"", ""MissingODPsButStatusNotParamsRequired:['cm-06_prm.01']"", ""StatusOKButStillHasODPPlaceholders""]",True,False,[],"[""StatusNotEqualRetainedParameterState"", ""AskListNotEqualDeclaredParameters""]",not_required,not_required,not_required,not_required,False,[],False,False,baseline,What are the requirements for establishing and documenting configuration settings?,experiments/answerer_comparison/rq2_frontier_baseline/results_v1/references/rev4_generative_baseline_4bit.csv
11,rev4,answer-content-strict-pass-v1,9f1b4d1960a93b5d23dcbcf5e32daa793e8106dbcc6149fc5f219b1b55641961,legacy_failure_short_circuit,False,"[""OKButUnresolvedODPPlaceholders""]",True,False,[],"[""RetainedParameterUnionMismatch:expected=['cp-2_prm_1'],declared=[]"", ""StatusNotEqualRetainedParameterState""]",not_required,not_required,not_required,not_required,False,[],False,False,baseline,What does CP-2 require in developing a contingency plan for the information system?,experiments/answerer_comparison/rq2_frontier_baseline/results_v1/references/rev4_generative_baseline_4bit.csv
12,rev4,answer-content-strict-pass-v1,a49f65f32c13635efbf3809a0f94740d09db4752e409b98d40a8cae23623ae93,legacy_failure_short_circuit,False,"[""OKButUnresolvedODPPlaceholders"", ""MissingODPsButStatusNotParamsRequired:['cp-09_prm.01', 'cp-09_prm.02', 'cp-09_prm.03']""]",True,False,[],"[""RetainedParameterUnionMismatch:expected=['cp-9_prm_1', 'cp-9_prm_2', 'cp-9_prm_3'],declared=[]"", ""StatusNotEqualRetainedParameterState""]",not_required,not_required,not_required,not_required,False,[],False,False,baseline,What does CP-9 require for conducting and protecting backups at the storage location?,experiments/answerer_comparison/rq2_frontier_baseline/results_v1/references/rev4_generative_baseline_4bit.csv
13,rev4,answer-content-strict-pass-v1,cfa380a6385a718cd916ebea734f7896e1a882052f5d3ec37dc8e2e1381e7b4d,legacy_failure_short_circuit,False,"[""MissedDocIds:['ia-2_smt']""]",True,True,[],[],not_required,not_required,not_required,not_required,False,[],False,False,baseline,What identification and authentication requirement does IA-2 specify for organizational users?,experiments/answerer_comparison/rq2_frontier_baseline/results_v1/references/rev4_generative_baseline_4bit.csv
14,rev4,answer-content-strict-pass-v1,f152900519d302a2e010011f469f5b3245388fdc1e6581275b2d698f1c629876,legacy_failure_short_circuit,False,"[""OKButUnresolvedODPPlaceholders"", ""MissedDocIds:['ia-5_gdn']""]",True,False,[],"[""RetainedParameterUnionMismatch:expected=['ia-5_prm_1'],declared=[]"", ""StatusNotEqualRetainedParameterState""]",not_required,not_required,not_required,not_required,False,[],False,False,baseline,"What processes are in place to securely create, distribute, protect, and revoke authenticators such as passwords, tokens, or certificates?",experiments/answerer_comparison/rq2_frontier_baseline/results_v1/references/rev4_generative_baseline_4bit.csv
15,rev4,answer-content-strict-pass-v1,d6f5832ccd86e101d8a96afbdbacdefdb18f6aa3636ae49b62beebe512a8c4ee,source_inspection,True,[],True,True,[],[],fail,pass,pass,pass,False,"[{""answer_excerpt"": ""The organization must implement an incident handling capability that includes preparation, detection and analysis, containment, eradication, and recovery."", ""gate"": ""citation_use"", ""reason"": ""IR-4 child c concerns incorporating lessons learned into procedures/training/testing and implementing changes. The body contains only capability phases, so child c is unused."", ""references"": [{""excerpt"": ""Incorporates lessons learned from ongoing incident handling activities into incident response procedures, training, and testing, and implements the resulting changes accordingly."", ""source_id"": ""ir-4_smt.c""}]}]",False,False,baseline,What incident handling capability does IR-4 require the organization to implement?,experiments/answerer_comparison/rq2_frontier_baseline/results_v1/references/rev4_generative_baseline_4bit.csv
16,rev4,answer-content-strict-pass-v1,4d64f4bd7e9427e823d9f98e06d01085e8baac8b4647819eff2bf64b05e77b66,legacy_failure_short_circuit,False,"[""OKButUnresolvedODPPlaceholders"", ""MissingODPsButStatusNotParamsRequired:['ir-06_prm.01']"", ""StatusOKButStillHasODPPlaceholders"", ""MissedDocIds:['ir-6_smt.b']""]",True,False,[],"[""RetainedParameterUnionMismatch:expected=['ir-6_prm_1', 'ir-6_prm_2'],declared=['ir-6_prm_1']"", ""StatusNotEqualRetainedParameterState"", ""AskListNotEqualDeclaredParameters""]",not_required,not_required,not_required,not_required,False,[],False,False,baseline,What does IR-6 require about reporting suspected security incidents and by when?,experiments/answerer_comparison/rq2_frontier_baseline/results_v1/references/rev4_generative_baseline_4bit.csv
17,rev4,answer-content-strict-pass-v1,3e78b4e3d0cb7edf583b0bc2410f9c4d83b361d2ccf02742124cd89c83f93d47,source_inspection,True,[],True,True,[],[],pass,pass,pass,pass,False,[],True,True,baseline,What actions does MA-3 require the organization to do with information system maintenance tools?,experiments/answerer_comparison/rq2_frontier_baseline/results_v1/references/rev4_generative_baseline_4bit.csv
18,rev4,answer-content-strict-pass-v1,53e7386be194ce8a1d50e91c8589a7f526879c8f788e755ac3acc87fd2e530b0,legacy_failure_short_circuit,False,"[""OKButUnresolvedODPPlaceholders"", ""GoldPolicyASKButStatusNotParamsRequired""]",True,False,[],"[""RetainedParameterUnionMismatch:expected=['ma-2_prm_1'],declared=[]"", ""StatusNotEqualRetainedParameterState""]",not_required,not_required,not_required,not_required,False,[],False,False,baseline,Who must approve removing the system or components off-site for maintenance?,experiments/answerer_comparison/rq2_frontier_baseline/results_v1/references/rev4_generative_baseline_4bit.csv
19,rev4,answer-content-strict-pass-v1,024a4525b0d5ef7f72465a06760a70e26fdc9b16774774e01223d44f0957c7d3,legacy_failure_short_circuit,False,"[""OKButUnresolvedODPPlaceholders"", ""GoldPolicyASKButStatusNotParamsRequired"", ""MissedDocIds:['mp-4_smt.a', 'mp-4_smt.b']""]",True,False,[],"[""RetainedParameterUnionMismatch:expected=['mp-4_prm_1', 'mp-4_prm_2'],declared=[]"", ""StatusNotEqualRetainedParameterState""]",not_required,not_required,not_required,not_required,False,[],False,False,baseline,What does MP-4 require for protecting information system media?,experiments/answerer_comparison/rq2_frontier_baseline/results_v1/references/rev4_generative_baseline_4bit.csv
20,rev4,answer-content-strict-pass-v1,a472e4698be78ad87b0d1d5878ad2606f15cccdb9bb54f298acc866bbe95d02c,legacy_failure_short_circuit,False,"[""OKButUnresolvedODPPlaceholders"", ""MissingODPsButStatusNotParamsRequired:['mp-06_prm.01', 'mp-06_prm.02']"", ""MissedDocIds:['mp-6_smt.a', 'mp-6_smt.b']""]",True,False,[],"[""RetainedParameterUnionMismatch:expected=['mp-6_prm_1', 'mp-6_prm_2'],declared=[]"", ""StatusNotEqualRetainedParameterState""]",not_required,not_required,not_required,not_required,False,[],False,False,baseline,What does MP-6 require for sanitizing media prior to disposal or release?,experiments/answerer_comparison/rq2_frontier_baseline/results_v1/references/rev4_generative_baseline_4bit.csv
21,rev4,answer-content-strict-pass-v1,13a80c0fa4d55a6905bc9643d4b0cfa67fda9ea865d4370a958bfd60056c19e1,legacy_failure_short_circuit,False,"[""OKButUnresolvedODPPlaceholders"", ""GoldPolicyASKButStatusNotParamsRequired"", ""PreserveMissingPlaceholder:pe-03_prm.04"", ""PreserveMissingPlaceholder:pe-03_prm.05"", ""PreserveMissingPlaceholder:pe-03_prm.06"", ""PreserveMissingPlaceholder:pe-03_prm.07"", ""PreserveMissingPlaceholder:pe-03_prm.08"", ""PreserveMissingPlaceholder:pe-03_prm.09"", ""MissedDocIds:['pe-3_smt.a.1', 'pe-3_smt.b', 'pe-3_smt.c', 'pe-3_smt.d', 'pe-3_smt.e', 'pe-3_smt.f', 'pe-3_smt.g']""]",True,False,[],"[""RetainedParameterUnionMismatch:expected=['pe-3_prm_1', 'pe-3_prm_2'],declared=[]"", ""StatusNotEqualRetainedParameterState""]",not_required,not_required,not_required,not_required,False,[],False,False,baseline,What are the requirements for enforcing physical access authorizations at facility entry/exit points?,experiments/answerer_comparison/rq2_frontier_baseline/results_v1/references/rev4_generative_baseline_4bit.csv
22,rev4,answer-content-strict-pass-v1,d9e3a9cfac891936919b814e8091317d8c42d5d152cfd72558fa5f277fa2fd90,source_inspection,True,[],True,True,[],[],pass,pass,pass,pass,False,[],True,True,baseline,What does PE-6 require regarding monitoring physical access to the facility?,experiments/answerer_comparison/rq2_frontier_baseline/results_v1/references/rev4_generative_baseline_4bit.csv
23,rev4,answer-content-strict-pass-v1,a8260ef6f43ded084f88f1b6c9760b4c43ca6cec6c64ebec8729dbf24bb948d1,legacy_failure_short_circuit,False,"[""MissedDocIds:['pl-2_smt.a', 'pl-2_smt.a.1', 'pl-2_smt.a.2', 'pl-2_smt.a.3', 'pl-2_smt.a.4', 'pl-2_smt.a.5']""]",True,True,[],[],not_required,not_required,not_required,not_required,False,[],False,False,baseline,What does PL-2 require for the security plan describing controls in place or planned?,experiments/answerer_comparison/rq2_frontier_baseline/results_v1/references/rev4_generative_baseline_4bit.csv
24,rev4,answer-content-strict-pass-v1,6be2b84ec5a1347e367e85057a99c2b6787303636ee61e6cdeeb005a9e397268,legacy_failure_short_circuit,False,"[""OKButUnresolvedODPPlaceholders"", ""MissedDocIds:['pl-4_smt.a']""]",True,False,[],"[""RetainedParameterUnionMismatch:expected=['pl-4_prm_1'],declared=[]"", ""StatusNotEqualRetainedParameterState""]",not_required,not_required,not_required,not_required,False,[],False,False,baseline,What does PL-4 require about establishing and disseminating rules of behavior to system users?,experiments/answerer_comparison/rq2_frontier_baseline/results_v1/references/rev4_generative_baseline_4bit.csv
25,rev4,answer-content-strict-pass-v1,c39d2e6bd28725e24d5140ebf678ed7f5afc6122055e1c2c6874a067a2304040,legacy_failure_short_circuit,False,"[""OKButUnresolvedODPPlaceholders""]",True,False,[],"[""RetainedParameterUnionMismatch:expected=['pm-1_prm_1'],declared=[]"", ""StatusNotEqualRetainedParameterState""]",not_required,not_required,not_required,not_required,False,[],False,False,baseline,What does PM-1 require regarding an organization-wide information security program plan?,experiments/answerer_comparison/rq2_frontier_baseline/results_v1/references/rev4_generative_baseline_4bit.csv
26,rev4,answer-content-strict-pass-v1,14b594939bf1d5665b6c572f0797f15255e177439e20a9c7c93f1d8ae27e11b7,legacy_failure_short_circuit,False,"[""MissedDocIds:['pm-3_smt.a', 'pm-3_smt.c']""]",True,True,[],[],not_required,not_required,not_required,not_required,False,[],False,False,baseline,"What specific documentation artifacts must the organization employ to record information security resource requirements during capital planning, and how must exceptions to resource inclusion be handled?",experiments/answerer_comparison/rq2_frontier_baseline/results_v1/references/rev4_generative_baseline_4bit.csv
27,rev4,answer-content-strict-pass-v1,d6c0f71d2d17c9107d7ca3ff1c1617dbc44aa5cb8849fc766fef288d4e2199ba,legacy_failure_short_circuit,False,"[""OKButUnresolvedODPPlaceholders"", ""MissedDocIds:['ps-2_smt.a']""]",True,False,[],"[""RetainedParameterUnionMismatch:expected=['ps-2_prm_1'],declared=[]"", ""StatusNotEqualRetainedParameterState""]",not_required,not_required,not_required,not_required,False,[],False,False,baseline,What does PS-2 require regarding position risk designations and screening criteria?,experiments/answerer_comparison/rq2_frontier_baseline/results_v1/references/rev4_generative_baseline_4bit.csv
28,rev4,answer-content-strict-pass-v1,eebb899f1f88a02c222e166f8666d93376a277d3be141041e5f75da59b30976f,legacy_failure_short_circuit,False,"[""OKButUnresolvedODPPlaceholders"", ""MissingODPsButStatusNotParamsRequired:['ps-03_prm.01']""]",True,False,[],"[""RetainedParameterUnionMismatch:expected=['ps-3_prm_1'],declared=[]"", ""StatusNotEqualRetainedParameterState""]",not_required,not_required,not_required,not_required,False,[],False,False,baseline,What does PS-3 require before authorizing access to the information system?,experiments/answerer_comparison/rq2_frontier_baseline/results_v1/references/rev4_generative_baseline_4bit.csv
29,rev4,answer-content-strict-pass-v1,1714df2d008e7fc58cfdda67f351f07eea15b980d2c8ab37c4f1e2ec7b5277cb,legacy_failure_short_circuit,False,"[""MissedDocIds:['ra-2_smt.a']""]",True,True,[],[],not_required,not_required,not_required,not_required,False,[],False,False,baseline,What does RA-2 require regarding categorizing the information system and its resident information?,experiments/answerer_comparison/rq2_frontier_baseline/results_v1/references/rev4_generative_baseline_4bit.csv
30,rev4,answer-content-strict-pass-v1,350ecf323a5b0dcae9cf419e1d69d180b49422f71bbd26406e0c9c6536ed576e,legacy_failure_short_circuit,False,"[""OKButUnresolvedODPPlaceholders"", ""GoldPolicyASKButStatusNotParamsRequired"", ""MissedDocIds:['ra-5_smt.a']""]",True,False,[],"[""RetainedParameterUnionMismatch:expected=['ra-5.2_prm_1', 'ra-5_prm_1', 'ra-5_prm_2', 'ra-5_prm_3'],declared=[]"", ""StatusNotEqualRetainedParameterState""]",not_required,not_required,not_required,not_required,False,[],False,False,baseline,"What does RA-5 require for scanning vulnerabilities, including frequency and trigger conditions?",experiments/answerer_comparison/rq2_frontier_baseline/results_v1/references/rev4_generative_baseline_4bit.csv
31,rev4,answer-content-strict-pass-v1,f6c7a4198e1346c688a3e16dce96a16a7160a35080579cc1a952b37bf477cc42,legacy_failure_short_circuit,False,"[""OKButUnresolvedODPPlaceholders"", ""MissingODPsButStatusNotParamsRequired:['sa-03_prm.01']"", ""StatusOKButStillHasODPPlaceholders"", ""MissedDocIds:['sa-3_smt.b', 'sa-3_smt.c', 'sa-3_smt.d']""]",True,False,[],"[""StatusNotEqualRetainedParameterState"", ""AskListNotEqualDeclaredParameters""]",not_required,not_required,not_required,not_required,False,[],False,False,baseline,What does SA-3 require about managing the system?,experiments/answerer_comparison/rq2_frontier_baseline/results_v1/references/rev4_generative_baseline_4bit.csv
32,rev4,answer-content-strict-pass-v1,6291274efbbf4d6a204c52b23de4311a916987f7673a0798d6a0fd1c2f0f0cbb,source_inspection,True,[],True,True,[],[],pass,pass,pass,pass,False,[],True,True,baseline,What does SA-4 require including in acquisition contracts for information systems?,experiments/answerer_comparison/rq2_frontier_baseline/results_v1/references/rev4_generative_baseline_4bit.csv
33,rev4,answer-content-strict-pass-v1,f57573a4b3127c84df4ad213418f3b83e124b7f4000aae63afca646be82efe1c,source_inspection,True,[],True,True,[],[],fail,pass,pass,pass,False,"[{""answer_excerpt"": ""Monitors and controls communications."", ""gate"": ""citation_use"", ""reason"": ""SC-7 child c requires external connections only through managed boundary-protection interfaces arranged under a security architecture. The body merely says monitors and controls communications."", ""references"": [{""excerpt"": ""Connects to external networks or information systems only through managed interfaces consisting of boundary protection devices arranged in accordance with an organizational security architecture."", ""source_id"": ""sc-7_smt.c""}]}]",False,False,baseline,What does SC-7 require the system to do at external and key internal boundaries?,experiments/answerer_comparison/rq2_frontier_baseline/results_v1/references/rev4_generative_baseline_4bit.csv
34,rev4,answer-content-strict-pass-v1,baf0340028890fd03ac4abc12b2907c10cb10e8ebd4c1d0ee93a9572c3cdd489,legacy_failure_short_circuit,False,"[""OKButUnresolvedODPPlaceholders"", ""MissingODPsButStatusNotParamsRequired:['sc-08_prm.01']"", ""StatusOKButStillHasODPPlaceholders""]",True,False,[],"[""StatusNotEqualRetainedParameterState"", ""AskListNotEqualDeclaredParameters""]",not_required,not_required,not_required,not_required,False,[],False,False,baseline,What protections for transmitted information does SC-8 require?,experiments/answerer_comparison/rq2_frontier_baseline/results_v1/references/rev4_generative_baseline_4bit.csv
35,rev4,answer-content-strict-pass-v1,ade17a44185b9aa832bfb07dca946d71f2bb036c2f5d832f49acd3c33e2a88b8,legacy_failure_short_circuit,False,"[""MissingODPsButStatusNotParamsRequired:['si-02_prm.01']"", ""MissedDocIds:['si-2_smt.b', 'si-2_smt.c', 'si-2_smt.d']""]",True,True,[],[],not_required,not_required,not_required,not_required,False,[],False,False,baseline,"What does SI-2 require for identifying, reporting, and correcting system flaws?",experiments/answerer_comparison/rq2_frontier_baseline/results_v1/references/rev4_generative_baseline_4bit.csv
36,rev4,answer-content-strict-pass-v1,f22341faf343e5c48123eeedadeef8f09111ac48a28454a548c4c5540f001577,legacy_failure_short_circuit,False,"[""OKButUnresolvedODPPlaceholders"", ""GoldPolicyASKButStatusNotParamsRequired"", ""StatusOKButStillHasODPPlaceholders"", ""MissedDocIds:['si-4_smt.a']""]",True,False,[],"[""StatusNotEqualRetainedParameterState"", ""AskListNotEqualDeclaredParameters""]",not_required,not_required,not_required,not_required,False,[],False,False,baseline,"What monitoring does SI-4 require to detect attacks, indicators, and unauthorized connections?",experiments/answerer_comparison/rq2_frontier_baseline/results_v1/references/rev4_generative_baseline_4bit.csv
1,rev4,answer-content-strict-pass-v1,50ab51c5606b3ac685ae8365ad1b17dd4e743a9b525c223c1ec92aafef5fe609,full_retention_certificate,True,[],True,True,[],[],pass,pass,pass,pass,True,[],True,True,compliancegpt,What does AC-2 require the organization to do when managing information system accounts?,experiments/answerer_comparison/rq2_frontier_baseline/results_v1/references/rev4_compliancegpt_4bit.csv
2,rev4,answer-content-strict-pass-v1,8d24dbf540287d669cf70918081cd2839117866302b96d760254130d97c70807,full_retention_certificate,True,[],True,True,[],[],pass,pass,pass,pass,True,[],True,True,compliancegpt,What principle does AC-6 require the organization to employ for user/system access?,experiments/answerer_comparison/rq2_frontier_baseline/results_v1/references/rev4_compliancegpt_4bit.csv
3,rev4,answer-content-strict-pass-v1,b08c55b14c2c2d66c874c09838a18df92e6143c21d7bce66ff736ae9508500ae,full_retention_certificate,True,[],True,True,[],[],pass,pass,pass,pass,True,[],True,True,compliancegpt,What security awareness training must the organization provide and when?,experiments/answerer_comparison/rq2_frontier_baseline/results_v1/references/rev4_compliancegpt_4bit.csv
4,rev4,answer-content-strict-pass-v1,d7faba3ddb1e09f7ff8f147426102b4cfef72ded5a80b49440f3468a4721c67d,legacy_failure_short_circuit,False,"[""MissedDocIds:['at-3_smt']""]",True,True,[],[],not_required,not_required,not_required,not_required,False,[],False,False,compliancegpt,What are the requirements for role-based security training and timing of delivery?,experiments/answerer_comparison/rq2_frontier_baseline/results_v1/references/rev4_compliancegpt_4bit.csv
5,rev4,answer-content-strict-pass-v1,60a6ed930c59bf0a1917bdb9258ad0306e451a578640e8f698327cf83be7cd66,full_retention_certificate,True,[],True,True,[],[],pass,pass,pass,pass,True,[],True,True,compliancegpt,What must the organization determine about events within the information system?,experiments/answerer_comparison/rq2_frontier_baseline/results_v1/references/rev4_compliancegpt_4bit.csv
6,rev4,answer-content-strict-pass-v1,38178838f2dd0df7274fc647c473426451dde2011de0cd84c66fad9388346c79,full_retention_certificate,True,[],True,True,[],[],pass,pass,pass,pass,True,[],True,True,compliancegpt,What audit record contents are the system required to generate?,experiments/answerer_comparison/rq2_frontier_baseline/results_v1/references/rev4_compliancegpt_4bit.csv
7,rev4,answer-content-strict-pass-v1,7ea1bcadea21eedb7ea312b3bff543b3375cdbcd5f0ff135c30d0e636a27bb59,full_retention_certificate,True,[],True,True,[],[],pass,pass,pass,pass,True,[],True,True,compliancegpt,What are the requirements regarding assessment of security controls and frequency?,experiments/answerer_comparison/rq2_frontier_baseline/results_v1/references/rev4_compliancegpt_4bit.csv
8,rev4,answer-content-strict-pass-v1,77dc465473751f64bcc17e37ae9a93071e6d8e1d661c9f7883dc5c91366c12b3,full_retention_certificate,True,[],True,True,[],[],pass,pass,pass,pass,True,[],True,True,compliancegpt,What elements must be included in the continuous monitoring strategy and program?,experiments/answerer_comparison/rq2_frontier_baseline/results_v1/references/rev4_compliancegpt_4bit.csv
9,rev4,answer-content-strict-pass-v1,1b14c397ec2515399dd9de7a66d00ad8c8eb1a882da662c207c1feff1fe65a43,full_retention_certificate,True,[],True,True,[],[],pass,pass,pass,pass,True,[],True,True,compliancegpt,What does CM-2 require regarding the baseline configuration of the information system?,experiments/answerer_comparison/rq2_frontier_baseline/results_v1/references/rev4_compliancegpt_4bit.csv
10,rev4,answer-content-strict-pass-v1,927645a0e964f8158da80a737d56b33d66f2ca134ffbcb1cb22ca6a9293a23d5,full_retention_certificate,True,[],True,True,[],[],pass,pass,pass,pass,True,[],True,True,compliancegpt,What are the requirements for establishing and documenting configuration settings?,experiments/answerer_comparison/rq2_frontier_baseline/results_v1/references/rev4_compliancegpt_4bit.csv
11,rev4,answer-content-strict-pass-v1,5750b7c0f4a271a71ebd014f3a240d17a9e175d0c1662cd21477ae25afb08bb6,full_retention_certificate,True,[],True,True,[],[],pass,pass,pass,pass,True,[],True,True,compliancegpt,What does CP-2 require in developing a contingency plan for the information system?,experiments/answerer_comparison/rq2_frontier_baseline/results_v1/references/rev4_compliancegpt_4bit.csv
12,rev4,answer-content-strict-pass-v1,11b2345c4a0f1241e9d15581d296b4698470c6f872b501845e461c90f8bd4bc2,full_retention_certificate,True,[],True,True,[],[],pass,pass,pass,pass,True,[],True,True,compliancegpt,What does CP-9 require for conducting and protecting backups at the storage location?,experiments/answerer_comparison/rq2_frontier_baseline/results_v1/references/rev4_compliancegpt_4bit.csv
13,rev4,answer-content-strict-pass-v1,58c1b86415f12f68be2cfcc2370ec3c493a97b5eda8a5f6f8b70fddbd7cb36ac,full_retention_certificate,True,[],True,True,[],[],pass,pass,pass,pass,True,[],True,True,compliancegpt,What identification and authentication requirement does IA-2 specify for organizational users?,experiments/answerer_comparison/rq2_frontier_baseline/results_v1/references/rev4_compliancegpt_4bit.csv
14,rev4,answer-content-strict-pass-v1,1fe01e9c3e049788212c8d628833e489c79354e8a0ff28aa44f446dcf01d2972,full_retention_certificate,True,[],True,True,[],[],pass,pass,pass,pass,True,[],True,True,compliancegpt,"What processes are in place to securely create, distribute, protect, and revoke authenticators such as passwords, tokens, or certificates?",experiments/answerer_comparison/rq2_frontier_baseline/results_v1/references/rev4_compliancegpt_4bit.csv
15,rev4,answer-content-strict-pass-v1,c50f534e8c61dba731d68004e608dfe330f1c44051d4777dff3b10578cd12090,full_retention_certificate,True,[],True,True,[],[],pass,pass,pass,pass,True,[],True,True,compliancegpt,What incident handling capability does IR-4 require the organization to implement?,experiments/answerer_comparison/rq2_frontier_baseline/results_v1/references/rev4_compliancegpt_4bit.csv
16,rev4,answer-content-strict-pass-v1,f25c6860de0e212c2c8380bee99d8820bf15f983b2ce0f52852ca79f0492600d,legacy_failure_short_circuit,False,"[""MissedDocIds:['ir-6_smt.b']""]",True,True,[],[],not_required,not_required,not_required,not_required,False,[],False,False,compliancegpt,What does IR-6 require about reporting suspected security incidents and by when?,experiments/answerer_comparison/rq2_frontier_baseline/results_v1/references/rev4_compliancegpt_4bit.csv
17,rev4,answer-content-strict-pass-v1,27b9527050533a0a3949e1e364121b9bada3a0ddf97585176c65fd24cd2d7dbe,full_retention_certificate,True,[],True,True,[],[],pass,pass,pass,pass,True,[],True,True,compliancegpt,What actions does MA-3 require the organization to do with information system maintenance tools?,experiments/answerer_comparison/rq2_frontier_baseline/results_v1/references/rev4_compliancegpt_4bit.csv
18,rev4,answer-content-strict-pass-v1,0517453b9ec9d691a7036fa540767ab185f3a8e9b7675f60f06552650c805e7d,full_retention_certificate,True,[],True,True,[],[],pass,pass,pass,pass,True,[],True,True,compliancegpt,Who must approve removing the system or components off-site for maintenance?,experiments/answerer_comparison/rq2_frontier_baseline/results_v1/references/rev4_compliancegpt_4bit.csv
19,rev4,answer-content-strict-pass-v1,d6ce438fedb7ed208bd04fbe5fd4f069733765eed5eb48663ead993f4c37cbe7,full_retention_certificate,True,[],True,True,[],[],pass,pass,pass,pass,True,[],True,True,compliancegpt,What does MP-4 require for protecting information system media?,experiments/answerer_comparison/rq2_frontier_baseline/results_v1/references/rev4_compliancegpt_4bit.csv
20,rev4,answer-content-strict-pass-v1,d58defc99f424becd25bea6ee30e2b85a4f1cec0f25ad1fa49641e112f35a6d7,full_retention_certificate,True,[],True,True,[],[],pass,pass,pass,pass,True,[],True,True,compliancegpt,What does MP-6 require for sanitizing media prior to disposal or release?,experiments/answerer_comparison/rq2_frontier_baseline/results_v1/references/rev4_compliancegpt_4bit.csv
21,rev4,answer-content-strict-pass-v1,317b173291c1a52ce363545f1d4499e3b61aecc119d7878f506a0935307c39be,legacy_failure_short_circuit,False,"[""PreserveMissingPlaceholder:pe-03_prm.01"", ""PreserveMissingPlaceholder:pe-03_prm.04"", ""PreserveMissingPlaceholder:pe-03_prm.05"", ""PreserveMissingPlaceholder:pe-03_prm.06"", ""PreserveMissingPlaceholder:pe-03_prm.07"", ""PreserveMissingPlaceholder:pe-03_prm.08"", ""PreserveMissingPlaceholder:pe-03_prm.09"", ""ODPRequiredListNotEqualGold:gold=['pe-03_prm.01', 'pe-03_prm.02', 'pe-03_prm.04', 'pe-03_prm.05', 'pe-03_prm.06', 'pe-03_prm.07', 'pe-03_prm.08', 'pe-03_prm.09'],gen=['pe-03_prm.02']"", ""MissedDocIds:['pe-3_smt.a', 'pe-3_smt.b', 'pe-3_smt.c', 'pe-3_smt.d', 'pe-3_smt.e', 'pe-3_smt.f', 'pe-3_smt.g']""]",True,True,[],[],not_required,not_required,not_required,not_required,False,[],False,False,compliancegpt,What are the requirements for enforcing physical access authorizations at facility entry/exit points?,experiments/answerer_comparison/rq2_frontier_baseline/results_v1/references/rev4_compliancegpt_4bit.csv
22,rev4,answer-content-strict-pass-v1,4abab5c7305284dac041cadc816af3bd5324382f699e38aaff57ddfce7622203,full_retention_certificate,True,[],True,True,[],[],pass,pass,pass,pass,True,[],True,True,compliancegpt,What does PE-6 require regarding monitoring physical access to the facility?,experiments/answerer_comparison/rq2_frontier_baseline/results_v1/references/rev4_compliancegpt_4bit.csv
23,rev4,answer-content-strict-pass-v1,8d7a7389d402bc3a9984acddbaa240ee62526622f310953ec9f8e2d712a690ea,legacy_failure_short_circuit,False,"[""MissedDocIds:['pl-2_smt.a', 'pl-2_smt.a.1', 'pl-2_smt.a.2', 'pl-2_smt.a.3', 'pl-2_smt.a.4', 'pl-2_smt.a.5']""]",True,True,[],[],not_required,not_required,not_required,not_required,False,[],False,False,compliancegpt,What does PL-2 require for the security plan describing controls in place or planned?,experiments/answerer_comparison/rq2_frontier_baseline/results_v1/references/rev4_compliancegpt_4bit.csv
24,rev4,answer-content-strict-pass-v1,54544faf86aac720f67f0870d094805d2779f257c2138ca86ba22bd4e9b39f3b,full_retention_certificate,True,[],True,True,[],[],pass,pass,pass,pass,True,[],True,True,compliancegpt,What does PL-4 require about establishing and disseminating rules of behavior to system users?,experiments/answerer_comparison/rq2_frontier_baseline/results_v1/references/rev4_compliancegpt_4bit.csv
25,rev4,answer-content-strict-pass-v1,f1720aca4a6ed1130a55627e5ab520c1cd56ddd205864f08709d3c21051ddde6,full_retention_certificate,True,[],True,True,[],[],pass,pass,pass,pass,True,[],True,True,compliancegpt,What does PM-1 require regarding an organization-wide information security program plan?,experiments/answerer_comparison/rq2_frontier_baseline/results_v1/references/rev4_compliancegpt_4bit.csv
26,rev4,answer-content-strict-pass-v1,ada0e16b05196e0d0b6b36d184ce9839b862f42f0eedad53f998931138e86cf6,legacy_failure_short_circuit,False,"[""MissedDocIds:['pm-3_smt.c']""]",True,True,[],[],not_required,not_required,not_required,not_required,False,[],False,False,compliancegpt,"What specific documentation artifacts must the organization employ to record information security resource requirements during capital planning, and how must exceptions to resource inclusion be handled?",experiments/answerer_comparison/rq2_frontier_baseline/results_v1/references/rev4_compliancegpt_4bit.csv
27,rev4,answer-content-strict-pass-v1,f97733456654f8ea783e65ae048a622fc9245b333d9af3cc94fb1efc5507fa4a,full_retention_certificate,True,[],True,True,[],[],pass,pass,pass,pass,True,[],True,True,compliancegpt,What does PS-2 require regarding position risk designations and screening criteria?,experiments/answerer_comparison/rq2_frontier_baseline/results_v1/references/rev4_compliancegpt_4bit.csv
28,rev4,answer-content-strict-pass-v1,54e8d2c2fea6f335b356bae308587cd23357df842417d59dfe84ef43c4ec012f,full_retention_certificate,True,[],True,True,[],[],pass,pass,pass,pass,True,[],True,True,compliancegpt,What does PS-3 require before authorizing access to the information system?,experiments/answerer_comparison/rq2_frontier_baseline/results_v1/references/rev4_compliancegpt_4bit.csv
29,rev4,answer-content-strict-pass-v1,44ce82953b8d56a59740641e844ad31ea5c29047459b6913484bb61c6baa292f,full_retention_certificate,True,[],True,True,[],[],pass,pass,pass,pass,True,[],True,True,compliancegpt,What does RA-2 require regarding categorizing the information system and its resident information?,experiments/answerer_comparison/rq2_frontier_baseline/results_v1/references/rev4_compliancegpt_4bit.csv
30,rev4,answer-content-strict-pass-v1,80745a9c0eaad22b323fde7aba9e15fe4b9ac2b6205f347e59d8bce009218185,legacy_failure_short_circuit,False,"[""MissedDocIds:['ra-5_smt.a']""]",True,True,[],[],not_required,not_required,not_required,not_required,False,[],False,False,compliancegpt,"What does RA-5 require for scanning vulnerabilities, including frequency and trigger conditions?",experiments/answerer_comparison/rq2_frontier_baseline/results_v1/references/rev4_compliancegpt_4bit.csv
31,rev4,answer-content-strict-pass-v1,9c6c1895958dab007922c64f12368c6bf0ad261da2757bf52d8daceb274d8c82,full_retention_certificate,True,[],True,True,[],[],pass,pass,pass,pass,True,[],True,True,compliancegpt,What does SA-3 require about managing the system?,experiments/answerer_comparison/rq2_frontier_baseline/results_v1/references/rev4_compliancegpt_4bit.csv
32,rev4,answer-content-strict-pass-v1,1a760213c47e7c73b5f35baa981f7ee6892b949c171338789dca86d07116779c,legacy_failure_short_circuit,False,"[""MissedDocIds:['sa-4_smt.a', 'sa-4_smt.b']""]",True,True,[],[],not_required,not_required,not_required,not_required,False,[],False,False,compliancegpt,What does SA-4 require including in acquisition contracts for information systems?,experiments/answerer_comparison/rq2_frontier_baseline/results_v1/references/rev4_compliancegpt_4bit.csv
33,rev4,answer-content-strict-pass-v1,24308ecf8f62723b1742ce2bd189d5be05d5a277b3d70e59367bbafeaabfedb1,full_retention_certificate,True,[],True,True,[],[],pass,pass,pass,pass,True,[],True,True,compliancegpt,What does SC-7 require the system to do at external and key internal boundaries?,experiments/answerer_comparison/rq2_frontier_baseline/results_v1/references/rev4_compliancegpt_4bit.csv
34,rev4,answer-content-strict-pass-v1,c8facaf29f2d31061415e1ee38e9e73813a4509a87e58bf9c31a9e8f9907b525,full_retention_certificate,True,[],True,True,[],[],pass,pass,pass,pass,True,[],True,True,compliancegpt,What protections for transmitted information does SC-8 require?,experiments/answerer_comparison/rq2_frontier_baseline/results_v1/references/rev4_compliancegpt_4bit.csv
35,rev4,answer-content-strict-pass-v1,8510e4670c449cbe6816eb794430917c0789636a946ea69fb8291a9b17e4ac22,full_retention_certificate,True,[],True,True,[],[],pass,pass,pass,pass,True,[],True,True,compliancegpt,"What does SI-2 require for identifying, reporting, and correcting system flaws?",experiments/answerer_comparison/rq2_frontier_baseline/results_v1/references/rev4_compliancegpt_4bit.csv
36,rev4,answer-content-strict-pass-v1,c52efd1dbf9b4d5c456c582ea61c77c035f68252e0833cda194a5db8d6f6395e,full_retention_certificate,True,[],True,True,[],[],pass,pass,pass,pass,True,[],True,True,compliancegpt,"What monitoring does SI-4 require to detect attacks, indicators, and unauthorized connections?",experiments/answerer_comparison/rq2_frontier_baseline/results_v1/references/rev4_compliancegpt_4bit.csv
1,rev4,answer-content-strict-pass-v1,2c42a117970ed7b09af9bbf7dac4a96eca6484ebfdc55f2e1f97701f42c913b1,legacy_failure_short_circuit,False,"[""MissedDocIds:['ac-2_smt.f']""]",True,True,[],[],not_required,not_required,not_required,not_required,False,[],False,False,gemini,What does AC-2 require the organization to do when managing information system accounts?,experiments/answerer_comparison/rq2_frontier_baseline/results_v1/contracts/rev4_generative_frontier_api.csv
2,rev4,answer-content-strict-pass-v1,b1e514e8eac142eb025a46e845a08505716ebcb4c5fc513e136a9e17c4f1c422,source_inspection,True,[],True,True,[],[],pass,pass,pass,pass,False,[],True,True,gemini,What principle does AC-6 require the organization to employ for user/system access?,experiments/answerer_comparison/rq2_frontier_baseline/results_v1/contracts/rev4_generative_frontier_api.csv
3,rev4,answer-content-strict-pass-v1,50ca62b1adb82a2763de930073eaf8092da1b634b7558ec3db37b22a3682a94f,source_inspection,True,[],True,True,[],[],pass,pass,pass,pass,False,[],True,True,gemini,What security awareness training must the organization provide and when?,experiments/answerer_comparison/rq2_frontier_baseline/results_v1/contracts/rev4_generative_frontier_api.csv
4,rev4,answer-content-strict-pass-v1,075be31a712b6e5a41a62376d06260955b1353bd417904c639dcf70c3cfe9c09,source_inspection,True,[],True,True,[],[],pass,pass,pass,pass,False,[],True,True,gemini,What are the requirements for role-based security training and timing of delivery?,experiments/answerer_comparison/rq2_frontier_baseline/results_v1/contracts/rev4_generative_frontier_api.csv
5,rev4,answer-content-strict-pass-v1,159a633dddffd531f267098320062c5868d7e50632b90fec4860086f06cee98b,source_inspection,True,[],True,True,[],[],pass,pass,pass,pass,False,[],True,True,gemini,What must the organization determine about events within the information system?,experiments/answerer_comparison/rq2_frontier_baseline/results_v1/contracts/rev4_generative_frontier_api.csv
6,rev4,answer-content-strict-pass-v1,f39e442bcd7ecec3230ef8aa56b823ef8d69df726ac0189a2641ef88a0f5863b,source_inspection,True,[],True,True,[],[],pass,pass,pass,pass,False,[],True,True,gemini,What audit record contents are the system required to generate?,experiments/answerer_comparison/rq2_frontier_baseline/results_v1/contracts/rev4_generative_frontier_api.csv
7,rev4,answer-content-strict-pass-v1,1c96ddebfbf710b049eef21a784ddec3820ae99a8fca44bd9b8c6055c855eaa9,source_inspection,True,[],True,True,[],[],pass,fail,pass,pass,False,"[{""answer_excerpt"": ""The requirements for assessing security controls are defined in CA-2. However, the specific frequency or schedule for these assessments, as well as the recipients of the assessment results, depend on organization-defined parameters."", ""gate"": ""answer_coverage"", ""reason"": ""A deferral to CA-2 plus unresolved frequency/recipients omits assessing correct implementation, intended operation and security-requirement outcomes."", ""references"": [{""excerpt"": ""Assesses the security controls in the information system and its environment of operation {{ insert: param, ca-2_prm_1 }} to determine the extent to which the controls are implemented correctly, operating as intended, and producing the desired outcome with respect to meeting established security requirements;"", ""source_id"": ""ca-2_smt.b""}]}]",False,False,gemini,What are the requirements regarding assessment of security controls and frequency?,experiments/answerer_comparison/rq2_frontier_baseline/results_v1/contracts/rev4_generative_frontier_api.csv
8,rev4,answer-content-strict-pass-v1,86b7068def875e23f7e92c61d44ff6196fcc18a093f98008ac82cf5c3c402ab5,legacy_failure_short_circuit,False,"[""MissedDocIds:['ca-7_smt.a', 'ca-7_smt.b', 'ca-7_smt.c', 'ca-7_smt.d', 'ca-7_smt.e', 'ca-7_smt.f', 'ca-7_smt.g']""]",True,True,[],[],not_required,not_required,not_required,not_required,False,[],False,False,gemini,What elements must be included in the continuous monitoring strategy and program?,experiments/answerer_comparison/rq2_frontier_baseline/results_v1/contracts/rev4_generative_frontier_api.csv
9,rev4,answer-content-strict-pass-v1,782942b9441ffd5b18ea1f2bdf648a92ebb7331b12b90da0381aabb32f4788c5,source_inspection,True,[],True,True,[],[],pass,pass,pass,pass,False,[],True,True,gemini,What does CM-2 require regarding the baseline configuration of the information system?,experiments/answerer_comparison/rq2_frontier_baseline/results_v1/contracts/rev4_generative_frontier_api.csv
10,rev4,answer-content-strict-pass-v1,49242ef1af8789e28c00ce389da6e1e088bca0bfaf577d2cbc7e9f1d3abd72c1,source_inspection,True,[],True,True,[],[],pass,pass,fail,fail,False,"[{""answer_excerpt"": ""organization-defined organizational monitoring and assessment path"", ""gate"": ""parameter_semantics"", ""reason"": ""The deviation basis parameter means operational requirements, not a monitoring/assessment path."", ""references"": [{""excerpt"": ""Identifies, documents, and approves any deviations from established configuration settings for {{ insert: param, cm-6_prm_2 }} based on {{ insert: param, cm-6_prm_3 }}; and"", ""source_id"": ""cm-6_smt.c""}, {""excerpt"": ""cm-6_prm_3 organization-defined operational requirements"", ""source_id"": ""cm-6_prm_3""}]}, {""answer_excerpt"": ""organization-defined organizational monitoring and assessment path"", ""gate"": ""claim_faithfulness"", ""reason"": ""The body substitutes a different basis for approving deviations."", ""references"": [{""excerpt"": ""Identifies, documents, and approves any deviations from established configuration settings for {{ insert: param, cm-6_prm_2 }} based on {{ insert: param, cm-6_prm_3 }}; and"", ""source_id"": ""cm-6_smt.c""}, {""excerpt"": ""cm-6_prm_3 organization-defined operational requirements"", ""source_id"": ""cm-6_prm_3""}]}]",False,False,gemini,What are the requirements for establishing and documenting configuration settings?,experiments/answerer_comparison/rq2_frontier_baseline/results_v1/contracts/rev4_generative_frontier_api.csv
11,rev4,answer-content-strict-pass-v1,9274d6345603347ce73c7ddacda7de114fec61a99108365655e905c3a3151ba7,source_inspection,True,[],True,True,[],[],pass,pass,pass,pass,False,[],True,True,gemini,What does CP-2 require in developing a contingency plan for the information system?,experiments/answerer_comparison/rq2_frontier_baseline/results_v1/contracts/rev4_generative_frontier_api.csv
12,rev4,answer-content-strict-pass-v1,684960ae348a06ef046b0fea851ce6c6de264ced0ffb8e599d668151bfa20e9a,source_inspection,True,[],True,True,[],[],pass,pass,pass,pass,False,[],True,True,gemini,What does CP-9 require for conducting and protecting backups at the storage location?,experiments/answerer_comparison/rq2_frontier_baseline/results_v1/contracts/rev4_generative_frontier_api.csv
13,rev4,answer-content-strict-pass-v1,a8fb7073c4c629c6613656f79368229bc05285640619cc396991d6daa8fe1ff8,source_inspection,True,[],True,True,[],[],pass,pass,pass,pass,False,[],True,True,gemini,What identification and authentication requirement does IA-2 specify for organizational users?,experiments/answerer_comparison/rq2_frontier_baseline/results_v1/contracts/rev4_generative_frontier_api.csv
14,rev4,answer-content-strict-pass-v1,0112975ce7a8c05f826d22f07ed4e2938f40ae3a8137ea30e9d9fd67fd91738d,source_inspection,True,[],True,True,[],[],pass,pass,pass,pass,False,[],True,True,gemini,"What processes are in place to securely create, distribute, protect, and revoke authenticators such as passwords, tokens, or certificates?",experiments/answerer_comparison/rq2_frontier_baseline/results_v1/contracts/rev4_generative_frontier_api.csv
15,rev4,answer-content-strict-pass-v1,2c278ea9249f159fb60d7b71675bd14e3dbe42577bc139bf1d7b2b7db569c07d,source_inspection,True,[],True,True,[],[],pass,pass,pass,pass,False,[],True,True,gemini,What incident handling capability does IR-4 require the organization to implement?,experiments/answerer_comparison/rq2_frontier_baseline/results_v1/contracts/rev4_generative_frontier_api.csv
16,rev4,answer-content-strict-pass-v1,a17f490d9867d9d3706c7f1e015802169a6b50299b5f49d0e50fbc16f469e69e,source_inspection,True,[],True,True,[],[],pass,pass,pass,pass,False,[],True,True,gemini,What does IR-6 require about reporting suspected security incidents and by when?,experiments/answerer_comparison/rq2_frontier_baseline/results_v1/contracts/rev4_generative_frontier_api.csv
17,rev4,answer-content-strict-pass-v1,0a7137267d1f2e0153cb993c142f42fa9c45c470ae8cc9da8ce533ae01326be8,source_inspection,True,[],True,True,[],[],pass,pass,pass,pass,False,[],True,True,gemini,What actions does MA-3 require the organization to do with information system maintenance tools?,experiments/answerer_comparison/rq2_frontier_baseline/results_v1/contracts/rev4_generative_frontier_api.csv
18,rev4,answer-content-strict-pass-v1,d7a52bc33d0c6af4999f7ca65fd2ec27d2a879ec68f775eaba67445be604518d,legacy_failure_short_circuit,False,"[""ODPListMismatch:extracted=['ma-02_prm.01', 'ma-02_prm.02'],gen_list=['ma-02_prm.01']""]",True,False,[],"[""RetainedParameterUnionMismatch:expected=['ma-2_prm_1', 'ma-2_prm_2'],declared=['ma-2_prm_1']""]",not_required,not_required,not_required,not_required,False,[],False,False,gemini,Who must approve removing the system or components off-site for maintenance?,experiments/answerer_comparison/rq2_frontier_baseline/results_v1/contracts/rev4_generative_frontier_api.csv
19,rev4,answer-content-strict-pass-v1,835036cda9dde5f8eb3f7d9c955bb36608209fa95984ed60319c9ee5acaf7f3e,source_inspection,True,[],True,True,[],[],pass,pass,pass,pass,False,[],True,True,gemini,What does MP-4 require for protecting information system media?,experiments/answerer_comparison/rq2_frontier_baseline/results_v1/contracts/rev4_generative_frontier_api.csv
20,rev4,answer-content-strict-pass-v1,a75d9f6f0f490beb42929c7e74752a68ca3e546317a7df529a1bd146019bb2dd,source_inspection,True,[],True,True,[],[],pass,pass,pass,pass,False,[],True,True,gemini,What does MP-6 require for sanitizing media prior to disposal or release?,experiments/answerer_comparison/rq2_frontier_baseline/results_v1/contracts/rev4_generative_frontier_api.csv
21,rev4,answer-content-strict-pass-v1,315b845d09f75f89fd1f67a2ef159f55240f3905dd971a6d5c105016a78757a8,legacy_failure_short_circuit,False,"[""ODPListMismatch:extracted=['pe-03_prm.01', 'pe-03_prm.02', 'pe-03_prm.04', 'pe-03_prm.05', 'pe-03_prm.06', 'pe-03_prm.07', 'pe-03_prm.08', 'pe-03_prm.09'],gen_list=['pe-03_prm.01', 'pe-03_prm.02']"", ""ODPRequiredListNotEqualGold:gold=['pe-03_prm.01', 'pe-03_prm.02', 'pe-03_prm.04', 'pe-03_prm.05', 'pe-03_prm.06', 'pe-03_prm.07', 'pe-03_prm.08', 'pe-03_prm.09'],gen=['pe-03_prm.01', 'pe-03_prm.02']"", ""MissedDocIds:['pe-3_smt.b', 'pe-3_smt.c', 'pe-3_smt.d', 'pe-3_smt.e', 'pe-3_smt.f', 'pe-3_smt.g']""]",True,False,[],"[""RetainedParameterUnionMismatch:expected=['pe-3_prm_1', 'pe-3_prm_2', 'pe-3_prm_4', 'pe-3_prm_5', 'pe-3_prm_6', 'pe-3_prm_7', 'pe-3_prm_8', 'pe-3_prm_9'],declared=['pe-3_prm_1', 'pe-3_prm_2']""]",not_required,not_required,not_required,not_required,False,[],False,False,gemini,What are the requirements for enforcing physical access authorizations at facility entry/exit points?,experiments/answerer_comparison/rq2_frontier_baseline/results_v1/contracts/rev4_generative_frontier_api.csv
22,rev4,answer-content-strict-pass-v1,ec9eed68495f8831750ac56c9b4ed15cdb4029678d11a24cca83b90d9695be13,source_inspection,True,[],True,True,[],[],pass,pass,pass,pass,False,[],True,True,gemini,What does PE-6 require regarding monitoring physical access to the facility?,experiments/answerer_comparison/rq2_frontier_baseline/results_v1/contracts/rev4_generative_frontier_api.csv
23,rev4,answer-content-strict-pass-v1,f068c1388388b4a4ed439ce9b81f2b8fb746e312283f451eecc28c3705672951,legacy_failure_short_circuit,False,"[""MissedDocIds:['pl-2_smt.a', 'pl-2_smt.a.1', 'pl-2_smt.a.2', 'pl-2_smt.a.3', 'pl-2_smt.a.4', 'pl-2_smt.a.5']""]",True,True,[],[],not_required,not_required,not_required,not_required,False,[],False,False,gemini,What does PL-2 require for the security plan describing controls in place or planned?,experiments/answerer_comparison/rq2_frontier_baseline/results_v1/contracts/rev4_generative_frontier_api.csv
24,rev4,answer-content-strict-pass-v1,c5b9614dc0120cab05770d48484a9f8933137fbf8296071c5a1221899232fa92,legacy_failure_short_circuit,False,"[""OKButUnresolvedODPPlaceholders""]",True,False,[],"[""RetainedParameterUnionMismatch:expected=['pl-4_prm_1'],declared=[]"", ""StatusNotEqualRetainedParameterState""]",not_required,not_required,not_required,not_required,False,[],False,False,gemini,What does PL-4 require about establishing and disseminating rules of behavior to system users?,experiments/answerer_comparison/rq2_frontier_baseline/results_v1/contracts/rev4_generative_frontier_api.csv
25,rev4,answer-content-strict-pass-v1,d4f983493e90a20bae2c9e3ff1135a451e209af902fd4bf279d7bcab4bb51e5a,source_inspection,True,[],True,True,[],[],pass,pass,pass,pass,False,[],True,True,gemini,What does PM-1 require regarding an organization-wide information security program plan?,experiments/answerer_comparison/rq2_frontier_baseline/results_v1/contracts/rev4_generative_frontier_api.csv
26,rev4,answer-content-strict-pass-v1,37fa41efd2e3892b6c5470fdfcc273380ddd747f917f7a02b4dff2628c79956c,legacy_failure_short_circuit,False,"[""MissedDocIds:['pm-3_smt.c']""]",True,True,[],[],not_required,not_required,not_required,not_required,False,[],False,False,gemini,"What specific documentation artifacts must the organization employ to record information security resource requirements during capital planning, and how must exceptions to resource inclusion be handled?",experiments/answerer_comparison/rq2_frontier_baseline/results_v1/contracts/rev4_generative_frontier_api.csv
27,rev4,answer-content-strict-pass-v1,3c8832a9383172dffc40084ecc4d64726c796bdabc7e96bf724abfe54307fea1,source_inspection,True,[],True,True,[],[],pass,pass,pass,pass,False,[],True,True,gemini,What does PS-2 require regarding position risk designations and screening criteria?,experiments/answerer_comparison/rq2_frontier_baseline/results_v1/contracts/rev4_generative_frontier_api.csv
28,rev4,answer-content-strict-pass-v1,2eac2edf8cde90e159904b07eba1f881909473eaafd2d17a259979e21999995f,legacy_failure_short_circuit,False,"[""OKButUnresolvedODPPlaceholders"", ""MissingODPsButStatusNotParamsRequired:['ps-03_prm.01']"", ""MissedDocIds:['ps-3_smt.b']""]",True,False,[],"[""RetainedParameterUnionMismatch:expected=['ps-3_prm_1'],declared=[]"", ""StatusNotEqualRetainedParameterState""]",not_required,not_required,not_required,not_required,False,[],False,False,gemini,What does PS-3 require before authorizing access to the information system?,experiments/answerer_comparison/rq2_frontier_baseline/results_v1/contracts/rev4_generative_frontier_api.csv
29,rev4,answer-content-strict-pass-v1,f52d3a0101ff854e935296970af03a2da143ff310aa302082093282851aaef33,source_inspection,True,[],True,True,[],[],pass,pass,pass,pass,False,[],True,True,gemini,What does RA-2 require regarding categorizing the information system and its resident information?,experiments/answerer_comparison/rq2_frontier_baseline/results_v1/contracts/rev4_generative_frontier_api.csv
30,rev4,answer-content-strict-pass-v1,2105091a9cb6b2a4a30f5b8d99fc70b54f1b6da0024136633a066d00ed37de2f,source_inspection,True,[],True,True,[],[],pass,pass,pass,pass,False,[],True,True,gemini,"What does RA-5 require for scanning vulnerabilities, including frequency and trigger conditions?",experiments/answerer_comparison/rq2_frontier_baseline/results_v1/contracts/rev4_generative_frontier_api.csv
31,rev4,answer-content-strict-pass-v1,bc410008881141eac4642901a70d9450430a930ce7575aca01bd2470952994d5,legacy_failure_short_circuit,False,"[""MissedDocIds:['sa-3_smt.b', 'sa-3_smt.c', 'sa-3_smt.d']""]",True,True,[],[],not_required,not_required,not_required,not_required,False,[],False,False,gemini,What does SA-3 require about managing the system?,experiments/answerer_comparison/rq2_frontier_baseline/results_v1/contracts/rev4_generative_frontier_api.csv
32,rev4,answer-content-strict-pass-v1,422ef60135aac09064d349fa13f6e9638677fc232cc7567d186f586bec6393fe,legacy_failure_short_circuit,False,"[""MissedDocIds:['sa-4_smt.a', 'sa-4_smt.b', 'sa-4_smt.c', 'sa-4_smt.d', 'sa-4_smt.e', 'sa-4_smt.f', 'sa-4_smt.g']""]",True,True,[],[],not_required,not_required,not_required,not_required,False,[],False,False,gemini,What does SA-4 require including in acquisition contracts for information systems?,experiments/answerer_comparison/rq2_frontier_baseline/results_v1/contracts/rev4_generative_frontier_api.csv
33,rev4,answer-content-strict-pass-v1,1624fb33a87a8631a037e15a5964773d70e84d6ba7d74ba6fa25e881f8911278,legacy_failure_short_circuit,False,"[""OKButUnresolvedODPPlaceholders""]",True,False,[],"[""RetainedParameterUnionMismatch:expected=['sc-7_prm_1'],declared=[]"", ""StatusNotEqualRetainedParameterState""]",not_required,not_required,not_required,not_required,False,[],False,False,gemini,What does SC-7 require the system to do at external and key internal boundaries?,experiments/answerer_comparison/rq2_frontier_baseline/results_v1/contracts/rev4_generative_frontier_api.csv
34,rev4,answer-content-strict-pass-v1,72975652bb2ed384e076c9bdbe4047a70dd280038b35bc242cc369e2599379c0,source_inspection,True,[],True,True,[],[],pass,pass,pass,pass,False,[],True,True,gemini,What protections for transmitted information does SC-8 require?,experiments/answerer_comparison/rq2_frontier_baseline/results_v1/contracts/rev4_generative_frontier_api.csv
35,rev4,answer-content-strict-pass-v1,b2629b46535f04b7521380753aac1c56adb103724117d63eb0dee77e73057e4d,source_inspection,True,[],True,True,[],[],pass,pass,pass,pass,False,[],True,True,gemini,"What does SI-2 require for identifying, reporting, and correcting system flaws?",experiments/answerer_comparison/rq2_frontier_baseline/results_v1/contracts/rev4_generative_frontier_api.csv
36,rev4,answer-content-strict-pass-v1,8b0dc1836facca0cf8ae176a5026536e4ea868fb9c20f7c02c6666ef76cf9439,legacy_failure_short_circuit,False,"[""ODPListMismatch:extracted=['si-04_prm.01', 'si-04_prm.02', 'si-04_prm.03', 'si-04_prm.04', 'si-04_prm.05'],gen_list=['si-04_prm.01']""]",True,False,[],"[""RetainedParameterUnionMismatch:expected=['si-4_prm_1', 'si-4_prm_2', 'si-4_prm_3', 'si-4_prm_4', 'si-4_prm_5'],declared=['si-4_prm_1']""]",not_required,not_required,not_required,not_required,False,[],False,False,gemini,"What monitoring does SI-4 require to detect attacks, indicators, and unauthorized connections?",experiments/answerer_comparison/rq2_frontier_baseline/results_v1/contracts/rev4_generative_frontier_api.csv
