dataset,system,question_id,question,gold_control_id,rank,is_hit_at_1,is_hit_at_5,is_hit_at_10,mrr@10,ndcg@10,top_1_hit,retrieved_control_ids,selected_rewrite,selected_retrieval_rewrite,system_meta
error_bank_rev4,S7a,1,What does AC-2 require the organization to do when managing information system accounts?,AC-2,1,True,True,True,1.00000000,1.00000000,AC-2,"[""AC-2"", ""AC-2(12)"", ""AC-2(11)"", ""AC-2(7)"", ""AC-2(1)"", ""AC-2(13)"", ""AC-2(2)"", ""AC-6(2)"", ""IA-4"", ""AC-2(8)""]",What are the specific actions required by AC-2 for managing information system accounts?,What are the specific actions required by AC-2 for managing information system accounts?,"{""base_margin_ratio"": 0.050902108280290057, ""base_top1"": ""AC-2"", ""base_top2"": ""AC-2(12)"", ""bm25_top1"": null, ""dense_top1"": null, ""final_margin_ratio"": 0.16758203506469727, ""final_top1"": ""AC-2"", ""gold_informed_rewrite_used"": true, ""num_variants"": 4, ""query_scope"": ""neutral"", ""rerank_alpha"": 0.65, ""rerank_applied"": true, ""rerank_apply_min_margin_ratio"": 0.15, ""rerank_effective_apply_min_margin_ratio"": 0.1, ""rerank_margin_ratio"": 0.16758203506469727, ""rerank_skip_min_base_margin_ratio"": 0.1, ""rerank_skip_require_top1_agreement"": false, ""rerank_top1"": ""AC-2"", ""reranker_called"": true, ""retrieval_query"": ""What does AC-2 require the organization to do when managing information system accounts?"", ""scope_bias"": {""applied"": false, ""query_scope"": ""neutral"", ""reason"": ""neutral_query_scope""}, ""skip_reason"": null, ""sys"": ""S7a"", ""top1_agree"": null}"
error_bank_rev4,S7a,6,What audit record contents are the system required to generate?,AU-3,1,True,True,True,1.00000000,1.00000000,AU-3,"[""AU-3"", ""AU-12"", ""AU-3(2)"", ""AU-3(1)"", ""AU-7(1)"", ""AU-7(2)"", ""AU-7"", ""AU-12(2)"", ""AU-9"", ""AU-8""]",What specific contents must the system generate for audit records?,What specific contents must the system generate for audit records?,"{""base_margin_ratio"": 0.004818434583709681, ""base_top1"": ""AU-3"", ""base_top2"": ""AU-12"", ""bm25_top1"": null, ""dense_top1"": null, ""final_margin_ratio"": 0.02735692262649536, ""final_top1"": ""AU-3"", ""gold_informed_rewrite_used"": true, ""num_variants"": 4, ""query_scope"": ""neutral"", ""rerank_alpha"": 0.65, ""rerank_applied"": true, ""rerank_apply_min_margin_ratio"": 0.15, ""rerank_effective_apply_min_margin_ratio"": 0.1, ""rerank_margin_ratio"": 0.02735692262649536, ""rerank_skip_min_base_margin_ratio"": 0.1, ""rerank_skip_require_top1_agreement"": false, ""rerank_top1"": ""AU-3"", ""reranker_called"": true, ""retrieval_query"": ""What audit record contents are the system required to generate?"", ""scope_bias"": {""applied"": false, ""query_scope"": ""neutral"", ""reason"": ""neutral_query_scope""}, ""skip_reason"": null, ""sys"": ""S7a"", ""top1_agree"": null}"
error_bank_rev4,S7a,10,What are the requirements for establishing and documenting configuration settings?,CM-6,1,True,True,True,1.00000000,1.00000000,CM-6,"[""CM-6"", ""CM-2"", ""CM-9"", ""CP-7(4)"", ""CM-3"", ""CM-8(6)"", ""CM-1"", ""CM-9(1)"", ""SA-10"", ""SA-10(2)""]",What technical standards are needed for setting up and recording configuration parameters?,What technical standards are needed for setting up and recording configuration parameters?,"{""base_margin_ratio"": 0.056658118456565335, ""base_top1"": ""CM-6"", ""base_top2"": ""CM-9"", ""bm25_top1"": null, ""dense_top1"": null, ""final_margin_ratio"": 0.39677315950393677, ""final_top1"": ""CM-6"", ""gold_informed_rewrite_used"": true, ""num_variants"": 4, ""query_scope"": ""neutral"", ""rerank_alpha"": 0.65, ""rerank_applied"": true, ""rerank_apply_min_margin_ratio"": 0.15, ""rerank_effective_apply_min_margin_ratio"": 0.1, ""rerank_margin_ratio"": 0.39677315950393677, ""rerank_skip_min_base_margin_ratio"": 0.1, ""rerank_skip_require_top1_agreement"": false, ""rerank_top1"": ""CM-6"", ""reranker_called"": true, ""retrieval_query"": ""What are the requirements for establishing and documenting configuration settings?"", ""scope_bias"": {""applied"": false, ""query_scope"": ""neutral"", ""reason"": ""neutral_query_scope""}, ""skip_reason"": null, ""sys"": ""S7a"", ""top1_agree"": null}"
error_bank_rev4,S7a,11,What does CP-2 require in developing a contingency plan for the information system?,CP-2,1,True,True,True,1.00000000,1.00000000,CP-2,"[""CP-2"", ""CP-4"", ""CP-2(7)"", ""CP-3"", ""CP-8(4)"", ""CP-1"", ""CP-4(1)"", ""CP-2(1)"", ""CP-10"", ""CP-7""]",What are the requirements for developing a contingency plan according to CP-2?,What are the requirements for developing a contingency plan according to CP-2?,"{""base_margin_ratio"": 0.03092892996509732, ""base_top1"": ""CP-2"", ""base_top2"": ""CP-2(1)"", ""bm25_top1"": null, ""dense_top1"": null, ""final_margin_ratio"": 0.0688469409942627, ""final_top1"": ""CP-2"", ""gold_informed_rewrite_used"": true, ""num_variants"": 4, ""query_scope"": ""neutral"", ""rerank_alpha"": 0.65, ""rerank_applied"": true, ""rerank_apply_min_margin_ratio"": 0.15, ""rerank_effective_apply_min_margin_ratio"": 0.1, ""rerank_margin_ratio"": 0.0688469409942627, ""rerank_skip_min_base_margin_ratio"": 0.1, ""rerank_skip_require_top1_agreement"": false, ""rerank_top1"": ""CP-2"", ""reranker_called"": true, ""retrieval_query"": ""What does CP-2 require in developing a contingency plan for the information system?"", ""scope_bias"": {""applied"": false, ""query_scope"": ""neutral"", ""reason"": ""neutral_query_scope""}, ""skip_reason"": null, ""sys"": ""S7a"", ""top1_agree"": null}"
error_bank_rev4,S7a,13,What identification and authentication requirement does IA-2 specify for organizational users?,IA-2,2,False,True,True,0.50000000,0.63092975,IA-8,"[""IA-8"", ""IA-2"", ""IA-1"", ""IA-10"", ""IA-3"", ""IA-9(2)"", ""IA-9"", ""IA-2(13)"", ""AC-14"", ""IA-2(11)""]",IA-2 what specific identification and authentication requirements does it have for organizational users,IA-2 what specific identification and authentication requirements does it have for organizational users,"{""base_margin_ratio"": 0.020566234420821273, ""base_top1"": ""IA-8"", ""base_top2"": ""IA-2"", ""bm25_top1"": null, ""dense_top1"": null, ""final_margin_ratio"": 0.025970935821533203, ""final_top1"": ""IA-8"", ""gold_informed_rewrite_used"": true, ""num_variants"": 4, ""query_scope"": ""neutral"", ""rerank_alpha"": 0.65, ""rerank_applied"": true, ""rerank_apply_min_margin_ratio"": 0.15, ""rerank_effective_apply_min_margin_ratio"": 0.1, ""rerank_margin_ratio"": 0.025970935821533203, ""rerank_skip_min_base_margin_ratio"": 0.1, ""rerank_skip_require_top1_agreement"": false, ""rerank_top1"": ""IA-8"", ""reranker_called"": true, ""retrieval_query"": ""What identification and authentication requirement does IA-2 specify for organizational users?"", ""scope_bias"": {""applied"": false, ""query_scope"": ""neutral"", ""reason"": ""neutral_query_scope""}, ""skip_reason"": null, ""sys"": ""S7a"", ""top1_agree"": null}"
error_bank_rev4,S7a,15,What incident handling capability does IR-4 require the organization to implement?,IR-4,1,True,True,True,1.00000000,1.00000000,IR-4,"[""IR-4"", ""IR-4(1)"", ""IR-4(6)"", ""IR-4(7)"", ""IR-8"", ""IR-6"", ""IR-7"", ""IR-4(2)"", ""IR-4(4)"", ""IR-4(8)""]",what incident response procedures are mandated by IR-4 for the organization?,what incident response procedures are mandated by IR-4 for the organization?,"{""base_margin_ratio"": 0.012617389444238987, ""base_top1"": ""IR-4"", ""base_top2"": ""IR-4(1)"", ""bm25_top1"": null, ""dense_top1"": null, ""final_margin_ratio"": 0.012617389444238987, ""final_top1"": ""IR-4"", ""gold_informed_rewrite_used"": true, ""num_variants"": 4, ""query_scope"": ""neutral"", ""rerank_alpha"": 0.65, ""rerank_applied"": false, ""rerank_apply_min_margin_ratio"": 0.15, ""rerank_effective_apply_min_margin_ratio"": 0.1, ""rerank_margin_ratio"": 0.028303644539051574, ""rerank_skip_min_base_margin_ratio"": 0.1, ""rerank_skip_require_top1_agreement"": false, ""rerank_top1"": ""IR-4(7)"", ""reranker_called"": true, ""retrieval_query"": ""What incident handling capability does IR-4 require the organization to implement?"", ""scope_bias"": {""applied"": false, ""query_scope"": ""neutral"", ""reason"": ""neutral_query_scope""}, ""skip_reason"": null, ""sys"": ""S7a"", ""top1_agree"": null}"
error_bank_rev4,S7a,21,What are the requirements for enforcing physical access authorizations at facility entry/exit points?,PE-3,1,True,True,True,1.00000000,1.00000000,PE-3,"[""PE-3"", ""PE-16"", ""PE-3(1)"", ""PE-2"", ""PE-18"", ""MA-5"", ""PS-4"", ""SC-7(14)"", ""SI-8"", ""MA-5(1)""]",What technical requirements must be enforced for physical access authorizations at facility entry and exit points?,What technical requirements must be enforced for physical access authorizations at facility entry and exit points?,"{""base_margin_ratio"": 0.006772390753107507, ""base_top1"": ""PE-3"", ""base_top2"": ""PE-16"", ""bm25_top1"": null, ""dense_top1"": null, ""final_margin_ratio"": 0.0015099636816804632, ""final_top1"": ""PE-3"", ""gold_informed_rewrite_used"": true, ""num_variants"": 4, ""query_scope"": ""neutral"", ""rerank_alpha"": 0.65, ""rerank_applied"": true, ""rerank_apply_min_margin_ratio"": 0.15, ""rerank_effective_apply_min_margin_ratio"": 0.1, ""rerank_margin_ratio"": 0.0015099636816804632, ""rerank_skip_min_base_margin_ratio"": 0.1, ""rerank_skip_require_top1_agreement"": false, ""rerank_top1"": ""PE-3"", ""reranker_called"": true, ""retrieval_query"": ""What are the requirements for enforcing physical access authorizations at facility entry/exit points?"", ""scope_bias"": {""applied"": false, ""query_scope"": ""neutral"", ""reason"": ""neutral_query_scope""}, ""skip_reason"": null, ""sys"": ""S7a"", ""top1_agree"": null}"
error_bank_rev4,S7a,22,What does PE-6 require regarding monitoring physical access to the facility?,PE-6,2,False,True,True,0.50000000,0.63092975,PE-6(4),"[""PE-6(4)"", ""PE-6"", ""PE-3"", ""PE-3(6)"", ""PE-2"", ""PE-3(1)"", ""PE-3(3)"", ""PE-6(1)"", ""PE-4"", ""PE-2(1)""]",PE-6 what aspects of physical access monitoring are required,PE-6 what aspects of physical access monitoring are required,"{""base_margin_ratio"": 1.219182194870018e-16, ""base_top1"": ""PE-6(4)"", ""base_top2"": ""PE-6"", ""bm25_top1"": null, ""dense_top1"": null, ""final_margin_ratio"": 1.219182194870018e-16, ""final_top1"": ""PE-6(4)"", ""gold_informed_rewrite_used"": true, ""num_variants"": 4, ""query_scope"": ""neutral"", ""rerank_alpha"": 0.65, ""rerank_applied"": false, ""rerank_apply_min_margin_ratio"": 0.15, ""rerank_effective_apply_min_margin_ratio"": 0.1, ""rerank_margin_ratio"": 0.013057112693786621, ""rerank_skip_min_base_margin_ratio"": 0.1, ""rerank_skip_require_top1_agreement"": false, ""rerank_top1"": ""PE-6"", ""reranker_called"": true, ""retrieval_query"": ""What does PE-6 require regarding monitoring physical access to the facility?"", ""scope_bias"": {""applied"": false, ""query_scope"": ""neutral"", ""reason"": ""neutral_query_scope""}, ""skip_reason"": null, ""sys"": ""S7a"", ""top1_agree"": null}"
error_bank_rev4,S7a,26,"What specific documentation artifacts must the organization employ to record information security resource requirements during capital planning, and how must exceptions to resource inclusion be handled?",PM-3,1,True,True,True,1.00000000,1.00000000,PM-3,"[""PM-3"", ""SA-2"", ""SA-5"", ""SA-4"", ""AU-3"", ""AU-2"", ""PL-1"", ""CP-1"", ""SA-15(11)"", ""CP-2(8)""]",What specific documentation artifacts are required for recording information security resource needs in capital planning processes and what procedures should be followed for exceptions?,What specific documentation artifacts are required for recording information security resource needs in capital planning processes and what procedures should be followed for exceptions?,"{""base_margin_ratio"": 0.0031728081449389225, ""base_top1"": ""PM-3"", ""base_top2"": ""SA-2"", ""bm25_top1"": null, ""dense_top1"": null, ""final_margin_ratio"": 0.09697121381759644, ""final_top1"": ""PM-3"", ""gold_informed_rewrite_used"": true, ""num_variants"": 4, ""query_scope"": ""neutral"", ""rerank_alpha"": 0.65, ""rerank_applied"": true, ""rerank_apply_min_margin_ratio"": 0.15, ""rerank_effective_apply_min_margin_ratio"": 0.1, ""rerank_margin_ratio"": 0.09697121381759644, ""rerank_skip_min_base_margin_ratio"": 0.1, ""rerank_skip_require_top1_agreement"": false, ""rerank_top1"": ""PM-3"", ""reranker_called"": true, ""retrieval_query"": ""What specific documentation artifacts must the organization employ to record information security resource requirements during capital planning and how must exceptions to resource inclusion be handled?"", ""scope_bias"": {""applied"": false, ""query_scope"": ""neutral"", ""reason"": ""neutral_query_scope""}, ""skip_reason"": null, ""sys"": ""S7a"", ""top1_agree"": null}"
error_bank_rev4,S7a,29,What does RA-2 require regarding categorizing the information system and its resident information?,RA-2,3,False,True,True,0.33333333,0.50000000,RA-5(4),"[""RA-5(4)"", ""RA-1"", ""RA-2"", ""SA-2"", ""RA-3"", ""RA-5(2)"", ""AC-3(2)"", ""PL-2"", ""IA-8"", ""RA-5(5)""]",What technical standards must be followed for classifying the information system and its resident data according to RA-2?,What technical standards must be followed for classifying the information system and its resident data according to RA-2?,"{""base_margin_ratio"": 0.04954443056714548, ""base_top1"": ""RA-5(4)"", ""base_top2"": ""RA-1"", ""bm25_top1"": null, ""dense_top1"": null, ""final_margin_ratio"": 0.04954443056714548, ""final_top1"": ""RA-5(4)"", ""gold_informed_rewrite_used"": true, ""num_variants"": 4, ""query_scope"": ""neutral"", ""rerank_alpha"": 0.65, ""rerank_applied"": false, ""rerank_apply_min_margin_ratio"": 0.15, ""rerank_effective_apply_min_margin_ratio"": 0.1, ""rerank_margin_ratio"": 0.0823744430345523, ""rerank_skip_min_base_margin_ratio"": 0.1, ""rerank_skip_require_top1_agreement"": false, ""rerank_top1"": ""RA-1"", ""reranker_called"": true, ""retrieval_query"": ""What does RA-2 require regarding categorizing the information system and its resident information?"", ""scope_bias"": {""applied"": false, ""query_scope"": ""neutral"", ""reason"": ""neutral_query_scope""}, ""skip_reason"": null, ""sys"": ""S7a"", ""top1_agree"": null}"
error_bank_rev4,S7a,31,What does SA-3 require about managing the system?,SA-3,1,True,True,True,1.00000000,1.00000000,SA-3,"[""SA-3"", ""SA-1"", ""SA-10"", ""SA-4(3)"", ""SA-4(2)"", ""SA-15(3)"", ""SA-9"", ""SA-11(4)"", ""SA-9(5)"", ""SA-21""]",SA-3 requires what specific actions for system management?,SA-3 requires what specific actions for system management?,"{""base_margin_ratio"": 0.039803154099287835, ""base_top1"": ""SA-4(3)"", ""base_top2"": ""SA-3"", ""bm25_top1"": null, ""dense_top1"": null, ""final_margin_ratio"": 0.1072011400521268, ""final_top1"": ""SA-3"", ""gold_informed_rewrite_used"": true, ""num_variants"": 4, ""query_scope"": ""neutral"", ""rerank_alpha"": 0.65, ""rerank_applied"": true, ""rerank_apply_min_margin_ratio"": 0.15, ""rerank_effective_apply_min_margin_ratio"": 0.1, ""rerank_margin_ratio"": 0.1072011400521268, ""rerank_skip_min_base_margin_ratio"": 0.1, ""rerank_skip_require_top1_agreement"": false, ""rerank_top1"": ""SA-3"", ""reranker_called"": true, ""retrieval_query"": ""What does SA-3 require about managing the system?"", ""scope_bias"": {""applied"": false, ""query_scope"": ""neutral"", ""reason"": ""neutral_query_scope""}, ""skip_reason"": null, ""sys"": ""S7a"", ""top1_agree"": null}"
error_bank_rev4,S7a,32,What does SA-4 require including in acquisition contracts for information systems?,SA-4,3,False,True,True,0.33333333,0.50000000,SA-1,"[""SA-1"", ""SA-4(2)"", ""SA-4"", ""SA-12"", ""SA-12(1)"", ""SA-9(1)"", ""SA-4(3)"", ""SA-11(4)"", ""SA-2"", ""SA-9""]",What technical requirements must be included in acquisition contracts for information systems according to SA-4?,What technical requirements must be included in acquisition contracts for information systems according to SA-4?,"{""base_margin_ratio"": 0.028665121160310253, ""base_top1"": ""SA-1"", ""base_top2"": ""SA-4(2)"", ""bm25_top1"": null, ""dense_top1"": null, ""final_margin_ratio"": 0.028665121160310253, ""final_top1"": ""SA-1"", ""gold_informed_rewrite_used"": true, ""num_variants"": 4, ""query_scope"": ""neutral"", ""rerank_alpha"": 0.65, ""rerank_applied"": false, ""rerank_apply_min_margin_ratio"": 0.15, ""rerank_effective_apply_min_margin_ratio"": 0.1, ""rerank_margin_ratio"": 0.05969931889359286, ""rerank_skip_min_base_margin_ratio"": 0.1, ""rerank_skip_require_top1_agreement"": false, ""rerank_top1"": ""SA-4"", ""reranker_called"": true, ""retrieval_query"": ""What does SA-4 require including in acquisition contracts for information systems?"", ""scope_bias"": {""applied"": false, ""query_scope"": ""neutral"", ""reason"": ""neutral_query_scope""}, ""skip_reason"": null, ""sys"": ""S7a"", ""top1_agree"": null}"
error_bank_rev4,S7a,35,"What does SI-2 require for identifying, reporting, and correcting system flaws?",SI-2,1,True,True,True,1.00000000,1.00000000,SI-2,"[""SI-2"", ""SI-2(3)"", ""SI-2(2)"", ""SI-10(2)"", ""SI-7(2)"", ""SI-3(6)"", ""SA-11"", ""SI-1"", ""SI-13(4)"", ""IR-2""]",SI-2 requirements for identifying reporting and correcting system flaws,SI-2 requirements for identifying reporting and correcting system flaws,"{""base_margin_ratio"": 0.04379941135079018, ""base_top1"": ""SI-2"", ""base_top2"": ""SI-2(3)"", ""bm25_top1"": null, ""dense_top1"": null, ""final_margin_ratio"": 0.09207737445831299, ""final_top1"": ""SI-2"", ""gold_informed_rewrite_used"": true, ""num_variants"": 4, ""query_scope"": ""neutral"", ""rerank_alpha"": 0.65, ""rerank_applied"": true, ""rerank_apply_min_margin_ratio"": 0.15, ""rerank_effective_apply_min_margin_ratio"": 0.1, ""rerank_margin_ratio"": 0.09207737445831299, ""rerank_skip_min_base_margin_ratio"": 0.1, ""rerank_skip_require_top1_agreement"": false, ""rerank_top1"": ""SI-2"", ""reranker_called"": true, ""retrieval_query"": ""What does SI-2 require for identifying reporting and correcting system flaws?"", ""scope_bias"": {""applied"": false, ""query_scope"": ""neutral"", ""reason"": ""neutral_query_scope""}, ""skip_reason"": null, ""sys"": ""S7a"", ""top1_agree"": null}"
rev4_gold,S7a,1,What does AC-2 require the organization to do when managing information system accounts?,AC-2,1,True,True,True,1.00000000,1.00000000,AC-2,"[""AC-2"", ""AC-2(12)"", ""AC-2(11)"", ""AC-2(7)"", ""AC-2(13)"", ""AC-2(1)"", ""AC-2(2)"", ""AC-6(2)"", ""IA-4"", ""AC-2(8)""]",What are the specific actions required by AC-2 for managing information system accounts?,What are the specific actions required by AC-2 for managing information system accounts?,"{""base_margin_ratio"": 0.05409906501867206, ""base_top1"": ""AC-2"", ""base_top2"": ""AC-2(12)"", ""bm25_top1"": null, ""dense_top1"": null, ""final_margin_ratio"": 0.1689068078994751, ""final_top1"": ""AC-2"", ""gold_informed_rewrite_used"": true, ""num_variants"": 4, ""query_scope"": ""neutral"", ""rerank_alpha"": 0.65, ""rerank_applied"": true, ""rerank_apply_min_margin_ratio"": 0.15, ""rerank_effective_apply_min_margin_ratio"": 0.1, ""rerank_margin_ratio"": 0.1689068078994751, ""rerank_skip_min_base_margin_ratio"": 0.1, ""rerank_skip_require_top1_agreement"": false, ""rerank_top1"": ""AC-2"", ""reranker_called"": true, ""retrieval_query"": ""What does AC-2 require the organization to do when managing information system accounts?"", ""scope_bias"": {""applied"": false, ""query_scope"": ""neutral"", ""reason"": ""neutral_query_scope""}, ""skip_reason"": null, ""sys"": ""S7a"", ""top1_agree"": null}"
rev4_gold,S7a,2,What principle does AC-6 require the organization to employ for user/system access?,AC-6,1,True,True,True,1.00000000,1.00000000,AC-6,"[""AC-6"", ""AC-6(2)"", ""AC-6(6)"", ""AC-6(3)"", ""AC-6(1)"", ""AC-3(7)"", ""AC-2(6)"", ""AC-14"", ""AC-6(7)"", ""AC-6(5)""]",What principle must organizations implement according to AC-6 for user/system access?,What principle must organizations implement according to AC-6 for user/system access?,"{""base_margin_ratio"": 0.06360770282353755, ""base_top1"": ""AC-6"", ""base_top2"": ""AC-6(2)"", ""bm25_top1"": null, ""dense_top1"": null, ""final_margin_ratio"": 0.2887269854545593, ""final_top1"": ""AC-6"", ""gold_informed_rewrite_used"": true, ""num_variants"": 4, ""query_scope"": ""neutral"", ""rerank_alpha"": 0.65, ""rerank_applied"": true, ""rerank_apply_min_margin_ratio"": 0.15, ""rerank_effective_apply_min_margin_ratio"": 0.1, ""rerank_margin_ratio"": 0.2887269854545593, ""rerank_skip_min_base_margin_ratio"": 0.1, ""rerank_skip_require_top1_agreement"": false, ""rerank_top1"": ""AC-6"", ""reranker_called"": true, ""retrieval_query"": ""What principle does AC-6 require the organization to employ for user/system access?"", ""scope_bias"": {""applied"": false, ""query_scope"": ""neutral"", ""reason"": ""neutral_query_scope""}, ""skip_reason"": null, ""sys"": ""S7a"", ""top1_agree"": null}"
rev4_gold,S7a,3,What security awareness training must the organization provide and when?,AT-2,1,True,True,True,1.00000000,1.00000000,AT-2,"[""AT-2"", ""AT-1"", ""AT-2(2)"", ""SA-3"", ""PM-13"", ""AT-4"", ""AT-2(1)"", ""AT-3"", ""SA-16"", ""PM-14""]",What are the required security awareness training programs and their schedules?,What are the required security awareness training programs and their schedules?,"{""base_margin_ratio"": 0.016039504036908948, ""base_top1"": ""AT-2"", ""base_top2"": ""AT-1"", ""bm25_top1"": null, ""dense_top1"": null, ""final_margin_ratio"": 0.04211297523725917, ""final_top1"": ""AT-2"", ""gold_informed_rewrite_used"": true, ""num_variants"": 4, ""query_scope"": ""neutral"", ""rerank_alpha"": 0.65, ""rerank_applied"": true, ""rerank_apply_min_margin_ratio"": 0.15, ""rerank_effective_apply_min_margin_ratio"": 0.1, ""rerank_margin_ratio"": 0.04211297523725917, ""rerank_skip_min_base_margin_ratio"": 0.1, ""rerank_skip_require_top1_agreement"": false, ""rerank_top1"": ""AT-2"", ""reranker_called"": true, ""retrieval_query"": ""What security awareness training must the organization provide and when?"", ""scope_bias"": {""applied"": false, ""query_scope"": ""neutral"", ""reason"": ""neutral_query_scope""}, ""skip_reason"": null, ""sys"": ""S7a"", ""top1_agree"": null}"
rev4_gold,S7a,4,What are the requirements for role-based security training and timing of delivery?,AT-3,1,True,True,True,1.00000000,1.00000000,AT-3,"[""AT-3"", ""SA-16"", ""PM-13"", ""CP-3"", ""AT-2"", ""AC-2(7)"", ""PM-14"", ""AT-1"", ""IR-2"", ""SA-3""]",What are the necessary elements and scheduling for role-based security training?,What are the necessary elements and scheduling for role-based security training?,"{""base_margin_ratio"": 0.05308791042521916, ""base_top1"": ""AT-3"", ""base_top2"": ""PM-13"", ""bm25_top1"": null, ""dense_top1"": null, ""final_margin_ratio"": 0.1927381157875061, ""final_top1"": ""AT-3"", ""gold_informed_rewrite_used"": true, ""num_variants"": 4, ""query_scope"": ""neutral"", ""rerank_alpha"": 0.65, ""rerank_applied"": true, ""rerank_apply_min_margin_ratio"": 0.15, ""rerank_effective_apply_min_margin_ratio"": 0.1, ""rerank_margin_ratio"": 0.1927381157875061, ""rerank_skip_min_base_margin_ratio"": 0.1, ""rerank_skip_require_top1_agreement"": false, ""rerank_top1"": ""AT-3"", ""reranker_called"": true, ""retrieval_query"": ""What are the requirements for role-based security training and timing of delivery?"", ""scope_bias"": {""applied"": false, ""query_scope"": ""neutral"", ""reason"": ""neutral_query_scope""}, ""skip_reason"": null, ""sys"": ""S7a"", ""top1_agree"": null}"
rev4_gold,S7a,5,What must the organization determine about events within the information system?,AU-2,1,True,True,True,1.00000000,1.00000000,AU-2,"[""AU-2"", ""SI-4"", ""AU-7(1)"", ""RA-5(4)"", ""IR-5"", ""SI-7(8)"", ""CM-3(2)"", ""SA-9(5)"", ""AU-12"", ""AU-3""]",What key information must an organization identify regarding events in its info system?,What key information must an organization identify regarding events in its info system?,"{""base_margin_ratio"": 0.22720599406881312, ""base_top1"": ""AU-2"", ""base_top2"": ""SI-4"", ""bm25_top1"": null, ""dense_top1"": null, ""final_margin_ratio"": 0.22720599406881312, ""final_top1"": ""AU-2"", ""gold_informed_rewrite_used"": true, ""num_variants"": 4, ""query_scope"": ""neutral"", ""rerank_alpha"": 0.65, ""rerank_applied"": false, ""rerank_apply_min_margin_ratio"": 0.15, ""rerank_effective_apply_min_margin_ratio"": 0.15, ""rerank_margin_ratio"": null, ""rerank_skip_min_base_margin_ratio"": 0.1, ""rerank_skip_require_top1_agreement"": false, ""rerank_top1"": null, ""reranker_called"": false, ""retrieval_query"": ""What must the organization determine about events within the information system?"", ""scope_bias"": {""applied"": false, ""query_scope"": ""neutral"", ""reason"": ""neutral_query_scope""}, ""skip_reason"": ""base_confident"", ""sys"": ""S7a"", ""top1_agree"": null}"
rev4_gold,S7a,6,What audit record contents are the system required to generate?,AU-3,1,True,True,True,1.00000000,1.00000000,AU-3,"[""AU-3"", ""AU-12"", ""AU-3(2)"", ""AU-3(1)"", ""AU-7(1)"", ""AU-7(2)"", ""AU-7"", ""AU-12(2)"", ""AU-8"", ""AU-9""]",What specific contents must the system generate for audit records?,What specific contents must the system generate for audit records?,"{""base_margin_ratio"": 0.005737181715198463, ""base_top1"": ""AU-3"", ""base_top2"": ""AU-12"", ""bm25_top1"": null, ""dense_top1"": null, ""final_margin_ratio"": 0.02811300754547119, ""final_top1"": ""AU-3"", ""gold_informed_rewrite_used"": true, ""num_variants"": 4, ""query_scope"": ""neutral"", ""rerank_alpha"": 0.65, ""rerank_applied"": true, ""rerank_apply_min_margin_ratio"": 0.15, ""rerank_effective_apply_min_margin_ratio"": 0.1, ""rerank_margin_ratio"": 0.02811300754547119, ""rerank_skip_min_base_margin_ratio"": 0.1, ""rerank_skip_require_top1_agreement"": false, ""rerank_top1"": ""AU-3"", ""reranker_called"": true, ""retrieval_query"": ""What audit record contents are the system required to generate?"", ""scope_bias"": {""applied"": false, ""query_scope"": ""neutral"", ""reason"": ""neutral_query_scope""}, ""skip_reason"": null, ""sys"": ""S7a"", ""top1_agree"": null}"
rev4_gold,S7a,7,What are the requirements regarding assessment of security controls and frequency?,CA-2,1,True,True,True,1.00000000,1.00000000,CA-2,"[""CA-2"", ""SA-11"", ""PL-2"", ""CA-7(1)"", ""CM-4"", ""SA-4"", ""SC-8"", ""RA-3"", ""CA-1"", ""CA-2(2)""]",What are the specific requirements and recommended frequency for assessing security controls?,What are the specific requirements and recommended frequency for assessing security controls?,"{""base_margin_ratio"": 0.09714946344439411, ""base_top1"": ""CA-2"", ""base_top2"": ""PL-2"", ""bm25_top1"": null, ""dense_top1"": null, ""final_margin_ratio"": 0.338728129863739, ""final_top1"": ""CA-2"", ""gold_informed_rewrite_used"": true, ""num_variants"": 4, ""query_scope"": ""neutral"", ""rerank_alpha"": 0.65, ""rerank_applied"": true, ""rerank_apply_min_margin_ratio"": 0.15, ""rerank_effective_apply_min_margin_ratio"": 0.15, ""rerank_margin_ratio"": 0.338728129863739, ""rerank_skip_min_base_margin_ratio"": 0.1, ""rerank_skip_require_top1_agreement"": false, ""rerank_top1"": ""CA-2"", ""reranker_called"": true, ""retrieval_query"": ""What are the requirements regarding assessment of security controls and frequency?"", ""scope_bias"": {""applied"": false, ""query_scope"": ""neutral"", ""reason"": ""neutral_query_scope""}, ""skip_reason"": null, ""sys"": ""S7a"", ""top1_agree"": null}"
rev4_gold,S7a,8,What elements must be included in the continuous monitoring strategy and program?,CA-7,1,True,True,True,1.00000000,1.00000000,CA-7,"[""CA-7"", ""PM-14"", ""SA-4(8)"", ""CA-7(3)"", ""CA-7(1)"", ""CA-2"", ""CP-1"", ""MA-1"", ""SI-4"", ""PE-3(3)""]",What technical elements need to be part of a continuous monitoring strategy and program?,What technical elements need to be part of a continuous monitoring strategy and program?,"{""base_margin_ratio"": 0.02826170325450273, ""base_top1"": ""CA-7"", ""base_top2"": ""PM-14"", ""bm25_top1"": null, ""dense_top1"": null, ""final_margin_ratio"": 0.02826170325450273, ""final_top1"": ""CA-7"", ""gold_informed_rewrite_used"": true, ""num_variants"": 4, ""query_scope"": ""neutral"", ""rerank_alpha"": 0.65, ""rerank_applied"": false, ""rerank_apply_min_margin_ratio"": 0.15, ""rerank_effective_apply_min_margin_ratio"": 0.1, ""rerank_margin_ratio"": 0.01340223900957814, ""rerank_skip_min_base_margin_ratio"": 0.1, ""rerank_skip_require_top1_agreement"": false, ""rerank_top1"": ""SA-4(8)"", ""reranker_called"": true, ""retrieval_query"": ""What elements must be included in the continuous monitoring strategy and program?"", ""scope_bias"": {""applied"": false, ""query_scope"": ""neutral"", ""reason"": ""neutral_query_scope""}, ""skip_reason"": null, ""sys"": ""S7a"", ""top1_agree"": null}"
rev4_gold,S7a,9,What does CM-2 require regarding the baseline configuration of the information system?,CM-2,1,True,True,True,1.00000000,1.00000000,CM-2,"[""CM-2"", ""CM-2(1)"", ""CM-8(2)"", ""CM-2(2)"", ""CM-2(6)"", ""CM-6"", ""CM-3(5)"", ""CM-9"", ""CM-2(7)"", ""CM-1""]",What are the specific requirements for baseline configuration of the information system under CM-2?,What are the specific requirements for baseline configuration of the information system under CM-2?,"{""base_margin_ratio"": 0.018277955667284553, ""base_top1"": ""CM-2"", ""base_top2"": ""CM-2(2)"", ""bm25_top1"": null, ""dense_top1"": null, ""final_margin_ratio"": 0.03153214161514023, ""final_top1"": ""CM-2"", ""gold_informed_rewrite_used"": true, ""num_variants"": 4, ""query_scope"": ""neutral"", ""rerank_alpha"": 0.65, ""rerank_applied"": true, ""rerank_apply_min_margin_ratio"": 0.15, ""rerank_effective_apply_min_margin_ratio"": 0.1, ""rerank_margin_ratio"": 0.03153214161514023, ""rerank_skip_min_base_margin_ratio"": 0.1, ""rerank_skip_require_top1_agreement"": false, ""rerank_top1"": ""CM-2"", ""reranker_called"": true, ""retrieval_query"": ""What does CM-2 require regarding the baseline configuration of the information system?"", ""scope_bias"": {""applied"": false, ""query_scope"": ""neutral"", ""reason"": ""neutral_query_scope""}, ""skip_reason"": null, ""sys"": ""S7a"", ""top1_agree"": null}"
rev4_gold,S7a,10,What are the requirements for establishing and documenting configuration settings?,CM-6,1,True,True,True,1.00000000,1.00000000,CM-6,"[""CM-6"", ""CM-2"", ""CM-9"", ""CP-7(4)"", ""CM-3"", ""SA-10"", ""CM-1"", ""CM-8(6)"", ""CM-9(1)"", ""SA-10(2)""]",What technical specifications are needed for setting up and recording configuration parameters?,What technical specifications are needed for setting up and recording configuration parameters?,"{""base_margin_ratio"": 0.047816449892760654, ""base_top1"": ""CM-6"", ""base_top2"": ""CM-9"", ""bm25_top1"": null, ""dense_top1"": null, ""final_margin_ratio"": 0.3599989414215088, ""final_top1"": ""CM-6"", ""gold_informed_rewrite_used"": true, ""num_variants"": 4, ""query_scope"": ""neutral"", ""rerank_alpha"": 0.65, ""rerank_applied"": true, ""rerank_apply_min_margin_ratio"": 0.15, ""rerank_effective_apply_min_margin_ratio"": 0.1, ""rerank_margin_ratio"": 0.3599989414215088, ""rerank_skip_min_base_margin_ratio"": 0.1, ""rerank_skip_require_top1_agreement"": false, ""rerank_top1"": ""CM-6"", ""reranker_called"": true, ""retrieval_query"": ""What are the requirements for establishing and documenting configuration settings?"", ""scope_bias"": {""applied"": false, ""query_scope"": ""neutral"", ""reason"": ""neutral_query_scope""}, ""skip_reason"": null, ""sys"": ""S7a"", ""top1_agree"": null}"
rev4_gold,S7a,11,What does CP-2 require in developing a contingency plan for the information system?,CP-2,1,True,True,True,1.00000000,1.00000000,CP-2,"[""CP-2"", ""CP-1"", ""CP-4"", ""CP-8(4)"", ""CP-3"", ""CP-2(7)"", ""CP-2(1)"", ""CP-4(1)"", ""CP-2(3)"", ""CP-4(2)""]",What are the key requirements for developing a contingency plan as per CP-2?,What are the key requirements for developing a contingency plan as per CP-2?,"{""base_margin_ratio"": 0.03067694187264607, ""base_top1"": ""CP-2"", ""base_top2"": ""CP-2(7)"", ""bm25_top1"": null, ""dense_top1"": null, ""final_margin_ratio"": 0.11253070831298828, ""final_top1"": ""CP-2"", ""gold_informed_rewrite_used"": true, ""num_variants"": 4, ""query_scope"": ""neutral"", ""rerank_alpha"": 0.65, ""rerank_applied"": true, ""rerank_apply_min_margin_ratio"": 0.15, ""rerank_effective_apply_min_margin_ratio"": 0.1, ""rerank_margin_ratio"": 0.11253070831298828, ""rerank_skip_min_base_margin_ratio"": 0.1, ""rerank_skip_require_top1_agreement"": false, ""rerank_top1"": ""CP-2"", ""reranker_called"": true, ""retrieval_query"": ""What does CP-2 require in developing a contingency plan for the information system?"", ""scope_bias"": {""applied"": false, ""query_scope"": ""neutral"", ""reason"": ""neutral_query_scope""}, ""skip_reason"": null, ""sys"": ""S7a"", ""top1_agree"": null}"
rev4_gold,S7a,12,What does CP-9 require for conducting and protecting backups at the storage location?,CP-9,1,True,True,True,1.00000000,1.00000000,CP-9,"[""CP-9"", ""CP-9(3)"", ""CP-9(1)"", ""CP-9(5)"", ""SA-9(5)"", ""CP-6"", ""CP-6(1)"", ""CP-6(3)"", ""CP-2(6)"", ""CP-2(5)""]",What are the requirements specified by CP-9 for conducting and securing backups at the storage location?,What are the requirements specified by CP-9 for conducting and securing backups at the storage location?,"{""base_margin_ratio"": 0.03254940623892234, ""base_top1"": ""CP-9"", ""base_top2"": ""CP-9(3)"", ""bm25_top1"": null, ""dense_top1"": null, ""final_margin_ratio"": 0.11770409345626831, ""final_top1"": ""CP-9"", ""gold_informed_rewrite_used"": true, ""num_variants"": 4, ""query_scope"": ""neutral"", ""rerank_alpha"": 0.65, ""rerank_applied"": true, ""rerank_apply_min_margin_ratio"": 0.15, ""rerank_effective_apply_min_margin_ratio"": 0.1, ""rerank_margin_ratio"": 0.11770409345626831, ""rerank_skip_min_base_margin_ratio"": 0.1, ""rerank_skip_require_top1_agreement"": false, ""rerank_top1"": ""CP-9"", ""reranker_called"": true, ""retrieval_query"": ""What does CP-9 require for conducting and protecting backups at the storage location?"", ""scope_bias"": {""applied"": false, ""query_scope"": ""neutral"", ""reason"": ""neutral_query_scope""}, ""skip_reason"": null, ""sys"": ""S7a"", ""top1_agree"": null}"
rev4_gold,S7a,13,What identification and authentication requirement does IA-2 specify for organizational users?,IA-2,2,False,True,True,0.50000000,0.63092975,IA-8,"[""IA-8"", ""IA-2"", ""IA-1"", ""IA-10"", ""IA-3"", ""IA-9"", ""IA-9(2)"", ""IA-2(13)"", ""AC-14"", ""IA-2(11)""]",IA-2 specifies what identification and authentication requirements for organizational users?,IA-2 specifies what identification and authentication requirements for organizational users?,"{""base_margin_ratio"": 0.019424763369400126, ""base_top1"": ""IA-8"", ""base_top2"": ""IA-2"", ""bm25_top1"": null, ""dense_top1"": null, ""final_margin_ratio"": 0.02455902099609375, ""final_top1"": ""IA-8"", ""gold_informed_rewrite_used"": true, ""num_variants"": 4, ""query_scope"": ""neutral"", ""rerank_alpha"": 0.65, ""rerank_applied"": true, ""rerank_apply_min_margin_ratio"": 0.15, ""rerank_effective_apply_min_margin_ratio"": 0.1, ""rerank_margin_ratio"": 0.02455902099609375, ""rerank_skip_min_base_margin_ratio"": 0.1, ""rerank_skip_require_top1_agreement"": false, ""rerank_top1"": ""IA-8"", ""reranker_called"": true, ""retrieval_query"": ""What identification and authentication requirement does IA-2 specify for organizational users?"", ""scope_bias"": {""applied"": false, ""query_scope"": ""neutral"", ""reason"": ""neutral_query_scope""}, ""skip_reason"": null, ""sys"": ""S7a"", ""top1_agree"": null}"
rev4_gold,S7a,14,"What processes are in place to securely create, distribute, protect, and revoke authenticators such as passwords, tokens, or certificates?",IA-5,1,True,True,True,1.00000000,1.00000000,IA-5,"[""IA-5"", ""CM-3(6)"", ""IA-5(1)"", ""IA-2(8)"", ""IA-2(9)"", ""SC-12"", ""IA-5(11)"", ""CP-13"", ""IA-5(6)"", ""IA-6""]","What are the secure procedures for generating, disseminating, safeguarding, and invalidating credentials like passwords, tokens, or digital certificates?",What are the secure procedures for generating disseminating safeguarding and invalidating credentials like passwords tokens or digital certificates?,"{""base_margin_ratio"": 0.1286690771460108, ""base_top1"": ""IA-5"", ""base_top2"": ""CM-3(6)"", ""bm25_top1"": null, ""dense_top1"": null, ""final_margin_ratio"": 0.1286690771460108, ""final_top1"": ""IA-5"", ""gold_informed_rewrite_used"": true, ""num_variants"": 4, ""query_scope"": ""neutral"", ""rerank_alpha"": 0.65, ""rerank_applied"": false, ""rerank_apply_min_margin_ratio"": 0.15, ""rerank_effective_apply_min_margin_ratio"": 0.15, ""rerank_margin_ratio"": null, ""rerank_skip_min_base_margin_ratio"": 0.1, ""rerank_skip_require_top1_agreement"": false, ""rerank_top1"": null, ""reranker_called"": false, ""retrieval_query"": ""What processes are in place to securely create distribute protect and revoke authenticators such as passwords tokens or certificates?"", ""scope_bias"": {""applied"": false, ""query_scope"": ""neutral"", ""reason"": ""neutral_query_scope""}, ""skip_reason"": ""base_confident"", ""sys"": ""S7a"", ""top1_agree"": null}"
rev4_gold,S7a,15,What incident handling capability does IR-4 require the organization to implement?,IR-4,1,True,True,True,1.00000000,1.00000000,IR-4,"[""IR-4"", ""IR-4(1)"", ""IR-4(6)"", ""IR-4(7)"", ""IR-8"", ""IR-6"", ""IR-7"", ""IR-4(8)"", ""IR-4(2)"", ""IR-4(4)""]",What technical incident response measures are required by IR-4 for the organization to implement?,What technical incident response measures are required by IR-4 for the organization to implement?,"{""base_margin_ratio"": 0.005650990967504767, ""base_top1"": ""IR-4"", ""base_top2"": ""IR-4(1)"", ""bm25_top1"": null, ""dense_top1"": null, ""final_margin_ratio"": 0.005650990967504767, ""final_top1"": ""IR-4"", ""gold_informed_rewrite_used"": true, ""num_variants"": 4, ""query_scope"": ""neutral"", ""rerank_alpha"": 0.65, ""rerank_applied"": false, ""rerank_apply_min_margin_ratio"": 0.15, ""rerank_effective_apply_min_margin_ratio"": 0.1, ""rerank_margin_ratio"": 0.056547709729677, ""rerank_skip_min_base_margin_ratio"": 0.1, ""rerank_skip_require_top1_agreement"": false, ""rerank_top1"": ""IR-8"", ""reranker_called"": true, ""retrieval_query"": ""What incident handling capability does IR-4 require the organization to implement?"", ""scope_bias"": {""applied"": false, ""query_scope"": ""neutral"", ""reason"": ""neutral_query_scope""}, ""skip_reason"": null, ""sys"": ""S7a"", ""top1_agree"": null}"
rev4_gold,S7a,16,What does IR-6 require about reporting suspected security incidents and by when?,IR-6,1,True,True,True,1.00000000,1.00000000,IR-6,"[""IR-6"", ""IR-6(2)"", ""IR-6(1)"", ""IR-5"", ""IR-5(1)"", ""IR-2"", ""IR-4(7)"", ""PE-6"", ""IR-8"", ""IR-7""]",What are the requirements for reporting suspected security incidents under IR-6 and the timeline?,What are the requirements for reporting suspected security incidents under IR-6 and the timeline?,"{""base_margin_ratio"": 0.03903807645887118, ""base_top1"": ""IR-6"", ""base_top2"": ""IR-6(2)"", ""bm25_top1"": null, ""dense_top1"": null, ""final_margin_ratio"": 0.3313192129135132, ""final_top1"": ""IR-6"", ""gold_informed_rewrite_used"": true, ""num_variants"": 4, ""query_scope"": ""neutral"", ""rerank_alpha"": 0.65, ""rerank_applied"": true, ""rerank_apply_min_margin_ratio"": 0.15, ""rerank_effective_apply_min_margin_ratio"": 0.1, ""rerank_margin_ratio"": 0.3313192129135132, ""rerank_skip_min_base_margin_ratio"": 0.1, ""rerank_skip_require_top1_agreement"": false, ""rerank_top1"": ""IR-6"", ""reranker_called"": true, ""retrieval_query"": ""What does IR-6 require about reporting suspected security incidents and by when?"", ""scope_bias"": {""applied"": false, ""query_scope"": ""neutral"", ""reason"": ""neutral_query_scope""}, ""skip_reason"": null, ""sys"": ""S7a"", ""top1_agree"": null}"
rev4_gold,S7a,18,Who must approve removing the system or components off-site for maintenance?,MA-2,1,True,True,True,1.00000000,1.00000000,MA-2,"[""MA-2"", ""MA-5(1)"", ""SA-22"", ""MA-3"", ""MA-5"", ""MA-6"", ""SA-10(2)"", ""CM-3(2)"", ""SA-10(5)"", ""MA-1""]",What control ID governs the approval process for removing systems or components off-site for maintenance?,What control ID governs the approval process for removing systems or components off-site for maintenance?,"{""base_margin_ratio"": 0.07400920503772535, ""base_top1"": ""MA-2"", ""base_top2"": ""MA-5(1)"", ""bm25_top1"": null, ""dense_top1"": null, ""final_margin_ratio"": 0.4053826928138733, ""final_top1"": ""MA-2"", ""gold_informed_rewrite_used"": true, ""num_variants"": 4, ""query_scope"": ""neutral"", ""rerank_alpha"": 0.65, ""rerank_applied"": true, ""rerank_apply_min_margin_ratio"": 0.15, ""rerank_effective_apply_min_margin_ratio"": 0.1, ""rerank_margin_ratio"": 0.4053826928138733, ""rerank_skip_min_base_margin_ratio"": 0.1, ""rerank_skip_require_top1_agreement"": false, ""rerank_top1"": ""MA-2"", ""reranker_called"": true, ""retrieval_query"": ""Who must approve removing the system or components off-site for maintenance?"", ""scope_bias"": {""applied"": false, ""query_scope"": ""neutral"", ""reason"": ""neutral_query_scope""}, ""skip_reason"": null, ""sys"": ""S7a"", ""top1_agree"": null}"
rev4_gold,S7a,17,What actions does MA-3 require the organization to do with information system maintenance tools?,MA-3,1,True,True,True,1.00000000,1.00000000,MA-3,"[""MA-3"", ""MA-2"", ""MA-1"", ""MA-6"", ""MA-3(1)"", ""MA-3(4)"", ""MA-3(3)"", ""MA-4"", ""MA-4(3)"", ""MA-5""]",What specific actions must organizations take regarding information system maintenance tools according to MA-3?,What specific actions must organizations take regarding information system maintenance tools according to MA-3?,"{""base_margin_ratio"": 0.023893626077882233, ""base_top1"": ""MA-3"", ""base_top2"": ""MA-3(4)"", ""bm25_top1"": null, ""dense_top1"": null, ""final_margin_ratio"": 0.13167321681976318, ""final_top1"": ""MA-3"", ""gold_informed_rewrite_used"": true, ""num_variants"": 4, ""query_scope"": ""neutral"", ""rerank_alpha"": 0.65, ""rerank_applied"": true, ""rerank_apply_min_margin_ratio"": 0.15, ""rerank_effective_apply_min_margin_ratio"": 0.1, ""rerank_margin_ratio"": 0.13167321681976318, ""rerank_skip_min_base_margin_ratio"": 0.1, ""rerank_skip_require_top1_agreement"": false, ""rerank_top1"": ""MA-3"", ""reranker_called"": true, ""retrieval_query"": ""What actions does MA-3 require the organization to do with information system maintenance tools?"", ""scope_bias"": {""applied"": false, ""query_scope"": ""neutral"", ""reason"": ""neutral_query_scope""}, ""skip_reason"": null, ""sys"": ""S7a"", ""top1_agree"": null}"
rev4_gold,S7a,19,What does MP-4 require for protecting information system media?,MP-4,1,True,True,True,1.00000000,1.00000000,MP-4,"[""MP-4"", ""MP-5"", ""MP-7"", ""MP-1"", ""MP-3"", ""MP-4(2)"", ""MP-5(4)"", ""MP-6"", ""MP-8"", ""MP-8(4)""]",MP-4 what specific measures are needed for safeguarding information system media,MP-4 what specific measures are needed for safeguarding information system media,"{""base_margin_ratio"": 0.06252428418666477, ""base_top1"": ""MP-4"", ""base_top2"": ""MP-5"", ""bm25_top1"": null, ""dense_top1"": null, ""final_margin_ratio"": 0.10234928131103516, ""final_top1"": ""MP-4"", ""gold_informed_rewrite_used"": true, ""num_variants"": 4, ""query_scope"": ""neutral"", ""rerank_alpha"": 0.65, ""rerank_applied"": true, ""rerank_apply_min_margin_ratio"": 0.15, ""rerank_effective_apply_min_margin_ratio"": 0.1, ""rerank_margin_ratio"": 0.10234928131103516, ""rerank_skip_min_base_margin_ratio"": 0.1, ""rerank_skip_require_top1_agreement"": false, ""rerank_top1"": ""MP-4"", ""reranker_called"": true, ""retrieval_query"": ""What does MP-4 require for protecting information system media?"", ""scope_bias"": {""applied"": false, ""query_scope"": ""neutral"", ""reason"": ""neutral_query_scope""}, ""skip_reason"": null, ""sys"": ""S7a"", ""top1_agree"": null}"
rev4_gold,S7a,20,What does MP-6 require for sanitizing media prior to disposal or release?,MP-6,1,True,True,True,1.00000000,1.00000000,MP-6,"[""MP-6"", ""MP-6(1)"", ""MP-4"", ""MP-6(3)"", ""MP-6(7)"", ""MP-8(4)"", ""MP-6(8)"", ""MP-8(3)"", ""MP-8"", ""MP-5""]",What are the requirements specified in MP-6 for sanitizing media before disposal or release?,What are the requirements specified in MP-6 for sanitizing media before disposal or release?,"{""base_margin_ratio"": 0.017244532221490864, ""base_top1"": ""MP-6"", ""base_top2"": ""MP-6(1)"", ""bm25_top1"": null, ""dense_top1"": null, ""final_margin_ratio"": 0.19956547021865845, ""final_top1"": ""MP-6"", ""gold_informed_rewrite_used"": true, ""num_variants"": 4, ""query_scope"": ""neutral"", ""rerank_alpha"": 0.65, ""rerank_applied"": true, ""rerank_apply_min_margin_ratio"": 0.15, ""rerank_effective_apply_min_margin_ratio"": 0.1, ""rerank_margin_ratio"": 0.19956547021865845, ""rerank_skip_min_base_margin_ratio"": 0.1, ""rerank_skip_require_top1_agreement"": false, ""rerank_top1"": ""MP-6"", ""reranker_called"": true, ""retrieval_query"": ""What does MP-6 require for sanitizing media prior to disposal or release?"", ""scope_bias"": {""applied"": false, ""query_scope"": ""neutral"", ""reason"": ""neutral_query_scope""}, ""skip_reason"": null, ""sys"": ""S7a"", ""top1_agree"": null}"
rev4_gold,S7a,21,What are the requirements for enforcing physical access authorizations at facility entry/exit points?,PE-3,1,True,True,True,1.00000000,1.00000000,PE-3,"[""PE-3"", ""AT-3(2)"", ""PE-3(1)"", ""PS-4"", ""PE-2"", ""PE-16"", ""PE-4"", ""SC-7(14)"", ""PE-18"", ""MA-5""]",What technical specifications are necessary for implementing secure physical access controls at building entrances and exits?,What technical specifications are necessary for implementing secure physical access controls at building entrances and exits?,"{""base_margin_ratio"": 0.05452214835079228, ""base_top1"": ""PE-3"", ""base_top2"": ""PE-3(1)"", ""bm25_top1"": null, ""dense_top1"": null, ""final_margin_ratio"": 0.26913130283355713, ""final_top1"": ""PE-3"", ""gold_informed_rewrite_used"": true, ""num_variants"": 4, ""query_scope"": ""neutral"", ""rerank_alpha"": 0.65, ""rerank_applied"": true, ""rerank_apply_min_margin_ratio"": 0.15, ""rerank_effective_apply_min_margin_ratio"": 0.1, ""rerank_margin_ratio"": 0.26913130283355713, ""rerank_skip_min_base_margin_ratio"": 0.1, ""rerank_skip_require_top1_agreement"": false, ""rerank_top1"": ""PE-3"", ""reranker_called"": true, ""retrieval_query"": ""What are the requirements for enforcing physical access authorizations at facility entry/exit points?"", ""scope_bias"": {""applied"": false, ""query_scope"": ""neutral"", ""reason"": ""neutral_query_scope""}, ""skip_reason"": null, ""sys"": ""S7a"", ""top1_agree"": null}"
rev4_gold,S7a,22,What does PE-6 require regarding monitoring physical access to the facility?,PE-6,2,False,True,True,0.50000000,0.63092975,PE-6(4),"[""PE-6(4)"", ""PE-6"", ""PE-3"", ""PE-3(6)"", ""PE-2"", ""PE-3(1)"", ""PE-3(3)"", ""PE-6(1)"", ""PE-2(1)"", ""PE-4""]",PE-6 what specific requirements does it have for monitoring physical access to the facility,PE-6 what specific requirements does it have for monitoring physical access to the facility,"{""base_margin_ratio"": 1.219182194870018e-16, ""base_top1"": ""PE-6(4)"", ""base_top2"": ""PE-6"", ""bm25_top1"": null, ""dense_top1"": null, ""final_margin_ratio"": 1.219182194870018e-16, ""final_top1"": ""PE-6(4)"", ""gold_informed_rewrite_used"": true, ""num_variants"": 4, ""query_scope"": ""neutral"", ""rerank_alpha"": 0.65, ""rerank_applied"": false, ""rerank_apply_min_margin_ratio"": 0.15, ""rerank_effective_apply_min_margin_ratio"": 0.1, ""rerank_margin_ratio"": 0.001863241195678711, ""rerank_skip_min_base_margin_ratio"": 0.1, ""rerank_skip_require_top1_agreement"": false, ""rerank_top1"": ""PE-6"", ""reranker_called"": true, ""retrieval_query"": ""What does PE-6 require regarding monitoring physical access to the facility?"", ""scope_bias"": {""applied"": false, ""query_scope"": ""neutral"", ""reason"": ""neutral_query_scope""}, ""skip_reason"": null, ""sys"": ""S7a"", ""top1_agree"": null}"
rev4_gold,S7a,23,What does PL-2 require for the security plan describing controls in place or planned?,PL-2,1,True,True,True,1.00000000,1.00000000,PL-2,"[""PL-2"", ""PL-1"", ""PM-1"", ""CA-2"", ""PL-2(3)"", ""PL-8"", ""PL-9"", ""CP-2"", ""PL-8(1)"", ""PL-7""]",What are the specific requirements for the security plan under PL-2 regarding implemented or proposed controls?,What are the specific requirements for the security plan under PL-2 regarding implemented or proposed controls?,"{""base_margin_ratio"": 0.02826170325450273, ""base_top1"": ""PL-2"", ""base_top2"": ""PL-2(3)"", ""bm25_top1"": null, ""dense_top1"": null, ""final_margin_ratio"": 0.06764459609985352, ""final_top1"": ""PL-2"", ""gold_informed_rewrite_used"": true, ""num_variants"": 4, ""query_scope"": ""neutral"", ""rerank_alpha"": 0.65, ""rerank_applied"": true, ""rerank_apply_min_margin_ratio"": 0.15, ""rerank_effective_apply_min_margin_ratio"": 0.1, ""rerank_margin_ratio"": 0.06764459609985352, ""rerank_skip_min_base_margin_ratio"": 0.1, ""rerank_skip_require_top1_agreement"": false, ""rerank_top1"": ""PL-2"", ""reranker_called"": true, ""retrieval_query"": ""What does PL-2 require for the security plan describing controls in place or planned?"", ""scope_bias"": {""applied"": false, ""query_scope"": ""neutral"", ""reason"": ""neutral_query_scope""}, ""skip_reason"": null, ""sys"": ""S7a"", ""top1_agree"": null}"
rev4_gold,S7a,24,What does PL-4 require about establishing and disseminating rules of behavior to system users?,PL-4,1,True,True,True,1.00000000,1.00000000,PL-4,"[""PL-4"", ""PL-4(1)"", ""PL-1"", ""PL-2"", ""AC-18(4)"", ""AC-3(4)"", ""PL-2(3)"", ""PL-8"", ""AC-6(1)"", ""AC-4(13)""]",What are the requirements for establishing and disseminating rules of behavior to system users according to PL-4?,What are the requirements for establishing and disseminating rules of behavior to system users according to PL-4?,"{""base_margin_ratio"": 0.02344539966524248, ""base_top1"": ""PL-4"", ""base_top2"": ""PL-4(1)"", ""bm25_top1"": null, ""dense_top1"": null, ""final_margin_ratio"": 0.3685413599014282, ""final_top1"": ""PL-4"", ""gold_informed_rewrite_used"": true, ""num_variants"": 4, ""query_scope"": ""neutral"", ""rerank_alpha"": 0.65, ""rerank_applied"": true, ""rerank_apply_min_margin_ratio"": 0.15, ""rerank_effective_apply_min_margin_ratio"": 0.1, ""rerank_margin_ratio"": 0.3685413599014282, ""rerank_skip_min_base_margin_ratio"": 0.1, ""rerank_skip_require_top1_agreement"": false, ""rerank_top1"": ""PL-4"", ""reranker_called"": true, ""retrieval_query"": ""What does PL-4 require about establishing and disseminating rules of behavior to system users?"", ""scope_bias"": {""applied"": false, ""query_scope"": ""neutral"", ""reason"": ""neutral_query_scope""}, ""skip_reason"": null, ""sys"": ""S7a"", ""top1_agree"": null}"
rev4_gold,S7a,25,What does PM-1 require regarding an organization-wide information security program plan?,PM-1,1,True,True,True,1.00000000,1.00000000,PM-1,"[""PM-1"", ""PM-4"", ""PM-3"", ""PM-7"", ""PL-8"", ""PL-2"", ""PM-14"", ""PM-2"", ""PL-1"", ""RA-2""]",What are the requirements for an organization-wide information security program plan under PM-1?,What are the requirements for an organization-wide information security program plan under PM-1?,"{""base_margin_ratio"": 0.05433099343091422, ""base_top1"": ""PM-1"", ""base_top2"": ""PM-4"", ""bm25_top1"": null, ""dense_top1"": null, ""final_margin_ratio"": 0.09036684036254883, ""final_top1"": ""PM-1"", ""gold_informed_rewrite_used"": true, ""num_variants"": 4, ""query_scope"": ""neutral"", ""rerank_alpha"": 0.65, ""rerank_applied"": true, ""rerank_apply_min_margin_ratio"": 0.15, ""rerank_effective_apply_min_margin_ratio"": 0.1, ""rerank_margin_ratio"": 0.09036684036254883, ""rerank_skip_min_base_margin_ratio"": 0.1, ""rerank_skip_require_top1_agreement"": false, ""rerank_top1"": ""PM-1"", ""reranker_called"": true, ""retrieval_query"": ""What does PM-1 require regarding an organization-wide information security program plan?"", ""scope_bias"": {""applied"": false, ""query_scope"": ""neutral"", ""reason"": ""neutral_query_scope""}, ""skip_reason"": null, ""sys"": ""S7a"", ""top1_agree"": null}"
rev4_gold,S7a,26,"What specific documentation artifacts must the organization employ to record information security resource requirements during capital planning, and how must exceptions to resource inclusion be handled?",PM-3,1,True,True,True,1.00000000,1.00000000,PM-3,"[""PM-3"", ""SA-2"", ""SA-5"", ""SA-4"", ""PL-1"", ""CP-1"", ""AU-2"", ""IR-5"", ""SA-15(11)"", ""AU-3""]","Can an organization use particular types of documentation to track information security resource requirements during capital planning, and what procedures should be in place for managing exceptions",Can an organization use particular types of documentation to track information security resource requirements during capital planning and what procedures should be in place for managing exceptions,"{""base_margin_ratio"": 0.0011245690688198807, ""base_top1"": ""PM-3"", ""base_top2"": ""SA-2"", ""bm25_top1"": null, ""dense_top1"": null, ""final_margin_ratio"": 0.0695115327835083, ""final_top1"": ""PM-3"", ""gold_informed_rewrite_used"": true, ""num_variants"": 4, ""query_scope"": ""neutral"", ""rerank_alpha"": 0.65, ""rerank_applied"": true, ""rerank_apply_min_margin_ratio"": 0.15, ""rerank_effective_apply_min_margin_ratio"": 0.1, ""rerank_margin_ratio"": 0.0695115327835083, ""rerank_skip_min_base_margin_ratio"": 0.1, ""rerank_skip_require_top1_agreement"": false, ""rerank_top1"": ""PM-3"", ""reranker_called"": true, ""retrieval_query"": ""What specific documentation artifacts must the organization employ to record information security resource requirements during capital planning and how must exceptions to resource inclusion be handled?"", ""scope_bias"": {""applied"": false, ""query_scope"": ""neutral"", ""reason"": ""neutral_query_scope""}, ""skip_reason"": null, ""sys"": ""S7a"", ""top1_agree"": null}"
rev4_gold,S7a,27,What does PS-2 require regarding position risk designations and screening criteria?,PS-2,1,True,True,True,1.00000000,1.00000000,PS-2,"[""PS-2"", ""PS-3"", ""PS-6(2)"", ""PS-3(3)"", ""SA-21(1)"", ""PS-1"", ""PE-2(1)"", ""PS-7"", ""PS-4(1)"", ""RA-1""]",What are the specific requirements for position risk designations and screening criteria under PS-2?,What are the specific requirements for position risk designations and screening criteria under PS-2?,"{""base_margin_ratio"": 0.01612903225806469, ""base_top1"": ""PS-2"", ""base_top2"": ""PS-3"", ""bm25_top1"": null, ""dense_top1"": null, ""final_margin_ratio"": 0.16168761253356934, ""final_top1"": ""PS-2"", ""gold_informed_rewrite_used"": true, ""num_variants"": 4, ""query_scope"": ""neutral"", ""rerank_alpha"": 0.65, ""rerank_applied"": true, ""rerank_apply_min_margin_ratio"": 0.15, ""rerank_effective_apply_min_margin_ratio"": 0.1, ""rerank_margin_ratio"": 0.16168761253356934, ""rerank_skip_min_base_margin_ratio"": 0.1, ""rerank_skip_require_top1_agreement"": false, ""rerank_top1"": ""PS-2"", ""reranker_called"": true, ""retrieval_query"": ""What does PS-2 require regarding position risk designations and screening criteria?"", ""scope_bias"": {""applied"": false, ""query_scope"": ""neutral"", ""reason"": ""neutral_query_scope""}, ""skip_reason"": null, ""sys"": ""S7a"", ""top1_agree"": null}"
rev4_gold,S7a,28,What does PS-3 require before authorizing access to the information system?,PS-3,2,False,True,True,0.50000000,0.63092975,PS-3(3),"[""PS-3(3)"", ""PS-3"", ""AT-3"", ""PS-6"", ""AC-2"", ""CA-6"", ""CA-3"", ""AC-3(3)"", ""AC-17"", ""PS-6(2)""]",What are the prerequisites for authorizing access to the information system according to PS-3?,What are the prerequisites for authorizing access to the information system according to PS-3?,"{""base_margin_ratio"": 0.025647434333741087, ""base_top1"": ""PS-3(3)"", ""base_top2"": ""PS-3"", ""bm25_top1"": null, ""dense_top1"": null, ""final_margin_ratio"": 0.02959442138671875, ""final_top1"": ""PS-3(3)"", ""gold_informed_rewrite_used"": true, ""num_variants"": 4, ""query_scope"": ""neutral"", ""rerank_alpha"": 0.65, ""rerank_applied"": true, ""rerank_apply_min_margin_ratio"": 0.15, ""rerank_effective_apply_min_margin_ratio"": 0.1, ""rerank_margin_ratio"": 0.02959442138671875, ""rerank_skip_min_base_margin_ratio"": 0.1, ""rerank_skip_require_top1_agreement"": false, ""rerank_top1"": ""PS-3(3)"", ""reranker_called"": true, ""retrieval_query"": ""What does PS-3 require before authorizing access to the information system?"", ""scope_bias"": {""applied"": false, ""query_scope"": ""neutral"", ""reason"": ""neutral_query_scope""}, ""skip_reason"": null, ""sys"": ""S7a"", ""top1_agree"": null}"
rev4_gold,S7a,29,What does RA-2 require regarding categorizing the information system and its resident information?,RA-2,1,True,True,True,1.00000000,1.00000000,RA-2,"[""RA-2"", ""RA-5(4)"", ""RA-1"", ""SA-2"", ""RA-3"", ""RA-5(2)"", ""PL-2"", ""AC-3(2)"", ""RA-5(5)"", ""RA-5""]",What are the requirements for categorizing an information system and its resident information under RA-2?,What are the requirements for categorizing an information system and its resident information under RA-2?,"{""base_margin_ratio"": 0.05735236566560259, ""base_top1"": ""RA-5(4)"", ""base_top2"": ""RA-1"", ""bm25_top1"": null, ""dense_top1"": null, ""final_margin_ratio"": 0.2701600031496264, ""final_top1"": ""RA-2"", ""gold_informed_rewrite_used"": true, ""num_variants"": 4, ""query_scope"": ""neutral"", ""rerank_alpha"": 0.65, ""rerank_applied"": true, ""rerank_apply_min_margin_ratio"": 0.15, ""rerank_effective_apply_min_margin_ratio"": 0.1, ""rerank_margin_ratio"": 0.2701600031496264, ""rerank_skip_min_base_margin_ratio"": 0.1, ""rerank_skip_require_top1_agreement"": false, ""rerank_top1"": ""RA-2"", ""reranker_called"": true, ""retrieval_query"": ""What does RA-2 require regarding categorizing the information system and its resident information?"", ""scope_bias"": {""applied"": false, ""query_scope"": ""neutral"", ""reason"": ""neutral_query_scope""}, ""skip_reason"": null, ""sys"": ""S7a"", ""top1_agree"": null}"
rev4_gold,S7a,30,"What does RA-5 require for scanning vulnerabilities, including frequency and trigger conditions?",RA-5,1,True,True,True,1.00000000,1.00000000,RA-5,"[""RA-5"", ""RA-5(5)"", ""RA-5(2)"", ""RA-5(1)"", ""RA-5(10)"", ""RA-5(3)"", ""RA-5(6)"", ""RA-3"", ""AU-6(5)"", ""RA-5(4)""]",What are the specific requirements for vulnerability scanning under RA-5 regarding frequency and trigger conditions?,What are the specific requirements for vulnerability scanning under RA-5 regarding frequency and trigger conditions?,"{""base_margin_ratio"": 0.036276687147858755, ""base_top1"": ""RA-5"", ""base_top2"": ""RA-5(1)"", ""bm25_top1"": null, ""dense_top1"": null, ""final_margin_ratio"": 0.36066949367523193, ""final_top1"": ""RA-5"", ""gold_informed_rewrite_used"": true, ""num_variants"": 4, ""query_scope"": ""neutral"", ""rerank_alpha"": 0.65, ""rerank_applied"": true, ""rerank_apply_min_margin_ratio"": 0.15, ""rerank_effective_apply_min_margin_ratio"": 0.1, ""rerank_margin_ratio"": 0.36066949367523193, ""rerank_skip_min_base_margin_ratio"": 0.1, ""rerank_skip_require_top1_agreement"": false, ""rerank_top1"": ""RA-5"", ""reranker_called"": true, ""retrieval_query"": ""What does RA-5 require for scanning vulnerabilities including frequency and trigger conditions?"", ""scope_bias"": {""applied"": false, ""query_scope"": ""neutral"", ""reason"": ""neutral_query_scope""}, ""skip_reason"": null, ""sys"": ""S7a"", ""top1_agree"": null}"
rev4_gold,S7a,31,What does SA-3 require about managing the system?,SA-3,1,True,True,True,1.00000000,1.00000000,SA-3,"[""SA-3"", ""SA-1"", ""SA-10"", ""SA-4(2)"", ""SA-4(3)"", ""SA-15(3)"", ""SA-9"", ""SA-11(4)"", ""SA-21"", ""SA-9(5)""]",SA-3 requires what specific actions for system management?,SA-3 requires what specific actions for system management?,"{""base_margin_ratio"": 0.014341884564212048, ""base_top1"": ""SA-4(3)"", ""base_top2"": ""SA-3"", ""bm25_top1"": null, ""dense_top1"": null, ""final_margin_ratio"": 0.1145090312383842, ""final_top1"": ""SA-3"", ""gold_informed_rewrite_used"": true, ""num_variants"": 4, ""query_scope"": ""neutral"", ""rerank_alpha"": 0.65, ""rerank_applied"": true, ""rerank_apply_min_margin_ratio"": 0.15, ""rerank_effective_apply_min_margin_ratio"": 0.1, ""rerank_margin_ratio"": 0.1145090312383842, ""rerank_skip_min_base_margin_ratio"": 0.1, ""rerank_skip_require_top1_agreement"": false, ""rerank_top1"": ""SA-3"", ""reranker_called"": true, ""retrieval_query"": ""What does SA-3 require about managing the system?"", ""scope_bias"": {""applied"": false, ""query_scope"": ""neutral"", ""reason"": ""neutral_query_scope""}, ""skip_reason"": null, ""sys"": ""S7a"", ""top1_agree"": null}"
rev4_gold,S7a,32,What does SA-4 require including in acquisition contracts for information systems?,SA-4,1,True,True,True,1.00000000,1.00000000,SA-4,"[""SA-4"", ""SA-1"", ""SA-12"", ""SA-12(1)"", ""SA-4(2)"", ""SA-9(1)"", ""SA-11(4)"", ""SA-4(3)"", ""SA-9"", ""SA-4(9)""]",What related technical elements are mandated by SA-4 in acquisition contracts for information systems?,What related technical elements are mandated by SA-4 in acquisition contracts for information systems?,"{""base_margin_ratio"": 0.02342973453377754, ""base_top1"": ""SA-1"", ""base_top2"": ""SA-4"", ""bm25_top1"": null, ""dense_top1"": null, ""final_margin_ratio"": 0.3153914793526572, ""final_top1"": ""SA-4"", ""gold_informed_rewrite_used"": true, ""num_variants"": 4, ""query_scope"": ""neutral"", ""rerank_alpha"": 0.65, ""rerank_applied"": true, ""rerank_apply_min_margin_ratio"": 0.15, ""rerank_effective_apply_min_margin_ratio"": 0.1, ""rerank_margin_ratio"": 0.3153914793526572, ""rerank_skip_min_base_margin_ratio"": 0.1, ""rerank_skip_require_top1_agreement"": false, ""rerank_top1"": ""SA-4"", ""reranker_called"": true, ""retrieval_query"": ""What does SA-4 require including in acquisition contracts for information systems?"", ""scope_bias"": {""applied"": false, ""query_scope"": ""neutral"", ""reason"": ""neutral_query_scope""}, ""skip_reason"": null, ""sys"": ""S7a"", ""top1_agree"": null}"
rev4_gold,S7a,33,What does SC-7 require the system to do at external and key internal boundaries?,SC-7,1,True,True,True,1.00000000,1.00000000,SC-7,"[""SC-7"", ""SC-7(9)"", ""SC-7(13)"", ""SC-7(19)"", ""SC-7(3)"", ""SC-7(4)"", ""SC-5(1)"", ""SC-7(10)"", ""SC-7(20)"", ""SC-7(14)""]",What specific actions must a system take according to SC-7 at external and critical internal boundaries?,What specific actions must a system take according to SC-7 at external and critical internal boundaries?,"{""base_margin_ratio"": 0.025819342774360144, ""base_top1"": ""SC-7"", ""base_top2"": ""SC-7(9)"", ""bm25_top1"": null, ""dense_top1"": null, ""final_margin_ratio"": 0.3404378294944763, ""final_top1"": ""SC-7"", ""gold_informed_rewrite_used"": true, ""num_variants"": 4, ""query_scope"": ""neutral"", ""rerank_alpha"": 0.65, ""rerank_applied"": true, ""rerank_apply_min_margin_ratio"": 0.15, ""rerank_effective_apply_min_margin_ratio"": 0.1, ""rerank_margin_ratio"": 0.3404378294944763, ""rerank_skip_min_base_margin_ratio"": 0.1, ""rerank_skip_require_top1_agreement"": false, ""rerank_top1"": ""SC-7"", ""reranker_called"": true, ""retrieval_query"": ""What does SC-7 require the system to do at external and key internal boundaries?"", ""scope_bias"": {""applied"": false, ""query_scope"": ""neutral"", ""reason"": ""neutral_query_scope""}, ""skip_reason"": null, ""sys"": ""S7a"", ""top1_agree"": null}"
rev4_gold,S7a,34,What protections for transmitted information does SC-8 require?,SC-8,1,True,True,True,1.00000000,1.00000000,SC-8,"[""SC-8"", ""SC-8(3)"", ""SC-8(1)"", ""SC-8(2)"", ""SC-8(4)"", ""SC-7(8)"", ""SC-7(4)"", ""SC-28"", ""SC-4"", ""SC-13""]",What technical protections for data in transit are mandated by SC-8?,What technical protections for data in transit are mandated by SC-8?,"{""base_margin_ratio"": 0.039714175975749194, ""base_top1"": ""SC-8"", ""base_top2"": ""SC-8(3)"", ""bm25_top1"": null, ""dense_top1"": null, ""final_margin_ratio"": 0.10724902153015137, ""final_top1"": ""SC-8"", ""gold_informed_rewrite_used"": true, ""num_variants"": 4, ""query_scope"": ""neutral"", ""rerank_alpha"": 0.65, ""rerank_applied"": true, ""rerank_apply_min_margin_ratio"": 0.15, ""rerank_effective_apply_min_margin_ratio"": 0.1, ""rerank_margin_ratio"": 0.10724902153015137, ""rerank_skip_min_base_margin_ratio"": 0.1, ""rerank_skip_require_top1_agreement"": false, ""rerank_top1"": ""SC-8"", ""reranker_called"": true, ""retrieval_query"": ""What protections for transmitted information does SC-8 require?"", ""scope_bias"": {""applied"": false, ""query_scope"": ""neutral"", ""reason"": ""neutral_query_scope""}, ""skip_reason"": null, ""sys"": ""S7a"", ""top1_agree"": null}"
rev4_gold,S7a,35,"What does SI-2 require for identifying, reporting, and correcting system flaws?",SI-2,1,True,True,True,1.00000000,1.00000000,SI-2,"[""SI-2"", ""SI-2(3)"", ""SI-2(2)"", ""SI-10(2)"", ""SI-7(2)"", ""SA-11"", ""SI-3(6)"", ""SI-1"", ""IR-2"", ""SI-13(4)""]",SI-2 requirements for identifying reporting and correcting system flaws,SI-2 requirements for identifying reporting and correcting system flaws,"{""base_margin_ratio"": 0.013914626010920524, ""base_top1"": ""SI-2"", ""base_top2"": ""SI-2(3)"", ""bm25_top1"": null, ""dense_top1"": null, ""final_margin_ratio"": 0.06391012668609619, ""final_top1"": ""SI-2"", ""gold_informed_rewrite_used"": true, ""num_variants"": 4, ""query_scope"": ""neutral"", ""rerank_alpha"": 0.65, ""rerank_applied"": true, ""rerank_apply_min_margin_ratio"": 0.15, ""rerank_effective_apply_min_margin_ratio"": 0.1, ""rerank_margin_ratio"": 0.06391012668609619, ""rerank_skip_min_base_margin_ratio"": 0.1, ""rerank_skip_require_top1_agreement"": false, ""rerank_top1"": ""SI-2"", ""reranker_called"": true, ""retrieval_query"": ""What does SI-2 require for identifying reporting and correcting system flaws?"", ""scope_bias"": {""applied"": false, ""query_scope"": ""neutral"", ""reason"": ""neutral_query_scope""}, ""skip_reason"": null, ""sys"": ""S7a"", ""top1_agree"": null}"
rev4_gold,S7a,36,"What monitoring does SI-4 require to detect attacks, indicators, and unauthorized connections?",SI-4,1,True,True,True,1.00000000,1.00000000,SI-4,"[""SI-4"", ""SI-4(17)"", ""SI-4(18)"", ""SI-4(19)"", ""AU-6(5)"", ""SI-4(22)"", ""SI-4(14)"", ""SI-4(9)"", ""SI-4(4)"", ""SI-4(16)""]",What types of monitoring are required by SI-4 to identify attacks and unauthorized access?,What types of monitoring are required by SI-4 to identify attacks and unauthorized access?,"{""base_margin_ratio"": 0.02059103211176938, ""base_top1"": ""SI-4"", ""base_top2"": ""SI-4(17)"", ""bm25_top1"": null, ""dense_top1"": null, ""final_margin_ratio"": 0.04686737060546875, ""final_top1"": ""SI-4"", ""gold_informed_rewrite_used"": true, ""num_variants"": 4, ""query_scope"": ""neutral"", ""rerank_alpha"": 0.65, ""rerank_applied"": true, ""rerank_apply_min_margin_ratio"": 0.15, ""rerank_effective_apply_min_margin_ratio"": 0.1, ""rerank_margin_ratio"": 0.04686737060546875, ""rerank_skip_min_base_margin_ratio"": 0.1, ""rerank_skip_require_top1_agreement"": false, ""rerank_top1"": ""SI-4"", ""reranker_called"": true, ""retrieval_query"": ""What monitoring does SI-4 require to detect attacks indicators and unauthorized connections?"", ""scope_bias"": {""applied"": false, ""query_scope"": ""neutral"", ""reason"": ""neutral_query_scope""}, ""skip_reason"": null, ""sys"": ""S7a"", ""top1_agree"": null}"
error_bank_rev5,S7a,2,What must an organization enforce regarding logical access to its information and systems?,AC-3,1,True,True,True,1.00000000,1.00000000,AC-3,"[""AC-3"", ""CM-5"", ""AC-3(3)"", ""AC-20"", ""AC-4"", ""SC-8"", ""SA-9(7)"", ""AC-3(9)"", ""AC-4(3)"", ""AC-20(1)""]",What are the necessary policies for logical access to an organization's information and systems?,What are the necessary policies for logical access to an organization's information and systems?,"{""base_margin_ratio"": 0.10233908183846824, ""base_top1"": ""AC-3"", ""base_top2"": ""CM-5"", ""bm25_top1"": null, ""dense_top1"": null, ""final_margin_ratio"": 0.10233908183846824, ""final_top1"": ""AC-3"", ""gold_informed_rewrite_used"": true, ""num_variants"": 4, ""query_scope"": ""neutral"", ""rerank_alpha"": 0.65, ""rerank_applied"": false, ""rerank_apply_min_margin_ratio"": 0.15, ""rerank_effective_apply_min_margin_ratio"": 0.15, ""rerank_margin_ratio"": null, ""rerank_skip_min_base_margin_ratio"": 0.1, ""rerank_skip_require_top1_agreement"": false, ""rerank_top1"": null, ""reranker_called"": false, ""retrieval_query"": ""What must an organization enforce regarding logical access to its information and systems?"", ""scope_bias"": {""applied"": false, ""query_scope"": ""neutral"", ""reason"": ""neutral_query_scope""}, ""skip_reason"": ""base_confident"", ""sys"": ""S7a"", ""top1_agree"": null}"
error_bank_rev5,S7a,4,How must a system be configured to handle consecutive invalid logon attempts?,AC-7,1,True,True,True,1.00000000,1.00000000,AC-7,"[""AC-7"", ""SI-11"", ""AC-7(4)"", ""AC-9(2)"", ""AC-9(1)"", ""AC-7(3)"", ""CM-2(7)"", ""SA-8(24)"", ""SI-10(3)"", ""IA-5(8)""]",What are the necessary configurations for a system to manage sequential incorrect login attempts?,What are the necessary configurations for a system to manage sequential incorrect login attempts?,"{""base_margin_ratio"": 0.04396262399398655, ""base_top1"": ""AC-7"", ""base_top2"": ""AC-7(4)"", ""bm25_top1"": null, ""dense_top1"": null, ""final_margin_ratio"": 0.3272112011909485, ""final_top1"": ""AC-7"", ""gold_informed_rewrite_used"": true, ""num_variants"": 4, ""query_scope"": ""neutral"", ""rerank_alpha"": 0.65, ""rerank_applied"": true, ""rerank_apply_min_margin_ratio"": 0.15, ""rerank_effective_apply_min_margin_ratio"": 0.1, ""rerank_margin_ratio"": 0.3272112011909485, ""rerank_skip_min_base_margin_ratio"": 0.1, ""rerank_skip_require_top1_agreement"": false, ""rerank_top1"": ""AC-7"", ""reranker_called"": true, ""retrieval_query"": ""How must a system be configured to handle consecutive invalid logon attempts?"", ""scope_bias"": {""applied"": false, ""query_scope"": ""neutral"", ""reason"": ""neutral_query_scope""}, ""skip_reason"": null, ""sys"": ""S7a"", ""top1_agree"": null}"
error_bank_rev5,S7a,10,What method does AT-3(3) specify for reinforcing objectives in role-based security training?,AT-3(3),2,False,True,True,0.50000000,0.63092975,AT-3,"[""AT-3"", ""AT-3(3)"", ""SA-3"", ""AT-4"", ""IR-2"", ""CP-3"", ""AT-6"", ""AT-3(2)"", ""AT-1"", ""AT-3(5)""]",How does AT-3(3) define the process for reinforcing objectives in role-based security training?,How does AT-3(3) define the process for reinforcing objectives in role-based security training?,"{""base_margin_ratio"": 0.01810492467931927, ""base_top1"": ""AT-3"", ""base_top2"": ""AT-3(3)"", ""bm25_top1"": null, ""dense_top1"": null, ""final_margin_ratio"": 0.3525030016899109, ""final_top1"": ""AT-3"", ""gold_informed_rewrite_used"": true, ""num_variants"": 4, ""query_scope"": ""neutral"", ""rerank_alpha"": 0.65, ""rerank_applied"": true, ""rerank_apply_min_margin_ratio"": 0.15, ""rerank_effective_apply_min_margin_ratio"": 0.1, ""rerank_margin_ratio"": 0.3525030016899109, ""rerank_skip_min_base_margin_ratio"": 0.1, ""rerank_skip_require_top1_agreement"": false, ""rerank_top1"": ""AT-3"", ""reranker_called"": true, ""retrieval_query"": ""What method does AT-3(3) specify for reinforcing objectives in role-based security training?"", ""scope_bias"": {""applied"": false, ""query_scope"": ""neutral"", ""reason"": ""neutral_query_scope""}, ""skip_reason"": null, ""sys"": ""S7a"", ""top1_agree"": null}"
error_bank_rev5,S7a,12,What information must each audit record contain to support after-the-fact investigation of security incidents?,AU-3,1,True,True,True,1.00000000,1.00000000,AU-3,"[""AU-3"", ""AU-6(5)"", ""AU-6(1)"", ""SA-8(22)"", ""AU-11"", ""AU-3(1)"", ""AU-6"", ""AU-7"", ""AU-12"", ""PE-6""]",What elements must audit logs have to facilitate investigation of security breaches?,What elements must audit logs have to facilitate investigation of security breaches?,"{""base_margin_ratio"": 0.02682053553763056, ""base_top1"": ""AU-3"", ""base_top2"": ""AU-6(5)"", ""bm25_top1"": null, ""dense_top1"": null, ""final_margin_ratio"": 0.02682053553763056, ""final_top1"": ""AU-3"", ""gold_informed_rewrite_used"": true, ""num_variants"": 2, ""query_scope"": ""neutral"", ""rerank_alpha"": 0.65, ""rerank_applied"": false, ""rerank_apply_min_margin_ratio"": 0.15, ""rerank_effective_apply_min_margin_ratio"": 0.1, ""rerank_margin_ratio"": 0.037594638127751684, ""rerank_skip_min_base_margin_ratio"": 0.1, ""rerank_skip_require_top1_agreement"": false, ""rerank_top1"": ""SA-8(22)"", ""reranker_called"": true, ""retrieval_query"": ""What information must each audit record contain to support after-the-fact investigation of security incidents?"", ""scope_bias"": {""applied"": false, ""query_scope"": ""neutral"", ""reason"": ""neutral_query_scope""}, ""skip_reason"": null, ""sys"": ""S7a"", ""top1_agree"": null}"
error_bank_rev5,S7a,14,"What is the required process for reviewing system audit records, and what actions should be taken based on the findings?",AU-6,1,True,True,True,1.00000000,1.00000000,AU-6,"[""AU-6"", ""SA-8(22)"", ""AU-3"", ""AU-6(7)"", ""AU-5"", ""AC-4(26)"", ""AU-7"", ""MP-6(1)"", ""AC-2(4)"", ""AU-1""]","How are system audit records reviewed, and what actions should be implemented based on the review outcomes?",How are system audit records reviewed and what actions should be implemented based on the review outcomes?,"{""base_margin_ratio"": 0.10219239927392507, ""base_top1"": ""AU-6"", ""base_top2"": ""SA-8(22)"", ""bm25_top1"": null, ""dense_top1"": null, ""final_margin_ratio"": 0.10219239927392507, ""final_top1"": ""AU-6"", ""gold_informed_rewrite_used"": true, ""num_variants"": 4, ""query_scope"": ""neutral"", ""rerank_alpha"": 0.65, ""rerank_applied"": false, ""rerank_apply_min_margin_ratio"": 0.15, ""rerank_effective_apply_min_margin_ratio"": 0.15, ""rerank_margin_ratio"": null, ""rerank_skip_min_base_margin_ratio"": 0.1, ""rerank_skip_require_top1_agreement"": false, ""rerank_top1"": null, ""reranker_called"": false, ""retrieval_query"": ""What is the required process for reviewing system audit records and what actions should be taken based on the findings?"", ""scope_bias"": {""applied"": false, ""query_scope"": ""neutral"", ""reason"": ""neutral_query_scope""}, ""skip_reason"": ""base_confident"", ""sys"": ""S7a"", ""top1_agree"": null}"
error_bank_rev5,S7a,15,What are the requirements for generating and recording time stamps in audit records to ensure accuracy?,AU-8,2,False,True,True,0.50000000,0.63092975,AU-7,"[""AU-7"", ""AU-8"", ""AU-12"", ""AU-3"", ""AU-12(1)"", ""AU-5"", ""AU-11(1)"", ""AU-12(2)"", ""AU-2"", ""AU-3(1)""]",How can we define and implement accurate timestamp generation and recording in audit entries?,How can we define and implement accurate timestamp generation and recording in audit entries?,"{""base_margin_ratio"": 0.012527487796656989, ""base_top1"": ""AU-3"", ""base_top2"": ""AU-12"", ""bm25_top1"": null, ""dense_top1"": null, ""final_margin_ratio"": 0.16626512752297415, ""final_top1"": ""AU-7"", ""gold_informed_rewrite_used"": true, ""num_variants"": 4, ""query_scope"": ""neutral"", ""rerank_alpha"": 0.65, ""rerank_applied"": true, ""rerank_apply_min_margin_ratio"": 0.15, ""rerank_effective_apply_min_margin_ratio"": 0.1, ""rerank_margin_ratio"": 0.16626512752297415, ""rerank_skip_min_base_margin_ratio"": 0.1, ""rerank_skip_require_top1_agreement"": false, ""rerank_top1"": ""AU-7"", ""reranker_called"": true, ""retrieval_query"": ""What are the requirements for generating and recording time stamps in audit records to ensure accuracy?"", ""scope_bias"": {""applied"": false, ""query_scope"": ""neutral"", ""reason"": ""neutral_query_scope""}, ""skip_reason"": null, ""sys"": ""S7a"", ""top1_agree"": null}"
error_bank_rev5,S7a,16,"Describe the key steps of the formal control assessment process, from planning to reporting.",CA-2,1,True,True,True,1.00000000,1.00000000,CA-2,"[""CA-2"", ""SA-11(7)"", ""RA-3"", ""CA-7"", ""CA-5"", ""PM-4"", ""CA-2(3)"", ""PL-1"", ""CA-7(1)"", ""RA-1""]",What are the main stages involved in conducting a formal control assessment?,What are the main stages involved in conducting a formal control assessment?,"{""base_margin_ratio"": 0.058629207919956315, ""base_top1"": ""CA-2"", ""base_top2"": ""SA-11(7)"", ""bm25_top1"": null, ""dense_top1"": null, ""final_margin_ratio"": 0.3853355050086975, ""final_top1"": ""CA-2"", ""gold_informed_rewrite_used"": true, ""num_variants"": 4, ""query_scope"": ""neutral"", ""rerank_alpha"": 0.65, ""rerank_applied"": true, ""rerank_apply_min_margin_ratio"": 0.15, ""rerank_effective_apply_min_margin_ratio"": 0.1, ""rerank_margin_ratio"": 0.3853355050086975, ""rerank_skip_min_base_margin_ratio"": 0.1, ""rerank_skip_require_top1_agreement"": false, ""rerank_top1"": ""CA-2"", ""reranker_called"": true, ""retrieval_query"": ""Describe the key steps of the formal control assessment process from planning to reporting"", ""scope_bias"": {""applied"": false, ""query_scope"": ""neutral"", ""reason"": ""neutral_query_scope""}, ""skip_reason"": null, ""sys"": ""S7a"", ""top1_agree"": null}"
error_bank_rev5,S7a,23,What should be analyzed before implementing a system change?,CM-4,6,False,False,True,0.16666667,0.35620719,CM-3(2),"[""CM-3(2)"", ""SR-5(2)"", ""CM-3"", ""MA-4(3)"", ""CM-3(7)"", ""CM-4"", ""IA-5(5)"", ""MA-3"", ""SA-11(2)"", ""IR-6(2)""]",What technical assessments are necessary prior to executing a system modification?,What technical assessments are necessary prior to executing a system modification?,"{""base_margin_ratio"": 0.10733085765130293, ""base_top1"": ""CM-3(2)"", ""base_top2"": ""SR-5(2)"", ""bm25_top1"": null, ""dense_top1"": null, ""final_margin_ratio"": 0.10733085765130293, ""final_top1"": ""CM-3(2)"", ""gold_informed_rewrite_used"": true, ""num_variants"": 4, ""query_scope"": ""neutral"", ""rerank_alpha"": 0.65, ""rerank_applied"": false, ""rerank_apply_min_margin_ratio"": 0.15, ""rerank_effective_apply_min_margin_ratio"": 0.15, ""rerank_margin_ratio"": null, ""rerank_skip_min_base_margin_ratio"": 0.1, ""rerank_skip_require_top1_agreement"": false, ""rerank_top1"": null, ""reranker_called"": false, ""retrieval_query"": ""What should be analyzed before implementing a system change?"", ""scope_bias"": {""applied"": false, ""query_scope"": ""neutral"", ""reason"": ""neutral_query_scope""}, ""skip_reason"": ""base_confident"", ""sys"": ""S7a"", ""top1_agree"": null}"
error_bank_rev5,S7a,24,"How should configuration settings be established, approved, and monitored?",CM-6,1,True,True,True,1.00000000,1.00000000,CM-6,"[""CM-6"", ""CM-8(6)"", ""CM-9"", ""CM-3"", ""CM-6(1)"", ""CM-6(2)"", ""CP-7(4)"", ""CM-1"", ""SA-10"", ""CM-2""]","What are the steps for establishing, approving, and monitoring configuration settings?",What are the steps for establishing approving and monitoring configuration settings?,"{""base_margin_ratio"": 0.009571651094054692, ""base_top1"": ""CM-6"", ""base_top2"": ""CM-8(6)"", ""bm25_top1"": null, ""dense_top1"": null, ""final_margin_ratio"": 0.06745004653930664, ""final_top1"": ""CM-6"", ""gold_informed_rewrite_used"": true, ""num_variants"": 4, ""query_scope"": ""neutral"", ""rerank_alpha"": 0.65, ""rerank_applied"": true, ""rerank_apply_min_margin_ratio"": 0.15, ""rerank_effective_apply_min_margin_ratio"": 0.1, ""rerank_margin_ratio"": 0.06745004653930664, ""rerank_skip_min_base_margin_ratio"": 0.1, ""rerank_skip_require_top1_agreement"": false, ""rerank_top1"": ""CM-6"", ""reranker_called"": true, ""retrieval_query"": ""How should configuration settings be established approved and monitored?"", ""scope_bias"": {""applied"": false, ""query_scope"": ""neutral"", ""reason"": ""neutral_query_scope""}, ""skip_reason"": null, ""sys"": ""S7a"", ""top1_agree"": null}"
error_bank_rev5,S7a,25,"What are the requirements for developing, maintaining, and updating a system component inventory?",CM-8,1,True,True,True,1.00000000,1.00000000,CM-8,"[""CM-8"", ""CM-8(1)"", ""SA-5"", ""SA-10"", ""PM-5"", ""CM-8(7)"", ""SA-15"", ""SA-4(2)"", ""RA-9"", ""SA-4(9)""]","What are the necessary criteria for creating, managing, and revising a system component record?",What are the necessary criteria for creating managing and revising a system component record?,"{""base_margin_ratio"": 0.15325538780783698, ""base_top1"": ""CM-8"", ""base_top2"": ""CM-8(1)"", ""bm25_top1"": null, ""dense_top1"": null, ""final_margin_ratio"": 0.15325538780783698, ""final_top1"": ""CM-8"", ""gold_informed_rewrite_used"": true, ""num_variants"": 4, ""query_scope"": ""neutral"", ""rerank_alpha"": 0.65, ""rerank_applied"": false, ""rerank_apply_min_margin_ratio"": 0.15, ""rerank_effective_apply_min_margin_ratio"": 0.15, ""rerank_margin_ratio"": null, ""rerank_skip_min_base_margin_ratio"": 0.1, ""rerank_skip_require_top1_agreement"": false, ""rerank_top1"": null, ""reranker_called"": false, ""retrieval_query"": ""What are the requirements for developing maintaining and updating a system component inventory?"", ""scope_bias"": {""applied"": false, ""query_scope"": ""neutral"", ""reason"": ""neutral_query_scope""}, ""skip_reason"": ""base_confident"", ""sys"": ""S7a"", ""top1_agree"": null}"
error_bank_rev5,S7a,26,"What are the key elements that must be included in a contingency plan, and how should it be reviewed, distributed, and updated?",CP-2,1,True,True,True,1.00000000,1.00000000,CP-2,"[""CP-2"", ""CP-1"", ""CP-3"", ""CP-4"", ""CP-8(4)"", ""CP-4(1)"", ""CP-2(1)"", ""CP-2(7)"", ""CP-9(2)"", ""CP-4(2)""]","What are the essential components of a contingency plan and what is the process for reviewing, disseminating, and updating it?",What are the essential components of a contingency plan and what is the process for reviewing disseminating and updating it?,"{""base_margin_ratio"": 0.0015866825232730814, ""base_top1"": ""CP-2"", ""base_top2"": ""CP-4(1)"", ""bm25_top1"": null, ""dense_top1"": null, ""final_margin_ratio"": 0.18224632740020752, ""final_top1"": ""CP-2"", ""gold_informed_rewrite_used"": true, ""num_variants"": 4, ""query_scope"": ""neutral"", ""rerank_alpha"": 0.65, ""rerank_applied"": true, ""rerank_apply_min_margin_ratio"": 0.15, ""rerank_effective_apply_min_margin_ratio"": 0.1, ""rerank_margin_ratio"": 0.18224632740020752, ""rerank_skip_min_base_margin_ratio"": 0.1, ""rerank_skip_require_top1_agreement"": false, ""rerank_top1"": ""CP-2"", ""reranker_called"": true, ""retrieval_query"": ""What are the key elements that must be included in a contingency plan and how should it be reviewed distributed and updated?"", ""scope_bias"": {""applied"": false, ""query_scope"": ""neutral"", ""reason"": ""neutral_query_scope""}, ""skip_reason"": null, ""sys"": ""S7a"", ""top1_agree"": null}"
error_bank_rev5,S7a,39,What information should organizations maintain and analyze when documenting and reviewing security incidents?,IR-5,2,False,True,True,0.50000000,0.63092975,AU-6,"[""AU-6"", ""IR-5"", ""PE-6"", ""CM-4"", ""IR-4"", ""AU-3"", ""IR-6(2)"", ""IR-4(12)"", ""IR-1"", ""SA-5""]",What technical details must organizations keep and examine during security incident documentation and review?,What technical details must organizations keep and examine during security incident documentation and review?,"{""base_margin_ratio"": 0.0772780862678052, ""base_top1"": ""AU-6"", ""base_top2"": ""CM-4"", ""bm25_top1"": null, ""dense_top1"": null, ""final_margin_ratio"": 0.21689367294311523, ""final_top1"": ""AU-6"", ""gold_informed_rewrite_used"": true, ""num_variants"": 4, ""query_scope"": ""neutral"", ""rerank_alpha"": 0.65, ""rerank_applied"": true, ""rerank_apply_min_margin_ratio"": 0.15, ""rerank_effective_apply_min_margin_ratio"": 0.1, ""rerank_margin_ratio"": 0.21689367294311523, ""rerank_skip_min_base_margin_ratio"": 0.1, ""rerank_skip_require_top1_agreement"": false, ""rerank_top1"": ""AU-6"", ""reranker_called"": true, ""retrieval_query"": ""What information should organizations maintain and analyze when documenting and reviewing security incidents?"", ""scope_bias"": {""applied"": false, ""query_scope"": ""neutral"", ""reason"": ""neutral_query_scope""}, ""skip_reason"": null, ""sys"": ""S7a"", ""top1_agree"": null}"
error_bank_rev5,S7a,44,What process should be established for authorizing maintenance personnel and ensuring appropriate escorting and access control during maintenance?,MA-5,2,False,True,True,0.50000000,0.63092975,MA-5(1),"[""MA-5(1)"", ""MA-5"", ""MA-5(5)"", ""PE-2(1)"", ""MA-4(6)"", ""MA-2"", ""MA-1"", ""MA-3"", ""MA-2(2)"", ""MA-5(2)""]",How can we establish a procedure for certifying maintenance personnel and overseeing their escorting and access rights during maintenance activities?,How can we establish a procedure for certifying maintenance personnel and overseeing their escorting and access rights during maintenance activities?,"{""base_margin_ratio"": 0.0024844438264607963, ""base_top1"": ""MA-5(1)"", ""base_top2"": ""MA-5"", ""bm25_top1"": null, ""dense_top1"": null, ""final_margin_ratio"": 0.0024844438264607963, ""final_top1"": ""MA-5(1)"", ""gold_informed_rewrite_used"": true, ""num_variants"": 3, ""query_scope"": ""neutral"", ""rerank_alpha"": 0.65, ""rerank_applied"": false, ""rerank_apply_min_margin_ratio"": 0.15, ""rerank_effective_apply_min_margin_ratio"": 0.1, ""rerank_margin_ratio"": 0.06498813991494866, ""rerank_skip_min_base_margin_ratio"": 0.1, ""rerank_skip_require_top1_agreement"": false, ""rerank_top1"": ""MA-5"", ""reranker_called"": true, ""retrieval_query"": ""What process should be established for authorizing maintenance personnel and ensuring appropriate escorting and access control during maintenance?"", ""scope_bias"": {""applied"": false, ""query_scope"": ""neutral"", ""reason"": ""neutral_query_scope""}, ""skip_reason"": null, ""sys"": ""S7a"", ""top1_agree"": null}"
error_bank_rev5,S7a,56,What is the guidance of control PL-2?,PL-2,1,True,True,True,1.00000000,1.00000000,PL-2,"[""PL-2"", ""PL-1"", ""PL-10"", ""PL-8(1)"", ""PL-4"", ""PL-4(1)"", ""PL-11"", ""PL-9"", ""MA-2"", ""CP-2""]",What are the details of control PL-2?,What are the details of control PL-2?,"{""base_margin_ratio"": 0.010043070484041492, ""base_top1"": ""PL-2"", ""base_top2"": ""PL-1"", ""bm25_top1"": null, ""dense_top1"": null, ""final_margin_ratio"": 0.15833403870329346, ""final_top1"": ""PL-2"", ""gold_informed_rewrite_used"": true, ""num_variants"": 4, ""query_scope"": ""neutral"", ""rerank_alpha"": 0.65, ""rerank_applied"": true, ""rerank_apply_min_margin_ratio"": 0.15, ""rerank_effective_apply_min_margin_ratio"": 0.1, ""rerank_margin_ratio"": 0.15833403870329346, ""rerank_skip_min_base_margin_ratio"": 0.1, ""rerank_skip_require_top1_agreement"": false, ""rerank_top1"": ""PL-2"", ""reranker_called"": true, ""retrieval_query"": ""What is the guidance of control PL-2?"", ""scope_bias"": {""applied"": false, ""query_scope"": ""neutral"", ""reason"": ""neutral_query_scope""}, ""skip_reason"": null, ""sys"": ""S7a"", ""top1_agree"": null}"
error_bank_rev5,S7a,59,What should security and privacy architectures describe to ensure protection of information and integration with the enterprise architecture?,PL-8,2,False,True,True,0.50000000,0.63092975,PM-7,"[""PM-7"", ""PL-8"", ""PL-8(1)"", ""SA-3"", ""SA-17"", ""PL-2"", ""SA-8"", ""CM-3(4)"", ""SC-1"", ""AC-16""]",security privacy architectures key elements,security privacy architectures key elements,"{""base_margin_ratio"": 0.008065108759553272, ""base_top1"": ""PM-7"", ""base_top2"": ""PL-8"", ""bm25_top1"": null, ""dense_top1"": null, ""final_margin_ratio"": 0.008065108759553272, ""final_top1"": ""PM-7"", ""gold_informed_rewrite_used"": true, ""num_variants"": 4, ""query_scope"": ""neutral"", ""rerank_alpha"": 0.65, ""rerank_applied"": false, ""rerank_apply_min_margin_ratio"": 0.15, ""rerank_effective_apply_min_margin_ratio"": 0.1, ""rerank_margin_ratio"": 0.003135311490687294, ""rerank_skip_min_base_margin_ratio"": 0.1, ""rerank_skip_require_top1_agreement"": false, ""rerank_top1"": ""PL-8"", ""reranker_called"": true, ""retrieval_query"": ""What should security and privacy architectures describe to ensure protection of information and integration with the enterprise architecture?"", ""scope_bias"": {""applied"": false, ""query_scope"": ""neutral"", ""reason"": ""neutral_query_scope""}, ""skip_reason"": null, ""sys"": ""S7a"", ""top1_agree"": null}"
error_bank_rev5,S7a,65,"What are the key components of an organization's risk management strategy, and how should it be implemented and updated?",PM-9,2,False,True,True,0.50000000,0.63092975,PM-30,"[""PM-30"", ""PM-9"", ""RA-1"", ""PM-4"", ""SR-1"", ""PM-7"", ""PM-29"", ""PM-10"", ""SR-2"", ""CM-1""]",What are the essential elements of an organization's risk management plan and what is the process for implementation and revision?,What are the essential elements of an organization's risk management plan and what is the process for implementation and revision?,"{""base_margin_ratio"": 0.03406087192802895, ""base_top1"": ""PM-30"", ""base_top2"": ""PM-9"", ""bm25_top1"": null, ""dense_top1"": null, ""final_margin_ratio"": 0.03406087192802895, ""final_top1"": ""PM-30"", ""gold_informed_rewrite_used"": true, ""num_variants"": 4, ""query_scope"": ""neutral"", ""rerank_alpha"": 0.65, ""rerank_applied"": false, ""rerank_apply_min_margin_ratio"": 0.15, ""rerank_effective_apply_min_margin_ratio"": 0.1, ""rerank_margin_ratio"": 0.054976101244417055, ""rerank_skip_min_base_margin_ratio"": 0.1, ""rerank_skip_require_top1_agreement"": false, ""rerank_top1"": ""PM-9"", ""reranker_called"": true, ""retrieval_query"": ""What are the key components of an organization's risk management strategy and how should it be implemented and updated?"", ""scope_bias"": {""applied"": false, ""query_scope"": ""neutral"", ""reason"": ""neutral_query_scope""}, ""skip_reason"": null, ""sys"": ""S7a"", ""top1_agree"": null}"
error_bank_rev5,S7a,67,When and how must individuals be screened before authorizing or maintaining access to organizational systems?,PS-3,1,True,True,True,1.00000000,1.00000000,PS-3,"[""PS-3"", ""PS-6"", ""CA-6"", ""AC-20"", ""AC-8"", ""AC-3(14)"", ""CM-3(2)"", ""IA-2"", ""AC-2(13)"", ""PE-3""]",When and what methods must be used to screen individuals before granting them access to organizational systems?,When and what methods must be used to screen individuals before granting them access to organizational systems?,"{""base_margin_ratio"": 0.13914483411089296, ""base_top1"": ""PS-3"", ""base_top2"": ""PS-6"", ""bm25_top1"": null, ""dense_top1"": null, ""final_margin_ratio"": 0.13914483411089296, ""final_top1"": ""PS-3"", ""gold_informed_rewrite_used"": true, ""num_variants"": 3, ""query_scope"": ""neutral"", ""rerank_alpha"": 0.65, ""rerank_applied"": false, ""rerank_apply_min_margin_ratio"": 0.15, ""rerank_effective_apply_min_margin_ratio"": 0.15, ""rerank_margin_ratio"": null, ""rerank_skip_min_base_margin_ratio"": 0.1, ""rerank_skip_require_top1_agreement"": false, ""rerank_top1"": null, ""reranker_called"": false, ""retrieval_query"": ""When and how must individuals be screened before authorizing or maintaining access to organizational systems?"", ""scope_bias"": {""applied"": false, ""query_scope"": ""neutral"", ""reason"": ""neutral_query_scope""}, ""skip_reason"": ""base_confident"", ""sys"": ""S7a"", ""top1_agree"": null}"
error_bank_rev5,S7a,68,What steps must be taken when an individual's employment or role is terminated?,PS-4,1,True,True,True,1.00000000,1.00000000,PS-4,"[""PS-4"", ""PS-4(2)"", ""PS-4(1)"", ""PS-6(3)"", ""AC-12"", ""PT-7(1)"", ""SI-4(21)"", ""IR-4(15)"", ""SI-19"", ""PS-2""]",What technical measures should be implemented when an employee's employment ends?,What technical measures should be implemented when an employee's employment ends?,"{""base_margin_ratio"": 0.019933311468380812, ""base_top1"": ""PS-4(2)"", ""base_top2"": ""PS-4(1)"", ""bm25_top1"": null, ""dense_top1"": null, ""final_margin_ratio"": 0.11725735188139577, ""final_top1"": ""PS-4"", ""gold_informed_rewrite_used"": true, ""num_variants"": 3, ""query_scope"": ""neutral"", ""rerank_alpha"": 0.65, ""rerank_applied"": true, ""rerank_apply_min_margin_ratio"": 0.15, ""rerank_effective_apply_min_margin_ratio"": 0.1, ""rerank_margin_ratio"": 0.11725735188139577, ""rerank_skip_min_base_margin_ratio"": 0.1, ""rerank_skip_require_top1_agreement"": false, ""rerank_top1"": ""PS-4"", ""reranker_called"": true, ""retrieval_query"": ""What steps must be taken when an individual's employment or role is terminated?"", ""scope_bias"": {""applied"": false, ""query_scope"": ""neutral"", ""reason"": ""neutral_query_scope""}, ""skip_reason"": null, ""sys"": ""S7a"", ""top1_agree"": null}"
error_bank_rev5,S7a,72,"What must organizations identify and document about the purposes and conditions for collecting, using, and sharing PII, and how should they handle changes to those purposes?",PT-3,1,True,True,True,1.00000000,1.00000000,PT-3,"[""PT-3"", ""PT-2"", ""PM-25"", ""CM-5"", ""PT-7"", ""SI-18(3)"", ""PT-5"", ""SI-18"", ""IR-8"", ""PM-5(1)""]","What are the required steps for organizations to identify and document the purposes and conditions for handling PII, and what procedures should be in place for changes to these purposes?",What are the required steps for organizations to identify and document the purposes and conditions for handling PII and what procedures should be in place for changes to these purposes?,"{""base_margin_ratio"": 0.16370646859601853, ""base_top1"": ""PT-3"", ""base_top2"": ""PT-2"", ""bm25_top1"": null, ""dense_top1"": null, ""final_margin_ratio"": 0.16370646859601853, ""final_top1"": ""PT-3"", ""gold_informed_rewrite_used"": true, ""num_variants"": 4, ""query_scope"": ""neutral"", ""rerank_alpha"": 0.65, ""rerank_applied"": false, ""rerank_apply_min_margin_ratio"": 0.15, ""rerank_effective_apply_min_margin_ratio"": 0.15, ""rerank_margin_ratio"": null, ""rerank_skip_min_base_margin_ratio"": 0.1, ""rerank_skip_require_top1_agreement"": false, ""rerank_top1"": null, ""reranker_called"": false, ""retrieval_query"": ""What must organizations identify and document about the purposes and conditions for collecting using and sharing PII and how should they handle changes to those purposes?"", ""scope_bias"": {""applied"": false, ""query_scope"": ""neutral"", ""reason"": ""neutral_query_scope""}, ""skip_reason"": ""base_confident"", ""sys"": ""S7a"", ""top1_agree"": null}"
error_bank_rev5,S7a,76,"What steps are required to categorize a system and its information, and who must approve the decision?",RA-2,1,True,True,True,1.00000000,1.00000000,RA-2,"[""RA-2"", ""MP-6(1)"", ""CM-8(4)"", ""PT-7(1)"", ""SA-4(9)"", ""SA-17(7)"", ""CA-1"", ""SA-4(2)"", ""CA-3"", ""SA-8(14)""]","What are the necessary actions to classify a system and its data, and which parties need to give the final OK?",What are the necessary actions to classify a system and its data and which parties need to give the final OK?,"{""base_margin_ratio"": 0.045968653131616924, ""base_top1"": ""RA-2"", ""base_top2"": ""MP-6(1)"", ""bm25_top1"": null, ""dense_top1"": null, ""final_margin_ratio"": 0.38928425312042236, ""final_top1"": ""RA-2"", ""gold_informed_rewrite_used"": true, ""num_variants"": 4, ""query_scope"": ""neutral"", ""rerank_alpha"": 0.65, ""rerank_applied"": true, ""rerank_apply_min_margin_ratio"": 0.15, ""rerank_effective_apply_min_margin_ratio"": 0.1, ""rerank_margin_ratio"": 0.38928425312042236, ""rerank_skip_min_base_margin_ratio"": 0.1, ""rerank_skip_require_top1_agreement"": false, ""rerank_top1"": ""RA-2"", ""reranker_called"": true, ""retrieval_query"": ""What steps are required to categorize a system and its information and who must approve the decision?"", ""scope_bias"": {""applied"": false, ""query_scope"": ""neutral"", ""reason"": ""neutral_query_scope""}, ""skip_reason"": null, ""sys"": ""S7a"", ""top1_agree"": null}"
error_bank_rev5,S7a,77,"How should organizations conduct and document risk assessments, and how often should the results be reviewed?",RA-3,1,True,True,True,1.00000000,1.00000000,RA-3,"[""RA-3"", ""CA-2(2)"", ""PM-28"", ""CA-2"", ""SR-5(2)"", ""RA-8"", ""CA-2(1)"", ""SR-6"", ""SA-9(1)"", ""RA-1""]",What are the best practices for conducting and documenting risk assessments in organizations and what is the recommended frequency for reviewing these assessments?,What are the best practices for conducting and documenting risk assessments in organizations and what is the recommended frequency for reviewing these assessments?,"{""base_margin_ratio"": 0.04438357780833111, ""base_top1"": ""RA-3"", ""base_top2"": ""CA-2"", ""bm25_top1"": null, ""dense_top1"": null, ""final_margin_ratio"": 0.3264285922050476, ""final_top1"": ""RA-3"", ""gold_informed_rewrite_used"": true, ""num_variants"": 4, ""query_scope"": ""neutral"", ""rerank_alpha"": 0.65, ""rerank_applied"": true, ""rerank_apply_min_margin_ratio"": 0.15, ""rerank_effective_apply_min_margin_ratio"": 0.1, ""rerank_margin_ratio"": 0.3264285922050476, ""rerank_skip_min_base_margin_ratio"": 0.1, ""rerank_skip_require_top1_agreement"": false, ""rerank_top1"": ""RA-3"", ""reranker_called"": true, ""retrieval_query"": ""How should organizations conduct and document risk assessments and how often should the results be reviewed?"", ""scope_bias"": {""applied"": false, ""query_scope"": ""neutral"", ""reason"": ""neutral_query_scope""}, ""skip_reason"": null, ""sys"": ""S7a"", ""top1_agree"": null}"
error_bank_rev5,S7a,87,What measures should be implemented to protect the confidentiality and integrity of transmitted information across internal and external networks?,SC-8,1,True,True,True,1.00000000,1.00000000,SC-8,"[""SC-8"", ""SC-7(4)"", ""SC-28"", ""SC-8(1)"", ""AC-17(2)"", ""AC-17"", ""IA-2"", ""SC-8(4)"", ""SC-8(3)"", ""SC-16(1)""]",What technical measures are recommended to ensure the confidentiality and integrity of data transmitted over both internal and external networks?,What technical measures are recommended to ensure the confidentiality and integrity of data transmitted over both internal and external networks?,"{""base_margin_ratio"": 0.004352142646023842, ""base_top1"": ""SC-8"", ""base_top2"": ""SC-7(4)"", ""bm25_top1"": null, ""dense_top1"": null, ""final_margin_ratio"": 0.030672907829284668, ""final_top1"": ""SC-8"", ""gold_informed_rewrite_used"": true, ""num_variants"": 4, ""query_scope"": ""neutral"", ""rerank_alpha"": 0.65, ""rerank_applied"": true, ""rerank_apply_min_margin_ratio"": 0.15, ""rerank_effective_apply_min_margin_ratio"": 0.1, ""rerank_margin_ratio"": 0.030672907829284668, ""rerank_skip_min_base_margin_ratio"": 0.1, ""rerank_skip_require_top1_agreement"": false, ""rerank_top1"": ""SC-8"", ""reranker_called"": true, ""retrieval_query"": ""What measures should be implemented to protect the confidentiality and integrity of transmitted information across internal and external networks?"", ""scope_bias"": {""applied"": false, ""query_scope"": ""neutral"", ""reason"": ""neutral_query_scope""}, ""skip_reason"": null, ""sys"": ""S7a"", ""top1_agree"": null}"
error_bank_rev5,S7a,89,"How should cryptographic mechanisms be selected and implemented to comply with applicable laws, policies, and standards?",SC-13,2,False,True,True,0.50000000,0.63092975,IA-7,"[""IA-7"", ""SC-13"", ""SC-40(2)"", ""SC-12"", ""SC-40(1)"", ""CP-9(8)"", ""PM-17"", ""SC-28(1)"", ""IA-1"", ""PL-1""]","When selecting and implementing cryptographic mechanisms, what considerations are necessary to ensure compliance with existing laws, policies, and standards?",When selecting and implementing cryptographic mechanisms what considerations are necessary to ensure compliance with existing laws policies and standards?,"{""base_margin_ratio"": 0.014318656460197237, ""base_top1"": ""IA-7"", ""base_top2"": ""SC-13"", ""bm25_top1"": null, ""dense_top1"": null, ""final_margin_ratio"": 0.06272076678334647, ""final_top1"": ""IA-7"", ""gold_informed_rewrite_used"": true, ""num_variants"": 2, ""query_scope"": ""neutral"", ""rerank_alpha"": 0.65, ""rerank_applied"": true, ""rerank_apply_min_margin_ratio"": 0.15, ""rerank_effective_apply_min_margin_ratio"": 0.1, ""rerank_margin_ratio"": 0.06272076678334647, ""rerank_skip_min_base_margin_ratio"": 0.1, ""rerank_skip_require_top1_agreement"": false, ""rerank_top1"": ""IA-7"", ""reranker_called"": true, ""retrieval_query"": ""How should cryptographic mechanisms be selected and implemented to comply with applicable laws policies and standards?"", ""scope_bias"": {""applied"": false, ""query_scope"": ""neutral"", ""reason"": ""neutral_query_scope""}, ""skip_reason"": null, ""sys"": ""S7a"", ""top1_agree"": null}"
error_bank_rev5,S7a,93,"How should systems be monitored to detect attacks, unauthorized connections, and anomalous activities, and how should such events be analyzed and reported?",SI-4,1,True,True,True,1.00000000,1.00000000,SI-4,"[""SI-4"", ""AC-17(1)"", ""AT-2(4)"", ""SC-5(3)"", ""RA-5"", ""CM-8(3)"", ""PE-6"", ""IR-6(2)"", ""AU-2"", ""SI-4(14)""]","What are the best practices for monitoring systems to identify attacks, unauthorized access, and unusual activities and what methods should be used to analyze and report these events?",What are the best practices for monitoring systems to identify attacks unauthorized access and unusual activities and what methods should be used to analyze and report these events?,"{""base_margin_ratio"": 0.19234800427048357, ""base_top1"": ""SI-4"", ""base_top2"": ""AC-17(1)"", ""bm25_top1"": null, ""dense_top1"": null, ""final_margin_ratio"": 0.19234800427048357, ""final_top1"": ""SI-4"", ""gold_informed_rewrite_used"": true, ""num_variants"": 4, ""query_scope"": ""neutral"", ""rerank_alpha"": 0.65, ""rerank_applied"": false, ""rerank_apply_min_margin_ratio"": 0.15, ""rerank_effective_apply_min_margin_ratio"": 0.15, ""rerank_margin_ratio"": null, ""rerank_skip_min_base_margin_ratio"": 0.1, ""rerank_skip_require_top1_agreement"": false, ""rerank_top1"": null, ""reranker_called"": false, ""retrieval_query"": ""How should systems be monitored to detect attacks unauthorized connections and anomalous activities and how should such events be analyzed and reported?"", ""scope_bias"": {""applied"": false, ""query_scope"": ""neutral"", ""reason"": ""neutral_query_scope""}, ""skip_reason"": ""base_confident"", ""sys"": ""S7a"", ""top1_agree"": null}"
rev5_gold,S7a,1,When must account managers and the designated personnel be notified about user account changes?,AC-2,1,True,True,True,1.00000000,1.00000000,AC-2,"[""AC-2"", ""AC-9(3)"", ""AC-2(1)"", ""AC-2(11)"", ""AC-2(7)"", ""CM-6(2)"", ""IA-4(1)"", ""AC-2(12)"", ""AC-2(2)"", ""PS-5""]",When do account managers and designated personnel need to be informed about changes to user accounts?,When do account managers and designated personnel need to be informed about changes to user accounts?,"{""base_margin_ratio"": 0.015717720222355014, ""base_top1"": ""AC-2"", ""base_top2"": ""AC-9(3)"", ""bm25_top1"": null, ""dense_top1"": null, ""final_margin_ratio"": 0.1370794177055359, ""final_top1"": ""AC-2"", ""gold_informed_rewrite_used"": true, ""num_variants"": 4, ""query_scope"": ""neutral"", ""rerank_alpha"": 0.65, ""rerank_applied"": true, ""rerank_apply_min_margin_ratio"": 0.15, ""rerank_effective_apply_min_margin_ratio"": 0.1, ""rerank_margin_ratio"": 0.1370794177055359, ""rerank_skip_min_base_margin_ratio"": 0.1, ""rerank_skip_require_top1_agreement"": false, ""rerank_top1"": ""AC-2"", ""reranker_called"": true, ""retrieval_query"": ""When must account managers and the designated personnel be notified about user account changes?"", ""scope_bias"": {""applied"": false, ""query_scope"": ""neutral"", ""reason"": ""neutral_query_scope""}, ""skip_reason"": null, ""sys"": ""S7a"", ""top1_agree"": null}"
rev5_gold,S7a,2,What must an organization enforce regarding logical access to its information and systems?,AC-3,1,True,True,True,1.00000000,1.00000000,AC-3,"[""AC-3"", ""CM-5"", ""AC-4"", ""AC-3(3)"", ""AC-20"", ""SA-9(7)"", ""SC-8"", ""IA-12(1)"", ""AC-3(9)"", ""AU-6(6)""]",What policies must an organization implement for logical access to its information and systems?,What policies must an organization implement for logical access to its information and systems?,"{""base_margin_ratio"": 0.0712156101037448, ""base_top1"": ""AC-3"", ""base_top2"": ""CM-5"", ""bm25_top1"": null, ""dense_top1"": null, ""final_margin_ratio"": 0.12366151809692383, ""final_top1"": ""AC-3"", ""gold_informed_rewrite_used"": true, ""num_variants"": 4, ""query_scope"": ""neutral"", ""rerank_alpha"": 0.65, ""rerank_applied"": true, ""rerank_apply_min_margin_ratio"": 0.15, ""rerank_effective_apply_min_margin_ratio"": 0.1, ""rerank_margin_ratio"": 0.12366151809692383, ""rerank_skip_min_base_margin_ratio"": 0.1, ""rerank_skip_require_top1_agreement"": false, ""rerank_top1"": ""AC-3"", ""reranker_called"": true, ""retrieval_query"": ""What must an organization enforce regarding logical access to its information and systems?"", ""scope_bias"": {""applied"": false, ""query_scope"": ""neutral"", ""reason"": ""neutral_query_scope""}, ""skip_reason"": null, ""sys"": ""S7a"", ""top1_agree"": null}"
rev5_gold,S7a,3,What principle should be employed to limit user and process access to the minimum necessary for assigned tasks?,AC-6,1,True,True,True,1.00000000,1.00000000,AC-6,"[""AC-6"", ""SA-8(14)"", ""SA-8(33)"", ""SA-8(6)"", ""SA-17(7)"", ""AC-6(7)"", ""AC-3(7)"", ""SA-8(26)"", ""AC-24(2)"", ""SA-8(2)""]",What principle ensures that user and process access is restricted to the minimum necessary for assigned tasks?,What principle ensures that user and process access is restricted to the minimum necessary for assigned tasks?,"{""base_margin_ratio"": 0.07597067591564649, ""base_top1"": ""AC-6"", ""base_top2"": ""SA-8(6)"", ""bm25_top1"": null, ""dense_top1"": null, ""final_margin_ratio"": 0.3905441164970398, ""final_top1"": ""AC-6"", ""gold_informed_rewrite_used"": true, ""num_variants"": 4, ""query_scope"": ""neutral"", ""rerank_alpha"": 0.65, ""rerank_applied"": true, ""rerank_apply_min_margin_ratio"": 0.15, ""rerank_effective_apply_min_margin_ratio"": 0.1, ""rerank_margin_ratio"": 0.3905441164970398, ""rerank_skip_min_base_margin_ratio"": 0.1, ""rerank_skip_require_top1_agreement"": false, ""rerank_top1"": ""AC-6"", ""reranker_called"": true, ""retrieval_query"": ""What principle should be employed to limit user and process access to the minimum necessary for assigned tasks?"", ""scope_bias"": {""applied"": false, ""query_scope"": ""neutral"", ""reason"": ""neutral_query_scope""}, ""skip_reason"": null, ""sys"": ""S7a"", ""top1_agree"": null}"
rev5_gold,S7a,4,How must a system be configured to handle consecutive invalid logon attempts?,AC-7,1,True,True,True,1.00000000,1.00000000,AC-7,"[""AC-7"", ""AC-7(4)"", ""AC-9(2)"", ""AC-9(1)"", ""AC-7(3)"", ""SI-11"", ""SA-8(24)"", ""AC-14"", ""SI-10(3)"", ""CM-2(7)""]",What technical configurations are required for managing consecutive failed login attempts in a system?,What technical configurations are required for managing consecutive failed login attempts in a system?,"{""base_margin_ratio"": 0.09745524929759422, ""base_top1"": ""AC-7"", ""base_top2"": ""AC-7(4)"", ""bm25_top1"": null, ""dense_top1"": null, ""final_margin_ratio"": 0.3378612995147705, ""final_top1"": ""AC-7"", ""gold_informed_rewrite_used"": true, ""num_variants"": 4, ""query_scope"": ""neutral"", ""rerank_alpha"": 0.65, ""rerank_applied"": true, ""rerank_apply_min_margin_ratio"": 0.15, ""rerank_effective_apply_min_margin_ratio"": 0.15, ""rerank_margin_ratio"": 0.3378612995147705, ""rerank_skip_min_base_margin_ratio"": 0.1, ""rerank_skip_require_top1_agreement"": false, ""rerank_top1"": ""AC-7"", ""reranker_called"": true, ""retrieval_query"": ""How must a system be configured to handle consecutive invalid logon attempts?"", ""scope_bias"": {""applied"": false, ""query_scope"": ""neutral"", ""reason"": ""neutral_query_scope""}, ""skip_reason"": null, ""sys"": ""S7a"", ""top1_agree"": null}"
rev5_gold,S7a,5,What actions must a system take to lock a session and what is required for a user to re-establish access?,AC-11,1,True,True,True,1.00000000,1.00000000,AC-11,"[""AC-11"", ""AC-12"", ""IA-11"", ""AU-14"", ""SC-23(1)"", ""AC-7"", ""AC-3(8)"", ""AC-14"", ""AC-3(4)"", ""AC-3(3)""]",What technical steps are necessary for a system to initiate a session lock and what credentials are needed for a user to regain access?,What technical steps are necessary for a system to initiate a session lock and what credentials are needed for a user to regain access?,"{""base_margin_ratio"": 0.024485868941866003, ""base_top1"": ""AC-11"", ""base_top2"": ""AC-12"", ""bm25_top1"": null, ""dense_top1"": null, ""final_margin_ratio"": 0.3498913049697876, ""final_top1"": ""AC-11"", ""gold_informed_rewrite_used"": true, ""num_variants"": 4, ""query_scope"": ""neutral"", ""rerank_alpha"": 0.65, ""rerank_applied"": true, ""rerank_apply_min_margin_ratio"": 0.15, ""rerank_effective_apply_min_margin_ratio"": 0.1, ""rerank_margin_ratio"": 0.3498913049697876, ""rerank_skip_min_base_margin_ratio"": 0.1, ""rerank_skip_require_top1_agreement"": false, ""rerank_top1"": ""AC-11"", ""reranker_called"": true, ""retrieval_query"": ""What actions must a system take to lock a session and what is required for a user to re-establish access?"", ""scope_bias"": {""applied"": false, ""query_scope"": ""neutral"", ""reason"": ""neutral_query_scope""}, ""skip_reason"": null, ""sys"": ""S7a"", ""top1_agree"": null}"
rev5_gold,S7a,6,"What are the requirements for security and privacy literacy training, including its frequency, triggers for updates, and content sources?",AT-2,1,True,True,True,1.00000000,1.00000000,AT-2,"[""AT-2"", ""AT-3"", ""PM-14"", ""AT-4"", ""SA-16"", ""AT-2(6)"", ""AT-2(2)"", ""AT-2(4)"", ""CP-3"", ""AT-1""]","What are the essential elements of security and privacy literacy training, such as how often it should be conducted, when updates are necessary, and where the content comes from?",What are the essential elements of security and privacy literacy training such as how often it should be conducted when updates are necessary and where the content comes from?,"{""base_margin_ratio"": 0.035207293685200945, ""base_top1"": ""AT-2"", ""base_top2"": ""AT-3"", ""bm25_top1"": null, ""dense_top1"": null, ""final_margin_ratio"": 0.23716092109680176, ""final_top1"": ""AT-2"", ""gold_informed_rewrite_used"": true, ""num_variants"": 4, ""query_scope"": ""neutral"", ""rerank_alpha"": 0.65, ""rerank_applied"": true, ""rerank_apply_min_margin_ratio"": 0.15, ""rerank_effective_apply_min_margin_ratio"": 0.1, ""rerank_margin_ratio"": 0.23716092109680176, ""rerank_skip_min_base_margin_ratio"": 0.1, ""rerank_skip_require_top1_agreement"": false, ""rerank_top1"": ""AT-2"", ""reranker_called"": true, ""retrieval_query"": ""What are the requirements for security and privacy literacy training including its frequency triggers for updates and content sources?"", ""scope_bias"": {""applied"": false, ""query_scope"": ""neutral"", ""reason"": ""neutral_query_scope""}, ""skip_reason"": null, ""sys"": ""S7a"", ""top1_agree"": null}"
rev5_gold,S7a,7,Organizations should determine the content of training based on what?,AT-3,1,True,True,True,1.00000000,1.00000000,AT-3,"[""AT-3"", ""AT-2"", ""CP-3"", ""IR-9(2)"", ""SA-16"", ""AT-6"", ""IR-2"", ""PM-14"", ""AT-2(4)"", ""AT-4""]",What factors should organizations consider when defining the content of training?,What factors should organizations consider when defining the content of training?,"{""base_margin_ratio"": 0.02060958371084444, ""base_top1"": ""AT-3"", ""base_top2"": ""CP-3"", ""bm25_top1"": null, ""dense_top1"": null, ""final_margin_ratio"": 0.10554969310760498, ""final_top1"": ""AT-3"", ""gold_informed_rewrite_used"": true, ""num_variants"": 4, ""query_scope"": ""neutral"", ""rerank_alpha"": 0.65, ""rerank_applied"": true, ""rerank_apply_min_margin_ratio"": 0.15, ""rerank_effective_apply_min_margin_ratio"": 0.1, ""rerank_margin_ratio"": 0.10554969310760498, ""rerank_skip_min_base_margin_ratio"": 0.1, ""rerank_skip_require_top1_agreement"": false, ""rerank_top1"": ""AT-3"", ""reranker_called"": true, ""retrieval_query"": ""Organizations should determine the content of training based on what?"", ""scope_bias"": {""applied"": false, ""query_scope"": ""neutral"", ""reason"": ""neutral_query_scope""}, ""skip_reason"": null, ""sys"": ""S7a"", ""top1_agree"": null}"
rev5_gold,S7a,8,"How must an organization document, monitor, and retain records of its security and privacy training activities?",AT-4,1,True,True,True,1.00000000,1.00000000,AT-4,"[""AT-4"", ""PM-14"", ""AT-3"", ""AT-1"", ""AT-2"", ""PT-3"", ""PM-15"", ""PM-20"", ""PT-2"", ""AT-3(5)""]","What are the necessary steps for documenting, monitoring, and retaining records of security and privacy training activities in an organization?",What are the necessary steps for documenting monitoring and retaining records of security and privacy training activities in an organization?,"{""base_margin_ratio"": 0.025944714221133227, ""base_top1"": ""AT-4"", ""base_top2"": ""PM-14"", ""bm25_top1"": null, ""dense_top1"": null, ""final_margin_ratio"": 0.030241012573242188, ""final_top1"": ""AT-4"", ""gold_informed_rewrite_used"": true, ""num_variants"": 4, ""query_scope"": ""neutral"", ""rerank_alpha"": 0.65, ""rerank_applied"": true, ""rerank_apply_min_margin_ratio"": 0.15, ""rerank_effective_apply_min_margin_ratio"": 0.1, ""rerank_margin_ratio"": 0.030241012573242188, ""rerank_skip_min_base_margin_ratio"": 0.1, ""rerank_skip_require_top1_agreement"": false, ""rerank_top1"": ""AT-4"", ""reranker_called"": true, ""retrieval_query"": ""How must an organization document monitor and retain records of its security and privacy training activities?"", ""scope_bias"": {""applied"": false, ""query_scope"": ""neutral"", ""reason"": ""neutral_query_scope""}, ""skip_reason"": null, ""sys"": ""S7a"", ""top1_agree"": null}"
rev5_gold,S7a,9,What type of activity should be included in literacy training to simulate real-world incidents?,AT-2(1),1,True,True,True,1.00000000,1.00000000,AT-2(1),"[""AT-2(1)"", ""AT-2"", ""IR-2(1)"", ""AT-2(4)"", ""AT-2(5)"", ""AT-2(3)"", ""AT-2(6)"", ""AT-2(2)"", ""IR-9(2)"", ""IR-2""]",What kinds of activities are recommended for simulating real-world scenarios in literacy training?,What kinds of activities are recommended for simulating real-world scenarios in literacy training?,"{""base_margin_ratio"": 0.0016447638181683116, ""base_top1"": ""AT-2"", ""base_top2"": ""AT-2(1)"", ""bm25_top1"": null, ""dense_top1"": null, ""final_margin_ratio"": 0.338796044714826, ""final_top1"": ""AT-2(1)"", ""gold_informed_rewrite_used"": true, ""num_variants"": 4, ""query_scope"": ""neutral"", ""rerank_alpha"": 0.65, ""rerank_applied"": true, ""rerank_apply_min_margin_ratio"": 0.15, ""rerank_effective_apply_min_margin_ratio"": 0.1, ""rerank_margin_ratio"": 0.338796044714826, ""rerank_skip_min_base_margin_ratio"": 0.1, ""rerank_skip_require_top1_agreement"": false, ""rerank_top1"": ""AT-2(1)"", ""reranker_called"": true, ""retrieval_query"": ""What type of activity should be included in literacy training to simulate real-world incidents?"", ""scope_bias"": {""applied"": false, ""query_scope"": ""neutral"", ""reason"": ""neutral_query_scope""}, ""skip_reason"": null, ""sys"": ""S7a"", ""top1_agree"": null}"
rev5_gold,S7a,10,What method does AT-3(3) specify for reinforcing objectives in role-based security training?,AT-3(3),2,False,True,True,0.50000000,0.63092975,AT-3,"[""AT-3"", ""AT-3(3)"", ""AT-4"", ""IR-2"", ""CP-3"", ""AT-6"", ""AT-1"", ""AT-3(2)"", ""AC-3(7)"", ""SA-3""]",What specific method does AT-3(3) outline for enhancing objectives in role-based security training?,What specific method does AT-3(3) outline for enhancing objectives in role-based security training?,"{""base_margin_ratio"": 0.0204880628843763, ""base_top1"": ""AT-3"", ""base_top2"": ""AT-3(3)"", ""bm25_top1"": null, ""dense_top1"": null, ""final_margin_ratio"": 0.36766356229782104, ""final_top1"": ""AT-3"", ""gold_informed_rewrite_used"": true, ""num_variants"": 4, ""query_scope"": ""neutral"", ""rerank_alpha"": 0.65, ""rerank_applied"": true, ""rerank_apply_min_margin_ratio"": 0.15, ""rerank_effective_apply_min_margin_ratio"": 0.1, ""rerank_margin_ratio"": 0.36766356229782104, ""rerank_skip_min_base_margin_ratio"": 0.1, ""rerank_skip_require_top1_agreement"": false, ""rerank_top1"": ""AT-3"", ""reranker_called"": true, ""retrieval_query"": ""What method does AT-3(3) specify for reinforcing objectives in role-based security training?"", ""scope_bias"": {""applied"": false, ""query_scope"": ""neutral"", ""reason"": ""neutral_query_scope""}, ""skip_reason"": null, ""sys"": ""S7a"", ""top1_agree"": null}"
rev5_gold,S7a,11,"What are the organizational responsibilities for defining, justifying, and maintaining the types of events to be logged by a system?",AU-2,1,True,True,True,1.00000000,1.00000000,AU-2,"[""AU-2"", ""AU-7(1)"", ""CP-3"", ""SI-4"", ""PL-1"", ""SC-1"", ""IR-2(1)"", ""IR-5"", ""MA-1"", ""SI-1""]","What are the organizational duties in defining, justifying, and maintaining the types of events to be logged by a system?",What are the organizational duties in defining justifying and maintaining the types of events to be logged by a system?,"{""base_margin_ratio"": 0.12143621684084872, ""base_top1"": ""AU-2"", ""base_top2"": ""AU-7(1)"", ""bm25_top1"": null, ""dense_top1"": null, ""final_margin_ratio"": 0.12143621684084872, ""final_top1"": ""AU-2"", ""gold_informed_rewrite_used"": true, ""num_variants"": 4, ""query_scope"": ""neutral"", ""rerank_alpha"": 0.65, ""rerank_applied"": false, ""rerank_apply_min_margin_ratio"": 0.15, ""rerank_effective_apply_min_margin_ratio"": 0.15, ""rerank_margin_ratio"": null, ""rerank_skip_min_base_margin_ratio"": 0.1, ""rerank_skip_require_top1_agreement"": false, ""rerank_top1"": null, ""reranker_called"": false, ""retrieval_query"": ""What are the organizational responsibilities for defining justifying and maintaining the types of events to be logged by a system?"", ""scope_bias"": {""applied"": false, ""query_scope"": ""neutral"", ""reason"": ""neutral_query_scope""}, ""skip_reason"": ""base_confident"", ""sys"": ""S7a"", ""top1_agree"": null}"
rev5_gold,S7a,12,What information must each audit record contain to support after-the-fact investigation of security incidents?,AU-3,2,False,True,True,0.50000000,0.63092975,AU-11,"[""AU-11"", ""AU-3"", ""AU-7"", ""AU-2"", ""AU-6"", ""AU-6(5)"", ""IR-5"", ""AU-6(9)"", ""AU-3(1)"", ""AU-6(1)""]",,,"{""base_margin_ratio"": 0.0005120327700974626, ""base_top1"": ""AU-11"", ""base_top2"": ""AU-3"", ""bm25_top1"": null, ""dense_top1"": null, ""final_margin_ratio"": 0.03135216236114502, ""final_top1"": ""AU-11"", ""gold_informed_rewrite_used"": false, ""num_variants"": 1, ""query_scope"": ""neutral"", ""rerank_alpha"": 0.65, ""rerank_applied"": true, ""rerank_apply_min_margin_ratio"": 0.15, ""rerank_effective_apply_min_margin_ratio"": 0.1, ""rerank_margin_ratio"": 0.03135216236114502, ""rerank_skip_min_base_margin_ratio"": 0.1, ""rerank_skip_require_top1_agreement"": false, ""rerank_top1"": ""AU-11"", ""reranker_called"": true, ""retrieval_query"": ""What information must each audit record contain to support after-the-fact investigation of security incidents?"", ""scope_bias"": {""applied"": false, ""query_scope"": ""neutral"", ""reason"": ""neutral_query_scope""}, ""skip_reason"": null, ""sys"": ""S7a"", ""top1_agree"": null}"
rev5_gold,S7a,13,What factors must an organization consider when allocating audit log storage capacity to prevent the loss of audit data?,AU-4,1,True,True,True,1.00000000,1.00000000,AU-4,"[""AU-4"", ""AU-5"", ""AU-4(1)"", ""AU-5(1)"", ""AU-5(3)"", ""AU-9(2)"", ""AU-9"", ""AU-2"", ""AU-16"", ""AU-3(1)""]",What technical factors should an organization evaluate for adequate audit log storage to avoid data loss?,What technical factors should an organization evaluate for adequate audit log storage to avoid data loss?,"{""base_margin_ratio"": 0.019424763369400126, ""base_top1"": ""AU-4"", ""base_top2"": ""AU-5"", ""bm25_top1"": null, ""dense_top1"": null, ""final_margin_ratio"": 0.08382713794708252, ""final_top1"": ""AU-4"", ""gold_informed_rewrite_used"": true, ""num_variants"": 4, ""query_scope"": ""neutral"", ""rerank_alpha"": 0.65, ""rerank_applied"": true, ""rerank_apply_min_margin_ratio"": 0.15, ""rerank_effective_apply_min_margin_ratio"": 0.1, ""rerank_margin_ratio"": 0.08382713794708252, ""rerank_skip_min_base_margin_ratio"": 0.1, ""rerank_skip_require_top1_agreement"": false, ""rerank_top1"": ""AU-4"", ""reranker_called"": true, ""retrieval_query"": ""What factors must an organization consider when allocating audit log storage capacity to prevent the loss of audit data?"", ""scope_bias"": {""applied"": false, ""query_scope"": ""neutral"", ""reason"": ""neutral_query_scope""}, ""skip_reason"": null, ""sys"": ""S7a"", ""top1_agree"": null}"
rev5_gold,S7a,14,"What is the required process for reviewing system audit records, and what actions should be taken based on the findings?",AU-6,1,True,True,True,1.00000000,1.00000000,AU-6,"[""AU-6"", ""AU-6(7)"", ""AU-5"", ""AU-3"", ""SA-8(22)"", ""AC-4(26)"", ""AU-7"", ""AC-2(4)"", ""AU-3(1)"", ""MP-6(1)""]",What are the necessary steps for examining system audit logs and what measures should be implemented following the review?,What are the necessary steps for examining system audit logs and what measures should be implemented following the review?,"{""base_margin_ratio"": 0.1000211646099664, ""base_top1"": ""AU-6"", ""base_top2"": ""AU-6(7)"", ""bm25_top1"": null, ""dense_top1"": null, ""final_margin_ratio"": 0.1000211646099664, ""final_top1"": ""AU-6"", ""gold_informed_rewrite_used"": true, ""num_variants"": 4, ""query_scope"": ""neutral"", ""rerank_alpha"": 0.65, ""rerank_applied"": false, ""rerank_apply_min_margin_ratio"": 0.15, ""rerank_effective_apply_min_margin_ratio"": 0.15, ""rerank_margin_ratio"": null, ""rerank_skip_min_base_margin_ratio"": 0.1, ""rerank_skip_require_top1_agreement"": false, ""rerank_top1"": null, ""reranker_called"": false, ""retrieval_query"": ""What is the required process for reviewing system audit records and what actions should be taken based on the findings?"", ""scope_bias"": {""applied"": false, ""query_scope"": ""neutral"", ""reason"": ""neutral_query_scope""}, ""skip_reason"": ""base_confident"", ""sys"": ""S7a"", ""top1_agree"": null}"
rev5_gold,S7a,15,What are the requirements for generating and recording time stamps in audit records to ensure accuracy?,AU-8,1,True,True,True,1.00000000,1.00000000,AU-8,"[""AU-8"", ""AU-7"", ""AU-3"", ""AU-12"", ""AU-11(1)"", ""AU-12(2)"", ""AU-12(1)"", ""AU-5"", ""AU-11"", ""AU-6(5)""]",How do we define and document timestamp generation and recording processes in audit entries to guarantee accuracy?,How do we define and document timestamp generation and recording processes in audit entries to guarantee accuracy?,"{""base_margin_ratio"": 0.019754164806970446, ""base_top1"": ""AU-3"", ""base_top2"": ""AU-12"", ""bm25_top1"": null, ""dense_top1"": null, ""final_margin_ratio"": 0.21620735807689534, ""final_top1"": ""AU-8"", ""gold_informed_rewrite_used"": true, ""num_variants"": 4, ""query_scope"": ""neutral"", ""rerank_alpha"": 0.65, ""rerank_applied"": true, ""rerank_apply_min_margin_ratio"": 0.15, ""rerank_effective_apply_min_margin_ratio"": 0.1, ""rerank_margin_ratio"": 0.21620735807689534, ""rerank_skip_min_base_margin_ratio"": 0.1, ""rerank_skip_require_top1_agreement"": false, ""rerank_top1"": ""AU-8"", ""reranker_called"": true, ""retrieval_query"": ""What are the requirements for generating and recording time stamps in audit records to ensure accuracy?"", ""scope_bias"": {""applied"": false, ""query_scope"": ""neutral"", ""reason"": ""neutral_query_scope""}, ""skip_reason"": null, ""sys"": ""S7a"", ""top1_agree"": null}"
rev5_gold,S7a,16,"Describe the key steps of the formal control assessment process, from planning to reporting.",CA-2,1,True,True,True,1.00000000,1.00000000,CA-2,"[""CA-2"", ""RA-3"", ""SA-11(7)"", ""CA-7"", ""CA-7(1)"", ""CA-5"", ""SA-11"", ""PM-4"", ""RA-1"", ""PL-1""]",What are the essential stages in conducting a formal control assessment from start to finish?,What are the essential stages in conducting a formal control assessment from start to finish?,"{""base_margin_ratio"": 0.05072754416873758, ""base_top1"": ""CA-2"", ""base_top2"": ""SA-11(7)"", ""bm25_top1"": null, ""dense_top1"": null, ""final_margin_ratio"": 0.3592001795768738, ""final_top1"": ""CA-2"", ""gold_informed_rewrite_used"": true, ""num_variants"": 4, ""query_scope"": ""neutral"", ""rerank_alpha"": 0.65, ""rerank_applied"": true, ""rerank_apply_min_margin_ratio"": 0.15, ""rerank_effective_apply_min_margin_ratio"": 0.1, ""rerank_margin_ratio"": 0.3592001795768738, ""rerank_skip_min_base_margin_ratio"": 0.1, ""rerank_skip_require_top1_agreement"": false, ""rerank_top1"": ""CA-2"", ""reranker_called"": true, ""retrieval_query"": ""Describe the key steps of the formal control assessment process from planning to reporting"", ""scope_bias"": {""applied"": false, ""query_scope"": ""neutral"", ""reason"": ""neutral_query_scope""}, ""skip_reason"": null, ""sys"": ""S7a"", ""top1_agree"": null}"
rev5_gold,S7a,17,"What are the requirements for managing and securing information exchanges between systems, including the associated agreements?",CA-3,1,True,True,True,1.00000000,1.00000000,CA-3,"[""CA-3"", ""CA-3(7)"", ""SA-9"", ""AC-17(6)"", ""PL-2"", ""CA-9"", ""AC-20"", ""AC-4(32)"", ""AC-17"", ""SA-9(3)""]",What are the key requirements for handling and protecting data transfers between systems along with relevant contracts?,What are the key requirements for handling and protecting data transfers between systems along with relevant contracts?,"{""base_margin_ratio"": 0.11166552782076565, ""base_top1"": ""CA-3"", ""base_top2"": ""CA-3(7)"", ""bm25_top1"": null, ""dense_top1"": null, ""final_margin_ratio"": 0.11166552782076565, ""final_top1"": ""CA-3"", ""gold_informed_rewrite_used"": true, ""num_variants"": 4, ""query_scope"": ""neutral"", ""rerank_alpha"": 0.65, ""rerank_applied"": false, ""rerank_apply_min_margin_ratio"": 0.15, ""rerank_effective_apply_min_margin_ratio"": 0.15, ""rerank_margin_ratio"": null, ""rerank_skip_min_base_margin_ratio"": 0.1, ""rerank_skip_require_top1_agreement"": false, ""rerank_top1"": null, ""reranker_called"": false, ""retrieval_query"": ""What are the requirements for managing and securing information exchanges between systems including the associated agreements?"", ""scope_bias"": {""applied"": false, ""query_scope"": ""neutral"", ""reason"": ""neutral_query_scope""}, ""skip_reason"": ""base_confident"", ""sys"": ""S7a"", ""top1_agree"": null}"
rev5_gold,S7a,18,What is the purpose of a plan of action and milestones in addressing identified control weaknesses?,CA-5,1,True,True,True,1.00000000,1.00000000,CA-5,"[""CA-5"", ""PM-4"", ""RA-7"", ""CA-5(1)"", ""SA-4(8)"", ""CA-2"", ""CP-4"", ""CP-2"", ""PL-2"", ""PM-1""]",What is the role of a plan of action and milestones when dealing with identified control deficiencies?,What is the role of a plan of action and milestones when dealing with identified control deficiencies?,"{""base_margin_ratio"": 0.014957617033741554, ""base_top1"": ""CA-5"", ""base_top2"": ""PM-4"", ""bm25_top1"": null, ""dense_top1"": null, ""final_margin_ratio"": 0.024885833263397217, ""final_top1"": ""CA-5"", ""gold_informed_rewrite_used"": true, ""num_variants"": 4, ""query_scope"": ""neutral"", ""rerank_alpha"": 0.65, ""rerank_applied"": true, ""rerank_apply_min_margin_ratio"": 0.15, ""rerank_effective_apply_min_margin_ratio"": 0.1, ""rerank_margin_ratio"": 0.024885833263397217, ""rerank_skip_min_base_margin_ratio"": 0.1, ""rerank_skip_require_top1_agreement"": false, ""rerank_top1"": ""CA-5"", ""reranker_called"": true, ""retrieval_query"": ""What is the purpose of a plan of action and milestones in addressing identified control weaknesses?"", ""scope_bias"": {""applied"": false, ""query_scope"": ""neutral"", ""reason"": ""neutral_query_scope""}, ""skip_reason"": null, ""sys"": ""S7a"", ""top1_agree"": null}"
rev5_gold,S7a,19,What are the primary responsibilities of an authorizing official regarding system authorization?,CA-6,1,True,True,True,1.00000000,1.00000000,CA-6,"[""CA-6"", ""CA-6(2)"", ""PM-10"", ""CA-6(1)"", ""RA-2"", ""PL-2"", ""CM-5(4)"", ""CA-3"", ""IA-12(1)"", ""CA-1""]",What are the main duties of an authorizing official in the context of system authorization?,What are the main duties of an authorizing official in the context of system authorization?,"{""base_margin_ratio"": 0.010367923662721459, ""base_top1"": ""CA-6"", ""base_top2"": ""CA-6(2)"", ""bm25_top1"": null, ""dense_top1"": null, ""final_margin_ratio"": 0.03223145008087158, ""final_top1"": ""CA-6"", ""gold_informed_rewrite_used"": true, ""num_variants"": 4, ""query_scope"": ""neutral"", ""rerank_alpha"": 0.65, ""rerank_applied"": true, ""rerank_apply_min_margin_ratio"": 0.15, ""rerank_effective_apply_min_margin_ratio"": 0.1, ""rerank_margin_ratio"": 0.03223145008087158, ""rerank_skip_min_base_margin_ratio"": 0.1, ""rerank_skip_require_top1_agreement"": false, ""rerank_top1"": ""CA-6"", ""reranker_called"": true, ""retrieval_query"": ""What are the primary responsibilities of an authorizing official regarding system authorization?"", ""scope_bias"": {""applied"": false, ""query_scope"": ""neutral"", ""reason"": ""neutral_query_scope""}, ""skip_reason"": null, ""sys"": ""S7a"", ""top1_agree"": null}"
rev5_gold,S7a,20,What are the requirements for implementing a system-level continuous monitoring strategy?,CA-7,1,True,True,True,1.00000000,1.00000000,CA-7,"[""CA-7"", ""SA-4(8)"", ""PM-31"", ""CA-7(4)"", ""SI-4"", ""PM-14"", ""CA-2"", ""CA-7(1)"", ""SA-8(19)"", ""CA-7(3)""]",What are the necessary components for a system-level continuous monitoring approach?,What are the necessary components for a system-level continuous monitoring approach?,"{""base_margin_ratio"": 0.021302559926969153, ""base_top1"": ""CA-7"", ""base_top2"": ""SA-4(8)"", ""bm25_top1"": null, ""dense_top1"": null, ""final_margin_ratio"": 0.01205497498769129, ""final_top1"": ""CA-7"", ""gold_informed_rewrite_used"": true, ""num_variants"": 4, ""query_scope"": ""neutral"", ""rerank_alpha"": 0.65, ""rerank_applied"": true, ""rerank_apply_min_margin_ratio"": 0.15, ""rerank_effective_apply_min_margin_ratio"": 0.1, ""rerank_margin_ratio"": 0.01205497498769129, ""rerank_skip_min_base_margin_ratio"": 0.1, ""rerank_skip_require_top1_agreement"": false, ""rerank_top1"": ""CA-7"", ""reranker_called"": true, ""retrieval_query"": ""What are the requirements for implementing a system-level continuous monitoring strategy?"", ""scope_bias"": {""applied"": false, ""query_scope"": ""neutral"", ""reason"": ""neutral_query_scope""}, ""skip_reason"": null, ""sys"": ""S7a"", ""top1_agree"": null}"
rev5_gold,S7a,21,What are the lifecycle requirements for system baseline configurations?,CM-2,1,True,True,True,1.00000000,1.00000000,CM-2,"[""CM-2"", ""CM-2(6)"", ""CM-6"", ""SA-4(5)"", ""PL-10"", ""CM-2(2)"", ""CM-2(3)"", ""CM-9"", ""PL-11"", ""PL-8""]",What are the lifecycle management requirements for establishing system baseline configurations?,What are the lifecycle management requirements for establishing system baseline configurations?,"{""base_margin_ratio"": 0.014957617033741674, ""base_top1"": ""CM-2"", ""base_top2"": ""CM-2(6)"", ""bm25_top1"": null, ""dense_top1"": null, ""final_margin_ratio"": 0.07962835704781872, ""final_top1"": ""CM-2"", ""gold_informed_rewrite_used"": true, ""num_variants"": 4, ""query_scope"": ""neutral"", ""rerank_alpha"": 0.65, ""rerank_applied"": true, ""rerank_apply_min_margin_ratio"": 0.15, ""rerank_effective_apply_min_margin_ratio"": 0.1, ""rerank_margin_ratio"": 0.07962835704781872, ""rerank_skip_min_base_margin_ratio"": 0.1, ""rerank_skip_require_top1_agreement"": false, ""rerank_top1"": ""CM-2"", ""reranker_called"": true, ""retrieval_query"": ""What are the lifecycle requirements for system baseline configurations?"", ""scope_bias"": {""applied"": false, ""query_scope"": ""neutral"", ""reason"": ""neutral_query_scope""}, ""skip_reason"": null, ""sys"": ""S7a"", ""top1_agree"": null}"
rev5_gold,S7a,22,What must an organization do to manage configuration-controlled changes?,CM-3,1,True,True,True,1.00000000,1.00000000,CM-3,"[""CM-3"", ""SA-10"", ""SA-10(2)"", ""CM-9"", ""CM-1"", ""CM-6"", ""CM-6(2)"", ""CM-3(2)"", ""CM-3(8)"", ""CM-6(1)""]",How should an organization handle configuration-controlled changes effectively?,How should an organization handle configuration-controlled changes effectively?,"{""base_margin_ratio"": 0.02344539966524248, ""base_top1"": ""CM-3"", ""base_top2"": ""SA-10"", ""bm25_top1"": null, ""dense_top1"": null, ""final_margin_ratio"": 0.02344539966524248, ""final_top1"": ""CM-3"", ""gold_informed_rewrite_used"": true, ""num_variants"": 4, ""query_scope"": ""neutral"", ""rerank_alpha"": 0.65, ""rerank_applied"": false, ""rerank_apply_min_margin_ratio"": 0.15, ""rerank_effective_apply_min_margin_ratio"": 0.1, ""rerank_margin_ratio"": 0.05021416832852227, ""rerank_skip_min_base_margin_ratio"": 0.1, ""rerank_skip_require_top1_agreement"": false, ""rerank_top1"": ""SA-10"", ""reranker_called"": true, ""retrieval_query"": ""What must an organization do to manage configuration-controlled changes?"", ""scope_bias"": {""applied"": false, ""query_scope"": ""neutral"", ""reason"": ""neutral_query_scope""}, ""skip_reason"": null, ""sys"": ""S7a"", ""top1_agree"": null}"
rev5_gold,S7a,23,What should be analyzed before implementing a system change?,CM-4,0,False,False,False,0.00000000,0.00000000,SR-5(2),"[""SR-5(2)"", ""CM-3(2)"", ""SA-8(31)"", ""MA-4(3)"", ""IA-5(5)"", ""CM-3(7)"", ""CM-3"", ""RA-9"", ""SA-11"", ""CM-8(1)""]",What technical components need assessment prior to executing a system modification?,What technical components need assessment prior to executing a system modification?,"{""base_margin_ratio"": 0.0662578339052718, ""base_top1"": ""CM-3(2)"", ""base_top2"": ""MA-4(3)"", ""bm25_top1"": null, ""dense_top1"": null, ""final_margin_ratio"": 0.1479570546454192, ""final_top1"": ""SR-5(2)"", ""gold_informed_rewrite_used"": true, ""num_variants"": 4, ""query_scope"": ""neutral"", ""rerank_alpha"": 0.65, ""rerank_applied"": true, ""rerank_apply_min_margin_ratio"": 0.15, ""rerank_effective_apply_min_margin_ratio"": 0.1, ""rerank_margin_ratio"": 0.1479570546454192, ""rerank_skip_min_base_margin_ratio"": 0.1, ""rerank_skip_require_top1_agreement"": false, ""rerank_top1"": ""SR-5(2)"", ""reranker_called"": true, ""retrieval_query"": ""What should be analyzed before implementing a system change?"", ""scope_bias"": {""applied"": false, ""query_scope"": ""neutral"", ""reason"": ""neutral_query_scope""}, ""skip_reason"": null, ""sys"": ""S7a"", ""top1_agree"": null}"
rev5_gold,S7a,24,"How should configuration settings be established, approved, and monitored?",CM-6,1,True,True,True,1.00000000,1.00000000,CM-6,"[""CM-6"", ""CM-8(6)"", ""CM-9"", ""CM-6(1)"", ""CM-6(2)"", ""CM-3"", ""CM-1"", ""SA-10"", ""CP-7(4)"", ""CM-3(2)""]","What are the best practices for establishing, approving, and monitoring configuration settings?",What are the best practices for establishing approving and monitoring configuration settings?,"{""base_margin_ratio"": 0.0003975834968628056, ""base_top1"": ""CM-6"", ""base_top2"": ""CM-8(6)"", ""bm25_top1"": null, ""dense_top1"": null, ""final_margin_ratio"": 0.1942843794822693, ""final_top1"": ""CM-6"", ""gold_informed_rewrite_used"": true, ""num_variants"": 3, ""query_scope"": ""neutral"", ""rerank_alpha"": 0.65, ""rerank_applied"": true, ""rerank_apply_min_margin_ratio"": 0.15, ""rerank_effective_apply_min_margin_ratio"": 0.1, ""rerank_margin_ratio"": 0.1942843794822693, ""rerank_skip_min_base_margin_ratio"": 0.1, ""rerank_skip_require_top1_agreement"": false, ""rerank_top1"": ""CM-6"", ""reranker_called"": true, ""retrieval_query"": ""How should configuration settings be established approved and monitored?"", ""scope_bias"": {""applied"": false, ""query_scope"": ""neutral"", ""reason"": ""neutral_query_scope""}, ""skip_reason"": null, ""sys"": ""S7a"", ""top1_agree"": null}"
rev5_gold,S7a,25,"What are the requirements for developing, maintaining, and updating a system component inventory?",CM-8,1,True,True,True,1.00000000,1.00000000,CM-8,"[""CM-8"", ""SA-10"", ""SA-4"", ""CM-8(1)"", ""SA-15"", ""MA-2"", ""CM-8(2)"", ""SA-4(5)"", ""PM-5"", ""SA-4(9)""]","What are the technical requirements for creating, managing, and revising a system component list?",What are the technical requirements for creating managing and revising a system component list?,"{""base_margin_ratio"": 0.04396008777201225, ""base_top1"": ""CM-8"", ""base_top2"": ""CM-8(1)"", ""bm25_top1"": null, ""dense_top1"": null, ""final_margin_ratio"": 0.0748169304069635, ""final_top1"": ""CM-8"", ""gold_informed_rewrite_used"": true, ""num_variants"": 4, ""query_scope"": ""neutral"", ""rerank_alpha"": 0.65, ""rerank_applied"": true, ""rerank_apply_min_margin_ratio"": 0.15, ""rerank_effective_apply_min_margin_ratio"": 0.1, ""rerank_margin_ratio"": 0.0748169304069635, ""rerank_skip_min_base_margin_ratio"": 0.1, ""rerank_skip_require_top1_agreement"": false, ""rerank_top1"": ""CM-8"", ""reranker_called"": true, ""retrieval_query"": ""What are the requirements for developing maintaining and updating a system component inventory?"", ""scope_bias"": {""applied"": false, ""query_scope"": ""neutral"", ""reason"": ""neutral_query_scope""}, ""skip_reason"": null, ""sys"": ""S7a"", ""top1_agree"": null}"
rev5_gold,S7a,26,"What are the key elements that must be included in a contingency plan, and how should it be reviewed, distributed, and updated?",CP-2,1,True,True,True,1.00000000,1.00000000,CP-2,"[""CP-2"", ""CP-1"", ""CP-3"", ""CP-4"", ""CP-8(4)"", ""CP-2(1)"", ""CP-4(1)"", ""CP-2(7)"", ""CP-9(2)"", ""CP-4(2)""]","What are the essential components of a contingency plan and what is the process for reviewing, disseminating, and maintaining it?",What are the essential components of a contingency plan and what is the process for reviewing disseminating and maintaining it?,"{""base_margin_ratio"": 0.007179209340266889, ""base_top1"": ""CP-2"", ""base_top2"": ""CP-3"", ""bm25_top1"": null, ""dense_top1"": null, ""final_margin_ratio"": 0.2126423716545105, ""final_top1"": ""CP-2"", ""gold_informed_rewrite_used"": true, ""num_variants"": 3, ""query_scope"": ""neutral"", ""rerank_alpha"": 0.65, ""rerank_applied"": true, ""rerank_apply_min_margin_ratio"": 0.15, ""rerank_effective_apply_min_margin_ratio"": 0.1, ""rerank_margin_ratio"": 0.2126423716545105, ""rerank_skip_min_base_margin_ratio"": 0.1, ""rerank_skip_require_top1_agreement"": false, ""rerank_top1"": ""CP-2"", ""reranker_called"": true, ""retrieval_query"": ""What are the key elements that must be included in a contingency plan and how should it be reviewed distributed and updated?"", ""scope_bias"": {""applied"": false, ""query_scope"": ""neutral"", ""reason"": ""neutral_query_scope""}, ""skip_reason"": null, ""sys"": ""S7a"", ""top1_agree"": null}"
rev5_gold,S7a,27,When and how should contingency training be provided to system users based on their assigned roles and responsibilities?,CP-3,1,True,True,True,1.00000000,1.00000000,CP-3,"[""CP-3"", ""CP-2"", ""IR-2"", ""AT-3"", ""CP-1"", ""IR-9(2)"", ""AT-2"", ""CP-3(2)"", ""AT-6"", ""CP-8(4)""]",When and how should contingency training be given to system users depending on their roles and responsibilities?,When and how should contingency training be given to system users depending on their roles and responsibilities?,"{""base_margin_ratio"": 0.02059103211176938, ""base_top1"": ""CP-3"", ""base_top2"": ""IR-2"", ""bm25_top1"": null, ""dense_top1"": null, ""final_margin_ratio"": 0.09069323539733887, ""final_top1"": ""CP-3"", ""gold_informed_rewrite_used"": true, ""num_variants"": 4, ""query_scope"": ""neutral"", ""rerank_alpha"": 0.65, ""rerank_applied"": true, ""rerank_apply_min_margin_ratio"": 0.15, ""rerank_effective_apply_min_margin_ratio"": 0.1, ""rerank_margin_ratio"": 0.09069323539733887, ""rerank_skip_min_base_margin_ratio"": 0.1, ""rerank_skip_require_top1_agreement"": false, ""rerank_top1"": ""CP-3"", ""reranker_called"": true, ""retrieval_query"": ""When and how should contingency training be provided to system users based on their assigned roles and responsibilities?"", ""scope_bias"": {""applied"": false, ""query_scope"": ""neutral"", ""reason"": ""neutral_query_scope""}, ""skip_reason"": null, ""sys"": ""S7a"", ""top1_agree"": null}"
rev5_gold,S7a,28,"How frequently must contingency plans be tested, and what should be done after reviewing the test results?",CP-4,1,True,True,True,1.00000000,1.00000000,CP-4,"[""CP-4"", ""CP-8(4)"", ""CP-9(2)"", ""CP-3"", ""CP-4(3)"", ""CP-2"", ""CP-4(1)"", ""CP-1"", ""CP-4(2)"", ""IR-3(2)""]","When must contingency plans be regularly exercised, and what steps follow the review of test outcomes?",When must contingency plans be regularly exercised and what steps follow the review of test outcomes?,"{""base_margin_ratio"": 0.055280688394189495, ""base_top1"": ""CP-4"", ""base_top2"": ""CP-4(3)"", ""bm25_top1"": null, ""dense_top1"": null, ""final_margin_ratio"": 0.29161447286605835, ""final_top1"": ""CP-4"", ""gold_informed_rewrite_used"": true, ""num_variants"": 4, ""query_scope"": ""neutral"", ""rerank_alpha"": 0.65, ""rerank_applied"": true, ""rerank_apply_min_margin_ratio"": 0.15, ""rerank_effective_apply_min_margin_ratio"": 0.1, ""rerank_margin_ratio"": 0.29161447286605835, ""rerank_skip_min_base_margin_ratio"": 0.1, ""rerank_skip_require_top1_agreement"": false, ""rerank_top1"": ""CP-4"", ""reranker_called"": true, ""retrieval_query"": ""How frequently must contingency plans be tested and what should be done after reviewing the test results?"", ""scope_bias"": {""applied"": false, ""query_scope"": ""neutral"", ""reason"": ""neutral_query_scope""}, ""skip_reason"": null, ""sys"": ""S7a"", ""top1_agree"": null}"
rev5_gold,S7a,29,What are the requirements for establishing and maintaining an alternate processing site to resume essential operations?,CP-7,1,True,True,True,1.00000000,1.00000000,CP-7,"[""CP-7"", ""CP-8"", ""CP-7(4)"", ""CP-6"", ""CP-4(2)"", ""CP-2(6)"", ""CP-7(1)"", ""CP-7(3)"", ""CP-7(6)"", ""CP-9(6)""]",What are the key factors in setting up and sustaining an alternative processing facility for critical business functions?,What are the key factors in setting up and sustaining an alternative processing facility for critical business functions?,"{""base_margin_ratio"": 0.026211328783001853, ""base_top1"": ""CP-7"", ""base_top2"": ""CP-4(2)"", ""bm25_top1"": null, ""dense_top1"": null, ""final_margin_ratio"": 0.20715391635894775, ""final_top1"": ""CP-7"", ""gold_informed_rewrite_used"": true, ""num_variants"": 4, ""query_scope"": ""neutral"", ""rerank_alpha"": 0.65, ""rerank_applied"": true, ""rerank_apply_min_margin_ratio"": 0.15, ""rerank_effective_apply_min_margin_ratio"": 0.1, ""rerank_margin_ratio"": 0.20715391635894775, ""rerank_skip_min_base_margin_ratio"": 0.1, ""rerank_skip_require_top1_agreement"": false, ""rerank_top1"": ""CP-7"", ""reranker_called"": true, ""retrieval_query"": ""What are the requirements for establishing and maintaining an alternate processing site to resume essential operations?"", ""scope_bias"": {""applied"": false, ""query_scope"": ""neutral"", ""reason"": ""neutral_query_scope""}, ""skip_reason"": null, ""sys"": ""S7a"", ""top1_agree"": null}"
rev5_gold,S7a,30,What actions must be taken to ensure that system and user-level information is backed up and that backup data remains protected?,CP-9,1,True,True,True,1.00000000,1.00000000,CP-9,"[""CP-9"", ""CP-9(1)"", ""CP-9(3)"", ""CP-9(2)"", ""CP-6"", ""AC-14"", ""CP-9(6)"", ""SA-8(27)"", ""SC-28"", ""CP-9(8)""]",What technical steps are necessary to ensure system and user level information is backed up securely?,What technical steps are necessary to ensure system and user level information is backed up securely?,"{""base_margin_ratio"": 0.20137002984243674, ""base_top1"": ""CP-9"", ""base_top2"": ""CP-9(1)"", ""bm25_top1"": null, ""dense_top1"": null, ""final_margin_ratio"": 0.20137002984243674, ""final_top1"": ""CP-9"", ""gold_informed_rewrite_used"": true, ""num_variants"": 4, ""query_scope"": ""neutral"", ""rerank_alpha"": 0.65, ""rerank_applied"": false, ""rerank_apply_min_margin_ratio"": 0.15, ""rerank_effective_apply_min_margin_ratio"": 0.15, ""rerank_margin_ratio"": null, ""rerank_skip_min_base_margin_ratio"": 0.1, ""rerank_skip_require_top1_agreement"": false, ""rerank_top1"": null, ""reranker_called"": false, ""retrieval_query"": ""What actions must be taken to ensure that system and user-level information is backed up and that backup data remains protected?"", ""scope_bias"": {""applied"": false, ""query_scope"": ""neutral"", ""reason"": ""neutral_query_scope""}, ""skip_reason"": ""base_confident"", ""sys"": ""S7a"", ""top1_agree"": null}"
rev5_gold,S7a,31,How must organizations identify and authenticate users and associate them with processes acting on their behalf?,IA-2,1,True,True,True,1.00000000,1.00000000,IA-2,"[""IA-2"", ""IA-8"", ""IA-9"", ""IA-2(13)"", ""AC-16(4)"", ""IA-3"", ""IA-1"", ""IA-11"", ""SA-8(22)"", ""AC-6""]",What are the methods for identifying and authenticating users and linking them to processes performed on their behalf?,What are the methods for identifying and authenticating users and linking them to processes performed on their behalf?,"{""base_margin_ratio"": 0.04751176496082185, ""base_top1"": ""IA-2"", ""base_top2"": ""IA-8"", ""bm25_top1"": null, ""dense_top1"": null, ""final_margin_ratio"": 0.04748821258544922, ""final_top1"": ""IA-2"", ""gold_informed_rewrite_used"": true, ""num_variants"": 4, ""query_scope"": ""neutral"", ""rerank_alpha"": 0.65, ""rerank_applied"": true, ""rerank_apply_min_margin_ratio"": 0.15, ""rerank_effective_apply_min_margin_ratio"": 0.1, ""rerank_margin_ratio"": 0.04748821258544922, ""rerank_skip_min_base_margin_ratio"": 0.1, ""rerank_skip_require_top1_agreement"": false, ""rerank_top1"": ""IA-2"", ""reranker_called"": true, ""retrieval_query"": ""How must organizations identify and authenticate users and associate them with processes acting on their behalf?"", ""scope_bias"": {""applied"": false, ""query_scope"": ""neutral"", ""reason"": ""neutral_query_scope""}, ""skip_reason"": null, ""sys"": ""S7a"", ""top1_agree"": null}"
rev5_gold,S7a,32,"What are the requirements for assigning, authorizing, and preventing reuse of system identifiers for individuals, groups, or devices?",IA-4,1,True,True,True,1.00000000,1.00000000,IA-4,"[""IA-4"", ""IA-4(1)"", ""AC-20(3)"", ""AC-19"", ""IA-2"", ""CA-6"", ""AC-19(4)"", ""AC-2"", ""SI-19"", ""AC-2(13)""]","What are the technical requirements for assigning, authorizing, and preventing the reuse of system identifiers for individuals, groups, or devices?",What are the technical requirements for assigning authorizing and preventing the reuse of system identifiers for individuals groups or devices?,"{""base_margin_ratio"": 0.08799301359856901, ""base_top1"": ""IA-4"", ""base_top2"": ""IA-4(1)"", ""bm25_top1"": null, ""dense_top1"": null, ""final_margin_ratio"": 0.43191802501678467, ""final_top1"": ""IA-4"", ""gold_informed_rewrite_used"": true, ""num_variants"": 4, ""query_scope"": ""neutral"", ""rerank_alpha"": 0.65, ""rerank_applied"": true, ""rerank_apply_min_margin_ratio"": 0.15, ""rerank_effective_apply_min_margin_ratio"": 0.15, ""rerank_margin_ratio"": 0.43191802501678467, ""rerank_skip_min_base_margin_ratio"": 0.1, ""rerank_skip_require_top1_agreement"": false, ""rerank_top1"": ""IA-4"", ""reranker_called"": true, ""retrieval_query"": ""What are the requirements for assigning authorizing and preventing reuse of system identifiers for individuals groups or devices?"", ""scope_bias"": {""applied"": false, ""query_scope"": ""neutral"", ""reason"": ""neutral_query_scope""}, ""skip_reason"": null, ""sys"": ""S7a"", ""top1_agree"": null}"
rev5_gold,S7a,33,"How should organizations manage authenticators, including their distribution, protection, and periodic updates?",IA-5,1,True,True,True,1.00000000,1.00000000,IA-5,"[""IA-5"", ""IA-5(5)"", ""IA-5(6)"", ""SA-10(6)"", ""IA-5(8)"", ""SC-8"", ""IA-11"", ""IA-2(1)"", ""IA-13"", ""CM-8(1)""]","What are the best practices for managing authenticators in organizations regarding distribution, protection, and periodic updates?",What are the best practices for managing authenticators in organizations regarding distribution protection and periodic updates?,"{""base_margin_ratio"": 0.10200368769109629, ""base_top1"": ""IA-5"", ""base_top2"": ""IA-5(5)"", ""bm25_top1"": null, ""dense_top1"": null, ""final_margin_ratio"": 0.10200368769109629, ""final_top1"": ""IA-5"", ""gold_informed_rewrite_used"": true, ""num_variants"": 4, ""query_scope"": ""neutral"", ""rerank_alpha"": 0.65, ""rerank_applied"": false, ""rerank_apply_min_margin_ratio"": 0.15, ""rerank_effective_apply_min_margin_ratio"": 0.15, ""rerank_margin_ratio"": null, ""rerank_skip_min_base_margin_ratio"": 0.1, ""rerank_skip_require_top1_agreement"": false, ""rerank_top1"": null, ""reranker_called"": false, ""retrieval_query"": ""How should organizations manage authenticators including their distribution protection and periodic updates?"", ""scope_bias"": {""applied"": false, ""query_scope"": ""neutral"", ""reason"": ""neutral_query_scope""}, ""skip_reason"": ""base_confident"", ""sys"": ""S7a"", ""top1_agree"": null}"
rev5_gold,S7a,34,What does NIST require to protect authentication information from disclosure during the authentication process?,IA-6,2,False,True,True,0.50000000,0.63092975,IA-8(2),"[""IA-8(2)"", ""IA-6"", ""IA-5"", ""IA-1"", ""IA-7"", ""IA-11"", ""IA-5(1)"", ""IA-3"", ""IA-2(2)"", ""IA-8""]",Nist requirements for protecting authentication data during login,Nist requirements for protecting authentication data during login,"{""base_margin_ratio"": 0.04728950200034416, ""base_top1"": ""IA-6"", ""base_top2"": ""IA-5"", ""bm25_top1"": null, ""dense_top1"": null, ""final_margin_ratio"": 0.2657936530675275, ""final_top1"": ""IA-8(2)"", ""gold_informed_rewrite_used"": true, ""num_variants"": 4, ""query_scope"": ""neutral"", ""rerank_alpha"": 0.65, ""rerank_applied"": true, ""rerank_apply_min_margin_ratio"": 0.15, ""rerank_effective_apply_min_margin_ratio"": 0.1, ""rerank_margin_ratio"": 0.2657936530675275, ""rerank_skip_min_base_margin_ratio"": 0.1, ""rerank_skip_require_top1_agreement"": false, ""rerank_top1"": ""IA-8(2)"", ""reranker_called"": true, ""retrieval_query"": ""What does NIST require to protect authentication information from disclosure during the authentication process?"", ""scope_bias"": {""applied"": false, ""query_scope"": ""neutral"", ""reason"": ""neutral_query_scope""}, ""skip_reason"": null, ""sys"": ""S7a"", ""top1_agree"": null}"
rev5_gold,S7a,35,How should organizations handle identification and authentication of non-organizational users accessing federal systems?,IA-8,1,True,True,True,1.00000000,1.00000000,IA-8,"[""IA-8"", ""IA-2"", ""AC-14"", ""IA-13"", ""IA-8(2)"", ""IA-2(2)"", ""IA-9"", ""IA-3"", ""AC-6(2)"", ""IA-1""]",What are the best practices for identifying and authenticating external users in federal systems?,What are the best practices for identifying and authenticating external users in federal systems?,"{""base_margin_ratio"": 0.0659645428751168, ""base_top1"": ""IA-8"", ""base_top2"": ""IA-2"", ""bm25_top1"": null, ""dense_top1"": null, ""final_margin_ratio"": 0.272213339805603, ""final_top1"": ""IA-8"", ""gold_informed_rewrite_used"": true, ""num_variants"": 4, ""query_scope"": ""neutral"", ""rerank_alpha"": 0.65, ""rerank_applied"": true, ""rerank_apply_min_margin_ratio"": 0.15, ""rerank_effective_apply_min_margin_ratio"": 0.1, ""rerank_margin_ratio"": 0.272213339805603, ""rerank_skip_min_base_margin_ratio"": 0.1, ""rerank_skip_require_top1_agreement"": false, ""rerank_top1"": ""IA-8"", ""reranker_called"": true, ""retrieval_query"": ""How should organizations handle identification and authentication of non-organizational users accessing federal systems?"", ""scope_bias"": {""applied"": false, ""query_scope"": ""neutral"", ""reason"": ""neutral_query_scope""}, ""skip_reason"": null, ""sys"": ""S7a"", ""top1_agree"": null}"
rev5_gold,S7a,36,"When should incident response training be provided, and how often should its content be reviewed and updated?",IR-2,1,True,True,True,1.00000000,1.00000000,IR-2,"[""IR-2"", ""IR-9(2)"", ""IR-2(1)"", ""IR-2(3)"", ""IR-2(2)"", ""CP-3"", ""IR-8"", ""IR-1"", ""IR-4"", ""AT-6""]","When is incident response training typically scheduled, and what is the frequency of reviewing and updating its content?",When is incident response training typically scheduled and what is the frequency of reviewing and updating its content?,"{""base_margin_ratio"": 0.03428125893563692, ""base_top1"": ""IR-2"", ""base_top2"": ""IR-9(2)"", ""bm25_top1"": null, ""dense_top1"": null, ""final_margin_ratio"": 0.16728585958480835, ""final_top1"": ""IR-2"", ""gold_informed_rewrite_used"": true, ""num_variants"": 4, ""query_scope"": ""neutral"", ""rerank_alpha"": 0.65, ""rerank_applied"": true, ""rerank_apply_min_margin_ratio"": 0.15, ""rerank_effective_apply_min_margin_ratio"": 0.1, ""rerank_margin_ratio"": 0.16728585958480835, ""rerank_skip_min_base_margin_ratio"": 0.1, ""rerank_skip_require_top1_agreement"": false, ""rerank_top1"": ""IR-2"", ""reranker_called"": true, ""retrieval_query"": ""When should incident response training be provided and how often should its content be reviewed and updated?"", ""scope_bias"": {""applied"": false, ""query_scope"": ""neutral"", ""reason"": ""neutral_query_scope""}, ""skip_reason"": null, ""sys"": ""S7a"", ""top1_agree"": null}"
rev5_gold,S7a,37,"How often should organizations test the effectiveness of their incident response capabilities, and what kinds of tests may be used?",IR-3,1,True,True,True,1.00000000,1.00000000,IR-3,"[""IR-3"", ""IR-3(1)"", ""IR-4"", ""IR-3(3)"", ""IR-8"", ""IR-2"", ""IR-9(2)"", ""CP-4"", ""IR-2(1)"", ""SA-15(10)""]",What are the recommended frequencies for testing incident response capabilities and what types of tests can be employed?,What are the recommended frequencies for testing incident response capabilities and what types of tests can be employed?,"{""base_margin_ratio"": 0.054203213965324605, ""base_top1"": ""IR-3"", ""base_top2"": ""IR-3(1)"", ""bm25_top1"": null, ""dense_top1"": null, ""final_margin_ratio"": 0.07693004608154297, ""final_top1"": ""IR-3"", ""gold_informed_rewrite_used"": true, ""num_variants"": 4, ""query_scope"": ""neutral"", ""rerank_alpha"": 0.65, ""rerank_applied"": true, ""rerank_apply_min_margin_ratio"": 0.15, ""rerank_effective_apply_min_margin_ratio"": 0.1, ""rerank_margin_ratio"": 0.07693004608154297, ""rerank_skip_min_base_margin_ratio"": 0.1, ""rerank_skip_require_top1_agreement"": false, ""rerank_top1"": ""IR-3"", ""reranker_called"": true, ""retrieval_query"": ""How often should organizations test the effectiveness of their incident response capabilities and what kinds of tests may be used?"", ""scope_bias"": {""applied"": false, ""query_scope"": ""neutral"", ""reason"": ""neutral_query_scope""}, ""skip_reason"": null, ""sys"": ""S7a"", ""top1_agree"": null}"
rev5_gold,S7a,38,"What are the key elements of implementing an effective incident handling capability, including coordination and lessons learned?",IR-4,1,True,True,True,1.00000000,1.00000000,IR-4,"[""IR-4"", ""IR-4(7)"", ""IR-3(2)"", ""IR-8"", ""IR-7(2)"", ""IR-4(8)"", ""IR-4(11)"", ""IR-1"", ""IR-4(10)"", ""IR-2""]",What are the essential components for establishing a robust incident response process that includes coordination and post-incident analysis?,What are the essential components for establishing a robust incident response process that includes coordination and post-incident analysis?,"{""base_margin_ratio"": 0.03307067649099333, ""base_top1"": ""IR-4"", ""base_top2"": ""IR-8"", ""bm25_top1"": null, ""dense_top1"": null, ""final_margin_ratio"": 0.3365633487701416, ""final_top1"": ""IR-4"", ""gold_informed_rewrite_used"": true, ""num_variants"": 4, ""query_scope"": ""neutral"", ""rerank_alpha"": 0.65, ""rerank_applied"": true, ""rerank_apply_min_margin_ratio"": 0.15, ""rerank_effective_apply_min_margin_ratio"": 0.1, ""rerank_margin_ratio"": 0.3365633487701416, ""rerank_skip_min_base_margin_ratio"": 0.1, ""rerank_skip_require_top1_agreement"": false, ""rerank_top1"": ""IR-4"", ""reranker_called"": true, ""retrieval_query"": ""What are the key elements of implementing an effective incident handling capability including coordination and lessons learned?"", ""scope_bias"": {""applied"": false, ""query_scope"": ""neutral"", ""reason"": ""neutral_query_scope""}, ""skip_reason"": null, ""sys"": ""S7a"", ""top1_agree"": null}"
rev5_gold,S7a,39,What information should organizations maintain and analyze when documenting and reviewing security incidents?,IR-5,1,True,True,True,1.00000000,1.00000000,IR-5,"[""IR-5"", ""AU-6"", ""PE-6"", ""IR-6(2)"", ""IR-4"", ""AU-3"", ""IR-6"", ""CM-4"", ""IR-1"", ""IR-9(2)""]",What technical details should organizations keep and examine during security incident documentation and review?,What technical details should organizations keep and examine during security incident documentation and review?,"{""base_margin_ratio"": 0.10425793696491287, ""base_top1"": ""IR-5"", ""base_top2"": ""AU-6"", ""bm25_top1"": null, ""dense_top1"": null, ""final_margin_ratio"": 0.10425793696491287, ""final_top1"": ""IR-5"", ""gold_informed_rewrite_used"": true, ""num_variants"": 4, ""query_scope"": ""neutral"", ""rerank_alpha"": 0.65, ""rerank_applied"": false, ""rerank_apply_min_margin_ratio"": 0.15, ""rerank_effective_apply_min_margin_ratio"": 0.15, ""rerank_margin_ratio"": null, ""rerank_skip_min_base_margin_ratio"": 0.1, ""rerank_skip_require_top1_agreement"": false, ""rerank_top1"": null, ""reranker_called"": false, ""retrieval_query"": ""What information should organizations maintain and analyze when documenting and reviewing security incidents?"", ""scope_bias"": {""applied"": false, ""query_scope"": ""neutral"", ""reason"": ""neutral_query_scope""}, ""skip_reason"": ""base_confident"", ""sys"": ""S7a"", ""top1_agree"": null}"
rev5_gold,S7a,40,"What are the reporting requirements for suspected or confirmed incidents, including notification timeframes and recipients?",IR-6,1,True,True,True,1.00000000,1.00000000,IR-6,"[""IR-6"", ""IR-6(1)"", ""IR-5"", ""IR-9(2)"", ""IR-4"", ""PE-13(1)"", ""IR-2(3)"", ""IR-6(2)"", ""PM-4"", ""IR-4(10)""]","What are the specific reporting requirements for suspected or confirmed incidents, including the required timeframes for notifications and the appropriate recipients?",What are the specific reporting requirements for suspected or confirmed incidents including the required timeframes for notifications and the appropriate recipients?,"{""base_margin_ratio"": 0.0010906527998226937, ""base_top1"": ""IR-6(1)"", ""base_top2"": ""IR-6"", ""bm25_top1"": null, ""dense_top1"": null, ""final_margin_ratio"": 0.29885523679079673, ""final_top1"": ""IR-6"", ""gold_informed_rewrite_used"": true, ""num_variants"": 4, ""query_scope"": ""neutral"", ""rerank_alpha"": 0.65, ""rerank_applied"": true, ""rerank_apply_min_margin_ratio"": 0.15, ""rerank_effective_apply_min_margin_ratio"": 0.1, ""rerank_margin_ratio"": 0.29885523679079673, ""rerank_skip_min_base_margin_ratio"": 0.1, ""rerank_skip_require_top1_agreement"": false, ""rerank_top1"": ""IR-6"", ""reranker_called"": true, ""retrieval_query"": ""What are the reporting requirements for suspected or confirmed incidents including notification timeframes and recipients?"", ""scope_bias"": {""applied"": false, ""query_scope"": ""neutral"", ""reason"": ""neutral_query_scope""}, ""skip_reason"": null, ""sys"": ""S7a"", ""top1_agree"": null}"
rev5_gold,S7a,41,What are the key considerations for a controlled system maintenance program?,MA-2,1,True,True,True,1.00000000,1.00000000,MA-2,"[""MA-2"", ""MA-6(1)"", ""MA-3"", ""MA-6(2)"", ""MA-1"", ""CM-3"", ""MA-2(2)"", ""MA-4(3)"", ""PM-17"", ""SA-4(8)""]",What are the primary factors to consider in a controlled system maintenance plan?,What are the primary factors to consider in a controlled system maintenance plan?,"{""base_margin_ratio"": 0.03451908224039849, ""base_top1"": ""MA-2"", ""base_top2"": ""MA-6(1)"", ""bm25_top1"": null, ""dense_top1"": null, ""final_margin_ratio"": 0.31917065382003784, ""final_top1"": ""MA-2"", ""gold_informed_rewrite_used"": true, ""num_variants"": 4, ""query_scope"": ""neutral"", ""rerank_alpha"": 0.65, ""rerank_applied"": true, ""rerank_apply_min_margin_ratio"": 0.15, ""rerank_effective_apply_min_margin_ratio"": 0.1, ""rerank_margin_ratio"": 0.31917065382003784, ""rerank_skip_min_base_margin_ratio"": 0.1, ""rerank_skip_require_top1_agreement"": false, ""rerank_top1"": ""MA-2"", ""reranker_called"": true, ""retrieval_query"": ""What are the key considerations for a controlled system maintenance program?"", ""scope_bias"": {""applied"": false, ""query_scope"": ""neutral"", ""reason"": ""neutral_query_scope""}, ""skip_reason"": null, ""sys"": ""S7a"", ""top1_agree"": null}"
rev5_gold,S7a,42,"How should organizations approve, control, and periodically review the use of system maintenance tools?",MA-3,1,True,True,True,1.00000000,1.00000000,MA-3,"[""MA-3"", ""MA-2"", ""MA-3(1)"", ""MA-4"", ""MA-3(6)"", ""CM-3"", ""MA-1"", ""MA-2(2)"", ""SA-15"", ""MA-3(5)""]","What are the best practices for organizations to approve, manage, and regularly assess the utilization of system maintenance tools?",What are the best practices for organizations to approve manage and regularly assess the utilization of system maintenance tools?,"{""base_margin_ratio"": 0.059571759046125196, ""base_top1"": ""MA-3"", ""base_top2"": ""MA-2"", ""bm25_top1"": null, ""dense_top1"": null, ""final_margin_ratio"": 0.3419867753982544, ""final_top1"": ""MA-3"", ""gold_informed_rewrite_used"": true, ""num_variants"": 4, ""query_scope"": ""neutral"", ""rerank_alpha"": 0.65, ""rerank_applied"": true, ""rerank_apply_min_margin_ratio"": 0.15, ""rerank_effective_apply_min_margin_ratio"": 0.1, ""rerank_margin_ratio"": 0.3419867753982544, ""rerank_skip_min_base_margin_ratio"": 0.1, ""rerank_skip_require_top1_agreement"": false, ""rerank_top1"": ""MA-3"", ""reranker_called"": true, ""retrieval_query"": ""How should organizations approve control and periodically review the use of system maintenance tools?"", ""scope_bias"": {""applied"": false, ""query_scope"": ""neutral"", ""reason"": ""neutral_query_scope""}, ""skip_reason"": null, ""sys"": ""S7a"", ""top1_agree"": null}"
rev5_gold,S7a,43,"What must organizations do to authorize, secure, and record nonlocal maintenance and diagnostic activities?",MA-4,1,True,True,True,1.00000000,1.00000000,MA-4,"[""MA-4"", ""MA-4(6)"", ""MA-4(3)"", ""MA-4(1)"", ""MA-5(1)"", ""MA-5(4)"", ""MA-4(5)"", ""MA-2"", ""CA-6"", ""MA-5""]","What technical measures should organizations implement for authorizing, securing, and documenting nonlocal maintenance and diagnostic activities?",What technical measures should organizations implement for authorizing securing and documenting nonlocal maintenance and diagnostic activities?,"{""base_margin_ratio"": 0.025769487874121606, ""base_top1"": ""MA-4"", ""base_top2"": ""MA-4(6)"", ""bm25_top1"": null, ""dense_top1"": null, ""final_margin_ratio"": 0.11425364017486572, ""final_top1"": ""MA-4"", ""gold_informed_rewrite_used"": true, ""num_variants"": 4, ""query_scope"": ""neutral"", ""rerank_alpha"": 0.65, ""rerank_applied"": true, ""rerank_apply_min_margin_ratio"": 0.15, ""rerank_effective_apply_min_margin_ratio"": 0.1, ""rerank_margin_ratio"": 0.11425364017486572, ""rerank_skip_min_base_margin_ratio"": 0.1, ""rerank_skip_require_top1_agreement"": false, ""rerank_top1"": ""MA-4"", ""reranker_called"": true, ""retrieval_query"": ""What must organizations do to authorize secure and record nonlocal maintenance and diagnostic activities?"", ""scope_bias"": {""applied"": false, ""query_scope"": ""neutral"", ""reason"": ""neutral_query_scope""}, ""skip_reason"": null, ""sys"": ""S7a"", ""top1_agree"": null}"
rev5_gold,S7a,44,What process should be established for authorizing maintenance personnel and ensuring appropriate escorting and access control during maintenance?,MA-5,2,False,True,True,0.50000000,0.63092975,MA-5(1),"[""MA-5(1)"", ""MA-5"", ""MA-5(5)"", ""MA-1"", ""MA-2"", ""MA-4(6)"", ""PE-2(1)"", ""MA-5(4)"", ""MA-3"", ""MA-4(5)""]",What are the steps to establish a process for authorizing maintenance personnel and ensuring proper escorting and access control during maintenance activities?,What are the steps to establish a process for authorizing maintenance personnel and ensuring proper escorting and access control during maintenance activities?,"{""base_margin_ratio"": 0.0012075192147421785, ""base_top1"": ""MA-5(1)"", ""base_top2"": ""MA-5"", ""bm25_top1"": null, ""dense_top1"": null, ""final_margin_ratio"": 0.0012075192147421785, ""final_top1"": ""MA-5(1)"", ""gold_informed_rewrite_used"": true, ""num_variants"": 4, ""query_scope"": ""neutral"", ""rerank_alpha"": 0.65, ""rerank_applied"": false, ""rerank_apply_min_margin_ratio"": 0.15, ""rerank_effective_apply_min_margin_ratio"": 0.1, ""rerank_margin_ratio"": 0.013680978849475936, ""rerank_skip_min_base_margin_ratio"": 0.1, ""rerank_skip_require_top1_agreement"": false, ""rerank_top1"": ""MA-5"", ""reranker_called"": true, ""retrieval_query"": ""What process should be established for authorizing maintenance personnel and ensuring appropriate escorting and access control during maintenance?"", ""scope_bias"": {""applied"": false, ""query_scope"": ""neutral"", ""reason"": ""neutral_query_scope""}, ""skip_reason"": null, ""sys"": ""S7a"", ""top1_agree"": null}"
rev5_gold,S7a,45,How should organizations identify critical system components and obtain maintenance support to mitigate risk when those components fail?,MA-6,1,True,True,True,1.00000000,1.00000000,MA-6,"[""MA-6"", ""SR-4(1)"", ""MA-6(1)"", ""SA-22"", ""RA-9"", ""SA-5"", ""MA-2"", ""SI-13"", ""MA-3"", ""SI-17""]",What are the best practices for identifying key system elements and securing maintenance support to reduce risks associated with their failure?,What are the best practices for identifying key system elements and securing maintenance support to reduce risks associated with their failure?,"{""base_margin_ratio"": 0.08543242065938111, ""base_top1"": ""MA-6"", ""base_top2"": ""MA-6(1)"", ""bm25_top1"": null, ""dense_top1"": null, ""final_margin_ratio"": 0.22825802034643197, ""final_top1"": ""MA-6"", ""gold_informed_rewrite_used"": true, ""num_variants"": 4, ""query_scope"": ""neutral"", ""rerank_alpha"": 0.65, ""rerank_applied"": true, ""rerank_apply_min_margin_ratio"": 0.15, ""rerank_effective_apply_min_margin_ratio"": 0.15, ""rerank_margin_ratio"": 0.22825802034643197, ""rerank_skip_min_base_margin_ratio"": 0.1, ""rerank_skip_require_top1_agreement"": false, ""rerank_top1"": ""MA-6"", ""reranker_called"": true, ""retrieval_query"": ""How should organizations identify critical system components and obtain maintenance support to mitigate risk when those components fail?"", ""scope_bias"": {""applied"": false, ""query_scope"": ""neutral"", ""reason"": ""neutral_query_scope""}, ""skip_reason"": null, ""sys"": ""S7a"", ""top1_agree"": null}"
rev5_gold,S7a,46,How should access to both digital and non-digital system media be restricted to authorized individuals?,MP-2,1,True,True,True,1.00000000,1.00000000,MP-2,"[""MP-2"", ""MP-7"", ""MP-5"", ""MP-4"", ""AC-22"", ""MP-3"", ""MP-6"", ""CM-5"", ""PL-4(1)"", ""IA-2""]",How can access to both digital and physical system media be controlled for only authorized users?,How can access to both digital and physical system media be controlled for only authorized users?,"{""base_margin_ratio"": 0.02943211577417674, ""base_top1"": ""MP-2"", ""base_top2"": ""MP-7"", ""bm25_top1"": null, ""dense_top1"": null, ""final_margin_ratio"": 0.02943211577417674, ""final_top1"": ""MP-2"", ""gold_informed_rewrite_used"": true, ""num_variants"": 4, ""query_scope"": ""neutral"", ""rerank_alpha"": 0.65, ""rerank_applied"": false, ""rerank_apply_min_margin_ratio"": 0.15, ""rerank_effective_apply_min_margin_ratio"": 0.1, ""rerank_margin_ratio"": 0.03616695827906687, ""rerank_skip_min_base_margin_ratio"": 0.1, ""rerank_skip_require_top1_agreement"": false, ""rerank_top1"": ""MP-4"", ""reranker_called"": true, ""retrieval_query"": ""How should access to both digital and non-digital system media be restricted to authorized individuals?"", ""scope_bias"": {""applied"": false, ""query_scope"": ""neutral"", ""reason"": ""neutral_query_scope""}, ""skip_reason"": null, ""sys"": ""S7a"", ""top1_agree"": null}"
rev5_gold,S7a,47,"What requirements apply to marking system media with handling or distribution limitations, and when may media be exempt from marking?",MP-3,1,True,True,True,1.00000000,1.00000000,MP-3,"[""MP-3"", ""MP-5"", ""PE-22"", ""MP-4"", ""MP-7"", ""MP-6"", ""MP-2"", ""MP-8"", ""MP-6(1)"", ""SC-8""]",What specific requirements exist for marking system media with handling or distribution restrictions and under what conditions can marking be waived?,What specific requirements exist for marking system media with handling or distribution restrictions and under what conditions can marking be waived?,"{""base_margin_ratio"": 0.018360032184917035, ""base_top1"": ""MP-3"", ""base_top2"": ""PE-22"", ""bm25_top1"": null, ""dense_top1"": null, ""final_margin_ratio"": 0.24928319454193115, ""final_top1"": ""MP-3"", ""gold_informed_rewrite_used"": true, ""num_variants"": 4, ""query_scope"": ""neutral"", ""rerank_alpha"": 0.65, ""rerank_applied"": true, ""rerank_apply_min_margin_ratio"": 0.15, ""rerank_effective_apply_min_margin_ratio"": 0.1, ""rerank_margin_ratio"": 0.24928319454193115, ""rerank_skip_min_base_margin_ratio"": 0.1, ""rerank_skip_require_top1_agreement"": false, ""rerank_top1"": ""MP-3"", ""reranker_called"": true, ""retrieval_query"": ""What requirements apply to marking system media with handling or distribution limitations and when may media be exempt from marking?"", ""scope_bias"": {""applied"": false, ""query_scope"": ""neutral"", ""reason"": ""neutral_query_scope""}, ""skip_reason"": null, ""sys"": ""S7a"", ""top1_agree"": null}"
rev5_gold,S7a,48,How must organizations physically control and securely store system media to prevent unauthorized access or tampering?,MP-4,1,True,True,True,1.00000000,1.00000000,MP-4,"[""MP-4"", ""MP-5"", ""MP-7"", ""PE-4"", ""MP-6"", ""MA-5(1)"", ""SC-7(14)"", ""PE-3"", ""SC-34(2)"", ""MP-2""]",What are the necessary physical controls and secure storage methods for system media to ensure no unauthorized access or tampering?,What are the necessary physical controls and secure storage methods for system media to ensure no unauthorized access or tampering?,"{""base_margin_ratio"": 0.00414320804063467, ""base_top1"": ""MP-4"", ""base_top2"": ""MP-5"", ""bm25_top1"": null, ""dense_top1"": null, ""final_margin_ratio"": 0.06605565547943115, ""final_top1"": ""MP-4"", ""gold_informed_rewrite_used"": true, ""num_variants"": 4, ""query_scope"": ""neutral"", ""rerank_alpha"": 0.65, ""rerank_applied"": true, ""rerank_apply_min_margin_ratio"": 0.15, ""rerank_effective_apply_min_margin_ratio"": 0.1, ""rerank_margin_ratio"": 0.06605565547943115, ""rerank_skip_min_base_margin_ratio"": 0.1, ""rerank_skip_require_top1_agreement"": false, ""rerank_top1"": ""MP-4"", ""reranker_called"": true, ""retrieval_query"": ""How must organizations physically control and securely store system media to prevent unauthorized access or tampering?"", ""scope_bias"": {""applied"": false, ""query_scope"": ""neutral"", ""reason"": ""neutral_query_scope""}, ""skip_reason"": null, ""sys"": ""S7a"", ""top1_agree"": null}"
rev5_gold,S7a,49,"What safeguards should be in place for transporting system media outside controlled areas, including accountability and documentation requirements?",MP-5,1,True,True,True,1.00000000,1.00000000,MP-5,"[""MP-5"", ""MP-4"", ""MP-1"", ""MP-3"", ""SA-8(22)"", ""CM-2(7)"", ""CP-9"", ""SA-4"", ""MP-5(3)"", ""PE-16""]","What technical safeguards are necessary for the transportation of system media beyond secure zones, including accountability and documentation protocols?",What technical safeguards are necessary for the transportation of system media beyond secure zones including accountability and documentation protocols?,"{""base_margin_ratio"": 0.07182879698498819, ""base_top1"": ""MP-5"", ""base_top2"": ""MP-4"", ""bm25_top1"": null, ""dense_top1"": null, ""final_margin_ratio"": 0.3750159740447998, ""final_top1"": ""MP-5"", ""gold_informed_rewrite_used"": true, ""num_variants"": 4, ""query_scope"": ""neutral"", ""rerank_alpha"": 0.65, ""rerank_applied"": true, ""rerank_apply_min_margin_ratio"": 0.15, ""rerank_effective_apply_min_margin_ratio"": 0.1, ""rerank_margin_ratio"": 0.3750159740447998, ""rerank_skip_min_base_margin_ratio"": 0.1, ""rerank_skip_require_top1_agreement"": false, ""rerank_top1"": ""MP-5"", ""reranker_called"": true, ""retrieval_query"": ""What safeguards should be in place for transporting system media outside controlled areas including accountability and documentation requirements?"", ""scope_bias"": {""applied"": false, ""query_scope"": ""neutral"", ""reason"": ""neutral_query_scope""}, ""skip_reason"": null, ""sys"": ""S7a"", ""top1_agree"": null}"
rev5_gold,S7a,50,"What are the requirements for sanitizing system media prior to disposal, reuse, or release from organizational control?",MP-6,1,True,True,True,1.00000000,1.00000000,MP-6,"[""MP-6"", ""SR-12"", ""MP-6(1)"", ""MA-5(1)"", ""MA-4(3)"", ""MA-2"", ""SC-4"", ""MP-5"", ""MP-4"", ""MP-8""]","What are the necessary steps for purifying system storage before disposal, reuse, or liberation from company oversight?",What are the necessary steps for purifying system storage before disposal reuse or liberation from company oversight?,"{""base_margin_ratio"": 0.02906039303267932, ""base_top1"": ""MP-6"", ""base_top2"": ""SR-12"", ""bm25_top1"": null, ""dense_top1"": null, ""final_margin_ratio"": 0.22248339653015137, ""final_top1"": ""MP-6"", ""gold_informed_rewrite_used"": true, ""num_variants"": 4, ""query_scope"": ""neutral"", ""rerank_alpha"": 0.65, ""rerank_applied"": true, ""rerank_apply_min_margin_ratio"": 0.15, ""rerank_effective_apply_min_margin_ratio"": 0.1, ""rerank_margin_ratio"": 0.22248339653015137, ""rerank_skip_min_base_margin_ratio"": 0.1, ""rerank_skip_require_top1_agreement"": false, ""rerank_top1"": ""MP-6"", ""reranker_called"": true, ""retrieval_query"": ""What are the requirements for sanitizing system media prior to disposal reuse or release from organizational control?"", ""scope_bias"": {""applied"": false, ""query_scope"": ""neutral"", ""reason"": ""neutral_query_scope""}, ""skip_reason"": null, ""sys"": ""S7a"", ""top1_agree"": null}"
rev5_gold,S7a,51,"What are the requirements for managing facility access authorizations, credentials, and access lists for individuals entering secured areas?",PE-2,1,True,True,True,1.00000000,1.00000000,PE-2,"[""PE-2"", ""PE-8"", ""PE-2(3)"", ""PE-3"", ""AC-6(1)"", ""IA-2"", ""MA-5(1)"", ""PE-16"", ""PS-3(3)"", ""AC-3(7)""]","What are the necessary criteria for overseeing access permissions, identification, and entry lists for persons in restricted zones?",What are the necessary criteria for overseeing access permissions identification and entry lists for persons in restricted zones?,"{""base_margin_ratio"": 0.02515135097010492, ""base_top1"": ""PE-2"", ""base_top2"": ""PE-8"", ""bm25_top1"": null, ""dense_top1"": null, ""final_margin_ratio"": 0.1316609165111445, ""final_top1"": ""PE-2"", ""gold_informed_rewrite_used"": true, ""num_variants"": 4, ""query_scope"": ""neutral"", ""rerank_alpha"": 0.65, ""rerank_applied"": true, ""rerank_apply_min_margin_ratio"": 0.15, ""rerank_effective_apply_min_margin_ratio"": 0.1, ""rerank_margin_ratio"": 0.1316609165111445, ""rerank_skip_min_base_margin_ratio"": 0.1, ""rerank_skip_require_top1_agreement"": false, ""rerank_top1"": ""PE-2"", ""reranker_called"": true, ""retrieval_query"": ""What are the requirements for managing facility access authorizations credentials and access lists for individuals entering secured areas?"", ""scope_bias"": {""applied"": false, ""query_scope"": ""neutral"", ""reason"": ""neutral_query_scope""}, ""skip_reason"": null, ""sys"": ""S7a"", ""top1_agree"": null}"
rev5_gold,S7a,52,"What considerations, components, and types of controls are involved in implementing physical access control?",PE-3,1,True,True,True,1.00000000,1.00000000,PE-3,"[""PE-3"", ""PE-4"", ""AT-3(2)"", ""AC-3"", ""PE-3(1)"", ""PE-5"", ""PE-6"", ""PE-3(8)"", ""AC-19"", ""CM-5""]",What are the key elements and types of controls needed for physical access control implementation?,What are the key elements and types of controls needed for physical access control implementation?,"{""base_margin_ratio"": 0.05368300265785165, ""base_top1"": ""PE-3"", ""base_top2"": ""AC-3"", ""bm25_top1"": null, ""dense_top1"": null, ""final_margin_ratio"": 0.07140242329774325, ""final_top1"": ""PE-3"", ""gold_informed_rewrite_used"": true, ""num_variants"": 4, ""query_scope"": ""neutral"", ""rerank_alpha"": 0.65, ""rerank_applied"": true, ""rerank_apply_min_margin_ratio"": 0.15, ""rerank_effective_apply_min_margin_ratio"": 0.1, ""rerank_margin_ratio"": 0.07140242329774325, ""rerank_skip_min_base_margin_ratio"": 0.1, ""rerank_skip_require_top1_agreement"": false, ""rerank_top1"": ""PE-3"", ""reranker_called"": true, ""retrieval_query"": ""What considerations components and types of controls are involved in implementing physical access control?"", ""scope_bias"": {""applied"": false, ""query_scope"": ""neutral"", ""reason"": ""neutral_query_scope""}, ""skip_reason"": null, ""sys"": ""S7a"", ""top1_agree"": null}"
rev5_gold,S7a,53,What controls should organizations use to protect system distribution and transmission lines from physical damage or interception?,PE-4,1,True,True,True,1.00000000,1.00000000,PE-4,"[""PE-4"", ""SC-8"", ""SC-7(14)"", ""SC-8(5)"", ""CP-8(2)"", ""AC-18(5)"", ""PE-18"", ""PE-3"", ""SR-5"", ""CA-8(3)""]",What technical controls are recommended for safeguarding system distribution and transmission lines against physical harm or eavesdropping?,What technical controls are recommended for safeguarding system distribution and transmission lines against physical harm or eavesdropping?,"{""base_margin_ratio"": 0.01045264163421268, ""base_top1"": ""PE-4"", ""base_top2"": ""SC-8"", ""bm25_top1"": null, ""dense_top1"": null, ""final_margin_ratio"": 0.328605055809021, ""final_top1"": ""PE-4"", ""gold_informed_rewrite_used"": true, ""num_variants"": 4, ""query_scope"": ""neutral"", ""rerank_alpha"": 0.65, ""rerank_applied"": true, ""rerank_apply_min_margin_ratio"": 0.15, ""rerank_effective_apply_min_margin_ratio"": 0.1, ""rerank_margin_ratio"": 0.328605055809021, ""rerank_skip_min_base_margin_ratio"": 0.1, ""rerank_skip_require_top1_agreement"": false, ""rerank_top1"": ""PE-4"", ""reranker_called"": true, ""retrieval_query"": ""What controls should organizations use to protect system distribution and transmission lines from physical damage or interception?"", ""scope_bias"": {""applied"": false, ""query_scope"": ""neutral"", ""reason"": ""neutral_query_scope""}, ""skip_reason"": null, ""sys"": ""S7a"", ""top1_agree"": null}"
rev5_gold,S7a,54,"How should physical access to output devices such as monitors, printers, or copiers be restricted and monitored?",PE-5,1,True,True,True,1.00000000,1.00000000,PE-5,"[""PE-5"", ""PE-22"", ""SC-43"", ""AC-16(5)"", ""PE-5(2)"", ""PE-3"", ""PE-6"", ""SC-8"", ""AC-19"", ""AC-20(2)""]","What are the best practices for restricting and monitoring physical access to output devices like monitors, printers, or copiers?",What are the best practices for restricting and monitoring physical access to output devices like monitors printers or copiers?,"{""base_margin_ratio"": 0.0494917875131854, ""base_top1"": ""PE-5"", ""base_top2"": ""PE-22"", ""bm25_top1"": null, ""dense_top1"": null, ""final_margin_ratio"": 0.07314419746398926, ""final_top1"": ""PE-5"", ""gold_informed_rewrite_used"": true, ""num_variants"": 4, ""query_scope"": ""neutral"", ""rerank_alpha"": 0.65, ""rerank_applied"": true, ""rerank_apply_min_margin_ratio"": 0.15, ""rerank_effective_apply_min_margin_ratio"": 0.1, ""rerank_margin_ratio"": 0.07314419746398926, ""rerank_skip_min_base_margin_ratio"": 0.1, ""rerank_skip_require_top1_agreement"": false, ""rerank_top1"": ""PE-5"", ""reranker_called"": true, ""retrieval_query"": ""How should physical access to output devices such as monitors printers or copiers be restricted and monitored?"", ""scope_bias"": {""applied"": false, ""query_scope"": ""neutral"", ""reason"": ""neutral_query_scope""}, ""skip_reason"": null, ""sys"": ""S7a"", ""top1_agree"": null}"
rev5_gold,S7a,55,What measures should be implemented to monitor and review physical access logs and respond to security incidents in facilities housing systems?,PE-6,1,True,True,True,1.00000000,1.00000000,PE-6,"[""PE-6"", ""PE-3"", ""PE-6(1)"", ""PE-6(4)"", ""PE-3(1)"", ""IR-4"", ""PE-2"", ""AU-6(6)"", ""SC-7(14)"", ""PE-1""]",How can we ensure effective monitoring and review of physical access logs and timely response to security incidents in facility environments?,How can we ensure effective monitoring and review of physical access logs and timely response to security incidents in facility environments?,"{""base_margin_ratio"": 0.04001114515329235, ""base_top1"": ""PE-6"", ""base_top2"": ""PE-3"", ""bm25_top1"": null, ""dense_top1"": null, ""final_margin_ratio"": 0.28489476442337036, ""final_top1"": ""PE-6"", ""gold_informed_rewrite_used"": true, ""num_variants"": 4, ""query_scope"": ""neutral"", ""rerank_alpha"": 0.65, ""rerank_applied"": true, ""rerank_apply_min_margin_ratio"": 0.15, ""rerank_effective_apply_min_margin_ratio"": 0.1, ""rerank_margin_ratio"": 0.28489476442337036, ""rerank_skip_min_base_margin_ratio"": 0.1, ""rerank_skip_require_top1_agreement"": false, ""rerank_top1"": ""PE-6"", ""reranker_called"": true, ""retrieval_query"": ""What measures should be implemented to monitor and review physical access logs and respond to security incidents in facilities housing systems?"", ""scope_bias"": {""applied"": false, ""query_scope"": ""neutral"", ""reason"": ""neutral_query_scope""}, ""skip_reason"": null, ""sys"": ""S7a"", ""top1_agree"": null}"
rev5_gold,S7a,56,What is the guidance of control PL-2?,PL-2,1,True,True,True,1.00000000,1.00000000,PL-2,"[""PL-2"", ""PL-1"", ""PL-10"", ""PL-8(1)"", ""PL-4"", ""PL-11"", ""PL-4(1)"", ""SI-12"", ""AT-2"", ""PL-9""]",What are the best practices specified in control PL-2?,What are the best practices specified in control PL-2?,"{""base_margin_ratio"": 0.012982582917163662, ""base_top1"": ""PL-2"", ""base_top2"": ""PL-1"", ""bm25_top1"": null, ""dense_top1"": null, ""final_margin_ratio"": 0.3023993513404772, ""final_top1"": ""PL-2"", ""gold_informed_rewrite_used"": true, ""num_variants"": 4, ""query_scope"": ""neutral"", ""rerank_alpha"": 0.65, ""rerank_applied"": true, ""rerank_apply_min_margin_ratio"": 0.15, ""rerank_effective_apply_min_margin_ratio"": 0.1, ""rerank_margin_ratio"": 0.3023993513404772, ""rerank_skip_min_base_margin_ratio"": 0.1, ""rerank_skip_require_top1_agreement"": false, ""rerank_top1"": ""PL-2"", ""reranker_called"": true, ""retrieval_query"": ""What is the guidance of control PL-2?"", ""scope_bias"": {""applied"": false, ""query_scope"": ""neutral"", ""reason"": ""neutral_query_scope""}, ""skip_reason"": null, ""sys"": ""S7a"", ""top1_agree"": null}"
rev5_gold,S7a,57,What considerations are involved in establishing rules of behavior regarding their application to different user types and the methods for documenting acknowledgment?,PL-4,1,True,True,True,1.00000000,1.00000000,PL-4,"[""PL-4"", ""PL-4(1)"", ""MP-6(1)"", ""SA-5"", ""AC-2(12)"", ""AC-2(11)"", ""IR-5"", ""AC-1"", ""IA-1"", ""AC-8""]",What are the key factors in setting up behavioral guidelines that apply to various user categories along with the procedures for recording acceptance?,What are the key factors in setting up behavioral guidelines that apply to various user categories along with the procedures for recording acceptance?,"{""base_margin_ratio"": 0.22769706556824695, ""base_top1"": ""PL-4"", ""base_top2"": ""PL-4(1)"", ""bm25_top1"": null, ""dense_top1"": null, ""final_margin_ratio"": 0.22769706556824695, ""final_top1"": ""PL-4"", ""gold_informed_rewrite_used"": true, ""num_variants"": 4, ""query_scope"": ""neutral"", ""rerank_alpha"": 0.65, ""rerank_applied"": false, ""rerank_apply_min_margin_ratio"": 0.15, ""rerank_effective_apply_min_margin_ratio"": 0.15, ""rerank_margin_ratio"": null, ""rerank_skip_min_base_margin_ratio"": 0.1, ""rerank_skip_require_top1_agreement"": false, ""rerank_top1"": null, ""reranker_called"": false, ""retrieval_query"": ""What considerations are involved in establishing rules of behavior regarding their application to different user types and the methods for documenting acknowledgment?"", ""scope_bias"": {""applied"": false, ""query_scope"": ""neutral"", ""reason"": ""neutral_query_scope""}, ""skip_reason"": ""base_confident"", ""sys"": ""S7a"", ""top1_agree"": null}"
rev5_gold,S7a,58,"What is the purpose of a Concept of Operations, and how often should it be reviewed and updated?",PL-7,1,True,True,True,1.00000000,1.00000000,PL-7,"[""PL-7"", ""SI-18"", ""IR-8"", ""MA-1"", ""SI-14"", ""PL-1"", ""PM-4"", ""PL-8"", ""CM-7(1)"", ""IR-4(14)""]",What are the objectives of a Concept of Operations document and its frequency of review and update?,What are the objectives of a Concept of Operations document and its frequency of review and update?,"{""base_margin_ratio"": 0.3651703086496107, ""base_top1"": ""PL-7"", ""base_top2"": ""SI-18"", ""bm25_top1"": null, ""dense_top1"": null, ""final_margin_ratio"": 0.3651703086496107, ""final_top1"": ""PL-7"", ""gold_informed_rewrite_used"": true, ""num_variants"": 4, ""query_scope"": ""neutral"", ""rerank_alpha"": 0.65, ""rerank_applied"": false, ""rerank_apply_min_margin_ratio"": 0.15, ""rerank_effective_apply_min_margin_ratio"": 0.15, ""rerank_margin_ratio"": null, ""rerank_skip_min_base_margin_ratio"": 0.1, ""rerank_skip_require_top1_agreement"": false, ""rerank_top1"": null, ""reranker_called"": false, ""retrieval_query"": ""What is the purpose of a Concept of Operations and how often should it be reviewed and updated?"", ""scope_bias"": {""applied"": false, ""query_scope"": ""neutral"", ""reason"": ""neutral_query_scope""}, ""skip_reason"": ""base_confident"", ""sys"": ""S7a"", ""top1_agree"": null}"
rev5_gold,S7a,59,What should security and privacy architectures describe to ensure protection of information and integration with the enterprise architecture?,PL-8,2,False,True,True,0.50000000,0.63092975,PM-7,"[""PM-7"", ""PL-8"", ""SA-17"", ""SA-3"", ""PL-2"", ""PL-8(1)"", ""SC-1"", ""SA-8"", ""PM-11"", ""MP-1""]",security and privacy architectures should include details on protection methods and enterprise integration,security and privacy architectures should include details on protection methods and enterprise integration,"{""base_margin_ratio"": 0.00694444444444445, ""base_top1"": ""PM-7"", ""base_top2"": ""PL-8"", ""bm25_top1"": null, ""dense_top1"": null, ""final_margin_ratio"": 0.01125478744506836, ""final_top1"": ""PM-7"", ""gold_informed_rewrite_used"": true, ""num_variants"": 4, ""query_scope"": ""neutral"", ""rerank_alpha"": 0.65, ""rerank_applied"": true, ""rerank_apply_min_margin_ratio"": 0.15, ""rerank_effective_apply_min_margin_ratio"": 0.1, ""rerank_margin_ratio"": 0.01125478744506836, ""rerank_skip_min_base_margin_ratio"": 0.1, ""rerank_skip_require_top1_agreement"": false, ""rerank_top1"": ""PM-7"", ""reranker_called"": true, ""retrieval_query"": ""What should security and privacy architectures describe to ensure protection of information and integration with the enterprise architecture?"", ""scope_bias"": {""applied"": false, ""query_scope"": ""neutral"", ""reason"": ""neutral_query_scope""}, ""skip_reason"": null, ""sys"": ""S7a"", ""top1_agree"": null}"
rev5_gold,S7a,60,"How does the concept of tailoring allow organizations to customize control baselines to their mission, environment, and risk profile?",PL-11,1,True,True,True,1.00000000,1.00000000,PL-11,"[""PL-11"", ""PL-10"", ""RA-2(1)"", ""PM-31"", ""PL-2"", ""AC-1"", ""CM-2(6)"", ""RA-1"", ""PT-4(1)"", ""PL-1""]","What is the role of tailoring in enabling organizations to adjust control baselines according to their mission, environment, and risk profile?",What is the role of tailoring in enabling organizations to adjust control baselines according to their mission environment and risk profile?,"{""base_margin_ratio"": 0.01612903225806469, ""base_top1"": ""PL-11"", ""base_top2"": ""PL-10"", ""bm25_top1"": null, ""dense_top1"": null, ""final_margin_ratio"": 0.054048001766204834, ""final_top1"": ""PL-11"", ""gold_informed_rewrite_used"": true, ""num_variants"": 4, ""query_scope"": ""neutral"", ""rerank_alpha"": 0.65, ""rerank_applied"": true, ""rerank_apply_min_margin_ratio"": 0.15, ""rerank_effective_apply_min_margin_ratio"": 0.1, ""rerank_margin_ratio"": 0.054048001766204834, ""rerank_skip_min_base_margin_ratio"": 0.1, ""rerank_skip_require_top1_agreement"": false, ""rerank_top1"": ""PL-11"", ""reranker_called"": true, ""retrieval_query"": ""How does the concept of tailoring allow organizations to customize control baselines to their mission environment and risk profile?"", ""scope_bias"": {""applied"": false, ""query_scope"": ""neutral"", ""reason"": ""neutral_query_scope""}, ""skip_reason"": null, ""sys"": ""S7a"", ""top1_agree"": null}"
rev5_gold,S7a,61,"Who serves as the senior agency information security officer, and what is their role within federal agencies?",PM-2,1,True,True,True,1.00000000,1.00000000,PM-2,"[""PM-2"", ""PM-19"", ""PM-23"", ""AT-3"", ""IR-4(7)"", ""PM-27"", ""SA-10(7)"", ""CM-3(4)"", ""SI-6(3)"", ""IR-6(2)""]",What are the responsibilities of the senior agency information security officer in federal agencies?,What are the responsibilities of the senior agency information security officer in federal agencies?,"{""base_margin_ratio"": 0.018360032184917035, ""base_top1"": ""PM-2"", ""base_top2"": ""PM-19"", ""bm25_top1"": null, ""dense_top1"": null, ""final_margin_ratio"": 0.06556212902069092, ""final_top1"": ""PM-2"", ""gold_informed_rewrite_used"": true, ""num_variants"": 4, ""query_scope"": ""neutral"", ""rerank_alpha"": 0.65, ""rerank_applied"": true, ""rerank_apply_min_margin_ratio"": 0.15, ""rerank_effective_apply_min_margin_ratio"": 0.1, ""rerank_margin_ratio"": 0.06556212902069092, ""rerank_skip_min_base_margin_ratio"": 0.1, ""rerank_skip_require_top1_agreement"": false, ""rerank_top1"": ""PM-2"", ""reranker_called"": true, ""retrieval_query"": ""Who serves as the senior agency information security officer and what is their role within federal agencies?"", ""scope_bias"": {""applied"": false, ""query_scope"": ""neutral"", ""reason"": ""neutral_query_scope""}, ""skip_reason"": null, ""sys"": ""S7a"", ""top1_agree"": null}"
rev5_gold,S7a,62,What is the purpose of a plan of action and milestones process within the organization's risk management strategy?,PM-4,1,True,True,True,1.00000000,1.00000000,PM-4,"[""PM-4"", ""CA-5"", ""RA-7"", ""PM-9"", ""PM-30"", ""PM-10"", ""PM-14"", ""PM-29"", ""SR-2"", ""PE-23""]",What are the objectives of incorporating a plan of action and milestones in the organization's risk management approach?,What are the objectives of incorporating a plan of action and milestones in the organization's risk management approach?,"{""base_margin_ratio"": 0.02059103211176962, ""base_top1"": ""PM-4"", ""base_top2"": ""CA-5"", ""bm25_top1"": null, ""dense_top1"": null, ""final_margin_ratio"": 0.026932120323181152, ""final_top1"": ""PM-4"", ""gold_informed_rewrite_used"": true, ""num_variants"": 4, ""query_scope"": ""neutral"", ""rerank_alpha"": 0.65, ""rerank_applied"": true, ""rerank_apply_min_margin_ratio"": 0.15, ""rerank_effective_apply_min_margin_ratio"": 0.1, ""rerank_margin_ratio"": 0.026932120323181152, ""rerank_skip_min_base_margin_ratio"": 0.1, ""rerank_skip_require_top1_agreement"": false, ""rerank_top1"": ""PM-4"", ""reranker_called"": true, ""retrieval_query"": ""What is the purpose of a plan of action and milestones process within the organization's risk management strategy?"", ""scope_bias"": {""applied"": false, ""query_scope"": ""neutral"", ""reason"": ""neutral_query_scope""}, ""skip_reason"": null, ""sys"": ""S7a"", ""top1_agree"": null}"
rev5_gold,S7a,63,How are measures of performance used to evaluate the effectiveness of security and privacy programs?,PM-6,1,True,True,True,1.00000000,1.00000000,PM-6,"[""PM-6"", ""PM-13"", ""SA-8(28)"", ""PL-2"", ""SA-8(26)"", ""RA-8"", ""CA-2"", ""SA-8"", ""CA-1"", ""PS-1""]",What metrics are utilized to assess the efficacy of security and privacy initiatives?,What metrics are utilized to assess the efficacy of security and privacy initiatives?,"{""base_margin_ratio"": 0.1247168420824914, ""base_top1"": ""PM-6"", ""base_top2"": ""PM-13"", ""bm25_top1"": null, ""dense_top1"": null, ""final_margin_ratio"": 0.1247168420824914, ""final_top1"": ""PM-6"", ""gold_informed_rewrite_used"": true, ""num_variants"": 4, ""query_scope"": ""neutral"", ""rerank_alpha"": 0.65, ""rerank_applied"": false, ""rerank_apply_min_margin_ratio"": 0.15, ""rerank_effective_apply_min_margin_ratio"": 0.15, ""rerank_margin_ratio"": null, ""rerank_skip_min_base_margin_ratio"": 0.1, ""rerank_skip_require_top1_agreement"": false, ""rerank_top1"": null, ""reranker_called"": false, ""retrieval_query"": ""How are measures of performance used to evaluate the effectiveness of security and privacy programs?"", ""scope_bias"": {""applied"": false, ""query_scope"": ""neutral"", ""reason"": ""neutral_query_scope""}, ""skip_reason"": ""base_confident"", ""sys"": ""S7a"", ""top1_agree"": null}"
rev5_gold,S7a,64,"What considerations must be incorporated into the enterprise architecture to address security, privacy, and risk?",PM-7,1,True,True,True,1.00000000,1.00000000,PM-7,"[""PM-7"", ""PL-8"", ""SA-3"", ""SA-17"", ""PL-2"", ""SA-8"", ""RA-1"", ""PM-9"", ""SR-1"", ""SA-4""]","What technical elements should be integrated into the enterprise architecture to ensure security, privacy, and risk management?",What technical elements should be integrated into the enterprise architecture to ensure security privacy and risk management?,"{""base_margin_ratio"": 0.02054154995331468, ""base_top1"": ""PM-7"", ""base_top2"": ""PL-8"", ""bm25_top1"": null, ""dense_top1"": null, ""final_margin_ratio"": 0.036736249923706055, ""final_top1"": ""PM-7"", ""gold_informed_rewrite_used"": true, ""num_variants"": 4, ""query_scope"": ""neutral"", ""rerank_alpha"": 0.65, ""rerank_applied"": true, ""rerank_apply_min_margin_ratio"": 0.15, ""rerank_effective_apply_min_margin_ratio"": 0.1, ""rerank_margin_ratio"": 0.036736249923706055, ""rerank_skip_min_base_margin_ratio"": 0.1, ""rerank_skip_require_top1_agreement"": false, ""rerank_top1"": ""PM-7"", ""reranker_called"": true, ""retrieval_query"": ""What considerations must be incorporated into the enterprise architecture to address security privacy and risk?"", ""scope_bias"": {""applied"": false, ""query_scope"": ""neutral"", ""reason"": ""neutral_query_scope""}, ""skip_reason"": null, ""sys"": ""S7a"", ""top1_agree"": null}"
rev5_gold,S7a,65,"What are the key components of an organization's risk management strategy, and how should it be implemented and updated?",PM-9,1,True,True,True,1.00000000,1.00000000,PM-9,"[""PM-9"", ""PM-30"", ""PM-7"", ""PM-4"", ""SR-1"", ""RA-1"", ""PM-29"", ""PM-14"", ""CM-1"", ""PE-23""]",How do you define the main aspects of an enterprise's risk management strategy and ensure its effective execution and periodic updating?,How do you define the main aspects of an enterprise's risk management strategy and ensure its effective execution and periodic updating?,"{""base_margin_ratio"": 0.0011438363911743536, ""base_top1"": ""PM-30"", ""base_top2"": ""PM-9"", ""bm25_top1"": null, ""dense_top1"": null, ""final_margin_ratio"": 0.3124743733004039, ""final_top1"": ""PM-9"", ""gold_informed_rewrite_used"": true, ""num_variants"": 4, ""query_scope"": ""neutral"", ""rerank_alpha"": 0.65, ""rerank_applied"": true, ""rerank_apply_min_margin_ratio"": 0.15, ""rerank_effective_apply_min_margin_ratio"": 0.1, ""rerank_margin_ratio"": 0.3124743733004039, ""rerank_skip_min_base_margin_ratio"": 0.1, ""rerank_skip_require_top1_agreement"": false, ""rerank_top1"": ""PM-9"", ""reranker_called"": true, ""retrieval_query"": ""What are the key components of an organization's risk management strategy and how should it be implemented and updated?"", ""scope_bias"": {""applied"": false, ""query_scope"": ""neutral"", ""reason"": ""neutral_query_scope""}, ""skip_reason"": null, ""sys"": ""S7a"", ""top1_agree"": null}"
rev5_gold,S7a,66,"What process should the organization use to assign, review, and update position risk designations and establish screening criteria for personnel?",PS-2,1,True,True,True,1.00000000,1.00000000,PS-2,"[""PS-2"", ""PS-3"", ""SA-21"", ""PM-28"", ""PM-9"", ""RA-3"", ""PS-1"", ""RA-1"", ""PS-3(3)"", ""PM-14""]","What are the steps an organization should follow to assign, review, and update position risk designations along with establishing screening criteria for personnel?",What are the steps an organization should follow to assign review and update position risk designations along with establishing screening criteria for personnel?,"{""base_margin_ratio"": 0.01612903225806469, ""base_top1"": ""PS-2"", ""base_top2"": ""PS-3"", ""bm25_top1"": null, ""dense_top1"": null, ""final_margin_ratio"": 0.020096242427825928, ""final_top1"": ""PS-2"", ""gold_informed_rewrite_used"": true, ""num_variants"": 4, ""query_scope"": ""neutral"", ""rerank_alpha"": 0.65, ""rerank_applied"": true, ""rerank_apply_min_margin_ratio"": 0.15, ""rerank_effective_apply_min_margin_ratio"": 0.1, ""rerank_margin_ratio"": 0.020096242427825928, ""rerank_skip_min_base_margin_ratio"": 0.1, ""rerank_skip_require_top1_agreement"": false, ""rerank_top1"": ""PS-2"", ""reranker_called"": true, ""retrieval_query"": ""What process should the organization use to assign review and update position risk designations and establish screening criteria for personnel?"", ""scope_bias"": {""applied"": false, ""query_scope"": ""neutral"", ""reason"": ""neutral_query_scope""}, ""skip_reason"": null, ""sys"": ""S7a"", ""top1_agree"": null}"
rev5_gold,S7a,67,When and how must individuals be screened before authorizing or maintaining access to organizational systems?,PS-3,1,True,True,True,1.00000000,1.00000000,PS-3,"[""PS-3"", ""AC-20"", ""PS-6"", ""AC-8"", ""IA-2"", ""PE-3"", ""CM-3(2)"", ""AC-3(14)"", ""CA-6"", ""SA-21""]",When and what methods must be used to screen individuals before granting them access to organizational systems?,When and what methods must be used to screen individuals before granting them access to organizational systems?,"{""base_margin_ratio"": 0.1419656653270519, ""base_top1"": ""PS-3"", ""base_top2"": ""AC-20"", ""bm25_top1"": null, ""dense_top1"": null, ""final_margin_ratio"": 0.1419656653270519, ""final_top1"": ""PS-3"", ""gold_informed_rewrite_used"": true, ""num_variants"": 4, ""query_scope"": ""neutral"", ""rerank_alpha"": 0.65, ""rerank_applied"": false, ""rerank_apply_min_margin_ratio"": 0.15, ""rerank_effective_apply_min_margin_ratio"": 0.15, ""rerank_margin_ratio"": null, ""rerank_skip_min_base_margin_ratio"": 0.1, ""rerank_skip_require_top1_agreement"": false, ""rerank_top1"": null, ""reranker_called"": false, ""retrieval_query"": ""When and how must individuals be screened before authorizing or maintaining access to organizational systems?"", ""scope_bias"": {""applied"": false, ""query_scope"": ""neutral"", ""reason"": ""neutral_query_scope""}, ""skip_reason"": ""base_confident"", ""sys"": ""S7a"", ""top1_agree"": null}"
rev5_gold,S7a,68,What steps must be taken when an individual's employment or role is terminated?,PS-4,1,True,True,True,1.00000000,1.00000000,PS-4,"[""PS-4"", ""PS-4(2)"", ""PS-4(1)"", ""AC-12"", ""PS-6(3)"", ""PT-7(1)"", ""PS-2"", ""AC-12(2)"", ""PS-8"", ""SI-19""]",What technical steps are required upon termination of an employee's position?,What technical steps are required upon termination of an employee's position?,"{""base_margin_ratio"": 0.0038750716363080318, ""base_top1"": ""PS-4(2)"", ""base_top2"": ""PS-4"", ""bm25_top1"": null, ""dense_top1"": null, ""final_margin_ratio"": 0.3051576964607337, ""final_top1"": ""PS-4"", ""gold_informed_rewrite_used"": true, ""num_variants"": 4, ""query_scope"": ""neutral"", ""rerank_alpha"": 0.65, ""rerank_applied"": true, ""rerank_apply_min_margin_ratio"": 0.15, ""rerank_effective_apply_min_margin_ratio"": 0.1, ""rerank_margin_ratio"": 0.3051576964607337, ""rerank_skip_min_base_margin_ratio"": 0.1, ""rerank_skip_require_top1_agreement"": false, ""rerank_top1"": ""PS-4"", ""reranker_called"": true, ""retrieval_query"": ""What steps must be taken when an individual's employment or role is terminated?"", ""scope_bias"": {""applied"": false, ""query_scope"": ""neutral"", ""reason"": ""neutral_query_scope""}, ""skip_reason"": null, ""sys"": ""S7a"", ""top1_agree"": null}"
rev5_gold,S7a,69,"What actions should the organization take to review, modify, and communicate access authorizations for reassigned or transferred personnel?",PS-5,1,True,True,True,1.00000000,1.00000000,PS-5,"[""PS-5"", ""MA-5(1)"", ""AC-2"", ""CM-5(1)"", ""AC-3(8)"", ""AC-6(7)"", ""CM-6(2)"", ""MA-5"", ""PE-6(2)"", ""PE-2""]","What technical steps should an organization implement to review, update, and disseminate access permissions for employees who have changed roles or departments?",What technical steps should an organization implement to review update and disseminate access permissions for employees who have changed roles or departments?,"{""base_margin_ratio"": 0.1930974527676158, ""base_top1"": ""PS-5"", ""base_top2"": ""MA-5(1)"", ""bm25_top1"": null, ""dense_top1"": null, ""final_margin_ratio"": 0.1930974527676158, ""final_top1"": ""PS-5"", ""gold_informed_rewrite_used"": true, ""num_variants"": 4, ""query_scope"": ""neutral"", ""rerank_alpha"": 0.65, ""rerank_applied"": false, ""rerank_apply_min_margin_ratio"": 0.15, ""rerank_effective_apply_min_margin_ratio"": 0.15, ""rerank_margin_ratio"": null, ""rerank_skip_min_base_margin_ratio"": 0.1, ""rerank_skip_require_top1_agreement"": false, ""rerank_top1"": null, ""reranker_called"": false, ""retrieval_query"": ""What actions should the organization take to review modify and communicate access authorizations for reassigned or transferred personnel?"", ""scope_bias"": {""applied"": false, ""query_scope"": ""neutral"", ""reason"": ""neutral_query_scope""}, ""skip_reason"": ""base_confident"", ""sys"": ""S7a"", ""top1_agree"": null}"
rev5_gold,S7a,70,"What requirements apply to developing, reviewing, and signing access agreements for individuals requiring system access?",PS-6,1,True,True,True,1.00000000,1.00000000,PS-6,"[""PS-6"", ""PE-2"", ""PL-4"", ""AC-17"", ""AC-17(6)"", ""AC-20(1)"", ""PE-8"", ""AC-20"", ""IA-2"", ""MA-5(1)""]","What are the necessary standards for creating, evaluating, and finalizing access agreements for users needing system entry?",What are the necessary standards for creating evaluating and finalizing access agreements for users needing system entry?,"{""base_margin_ratio"": 0.08209523202941615, ""base_top1"": ""PS-6"", ""base_top2"": ""PE-2"", ""bm25_top1"": null, ""dense_top1"": null, ""final_margin_ratio"": 0.08209523202941615, ""final_top1"": ""PS-6"", ""gold_informed_rewrite_used"": true, ""num_variants"": 4, ""query_scope"": ""neutral"", ""rerank_alpha"": 0.65, ""rerank_applied"": false, ""rerank_apply_min_margin_ratio"": 0.15, ""rerank_effective_apply_min_margin_ratio"": 0.15, ""rerank_margin_ratio"": 0.11727132237492552, ""rerank_skip_min_base_margin_ratio"": 0.1, ""rerank_skip_require_top1_agreement"": false, ""rerank_top1"": ""PL-4"", ""reranker_called"": true, ""retrieval_query"": ""What requirements apply to developing reviewing and signing access agreements for individuals requiring system access?"", ""scope_bias"": {""applied"": false, ""query_scope"": ""neutral"", ""reason"": ""neutral_query_scope""}, ""skip_reason"": null, ""sys"": ""S7a"", ""top1_agree"": null}"
rev5_gold,S7a,71,"How should organizations determine, document, and restrict the purposes and lawful basis for processing personally identifiable information?",PT-2,1,True,True,True,1.00000000,1.00000000,PT-2,"[""PT-2"", ""PM-25"", ""PT-3"", ""PM-22"", ""SI-18(3)"", ""SI-18"", ""SC-7(24)"", ""AT-3(5)"", ""PM-5(1)"", ""PT-7""]","What are the steps organizations should follow to determine, document, and limit the reasons and legal grounds for handling personal data?",What are the steps organizations should follow to determine document and limit the reasons and legal grounds for handling personal data?,"{""base_margin_ratio"": 0.024563809577417946, ""base_top1"": ""PT-2"", ""base_top2"": ""PT-3"", ""bm25_top1"": null, ""dense_top1"": null, ""final_margin_ratio"": 0.04315483551153043, ""final_top1"": ""PT-2"", ""gold_informed_rewrite_used"": true, ""num_variants"": 4, ""query_scope"": ""neutral"", ""rerank_alpha"": 0.65, ""rerank_applied"": true, ""rerank_apply_min_margin_ratio"": 0.15, ""rerank_effective_apply_min_margin_ratio"": 0.1, ""rerank_margin_ratio"": 0.04315483551153043, ""rerank_skip_min_base_margin_ratio"": 0.1, ""rerank_skip_require_top1_agreement"": false, ""rerank_top1"": ""PT-2"", ""reranker_called"": true, ""retrieval_query"": ""How should organizations determine document and restrict the purposes and lawful basis for processing personally identifiable information?"", ""scope_bias"": {""applied"": false, ""query_scope"": ""neutral"", ""reason"": ""neutral_query_scope""}, ""skip_reason"": null, ""sys"": ""S7a"", ""top1_agree"": null}"
rev5_gold,S7a,72,"What must organizations identify and document about the purposes and conditions for collecting, using, and sharing PII, and how should they handle changes to those purposes?",PT-3,1,True,True,True,1.00000000,1.00000000,PT-3,"[""PT-3"", ""PM-25"", ""PT-2"", ""CM-5"", ""PT-7"", ""PE-8(3)"", ""PM-5(1)"", ""PT-5"", ""AC-17(6)"", ""IR-8""]","What are the required steps for organizations to identify and document purposes and conditions for handling PII, and what procedures should be in place for changes?",What are the required steps for organizations to identify and document purposes and conditions for handling PII and what procedures should be in place for changes?,"{""base_margin_ratio"": 0.28653362932933224, ""base_top1"": ""PT-3"", ""base_top2"": ""PM-25"", ""bm25_top1"": null, ""dense_top1"": null, ""final_margin_ratio"": 0.28653362932933224, ""final_top1"": ""PT-3"", ""gold_informed_rewrite_used"": true, ""num_variants"": 4, ""query_scope"": ""neutral"", ""rerank_alpha"": 0.65, ""rerank_applied"": false, ""rerank_apply_min_margin_ratio"": 0.15, ""rerank_effective_apply_min_margin_ratio"": 0.15, ""rerank_margin_ratio"": null, ""rerank_skip_min_base_margin_ratio"": 0.1, ""rerank_skip_require_top1_agreement"": false, ""rerank_top1"": null, ""reranker_called"": false, ""retrieval_query"": ""What must organizations identify and document about the purposes and conditions for collecting using and sharing PII and how should they handle changes to those purposes?"", ""scope_bias"": {""applied"": false, ""query_scope"": ""neutral"", ""reason"": ""neutral_query_scope""}, ""skip_reason"": ""base_confident"", ""sys"": ""S7a"", ""top1_agree"": null}"
rev5_gold,S7a,73,"How should organizations obtain and manage individual consent for processing PII, and what factors should be considered when determining the appropriate consent mechanism?",PT-4,1,True,True,True,1.00000000,1.00000000,PT-4,"[""PT-4"", ""PT-4(1)"", ""PT-4(2)"", ""PT-3"", ""PT-4(3)"", ""PT-2"", ""CA-2(3)"", ""PT-1"", ""SI-18(3)"", ""PT-5(1)""]",What are the best practices for organizations to acquire and handle personal information consent and which elements need to be evaluated for selecting the right consent method?,What are the best practices for organizations to acquire and handle personal information consent and which elements need to be evaluated for selecting the right consent method?,"{""base_margin_ratio"": 0.03750016290635363, ""base_top1"": ""PT-4"", ""base_top2"": ""PT-4(1)"", ""bm25_top1"": null, ""dense_top1"": null, ""final_margin_ratio"": 0.04117429256439209, ""final_top1"": ""PT-4"", ""gold_informed_rewrite_used"": true, ""num_variants"": 4, ""query_scope"": ""neutral"", ""rerank_alpha"": 0.65, ""rerank_applied"": true, ""rerank_apply_min_margin_ratio"": 0.15, ""rerank_effective_apply_min_margin_ratio"": 0.1, ""rerank_margin_ratio"": 0.04117429256439209, ""rerank_skip_min_base_margin_ratio"": 0.1, ""rerank_skip_require_top1_agreement"": false, ""rerank_top1"": ""PT-4"", ""reranker_called"": true, ""retrieval_query"": ""How should organizations obtain and manage individual consent for processing PII and what factors should be considered when determining the appropriate consent mechanism?"", ""scope_bias"": {""applied"": false, ""query_scope"": ""neutral"", ""reason"": ""neutral_query_scope""}, ""skip_reason"": null, ""sys"": ""S7a"", ""top1_agree"": null}"
rev5_gold,S7a,74,"What information should be included in privacy notices to individuals, and when must such notices be provided or updated?",PT-5,1,True,True,True,1.00000000,1.00000000,PT-5,"[""PT-5"", ""PT-5(1)"", ""PT-3"", ""PT-6"", ""PT-5(2)"", ""PM-20"", ""PM-5(1)"", ""AC-8"", ""AC-3(14)"", ""PM-20(1)""]",What technical details must be included in privacy notices for individuals and when must these notices be provided or updated?,What technical details must be included in privacy notices for individuals and when must these notices be provided or updated?,"{""base_margin_ratio"": 0.022406854410869925, ""base_top1"": ""PT-5"", ""base_top2"": ""PT-5(1)"", ""bm25_top1"": null, ""dense_top1"": null, ""final_margin_ratio"": 0.1139867901802063, ""final_top1"": ""PT-5"", ""gold_informed_rewrite_used"": true, ""num_variants"": 4, ""query_scope"": ""neutral"", ""rerank_alpha"": 0.65, ""rerank_applied"": true, ""rerank_apply_min_margin_ratio"": 0.15, ""rerank_effective_apply_min_margin_ratio"": 0.1, ""rerank_margin_ratio"": 0.1139867901802063, ""rerank_skip_min_base_margin_ratio"": 0.1, ""rerank_skip_require_top1_agreement"": false, ""rerank_top1"": ""PT-5"", ""reranker_called"": true, ""retrieval_query"": ""What information should be included in privacy notices to individuals and when must such notices be provided or updated?"", ""scope_bias"": {""applied"": false, ""query_scope"": ""neutral"", ""reason"": ""neutral_query_scope""}, ""skip_reason"": null, ""sys"": ""S7a"", ""top1_agree"": null}"
rev5_gold,S7a,75,What must organizations do to publish and maintain accurate system of records Notices for systems that contain PII?,PT-6,1,True,True,True,1.00000000,1.00000000,PT-6,"[""PT-6"", ""PT-5"", ""PT-6(1)"", ""PT-3"", ""CM-8(2)"", ""SA-4(11)"", ""AC-8"", ""CM-2(2)"", ""MA-2"", ""AC-3(14)""]",What are the requirements for organizations to ensure accurate system of records notices for PII-containing systems?,What are the requirements for organizations to ensure accurate system of records notices for PII-containing systems?,"{""base_margin_ratio"": 0.07892143758661992, ""base_top1"": ""PT-6"", ""base_top2"": ""PT-5"", ""bm25_top1"": null, ""dense_top1"": null, ""final_margin_ratio"": 0.4146047830581665, ""final_top1"": ""PT-6"", ""gold_informed_rewrite_used"": true, ""num_variants"": 4, ""query_scope"": ""neutral"", ""rerank_alpha"": 0.65, ""rerank_applied"": true, ""rerank_apply_min_margin_ratio"": 0.15, ""rerank_effective_apply_min_margin_ratio"": 0.1, ""rerank_margin_ratio"": 0.4146047830581665, ""rerank_skip_min_base_margin_ratio"": 0.1, ""rerank_skip_require_top1_agreement"": false, ""rerank_top1"": ""PT-6"", ""reranker_called"": true, ""retrieval_query"": ""What must organizations do to publish and maintain accurate system of records Notices for systems that contain PII?"", ""scope_bias"": {""applied"": false, ""query_scope"": ""neutral"", ""reason"": ""neutral_query_scope""}, ""skip_reason"": null, ""sys"": ""S7a"", ""top1_agree"": null}"
rev5_gold,S7a,76,"What steps are required to categorize a system and its information, and who must approve the decision?",RA-2,1,True,True,True,1.00000000,1.00000000,RA-2,"[""RA-2"", ""MP-6(1)"", ""CM-8(4)"", ""AC-19(4)"", ""PT-7(1)"", ""PL-2"", ""SA-4(9)"", ""CA-3"", ""SA-4"", ""CA-3(7)""]",What technical measures are necessary for classifying a system and its data and who has to give the final approval?,What technical measures are necessary for classifying a system and its data and who has to give the final approval?,"{""base_margin_ratio"": 0.07100243788240733, ""base_top1"": ""RA-2"", ""base_top2"": ""MP-6(1)"", ""bm25_top1"": null, ""dense_top1"": null, ""final_margin_ratio"": 0.38461323233927064, ""final_top1"": ""RA-2"", ""gold_informed_rewrite_used"": true, ""num_variants"": 4, ""query_scope"": ""neutral"", ""rerank_alpha"": 0.65, ""rerank_applied"": true, ""rerank_apply_min_margin_ratio"": 0.15, ""rerank_effective_apply_min_margin_ratio"": 0.1, ""rerank_margin_ratio"": 0.38461323233927064, ""rerank_skip_min_base_margin_ratio"": 0.1, ""rerank_skip_require_top1_agreement"": false, ""rerank_top1"": ""RA-2"", ""reranker_called"": true, ""retrieval_query"": ""What steps are required to categorize a system and its information and who must approve the decision?"", ""scope_bias"": {""applied"": false, ""query_scope"": ""neutral"", ""reason"": ""neutral_query_scope""}, ""skip_reason"": null, ""sys"": ""S7a"", ""top1_agree"": null}"
rev5_gold,S7a,77,"How should organizations conduct and document risk assessments, and how often should the results be reviewed?",RA-3,1,True,True,True,1.00000000,1.00000000,RA-3,"[""RA-3"", ""PM-28"", ""CA-2(2)"", ""CA-2"", ""SR-6"", ""SA-9(1)"", ""CA-2(1)"", ""RA-1"", ""SR-5(2)"", ""RA-8""]","What are the best practices for conducting and documenting risk assessments in organizations, and how frequently should these assessments be reviewed?",What are the best practices for conducting and documenting risk assessments in organizations and how frequently should these assessments be reviewed?,"{""base_margin_ratio"": 0.0552546580534074, ""base_top1"": ""RA-3"", ""base_top2"": ""CA-2"", ""bm25_top1"": null, ""dense_top1"": null, ""final_margin_ratio"": 0.3178536295890808, ""final_top1"": ""RA-3"", ""gold_informed_rewrite_used"": true, ""num_variants"": 4, ""query_scope"": ""neutral"", ""rerank_alpha"": 0.65, ""rerank_applied"": true, ""rerank_apply_min_margin_ratio"": 0.15, ""rerank_effective_apply_min_margin_ratio"": 0.1, ""rerank_margin_ratio"": 0.3178536295890808, ""rerank_skip_min_base_margin_ratio"": 0.1, ""rerank_skip_require_top1_agreement"": false, ""rerank_top1"": ""RA-3"", ""reranker_called"": true, ""retrieval_query"": ""How should organizations conduct and document risk assessments and how often should the results be reviewed?"", ""scope_bias"": {""applied"": false, ""query_scope"": ""neutral"", ""reason"": ""neutral_query_scope""}, ""skip_reason"": null, ""sys"": ""S7a"", ""top1_agree"": null}"
rev5_gold,S7a,78,"What are the requirements for scanning systems for vulnerabilities, remediating identified risks, and sharing vulnerability information?",RA-5,1,True,True,True,1.00000000,1.00000000,RA-5,"[""RA-5"", ""CA-8"", ""RA-5(10)"", ""SA-15(7)"", ""RA-5(3)"", ""RA-5(5)"", ""IR-6(2)"", ""RA-5(2)"", ""SA-15(8)"", ""AU-6(5)""]","What are the necessary steps for scanning systems to identify vulnerabilities, addressing the found risks, and exchanging vulnerability data?",What are the necessary steps for scanning systems to identify vulnerabilities addressing the found risks and exchanging vulnerability data?,"{""base_margin_ratio"": 0.04177089396532704, ""base_top1"": ""RA-5"", ""base_top2"": ""RA-5(3)"", ""bm25_top1"": null, ""dense_top1"": null, ""final_margin_ratio"": 0.11406365201033886, ""final_top1"": ""RA-5"", ""gold_informed_rewrite_used"": true, ""num_variants"": 4, ""query_scope"": ""neutral"", ""rerank_alpha"": 0.65, ""rerank_applied"": true, ""rerank_apply_min_margin_ratio"": 0.15, ""rerank_effective_apply_min_margin_ratio"": 0.1, ""rerank_margin_ratio"": 0.11406365201033886, ""rerank_skip_min_base_margin_ratio"": 0.1, ""rerank_skip_require_top1_agreement"": false, ""rerank_top1"": ""RA-5"", ""reranker_called"": true, ""retrieval_query"": ""What are the requirements for scanning systems for vulnerabilities remediating identified risks and sharing vulnerability information?"", ""scope_bias"": {""applied"": false, ""query_scope"": ""neutral"", ""reason"": ""neutral_query_scope""}, ""skip_reason"": null, ""sys"": ""S7a"", ""top1_agree"": null}"
rev5_gold,S7a,79,"What options may organizations consider when responding to identified risks, and how does risk tolerance affect these decisions?",RA-7,1,True,True,True,1.00000000,1.00000000,RA-7,"[""RA-7"", ""PM-28"", ""CA-7(4)"", ""RA-3"", ""PM-31"", ""PT-4"", ""PM-30"", ""CP-6(1)"", ""CP-7(1)"", ""PM-9""]",What technical options can organizations explore in response to recognized risks and what role does risk tolerance play in these choices?,What technical options can organizations explore in response to recognized risks and what role does risk tolerance play in these choices?,"{""base_margin_ratio"": 0.06477965098439945, ""base_top1"": ""RA-7"", ""base_top2"": ""PM-28"", ""bm25_top1"": null, ""dense_top1"": null, ""final_margin_ratio"": 0.3328174948692322, ""final_top1"": ""RA-7"", ""gold_informed_rewrite_used"": true, ""num_variants"": 4, ""query_scope"": ""neutral"", ""rerank_alpha"": 0.65, ""rerank_applied"": true, ""rerank_apply_min_margin_ratio"": 0.15, ""rerank_effective_apply_min_margin_ratio"": 0.1, ""rerank_margin_ratio"": 0.3328174948692322, ""rerank_skip_min_base_margin_ratio"": 0.1, ""rerank_skip_require_top1_agreement"": false, ""rerank_top1"": ""RA-7"", ""reranker_called"": true, ""retrieval_query"": ""What options may organizations consider when responding to identified risks and how does risk tolerance affect these decisions?"", ""scope_bias"": {""applied"": false, ""query_scope"": ""neutral"", ""reason"": ""neutral_query_scope""}, ""skip_reason"": null, ""sys"": ""S7a"", ""top1_agree"": null}"
rev5_gold,S7a,80,"What is the purpose of performing a criticality analysis, and when should it be conducted?",RA-9,2,False,True,True,0.50000000,0.63092975,SA-15(3),"[""SA-15(3)"", ""RA-9"", ""CP-2(8)"", ""SA-11(1)"", ""SA-8(21)"", ""IR-4(12)"", ""PM-30(1)"", ""CA-7(5)"", ""SI-3(10)"", ""CA-8""]",what is the importance of carrying out a criticality analysis and under what circumstances should it be executed?,what is the importance of carrying out a criticality analysis and under what circumstances should it be executed?,"{""base_margin_ratio"": 0.001198267121393656, ""base_top1"": ""SA-15(3)"", ""base_top2"": ""RA-9"", ""bm25_top1"": null, ""dense_top1"": null, ""final_margin_ratio"": 0.013841569423675537, ""final_top1"": ""SA-15(3)"", ""gold_informed_rewrite_used"": true, ""num_variants"": 4, ""query_scope"": ""neutral"", ""rerank_alpha"": 0.65, ""rerank_applied"": true, ""rerank_apply_min_margin_ratio"": 0.15, ""rerank_effective_apply_min_margin_ratio"": 0.1, ""rerank_margin_ratio"": 0.013841569423675537, ""rerank_skip_min_base_margin_ratio"": 0.1, ""rerank_skip_require_top1_agreement"": false, ""rerank_top1"": ""SA-15(3)"", ""reranker_called"": true, ""retrieval_query"": ""What is the purpose of performing a criticality analysis and when should it be conducted?"", ""scope_bias"": {""applied"": false, ""query_scope"": ""neutral"", ""reason"": ""neutral_query_scope""}, ""skip_reason"": null, ""sys"": ""S7a"", ""top1_agree"": null}"
rev5_gold,S7a,81,"In SA-5, what documentation should be obtained or developed?",SA-5,1,True,True,True,1.00000000,1.00000000,SA-5,"[""SA-5"", ""SA-8(32)"", ""SA-4"", ""SA-4(2)"", ""SA-1"", ""SA-4(5)"", ""SA-11(5)"", ""SA-15(11)"", ""SA-10"", ""SA-15(3)""]",What documentation is required or needed for compliance with SA-5?,What documentation is required or needed for compliance with SA-5?,"{""base_margin_ratio"": 0.07993342728429263, ""base_top1"": ""SA-5"", ""base_top2"": ""SA-8(32)"", ""bm25_top1"": null, ""dense_top1"": null, ""final_margin_ratio"": 0.07993342728429263, ""final_top1"": ""SA-5"", ""gold_informed_rewrite_used"": true, ""num_variants"": 4, ""query_scope"": ""neutral"", ""rerank_alpha"": 0.65, ""rerank_applied"": false, ""rerank_apply_min_margin_ratio"": 0.15, ""rerank_effective_apply_min_margin_ratio"": 0.1, ""rerank_margin_ratio"": 0.08182202736274395, ""rerank_skip_min_base_margin_ratio"": 0.1, ""rerank_skip_require_top1_agreement"": false, ""rerank_top1"": ""SA-4"", ""reranker_called"": true, ""retrieval_query"": ""In SA-5 what documentation should be obtained or developed?"", ""scope_bias"": {""applied"": false, ""query_scope"": ""neutral"", ""reason"": ""neutral_query_scope""}, ""skip_reason"": null, ""sys"": ""S7a"", ""top1_agree"": null}"
rev5_gold,S7a,82,"In SA-8, which security and privacy engineering principles should be applied?",SA-8,1,True,True,True,1.00000000,1.00000000,SA-8,"[""SA-8"", ""SA-8(3)"", ""SA-3"", ""SA-17"", ""SA-17(5)"", ""SA-8(22)"", ""PL-8(1)"", ""SA-8(28)"", ""SA-8(23)"", ""SA-8(33)""]",What security and privacy engineering principles are recommended in SA-8?,What security and privacy engineering principles are recommended in SA-8?,"{""base_margin_ratio"": 0.03563263981320586, ""base_top1"": ""SA-8"", ""base_top2"": ""SA-8(3)"", ""bm25_top1"": null, ""dense_top1"": null, ""final_margin_ratio"": 0.09769008593315325, ""final_top1"": ""SA-8"", ""gold_informed_rewrite_used"": true, ""num_variants"": 4, ""query_scope"": ""neutral"", ""rerank_alpha"": 0.65, ""rerank_applied"": true, ""rerank_apply_min_margin_ratio"": 0.15, ""rerank_effective_apply_min_margin_ratio"": 0.1, ""rerank_margin_ratio"": 0.09769008593315325, ""rerank_skip_min_base_margin_ratio"": 0.1, ""rerank_skip_require_top1_agreement"": false, ""rerank_top1"": ""SA-8"", ""reranker_called"": true, ""retrieval_query"": ""In SA-8 which security and privacy engineering principles should be applied?"", ""scope_bias"": {""applied"": false, ""query_scope"": ""neutral"", ""reason"": ""neutral_query_scope""}, ""skip_reason"": null, ""sys"": ""S7a"", ""top1_agree"": null}"
rev5_gold,S7a,83,What are the requirements for ensuring external service providers comply with organizational security and privacy expectations?,SA-9,1,True,True,True,1.00000000,1.00000000,SA-9,"[""SA-9"", ""PS-7"", ""SA-9(3)"", ""AC-20(1)"", ""SC-12(6)"", ""SA-9(4)"", ""CP-2(7)"", ""PL-8"", ""IR-7(2)"", ""SA-9(2)""]",What are the necessary conditions to guarantee that external service providers adhere to our organization's security and privacy standards?,What are the necessary conditions to guarantee that external service providers adhere to our organization's security and privacy standards?,"{""base_margin_ratio"": 0.023880168991700826, ""base_top1"": ""SA-9"", ""base_top2"": ""PS-7"", ""bm25_top1"": null, ""dense_top1"": null, ""final_margin_ratio"": 0.0669546127319336, ""final_top1"": ""SA-9"", ""gold_informed_rewrite_used"": true, ""num_variants"": 4, ""query_scope"": ""neutral"", ""rerank_alpha"": 0.65, ""rerank_applied"": true, ""rerank_apply_min_margin_ratio"": 0.15, ""rerank_effective_apply_min_margin_ratio"": 0.1, ""rerank_margin_ratio"": 0.0669546127319336, ""rerank_skip_min_base_margin_ratio"": 0.1, ""rerank_skip_require_top1_agreement"": false, ""rerank_top1"": ""SA-9"", ""reranker_called"": true, ""retrieval_query"": ""What are the requirements for ensuring external service providers comply with organizational security and privacy expectations?"", ""scope_bias"": {""applied"": false, ""query_scope"": ""neutral"", ""reason"": ""neutral_query_scope""}, ""skip_reason"": null, ""sys"": ""S7a"", ""top1_agree"": null}"
rev5_gold,S7a,84,"What should be required from system developers regarding configuration management, approved changes, and flaw tracking?",SA-10,1,True,True,True,1.00000000,1.00000000,SA-10,"[""SA-10"", ""CM-9"", ""CM-9(1)"", ""SA-10(4)"", ""SI-2"", ""SA-10(2)"", ""CM-3"", ""SA-15"", ""CM-1"", ""CM-6""]","What are the necessary requirements for system developers concerning configuration management, authorized modifications, and defect tracking?",What are the necessary requirements for system developers concerning configuration management authorized modifications and defect tracking?,"{""base_margin_ratio"": 0.03653006272558774, ""base_top1"": ""SA-10"", ""base_top2"": ""CM-9"", ""bm25_top1"": null, ""dense_top1"": null, ""final_margin_ratio"": 0.109103262424469, ""final_top1"": ""SA-10"", ""gold_informed_rewrite_used"": true, ""num_variants"": 4, ""query_scope"": ""neutral"", ""rerank_alpha"": 0.65, ""rerank_applied"": true, ""rerank_apply_min_margin_ratio"": 0.15, ""rerank_effective_apply_min_margin_ratio"": 0.1, ""rerank_margin_ratio"": 0.109103262424469, ""rerank_skip_min_base_margin_ratio"": 0.1, ""rerank_skip_require_top1_agreement"": false, ""rerank_top1"": ""SA-10"", ""reranker_called"": true, ""retrieval_query"": ""What should be required from system developers regarding configuration management approved changes and flaw tracking?"", ""scope_bias"": {""applied"": false, ""query_scope"": ""neutral"", ""reason"": ""neutral_query_scope""}, ""skip_reason"": null, ""sys"": ""S7a"", ""top1_agree"": null}"
rev5_gold,S7a,85,What are developers required to produce and correct under a system's security and privacy assessment plan?,SA-11,1,True,True,True,1.00000000,1.00000000,SA-11,"[""SA-11"", ""PL-2"", ""SA-17"", ""CA-2"", ""SA-11(3)"", ""SA-8"", ""SA-16"", ""SA-4(3)"", ""PL-8"", ""RA-8""]",What technical outputs must developers provide and rectify during a system's security and privacy assessment?,What technical outputs must developers provide and rectify during a system's security and privacy assessment?,"{""base_margin_ratio"": 0.04436791212871021, ""base_top1"": ""SA-11"", ""base_top2"": ""SA-17"", ""bm25_top1"": null, ""dense_top1"": null, ""final_margin_ratio"": 0.267025351524353, ""final_top1"": ""SA-11"", ""gold_informed_rewrite_used"": true, ""num_variants"": 4, ""query_scope"": ""neutral"", ""rerank_alpha"": 0.65, ""rerank_applied"": true, ""rerank_apply_min_margin_ratio"": 0.15, ""rerank_effective_apply_min_margin_ratio"": 0.1, ""rerank_margin_ratio"": 0.267025351524353, ""rerank_skip_min_base_margin_ratio"": 0.1, ""rerank_skip_require_top1_agreement"": false, ""rerank_top1"": ""SA-11"", ""reranker_called"": true, ""retrieval_query"": ""What are developers required to produce and correct under a system's security and privacy assessment plan?"", ""scope_bias"": {""applied"": false, ""query_scope"": ""neutral"", ""reason"": ""neutral_query_scope""}, ""skip_reason"": null, ""sys"": ""S7a"", ""top1_agree"": null}"
rev5_gold,S7a,86,"How should communications be monitored and controlled at system interfaces, and how must external connections be managed to protect organizational networks?",SC-7,1,True,True,True,1.00000000,1.00000000,SC-7,"[""SC-7"", ""SI-4"", ""AC-17"", ""SC-7(4)"", ""SI-4(11)"", ""AC-20"", ""SC-7(3)"", ""SC-7(26)"", ""SC-7(10)"", ""SC-7(9)""]",What are the best practices for monitoring and controlling communications at system interfaces and managing external connections to safeguard organizational networks?,What are the best practices for monitoring and controlling communications at system interfaces and managing external connections to safeguard organizational networks?,"{""base_margin_ratio"": 0.13702802554980403, ""base_top1"": ""SC-7"", ""base_top2"": ""SI-4"", ""bm25_top1"": null, ""dense_top1"": null, ""final_margin_ratio"": 0.13702802554980403, ""final_top1"": ""SC-7"", ""gold_informed_rewrite_used"": true, ""num_variants"": 4, ""query_scope"": ""neutral"", ""rerank_alpha"": 0.65, ""rerank_applied"": false, ""rerank_apply_min_margin_ratio"": 0.15, ""rerank_effective_apply_min_margin_ratio"": 0.15, ""rerank_margin_ratio"": null, ""rerank_skip_min_base_margin_ratio"": 0.1, ""rerank_skip_require_top1_agreement"": false, ""rerank_top1"": null, ""reranker_called"": false, ""retrieval_query"": ""How should communications be monitored and controlled at system interfaces and how must external connections be managed to protect organizational networks?"", ""scope_bias"": {""applied"": false, ""query_scope"": ""neutral"", ""reason"": ""neutral_query_scope""}, ""skip_reason"": ""base_confident"", ""sys"": ""S7a"", ""top1_agree"": null}"
rev5_gold,S7a,87,What measures should be implemented to protect the confidentiality and integrity of transmitted information across internal and external networks?,SC-8,1,True,True,True,1.00000000,1.00000000,SC-8,"[""SC-8"", ""SC-7(4)"", ""SC-28"", ""SC-8(1)"", ""AC-17"", ""AC-17(2)"", ""IA-2"", ""SC-8(3)"", ""SC-8(4)"", ""SC-7""]",What technical measures are recommended for ensuring the confidentiality and integrity of data during transmission over both internal and external networks?,What technical measures are recommended for ensuring the confidentiality and integrity of data during transmission over both internal and external networks?,"{""base_margin_ratio"": 0.03500370181014127, ""base_top1"": ""SC-8"", ""base_top2"": ""SC-7(4)"", ""bm25_top1"": null, ""dense_top1"": null, ""final_margin_ratio"": 0.14220184087753296, ""final_top1"": ""SC-8"", ""gold_informed_rewrite_used"": true, ""num_variants"": 4, ""query_scope"": ""neutral"", ""rerank_alpha"": 0.65, ""rerank_applied"": true, ""rerank_apply_min_margin_ratio"": 0.15, ""rerank_effective_apply_min_margin_ratio"": 0.1, ""rerank_margin_ratio"": 0.14220184087753296, ""rerank_skip_min_base_margin_ratio"": 0.1, ""rerank_skip_require_top1_agreement"": false, ""rerank_top1"": ""SC-8"", ""reranker_called"": true, ""retrieval_query"": ""What measures should be implemented to protect the confidentiality and integrity of transmitted information across internal and external networks?"", ""scope_bias"": {""applied"": false, ""query_scope"": ""neutral"", ""reason"": ""neutral_query_scope""}, ""skip_reason"": null, ""sys"": ""S7a"", ""top1_agree"": null}"
rev5_gold,S7a,88,What requirements apply to establishing and managing cryptographic keys used within the system?,SC-12,1,True,True,True,1.00000000,1.00000000,SC-12,"[""SC-12"", ""SC-12(6)"", ""SA-9(6)"", ""IA-13(1)"", ""SC-12(3)"", ""SC-12(1)"", ""SC-13"", ""SC-12(2)"", ""SC-28(3)"", ""IA-7""]",What are the necessary standards for creating and maintaining cryptographic keys in our system?,What are the necessary standards for creating and maintaining cryptographic keys in our system?,"{""base_margin_ratio"": 0.09144017386899995, ""base_top1"": ""SC-12"", ""base_top2"": ""SA-9(6)"", ""bm25_top1"": null, ""dense_top1"": null, ""final_margin_ratio"": 0.11581933498382568, ""final_top1"": ""SC-12"", ""gold_informed_rewrite_used"": true, ""num_variants"": 4, ""query_scope"": ""neutral"", ""rerank_alpha"": 0.65, ""rerank_applied"": true, ""rerank_apply_min_margin_ratio"": 0.15, ""rerank_effective_apply_min_margin_ratio"": 0.15, ""rerank_margin_ratio"": 0.11581933498382568, ""rerank_skip_min_base_margin_ratio"": 0.1, ""rerank_skip_require_top1_agreement"": false, ""rerank_top1"": ""SC-12"", ""reranker_called"": true, ""retrieval_query"": ""What requirements apply to establishing and managing cryptographic keys used within the system?"", ""scope_bias"": {""applied"": false, ""query_scope"": ""neutral"", ""reason"": ""neutral_query_scope""}, ""skip_reason"": null, ""sys"": ""S7a"", ""top1_agree"": null}"
rev5_gold,S7a,89,"How should cryptographic mechanisms be selected and implemented to comply with applicable laws, policies, and standards?",SC-13,2,False,True,True,0.50000000,0.63092975,IA-7,"[""IA-7"", ""SC-13"", ""SC-12"", ""SC-40(2)"", ""IA-1"", ""CP-9(8)"", ""PL-1"", ""PM-17"", ""SC-40(1)"", ""CA-1""]","What are the steps for choosing and implementing cryptographic mechanisms in alignment with legal requirements, organizational policies, and industry standards?",What are the steps for choosing and implementing cryptographic mechanisms in alignment with legal requirements organizational policies and industry standards?,"{""base_margin_ratio"": 0.10986469382811956, ""base_top1"": ""IA-7"", ""base_top2"": ""SC-13"", ""bm25_top1"": null, ""dense_top1"": null, ""final_margin_ratio"": 0.10986469382811956, ""final_top1"": ""IA-7"", ""gold_informed_rewrite_used"": true, ""num_variants"": 4, ""query_scope"": ""neutral"", ""rerank_alpha"": 0.65, ""rerank_applied"": false, ""rerank_apply_min_margin_ratio"": 0.15, ""rerank_effective_apply_min_margin_ratio"": 0.15, ""rerank_margin_ratio"": null, ""rerank_skip_min_base_margin_ratio"": 0.1, ""rerank_skip_require_top1_agreement"": false, ""rerank_top1"": null, ""reranker_called"": false, ""retrieval_query"": ""How should cryptographic mechanisms be selected and implemented to comply with applicable laws policies and standards?"", ""scope_bias"": {""applied"": false, ""query_scope"": ""neutral"", ""reason"": ""neutral_query_scope""}, ""skip_reason"": ""base_confident"", ""sys"": ""S7a"", ""top1_agree"": null}"
rev5_gold,S7a,90,What protections must be applied to ensure the confidentiality and integrity of information at rest within system components?,SC-28,2,False,True,True,0.50000000,0.63092975,SC-8,"[""SC-8"", ""SC-28"", ""CP-9"", ""SA-8(19)"", ""PL-8"", ""AC-17(2)"", ""SI-1"", ""SC-28(1)"", ""CP-9(8)"", ""CP-9(1)""]",What technical measures are required to safeguard the confidentiality and integrity of data stored in system elements?,What technical measures are required to safeguard the confidentiality and integrity of data stored in system elements?,"{""base_margin_ratio"": 0.01557006991803668, ""base_top1"": ""SC-8"", ""base_top2"": ""SC-28"", ""bm25_top1"": null, ""dense_top1"": null, ""final_margin_ratio"": 0.01557006991803668, ""final_top1"": ""SC-8"", ""gold_informed_rewrite_used"": true, ""num_variants"": 4, ""query_scope"": ""neutral"", ""rerank_alpha"": 0.65, ""rerank_applied"": false, ""rerank_apply_min_margin_ratio"": 0.15, ""rerank_effective_apply_min_margin_ratio"": 0.1, ""rerank_margin_ratio"": 0.0028140846094462323, ""rerank_skip_min_base_margin_ratio"": 0.1, ""rerank_skip_require_top1_agreement"": false, ""rerank_top1"": ""SC-28"", ""reranker_called"": true, ""retrieval_query"": ""What protections must be applied to ensure the confidentiality and integrity of information at rest within system components?"", ""scope_bias"": {""applied"": false, ""query_scope"": ""neutral"", ""reason"": ""neutral_query_scope""}, ""skip_reason"": null, ""sys"": ""S7a"", ""top1_agree"": null}"
rev5_gold,S7a,91,"What actions must organizations take to identify, report, test, and install security-relevant software and firmware updates?",SI-2,1,True,True,True,1.00000000,1.00000000,SI-2,"[""SI-2"", ""SA-10(1)"", ""CM-14"", ""SA-10(6)"", ""CM-3(2)"", ""SA-10(4)"", ""SI-2(5)"", ""SI-7"", ""SI-2(2)"", ""CM-8(1)""]","How can organizations ensure they identify, report, test, and install security-relevant software and firmware updates effectively?",How can organizations ensure they identify report test and install security-relevant software and firmware updates effectively?,"{""base_margin_ratio"": 0.027607409519997916, ""base_top1"": ""SI-2"", ""base_top2"": ""CM-14"", ""bm25_top1"": null, ""dense_top1"": null, ""final_margin_ratio"": 0.07419979572296143, ""final_top1"": ""SI-2"", ""gold_informed_rewrite_used"": true, ""num_variants"": 4, ""query_scope"": ""neutral"", ""rerank_alpha"": 0.65, ""rerank_applied"": true, ""rerank_apply_min_margin_ratio"": 0.15, ""rerank_effective_apply_min_margin_ratio"": 0.1, ""rerank_margin_ratio"": 0.07419979572296143, ""rerank_skip_min_base_margin_ratio"": 0.1, ""rerank_skip_require_top1_agreement"": false, ""rerank_top1"": ""SI-2"", ""reranker_called"": true, ""retrieval_query"": ""What actions must organizations take to identify report test and install security-relevant software and firmware updates?"", ""scope_bias"": {""applied"": false, ""query_scope"": ""neutral"", ""reason"": ""neutral_query_scope""}, ""skip_reason"": null, ""sys"": ""S7a"", ""top1_agree"": null}"
rev5_gold,S7a,92,What are the requirements for implementing and managing malicious-code protection mechanisms across the system?,SI-3,1,True,True,True,1.00000000,1.00000000,SI-3,"[""SI-3"", ""SI-3(6)"", ""SI-3(4)"", ""IR-4(12)"", ""SI-4(16)"", ""SI-3(10)"", ""AT-2(4)"", ""SC-35"", ""PL-8(2)"", ""SI-2""]",What are the necessary steps and policies for setting up and overseeing malicious-code protection in a system?,What are the necessary steps and policies for setting up and overseeing malicious-code protection in a system?,"{""base_margin_ratio"": 0.02687571711935191, ""base_top1"": ""SI-3"", ""base_top2"": ""SI-3(4)"", ""bm25_top1"": null, ""dense_top1"": null, ""final_margin_ratio"": 0.1978016495704651, ""final_top1"": ""SI-3"", ""gold_informed_rewrite_used"": true, ""num_variants"": 4, ""query_scope"": ""neutral"", ""rerank_alpha"": 0.65, ""rerank_applied"": true, ""rerank_apply_min_margin_ratio"": 0.15, ""rerank_effective_apply_min_margin_ratio"": 0.1, ""rerank_margin_ratio"": 0.1978016495704651, ""rerank_skip_min_base_margin_ratio"": 0.1, ""rerank_skip_require_top1_agreement"": false, ""rerank_top1"": ""SI-3"", ""reranker_called"": true, ""retrieval_query"": ""What are the requirements for implementing and managing malicious-code protection mechanisms across the system?"", ""scope_bias"": {""applied"": false, ""query_scope"": ""neutral"", ""reason"": ""neutral_query_scope""}, ""skip_reason"": null, ""sys"": ""S7a"", ""top1_agree"": null}"
rev5_gold,S7a,93,"How should systems be monitored to detect attacks, unauthorized connections, and anomalous activities, and how should such events be analyzed and reported?",SI-4,1,True,True,True,1.00000000,1.00000000,SI-4,"[""SI-4"", ""CM-8(3)"", ""AT-2(4)"", ""AC-17(1)"", ""SC-5(3)"", ""IR-6(2)"", ""PE-6"", ""SI-3(8)"", ""RA-5"", ""AU-2""]","How can we effectively monitor our systems for detecting attacks, unauthorized logins, and abnormal activities and what processes should be in place for analyzing and documenting these events?",How can we effectively monitor our systems for detecting attacks unauthorized logins and abnormal activities and what processes should be in place for analyzing and documenting these events?,"{""base_margin_ratio"": 0.1400958975588405, ""base_top1"": ""SI-4"", ""base_top2"": ""CM-8(3)"", ""bm25_top1"": null, ""dense_top1"": null, ""final_margin_ratio"": 0.1400958975588405, ""final_top1"": ""SI-4"", ""gold_informed_rewrite_used"": true, ""num_variants"": 3, ""query_scope"": ""neutral"", ""rerank_alpha"": 0.65, ""rerank_applied"": false, ""rerank_apply_min_margin_ratio"": 0.15, ""rerank_effective_apply_min_margin_ratio"": 0.15, ""rerank_margin_ratio"": null, ""rerank_skip_min_base_margin_ratio"": 0.1, ""rerank_skip_require_top1_agreement"": false, ""rerank_top1"": null, ""reranker_called"": false, ""retrieval_query"": ""How should systems be monitored to detect attacks unauthorized connections and anomalous activities and how should such events be analyzed and reported?"", ""scope_bias"": {""applied"": false, ""query_scope"": ""neutral"", ""reason"": ""neutral_query_scope""}, ""skip_reason"": ""base_confident"", ""sys"": ""S7a"", ""top1_agree"": null}"
rev5_gold,S7a,94,"What integrity-verification mechanisms should be employed to detect unauthorized changes to software, firmware, or data?",SI-7,2,False,True,True,0.50000000,0.63092975,SA-10(1),"[""SA-10(1)"", ""SI-7"", ""SA-10(3)"", ""SI-7(5)"", ""SI-7(6)"", ""SI-7(10)"", ""SI-7(12)"", ""SA-10(4)"", ""CM-8(3)"", ""SC-16(1)""]","What types of integrity verification mechanisms are recommended for identifying unauthorized modifications in software, firmware, or data?",What types of integrity verification mechanisms are recommended for identifying unauthorized modifications in software firmware or data?,"{""base_margin_ratio"": 0.008065108759553272, ""base_top1"": ""SA-10(1)"", ""base_top2"": ""SI-7"", ""bm25_top1"": null, ""dense_top1"": null, ""final_margin_ratio"": 0.006682941252736004, ""final_top1"": ""SA-10(1)"", ""gold_informed_rewrite_used"": true, ""num_variants"": 4, ""query_scope"": ""neutral"", ""rerank_alpha"": 0.65, ""rerank_applied"": true, ""rerank_apply_min_margin_ratio"": 0.15, ""rerank_effective_apply_min_margin_ratio"": 0.1, ""rerank_margin_ratio"": 0.006682941252736004, ""rerank_skip_min_base_margin_ratio"": 0.1, ""rerank_skip_require_top1_agreement"": false, ""rerank_top1"": ""SA-10(1)"", ""reranker_called"": true, ""retrieval_query"": ""What integrity-verification mechanisms should be employed to detect unauthorized changes to software firmware or data?"", ""scope_bias"": {""applied"": false, ""query_scope"": ""neutral"", ""reason"": ""neutral_query_scope""}, ""skip_reason"": null, ""sys"": ""S7a"", ""top1_agree"": null}"
rev5_gold,S7a,95,How should organizations validate system inputs to prevent injection or cross-site scripting attacks?,SI-10,1,True,True,True,1.00000000,1.00000000,SI-10,"[""SI-10"", ""SI-10(6)"", ""SI-10(3)"", ""SI-10(5)"", ""SR-4(3)"", ""SC-7(10)"", ""AC-3(9)"", ""AU-10(4)"", ""SC-46"", ""CP-7(1)""]",What are the best practices for validating system inputs to avoid injection and cross-site scripting attacks?,What are the best practices for validating system inputs to avoid injection and cross-site scripting attacks?,"{""base_margin_ratio"": 0.03922282290811392, ""base_top1"": ""SI-10"", ""base_top2"": ""SI-10(6)"", ""bm25_top1"": null, ""dense_top1"": null, ""final_margin_ratio"": 0.38433027267456055, ""final_top1"": ""SI-10"", ""gold_informed_rewrite_used"": true, ""num_variants"": 4, ""query_scope"": ""neutral"", ""rerank_alpha"": 0.65, ""rerank_applied"": true, ""rerank_apply_min_margin_ratio"": 0.15, ""rerank_effective_apply_min_margin_ratio"": 0.1, ""rerank_margin_ratio"": 0.38433027267456055, ""rerank_skip_min_base_margin_ratio"": 0.1, ""rerank_skip_require_top1_agreement"": false, ""rerank_top1"": ""SI-10"", ""reranker_called"": true, ""retrieval_query"": ""How should organizations validate system inputs to prevent injection or cross-site scripting attacks?"", ""scope_bias"": {""applied"": false, ""query_scope"": ""neutral"", ""reason"": ""neutral_query_scope""}, ""skip_reason"": null, ""sys"": ""S7a"", ""top1_agree"": null}"
rev5_gold,S7a,96,"What elements must be included in a supply-chain risk management plan, and how often should it be reviewed and protected from unauthorized disclosure?",SR-2,1,True,True,True,1.00000000,1.00000000,SR-2,"[""SR-2"", ""PM-30"", ""SR-2(1)"", ""SR-1"", ""SR-6(1)"", ""SR-3"", ""SR-4(1)"", ""SR-6"", ""RA-3(1)"", ""SR-5(2)""]",What technical elements need to be part of a supply-chain risk management plan and how frequently should it be assessed and safeguarded against unapproved access?,What technical elements need to be part of a supply-chain risk management plan and how frequently should it be assessed and safeguarded against unapproved access?,"{""base_margin_ratio"": 0.03412958563454507, ""base_top1"": ""SR-2"", ""base_top2"": ""SR-4(1)"", ""bm25_top1"": null, ""dense_top1"": null, ""final_margin_ratio"": 0.1222383975982666, ""final_top1"": ""SR-2"", ""gold_informed_rewrite_used"": true, ""num_variants"": 4, ""query_scope"": ""neutral"", ""rerank_alpha"": 0.65, ""rerank_applied"": true, ""rerank_apply_min_margin_ratio"": 0.15, ""rerank_effective_apply_min_margin_ratio"": 0.1, ""rerank_margin_ratio"": 0.1222383975982666, ""rerank_skip_min_base_margin_ratio"": 0.1, ""rerank_skip_require_top1_agreement"": false, ""rerank_top1"": ""SR-2"", ""reranker_called"": true, ""retrieval_query"": ""What elements must be included in a supply-chain risk management plan and how often should it be reviewed and protected from unauthorized disclosure?"", ""scope_bias"": {""applied"": false, ""query_scope"": ""neutral"", ""reason"": ""neutral_query_scope""}, ""skip_reason"": null, ""sys"": ""S7a"", ""top1_agree"": null}"
rev5_gold,S7a,97,How should organizations identify and address weaknesses in supply-chain elements and document protective controls and processes?,SR-3,1,True,True,True,1.00000000,1.00000000,SR-3,"[""SR-3"", ""SR-5(2)"", ""SR-5"", ""RA-3(1)"", ""SR-4(1)"", ""SR-6(1)"", ""IR-4(10)"", ""IR-6(3)"", ""SR-7"", ""SR-2""]",What are the steps organizations can take to detect and rectify vulnerabilities within supply-chain components and ensure proper documentation of protective measures?,What are the steps organizations can take to detect and rectify vulnerabilities within supply-chain components and ensure proper documentation of protective measures?,"{""base_margin_ratio"": 0.008499916260788965, ""base_top1"": ""SR-3"", ""base_top2"": ""SR-4(1)"", ""bm25_top1"": null, ""dense_top1"": null, ""final_margin_ratio"": 0.029681582894801554, ""final_top1"": ""SR-3"", ""gold_informed_rewrite_used"": true, ""num_variants"": 4, ""query_scope"": ""neutral"", ""rerank_alpha"": 0.65, ""rerank_applied"": true, ""rerank_apply_min_margin_ratio"": 0.15, ""rerank_effective_apply_min_margin_ratio"": 0.1, ""rerank_margin_ratio"": 0.029681582894801554, ""rerank_skip_min_base_margin_ratio"": 0.1, ""rerank_skip_require_top1_agreement"": false, ""rerank_top1"": ""SR-3"", ""reranker_called"": true, ""retrieval_query"": ""How should organizations identify and address weaknesses in supply-chain elements and document protective controls and processes?"", ""scope_bias"": {""applied"": false, ""query_scope"": ""neutral"", ""reason"": ""neutral_query_scope""}, ""skip_reason"": null, ""sys"": ""S7a"", ""top1_agree"": null}"
rev5_gold,S7a,98,"What acquisition and contracting practices should be employed to protect the supply chain from counterfeit, tampered, or malicious components?",SR-5,1,True,True,True,1.00000000,1.00000000,SR-5,"[""SR-5"", ""SR-11"", ""SR-2"", ""RA-3(1)"", ""SR-3"", ""SR-4(1)"", ""IR-4"", ""SR-6(1)"", ""IR-6(3)"", ""IR-4(10)""]","What are the best acquisition and contracting strategies to safeguard against counterfeit, tampered, or malicious components in the supply chain?",What are the best acquisition and contracting strategies to safeguard against counterfeit tampered or malicious components in the supply chain?,"{""base_margin_ratio"": 0.06701521649957727, ""base_top1"": ""SR-5"", ""base_top2"": ""SR-3"", ""bm25_top1"": null, ""dense_top1"": null, ""final_margin_ratio"": 0.22322380542755127, ""final_top1"": ""SR-5"", ""gold_informed_rewrite_used"": true, ""num_variants"": 4, ""query_scope"": ""neutral"", ""rerank_alpha"": 0.65, ""rerank_applied"": true, ""rerank_apply_min_margin_ratio"": 0.15, ""rerank_effective_apply_min_margin_ratio"": 0.1, ""rerank_margin_ratio"": 0.22322380542755127, ""rerank_skip_min_base_margin_ratio"": 0.1, ""rerank_skip_require_top1_agreement"": false, ""rerank_top1"": ""SR-5"", ""reranker_called"": true, ""retrieval_query"": ""What acquisition and contracting practices should be employed to protect the supply chain from counterfeit tampered or malicious components?"", ""scope_bias"": {""applied"": false, ""query_scope"": ""neutral"", ""reason"": ""neutral_query_scope""}, ""skip_reason"": null, ""sys"": ""S7a"", ""top1_agree"": null}"
rev5_gold,S7a,99,How frequently should supply-chain-related risks be assessed and reviewed for suppliers and contractors?,SR-6,1,True,True,True,1.00000000,1.00000000,SR-6,"[""SR-6"", ""RA-3(1)"", ""PM-30(1)"", ""SR-5"", ""SR-3(3)"", ""SR-2"", ""PM-30"", ""SR-3"", ""SR-1"", ""SR-7""]",What is the recommended frequency for assessing and reviewing supply-chain-related risks with suppliers and contractors?,What is the recommended frequency for assessing and reviewing supply-chain-related risks with suppliers and contractors?,"{""base_margin_ratio"": 0.03366490620234852, ""base_top1"": ""SR-6"", ""base_top2"": ""RA-3(1)"", ""bm25_top1"": null, ""dense_top1"": null, ""final_margin_ratio"": 0.21849370002746582, ""final_top1"": ""SR-6"", ""gold_informed_rewrite_used"": true, ""num_variants"": 4, ""query_scope"": ""neutral"", ""rerank_alpha"": 0.65, ""rerank_applied"": true, ""rerank_apply_min_margin_ratio"": 0.15, ""rerank_effective_apply_min_margin_ratio"": 0.1, ""rerank_margin_ratio"": 0.21849370002746582, ""rerank_skip_min_base_margin_ratio"": 0.1, ""rerank_skip_require_top1_agreement"": false, ""rerank_top1"": ""SR-6"", ""reranker_called"": true, ""retrieval_query"": ""How frequently should supply-chain-related risks be assessed and reviewed for suppliers and contractors?"", ""scope_bias"": {""applied"": false, ""query_scope"": ""neutral"", ""reason"": ""neutral_query_scope""}, ""skip_reason"": null, ""sys"": ""S7a"", ""top1_agree"": null}"
rev5_gold,S7a,100,"What policies and procedures should be developed to detect, prevent, and report counterfeit components within the system?",SR-11,1,True,True,True,1.00000000,1.00000000,SR-11,"[""SR-11"", ""SR-11(3)"", ""SR-4(3)"", ""SC-1"", ""SA-1"", ""CM-8(3)"", ""SR-1"", ""SR-11(1)"", ""SI-1"", ""IA-1""]","What technical policies and procedures need to be established for identifying, stopping, and documenting counterfeit parts in our system?",What technical policies and procedures need to be established for identifying stopping and documenting counterfeit parts in our system?,"{""base_margin_ratio"": 0.11208461312461433, ""base_top1"": ""SR-11"", ""base_top2"": ""SR-11(3)"", ""bm25_top1"": null, ""dense_top1"": null, ""final_margin_ratio"": 0.11208461312461433, ""final_top1"": ""SR-11"", ""gold_informed_rewrite_used"": true, ""num_variants"": 4, ""query_scope"": ""neutral"", ""rerank_alpha"": 0.65, ""rerank_applied"": false, ""rerank_apply_min_margin_ratio"": 0.15, ""rerank_effective_apply_min_margin_ratio"": 0.15, ""rerank_margin_ratio"": null, ""rerank_skip_min_base_margin_ratio"": 0.1, ""rerank_skip_require_top1_agreement"": false, ""rerank_top1"": null, ""reranker_called"": false, ""retrieval_query"": ""What policies and procedures should be developed to detect prevent and report counterfeit components within the system?"", ""scope_bias"": {""applied"": false, ""query_scope"": ""neutral"", ""reason"": ""neutral_query_scope""}, ""skip_reason"": ""base_confident"", ""sys"": ""S7a"", ""top1_agree"": null}"
